266.0,253.0,701.0,80.0,311.0,348.0,213.0,509.0,425.0,136.0,176.0,76.0,316.0,408.0,242.0
182.0,238.0,326.0,51.0,155.0,344.0,106.0,197.0,270.0,191.0,226.0,228.0,211.0,145.0,119.0
377.0,764.0,536.0,148.0,165.0,767.0,67.0,168.0,601.0,347.0,458.0,257.0,726.0,107.0,140.0
257.0,95.0,374.0,71.0,228.0,206.0,237.0,0.0,357.0,243.0,126.0,301.0,406.0,0.0,190.0
410.0,373.0,550.0,159.0,174.0,445.0,58.0,431.0,117.0,358.0,470.0,681.0,103.0,205.0,134.0
288.0,434.0,447.0,95.0,83.0,118.0,217.0,222.0,454.0,273.0,320.0,330.0,331.0,170.0,119.0
233.0,317.0,355.0,65.0,208.0,382.0,79.0,264.0,314.0,223.0,299.0,280.0,284.0,186.0,175.0
233.0,316.0,351.0,65.0,310.0,362.0,180.0,572.0,314.0,214.0,414.0,76.0,270.0,455.0,331.0
410.0,756.0,417.0,243.0,189.0,294.0,629.0,306.0,858.0,521.0,320.0,856.0,905.0,201.0,157.0
182.0,233.0,311.0,49.0,237.0,296.0,99.0,26.0,248.0,176.0,234.0,246.0,200.0,16.0,212.0
182.0,238.0,332.0,51.0,313.0,344.0,226.0,205.0,276.0,196.0,245.0,236.0,344.0,152.0,351.0
163.0,212.0,296.0,36.0,208.0,297.0,82.0,187.0,210.0,167.0,220.0,190.0,168.0,133.0,175.0
196.0,317.0,330.0,51.0,243.0,390.0,99.0,201.0,288.0,191.0,241.0,236.0,204.0,146.0,216.0
237.0,332.0,355.0,65.0,261.0,358.0,121.0,225.0,311.0,223.0,290.0,305.0,70.0,173.0,242.0
154.0,179.0,530.0,33.0,191.0,260.0,69.0,403.0,197.0,153.0,419.0,163.0,140.0,292.0,157.0
167.0,222.0,222.0,33.0,188.0,310.0,67.0,92.0,184.0,130.0,130.0,69.0,128.0,66.0,157.0
181.0,193.0,340.0,45.0,203.0,272.0,76.0,222.0,239.0,188.0,240.0,214.0,200.0,170.0,178.0
122.0,108.0,252.0,24.0,175.0,215.0,58.0,140.0,164.0,137.0,154.0,138.0,95.0,91.0,144.0
126.0,130.0,279.0,29.0,132.0,227.0,45.0,158.0,173.0,154.0,203.0,173.0,85.0,107.0,52.0
97.0,55.0,258.0,15.0,229.0,155.0,92.0,115.0,129.0,144.0,189.0,69.0,40.0,409.0,181.0
196.0,257.0,336.0,51.0,217.0,348.0,82.0,202.0,293.0,193.0,244.0,236.0,174.0,148.0,175.0
123.0,115.0,242.0,23.0,89.0,256.0,32.0,103.0,162.0,132.0,187.0,127.0,83.0,101.0,74.0
377.0,764.0,530.0,148.0,150.0,741.0,570.0,490.0,204.0,347.0,419.0,470.0,726.0,331.0,117.0
176.0,137.0,564.0,43.0,229.0,249.0,92.0,420.0,224.0,156.0,211.0,174.0,191.0,311.0,297.0
374.0,693.0,449.0,137.0,106.0,42.0,35.0,476.0,571.0,296.0,244.0,374.0,76.0,321.0,87.0
241.0,323.0,417.0,70.0,157.0,418.0,52.0,756.0,545.0,238.0,338.0,288.0,260.0,458.0,119.0
114.0,108.0,661.0,243.0,104.0,215.0,34.0,204.0,343.0,425.0,527.0,186.0,923.0,150.0,83.0
154.0,203.0,363.0,33.0,157.0,280.0,52.0,277.0,187.0,246.0,299.0,302.0,140.0,193.0,119.0
252.0,338.0,372.0,77.0,310.0,393.0,172.0,285.0,347.0,247.0,275.0,303.0,284.0,196.0,341.0
181.0,234.0,260.0,38.0,175.0,261.0,85.0,148.0,223.0,174.0,302.0,196.0,176.0,208.0,142.0
75.0,27.0,184.0,8.0,75.0,56.0,23.0,45.0,38.0,80.0,84.0,76.0,26.0,25.0,45.0
183.0,249.0,336.0,58.0,278.0,348.0,147.0,205.0,297.0,197.0,240.0,162.0,269.0,156.0,248.0
100.0,62.0,246.0,17.0,202.0,156.0,75.0,141.0,119.0,132.0,201.0,125.0,47.0,96.0,173.0
330.0,193.0,500.0,114.0,524.0,297.0,274.0,481.0,480.0,304.0,408.0,428.0,524.0,314.0,188.0
77.0,41.0,260.0,30.0,117.0,102.0,35.0,154.0,182.0,153.0,187.0,172.0,122.0,496.0,94.0
181.0,235.0,530.0,6.0,277.0,362.0,139.0,415.0,24.0,296.0,419.0,355.0,264.0,180.0,250.0
129.0,108.0,214.0,20.0,134.0,215.0,35.0,111.0,129.0,112.0,128.0,138.0,55.0,77.0,127.0
375.0,694.0,528.0,140.0,410.0,324.0,226.0,490.0,571.0,322.0,414.0,457.0,334.0,312.0,469.0
237.0,320.0,542.0,65.0,410.0,372.0,230.0,420.0,314.0,358.0,238.0,95.0,284.0,305.0,473.0
126.0,131.0,105.0,25.0,150.0,235.0,50.0,16.0,173.0,25.0,0.0,0.0,92.0,16.0,119.0
103.0,78.0,206.0,18.0,75.0,175.0,32.0,83.0,120.0,113.0,0.0,105.0,51.0,64.0,55.0
158.0,205.0,292.0,35.0,234.0,277.0,78.0,180.0,188.0,156.0,210.0,72.0,158.0,130.0,216.0
97.0,62.0,201.0,16.0,17.0,155.0,29.0,61.0,117.0,92.0,100.0,76.0,46.0,34.0,82.0
115.0,95.0,396.0,23.0,88.0,127.0,19.0,299.0,145.0,304.0,325.0,428.0,40.0,296.0,125.0
160.0,174.0,346.0,36.0,212.0,333.0,78.0,205.0,343.0,166.0,232.0,186.0,158.0,156.0,119.0
133.0,133.0,263.0,29.0,161.0,241.0,53.0,149.0,173.0,147.0,188.0,156.0,101.0,292.0,114.0
139.0,163.0,549.0,31.0,202.0,214.0,61.0,420.0,184.0,358.0,468.0,100.0,122.0,309.0,173.0
196.0,253.0,326.0,51.0,280.0,348.0,138.0,273.0,270.0,192.0,244.0,231.0,195.0,193.0,181.0
169.0,205.0,428.0,40.0,261.0,288.0,126.0,156.0,223.0,269.0,245.0,317.0,177.0,107.0,242.0
134.0,145.0,222.0,16.0,83.0,256.0,29.0,132.0,117.0,113.0,130.0,105.0,46.0,81.0,63.0
178.0,231.0,336.0,45.0,230.0,315.0,95.0,206.0,227.0,197.0,248.0,0.0,195.0,158.0,201.0
211.0,292.0,252.0,23.0,128.0,374.0,42.0,140.0,145.0,137.0,199.0,137.0,76.0,91.0,84.0
92.0,48.0,184.0,16.0,83.0,143.0,23.0,32.0,109.0,106.0,84.0,113.0,44.0,21.0,55.0
24.0,55.0,476.0,3.0,15.0,159.0,1.0,331.0,50.0,296.0,400.0,387.0,4.0,208.0,32.0
157.0,221.0,336.0,41.0,311.0,306.0,184.0,202.0,223.0,185.0,248.0,207.0,176.0,148.0,334.0
246.0,346.0,374.0,71.0,294.0,289.0,170.0,296.0,187.0,243.0,286.0,304.0,284.0,333.0,308.0
266.0,0.0,392.0,80.0,279.0,0.0,226.0,297.0,500.0,252.0,321.0,316.0,337.0,217.0,274.0
70.0,21.0,281.0,7.0,32.0,56.0,5.0,158.0,103.0,154.0,208.0,167.0,25.0,111.0,0.0
224.0,304.0,293.0,27.0,161.0,389.0,53.0,183.0,171.0,139.0,211.0,204.0,101.0,131.0,125.0
182.0,238.0,481.0,50.0,174.0,468.0,58.0,342.0,252.0,296.0,387.0,353.0,209.0,409.0,81.0
73.0,71.0,142.0,6.0,17.0,159.0,2.0,31.0,38.0,67.0,408.0,50.0,5.0,17.0,94.0
77.0,41.0,184.0,8.0,17.0,213.0,6.0,45.0,69.0,81.0,122.0,68.0,27.0,25.0,247.0
100.0,63.0,240.0,17.0,117.0,155.0,35.0,111.0,120.0,113.0,307.0,160.0,48.0,77.0,32.0
123.0,108.0,294.0,25.0,83.0,215.0,50.0,202.0,139.0,138.0,218.0,139.0,92.0,148.0,54.0
154.0,188.0,283.0,34.0,313.0,268.0,199.0,155.0,193.0,156.0,200.0,178.0,145.0,331.0,351.0
237.0,323.0,363.0,70.0,310.0,407.0,188.0,273.0,333.0,228.0,211.0,287.0,288.0,193.0,390.0
202.0,185.0,336.0,51.0,277.0,261.0,143.0,565.0,12.0,196.0,244.0,248.0,269.0,442.0,250.0
210.0,284.0,346.0,57.0,258.0,373.0,121.0,327.0,293.0,201.0,250.0,248.0,252.0,255.0,157.0
202.0,225.0,312.0,51.0,184.0,310.0,121.0,201.0,314.0,193.0,238.0,204.0,252.0,146.0,155.0
115.0,103.0,242.0,23.0,128.0,211.0,42.0,103.0,145.0,132.0,165.0,126.0,76.0,71.0,99.0
257.0,348.0,428.0,77.0,278.0,388.0,147.0,306.0,363.0,247.0,239.0,303.0,269.0,218.0,240.0
80.0,40.0,240.0,16.0,98.0,87.0,29.0,111.0,117.0,107.0,179.0,105.0,46.0,77.0,77.0
178.0,232.0,239.0,51.0,278.0,319.0,143.0,104.0,272.0,84.0,152.0,76.0,269.0,219.0,111.0
428.0,221.0,657.0,217.0,966.0,156.0,598.0,718.0,829.0,416.0,597.0,134.0,888.0,510.0,999.0
375.0,694.0,514.0,140.0,311.0,550.0,530.0,391.0,571.0,319.0,468.0,456.0,693.0,16.0,274.0
94.0,53.0,215.0,15.0,89.0,143.0,23.0,84.0,103.0,112.0,128.0,70.0,42.0,66.0,180.0
181.0,234.0,317.0,49.0,105.0,312.0,35.0,251.0,213.0,188.0,243.0,220.0,54.0,192.0,99.0
182.0,249.0,323.0,50.0,253.0,310.0,106.0,201.0,252.0,188.0,201.0,221.0,209.0,148.0,218.0
156.0,205.0,312.0,33.0,177.0,281.0,67.0,197.0,223.0,154.0,240.0,173.0,136.0,145.0,154.0
83.0,42.0,111.0,3.0,15.0,112.0,1.0,26.0,163.0,42.0,215.0,196.0,4.0,16.0,4.0
152.0,28.0,639.0,11.0,54.0,60.0,18.0,508.0,105.0,416.0,483.0,856.0,35.0,343.0,31.0
287.0,423.0,481.0,95.0,429.0,479.0,253.0,342.0,454.0,296.0,387.0,353.0,438.0,133.0,566.0
103.0,72.0,222.0,18.0,242.0,159.0,29.0,94.0,122.0,113.0,128.0,304.0,46.0,71.0,215.0
229.0,306.0,353.0,63.0,288.0,388.0,165.0,251.0,311.0,213.0,286.0,263.0,273.0,133.0,308.0
163.0,205.0,300.0,38.0,161.0,281.0,50.0,200.0,223.0,176.0,226.0,197.0,177.0,148.0,55.0
196.0,259.0,240.0,51.0,229.0,348.0,92.0,84.0,452.0,129.0,157.0,101.0,181.0,64.0,240.0
167.0,225.0,111.0,38.0,227.0,308.0,85.0,26.0,223.0,42.0,129.0,68.0,175.0,16.0,183.0
375.0,709.0,507.0,133.0,403.0,687.0,254.0,391.0,545.0,311.0,410.0,446.0,923.0,291.0,469.0
428.0,844.0,582.0,185.0,278.0,281.0,139.0,392.0,676.0,404.0,508.0,799.0,888.0,305.0,157.0
73.0,55.0,648.0,14.0,83.0,143.0,23.0,509.0,117.0,57.0,410.0,21.0,42.0,408.0,52.0
96.0,53.0,201.0,16.0,86.0,143.0,29.0,61.0,122.0,92.0,100.0,76.0,46.0,34.0,69.0
126.0,130.0,258.0,27.0,160.0,230.0,50.0,83.0,172.0,144.0,321.0,164.0,95.0,617.0,124.0
126.0,129.0,263.0,29.0,191.0,254.0,69.0,144.0,168.0,147.0,210.0,155.0,140.0,95.0,215.0
156.0,173.0,292.0,35.0,189.0,249.0,67.0,176.0,197.0,156.0,210.0,178.0,136.0,343.0,155.0
137.0,205.0,738.0,29.0,175.0,281.0,58.0,704.0,616.0,147.0,13.0,162.0,200.0,493.0,142.0
113.0,90.0,240.0,22.0,47.0,200.0,38.0,109.0,141.0,129.0,157.0,125.0,70.0,169.0,32.0
126.0,137.0,223.0,17.0,89.0,160.0,30.0,94.0,139.0,108.0,226.0,100.0,46.0,65.0,72.0
126.0,131.0,240.0,26.0,155.0,277.0,50.0,104.0,181.0,129.0,299.0,126.0,92.0,72.0,125.0
322.0,585.0,488.0,112.0,106.0,521.0,35.0,358.0,224.0,300.0,400.0,395.0,579.0,269.0,87.0
111.0,89.0,240.0,21.0,100.0,280.0,38.0,132.0,134.0,129.0,157.0,118.0,70.0,88.0,81.0
97.0,55.0,212.0,16.0,83.0,156.0,29.0,346.0,117.0,108.0,119.0,98.0,46.0,259.0,52.0
154.0,105.0,294.0,33.0,191.0,213.0,69.0,176.0,191.0,156.0,210.0,172.0,140.0,125.0,157.0
146.0,169.0,281.0,30.0,157.0,255.0,50.0,165.0,184.0,150.0,206.0,164.0,92.0,72.0,119.0
191.0,261.0,339.0,43.0,122.0,280.0,39.0,205.0,224.0,200.0,252.0,254.0,109.0,152.0,95.0
338.0,694.0,488.0,128.0,186.0,254.0,382.0,353.0,579.0,319.0,240.0,456.0,590.0,269.0,157.0
167.0,221.0,255.0,38.0,227.0,320.0,85.0,146.0,215.0,176.0,176.0,263.0,175.0,88.0,183.0
330.0,612.0,258.0,97.0,476.0,534.0,262.0,154.0,480.0,144.0,188.0,155.0,500.0,72.0,678.0
95.0,55.0,207.0,16.0,73.0,155.0,19.0,73.0,107.0,106.0,120.0,91.0,44.0,57.0,183.0
121.0,106.0,688.0,23.0,85.0,214.0,29.0,392.0,170.0,132.0,658.0,127.0,44.0,300.0,89.0
270.0,461.0,395.0,80.0,86.0,238.0,29.0,601.0,425.0,252.0,310.0,307.0,264.0,491.0,74.0
105.0,48.0,476.0,97.0,175.0,143.0,119.0,341.0,480.0,289.0,411.0,348.0,583.0,174.0,124.0
73.0,37.0,310.0,7.0,344.0,102.0,217.0,201.0,46.0,75.0,234.0,61.0,195.0,137.0,422.0
264.0,348.0,350.0,61.0,303.0,397.0,170.0,240.0,347.0,207.0,274.0,428.0,273.0,184.0,307.0
233.0,316.0,363.0,65.0,258.0,390.0,121.0,264.0,314.0,227.0,297.0,282.0,212.0,186.0,231.0
76.0,43.0,532.0,15.0,85.0,235.0,28.0,398.0,103.0,347.0,470.0,463.0,44.0,305.0,101.0
202.0,257.0,356.0,51.0,294.0,372.0,166.0,223.0,293.0,223.0,320.0,280.0,273.0,174.0,307.0
146.0,174.0,255.0,30.0,75.0,260.0,61.0,141.0,182.0,139.0,182.0,138.0,122.0,92.0,55.0
105.0,87.0,260.0,23.0,86.0,188.0,43.0,148.0,145.0,129.0,189.0,125.0,76.0,96.0,66.0
73.0,27.0,590.0,6.0,43.0,294.0,6.0,104.0,38.0,408.0,500.0,799.0,12.0,72.0,25.0
83.0,36.0,201.0,13.0,28.0,281.0,15.0,61.0,99.0,92.0,100.0,76.0,33.0,28.0,11.0
97.0,55.0,311.0,70.0,28.0,154.0,147.0,204.0,332.0,184.0,240.0,208.0,269.0,66.0,9.0
202.0,261.0,336.0,51.0,200.0,460.0,75.0,206.0,290.0,196.0,245.0,187.0,276.0,158.0,154.0
167.0,221.0,475.0,38.0,227.0,308.0,85.0,331.0,223.0,311.0,338.0,446.0,175.0,255.0,242.0
130.0,137.0,491.0,29.0,161.0,260.0,53.0,353.0,86.0,304.0,400.0,470.0,101.0,269.0,125.0
233.0,43.0,353.0,65.0,176.0,124.0,61.0,251.0,314.0,223.0,286.0,212.0,284.0,613.0,154.0
257.0,322.0,374.0,71.0,28.0,155.0,2.0,290.0,425.0,243.0,261.0,208.0,27.0,269.0,12.0
112.0,90.0,340.0,21.0,165.0,156.0,61.0,216.0,139.0,129.0,232.0,118.0,123.0,169.0,126.0
206.0,284.0,542.0,55.0,261.0,373.0,126.0,420.0,290.0,356.0,389.0,263.0,284.0,314.0,242.0
126.0,130.0,256.0,27.0,157.0,235.0,52.0,132.0,170.0,140.0,187.0,158.0,97.0,81.0,122.0
104.0,82.0,222.0,19.0,104.0,188.0,33.0,92.0,120.0,114.0,128.0,118.0,54.0,66.0,84.0
287.0,423.0,481.0,97.0,229.0,479.0,95.0,391.0,430.0,296.0,386.0,353.0,195.0,300.0,201.0
102.0,95.0,747.0,17.0,311.0,212.0,121.0,323.0,122.0,660.0,999.0,911.0,25.0,235.0,333.0
167.0,221.0,549.0,38.0,181.0,462.0,67.0,420.0,222.0,356.0,468.0,799.0,260.0,311.0,190.0
124.0,135.0,257.0,29.0,176.0,241.0,53.0,156.0,227.0,144.0,218.0,156.0,101.0,107.0,158.0
212.0,325.0,323.0,58.0,279.0,418.0,148.0,204.0,296.0,214.0,244.0,298.0,270.0,150.0,274.0
71.0,27.0,190.0,6.0,160.0,293.0,2.0,51.0,281.0,82.0,206.0,68.0,10.0,16.0,124.0
210.0,284.0,336.0,58.0,128.0,374.0,139.0,323.0,297.0,214.0,126.0,268.0,269.0,218.0,116.0
237.0,322.0,351.0,67.0,277.0,249.0,143.0,250.0,333.0,214.0,249.0,264.0,288.0,185.0,250.0
156.0,284.0,292.0,35.0,243.0,373.0,99.0,176.0,162.0,156.0,210.0,114.0,200.0,145.0,215.0
183.0,227.0,294.0,46.0,206.0,430.0,98.0,292.0,144.0,154.0,214.0,151.0,200.0,208.0,174.0
100.0,82.0,214.0,17.0,54.0,127.0,18.0,83.0,122.0,108.0,128.0,155.0,36.0,64.0,188.0
236.0,322.0,355.0,66.0,261.0,393.0,126.0,251.0,363.0,223.0,366.0,282.0,259.0,184.0,229.0
182.0,225.0,320.0,50.0,243.0,310.0,107.0,205.0,252.0,188.0,240.0,221.0,212.0,156.0,215.0
377.0,756.0,532.0,148.0,112.0,687.0,54.0,406.0,570.0,347.0,449.0,470.0,726.0,305.0,87.0
232.0,310.0,351.0,64.0,310.0,390.0,172.0,32.0,313.0,214.0,290.0,268.0,276.0,201.0,329.0
126.0,200.0,260.0,26.0,161.0,260.0,53.0,149.0,141.0,144.0,179.0,155.0,101.0,96.0,127.0
126.0,130.0,183.0,26.0,155.0,230.0,50.0,32.0,171.0,75.0,160.0,70.0,92.0,21.0,119.0
314.0,488.0,215.0,97.0,310.0,490.0,172.0,16.0,454.0,112.0,128.0,101.0,500.0,16.0,316.0
206.0,276.0,339.0,56.0,365.0,362.0,226.0,251.0,292.0,200.0,234.0,246.0,337.0,184.0,455.0
137.0,63.0,207.0,30.0,227.0,155.0,82.0,83.0,177.0,106.0,119.0,307.0,109.0,64.0,182.0
206.0,310.0,350.0,63.0,132.0,390.0,40.0,240.0,311.0,213.0,188.0,264.0,288.0,184.0,102.0
121.0,104.0,252.0,24.0,155.0,212.0,50.0,140.0,178.0,137.0,199.0,137.0,92.0,119.0,119.0
81.0,40.0,204.0,11.0,106.0,86.0,16.0,62.0,86.0,84.0,91.0,76.0,33.0,35.0,87.0
314.0,488.0,688.0,97.0,161.0,490.0,53.0,572.0,570.0,278.0,149.0,346.0,438.0,318.0,126.0
375.0,709.0,747.0,248.0,292.0,687.0,166.0,440.0,50.0,660.0,182.0,117.0,905.0,57.0,81.0
168.0,225.0,300.0,38.0,191.0,310.0,83.0,251.0,222.0,176.0,154.0,203.0,174.0,184.0,157.0
146.0,174.0,279.0,32.0,181.0,333.0,61.0,160.0,184.0,154.0,203.0,149.0,122.0,111.0,153.0
182.0,238.0,310.0,49.0,261.0,344.0,107.0,202.0,170.0,188.0,234.0,220.0,212.0,150.0,240.0
103.0,76.0,701.0,18.0,138.0,296.0,46.0,601.0,122.0,580.0,201.0,894.0,46.0,491.0,114.0
97.0,55.0,207.0,16.0,174.0,155.0,28.0,306.0,117.0,108.0,120.0,98.0,46.0,218.0,127.0
111.0,89.0,157.0,21.0,174.0,216.0,58.0,31.0,188.0,71.0,57.0,61.0,109.0,169.0,102.0
235.0,316.0,361.0,65.0,112.0,390.0,43.0,290.0,314.0,223.0,295.0,282.0,284.0,192.0,87.0
158.0,205.0,283.0,33.0,186.0,518.0,78.0,168.0,184.0,154.0,207.0,172.0,156.0,119.0,154.0
154.0,43.0,361.0,33.0,188.0,124.0,67.0,266.0,188.0,227.0,286.0,263.0,139.0,196.0,157.0
75.0,36.0,363.0,8.0,28.0,124.0,4.0,277.0,164.0,25.0,297.0,0.0,25.0,193.0,12.0
83.0,55.0,485.0,46.0,155.0,155.0,61.0,342.0,252.0,296.0,414.0,355.0,123.0,255.0,148.0
256.0,332.0,385.0,77.0,279.0,429.0,226.0,293.0,297.0,247.0,160.0,23.0,337.0,134.0,275.0
182.0,233.0,336.0,46.0,104.0,320.0,33.0,206.0,237.0,190.0,245.0,126.0,202.0,146.0,84.0
256.0,332.0,385.0,73.0,141.0,429.0,226.0,296.0,363.0,246.0,298.0,307.0,337.0,213.0,101.0
271.0,406.0,475.0,86.0,344.0,460.0,222.0,331.0,430.0,304.0,373.0,307.0,336.0,167.0,422.0
257.0,346.0,386.0,73.0,132.0,382.0,217.0,315.0,197.0,252.0,320.0,312.0,331.0,241.0,107.0
103.0,76.0,855.0,18.0,243.0,155.0,99.0,940.0,122.0,580.0,999.0,894.0,174.0,617.0,214.0
322.0,89.0,580.0,183.0,176.0,193.0,61.0,470.0,503.0,404.0,509.0,186.0,116.0,318.0,71.0
133.0,141.0,379.0,29.0,161.0,249.0,53.0,15.0,173.0,150.0,307.0,163.0,101.0,16.0,99.0
158.0,205.0,294.0,35.0,203.0,281.0,76.0,459.0,199.0,165.0,214.0,186.0,156.0,491.0,175.0
167.0,225.0,300.0,38.0,160.0,310.0,82.0,192.0,223.0,176.0,230.0,193.0,177.0,218.0,124.0
104.0,82.0,500.0,19.0,83.0,203.0,32.0,377.0,187.0,304.0,408.0,430.0,54.0,291.0,55.0
316.0,515.0,363.0,70.0,313.0,489.0,199.0,292.0,341.0,238.0,299.0,338.0,303.0,208.0,351.0
168.0,225.0,303.0,38.0,118.0,310.0,35.0,194.0,223.0,176.0,211.0,193.0,176.0,116.0,94.0
206.0,281.0,340.0,56.0,448.0,348.0,258.0,214.0,293.0,200.0,149.0,249.0,450.0,88.0,604.0
187.0,590.0,346.0,51.0,83.0,393.0,77.0,223.0,272.0,191.0,225.0,228.0,238.0,170.0,55.0
288.0,461.0,457.0,96.0,434.0,486.0,253.0,346.0,466.0,275.0,366.0,348.0,450.0,477.0,566.0
103.0,76.0,130.0,6.0,17.0,164.0,1.0,16.0,76.0,63.0,29.0,47.0,4.0,16.0,9.0
152.0,174.0,111.0,32.0,117.0,259.0,61.0,306.0,187.0,154.0,8.0,160.0,127.0,218.0,94.0
202.0,187.0,395.0,80.0,344.0,270.0,222.0,297.0,547.0,252.0,321.0,305.0,336.0,129.0,422.0
374.0,693.0,511.0,137.0,966.0,160.0,598.0,391.0,570.0,319.0,527.0,456.0,624.0,458.0,158.0
270.0,376.0,475.0,86.0,85.0,348.0,29.0,331.0,272.0,264.0,373.0,312.0,76.0,255.0,64.0
70.0,21.0,336.0,43.0,134.0,143.0,26.0,206.0,222.0,580.0,245.0,894.0,406.0,158.0,107.0
295.0,694.0,476.0,96.0,262.0,656.0,261.0,341.0,466.0,296.0,188.0,355.0,444.0,256.0,242.0
233.0,316.0,355.0,65.0,403.0,390.0,230.0,251.0,314.0,223.0,287.0,355.0,174.0,184.0,469.0
112.0,90.0,661.0,248.0,58.0,214.0,9.0,572.0,601.0,524.0,654.0,185.0,177.0,455.0,44.0
140.0,180.0,252.0,30.0,176.0,260.0,61.0,103.0,181.0,138.0,173.0,156.0,116.0,72.0,153.0
211.0,231.0,310.0,57.0,227.0,319.0,85.0,16.0,296.0,201.0,230.0,248.0,264.0,12.0,182.0
167.0,215.0,298.0,38.0,117.0,296.0,37.0,160.0,223.0,171.0,274.0,187.0,176.0,107.0,94.0
244.0,323.0,355.0,70.0,434.0,418.0,247.0,264.0,341.0,230.0,333.0,248.0,344.0,186.0,566.0
130.0,137.0,222.0,18.0,104.0,254.0,34.0,92.0,122.0,113.0,154.0,101.0,48.0,16.0,94.0
121.0,106.0,292.0,30.0,55.0,214.0,39.0,176.0,181.0,156.0,210.0,197.0,42.0,131.0,43.0
288.0,406.0,417.0,95.0,102.0,484.0,226.0,572.0,171.0,275.0,338.0,330.0,444.0,455.0,82.0
154.0,188.0,507.0,51.0,226.0,0.0,82.0,363.0,276.0,192.0,408.0,231.0,175.0,271.0,181.0
171.0,221.0,187.0,7.0,200.0,230.0,70.0,158.0,54.0,82.0,87.0,69.0,168.0,145.0,178.0
288.0,461.0,693.0,95.0,445.0,56.0,230.0,565.0,466.0,275.0,654.0,330.0,444.0,442.0,604.0
152.0,225.0,283.0,33.0,177.0,310.0,48.0,168.0,158.0,154.0,207.0,174.0,128.0,106.0,154.0
75.0,37.0,111.0,7.0,80.0,319.0,16.0,15.0,50.0,76.0,230.0,61.0,33.0,184.0,55.0
139.0,221.0,278.0,30.0,73.0,294.0,19.0,158.0,180.0,151.0,201.0,162.0,95.0,412.0,404.0
211.0,372.0,346.0,57.0,277.0,445.0,139.0,223.0,293.0,201.0,239.0,248.0,264.0,169.0,248.0
124.0,63.0,487.0,109.0,75.0,156.0,19.0,469.0,500.0,296.0,394.0,374.0,36.0,318.0,54.0
306.0,474.0,488.0,97.0,601.0,479.0,99.0,353.0,132.0,289.0,400.0,348.0,209.0,269.0,808.0
288.0,461.0,457.0,95.0,434.0,486.0,253.0,377.0,466.0,275.0,366.0,330.0,438.0,555.0,566.0
152.0,180.0,283.0,33.0,189.0,260.0,67.0,168.0,199.0,154.0,207.0,172.0,139.0,119.0,117.0
96.0,55.0,212.0,16.0,88.0,155.0,28.0,84.0,109.0,107.0,128.0,240.0,44.0,64.0,63.0
306.0,461.0,300.0,96.0,446.0,489.0,258.0,189.0,466.0,273.0,226.0,323.0,450.0,184.0,566.0
180.0,233.0,207.0,16.0,138.0,320.0,77.0,83.0,107.0,106.0,128.0,91.0,44.0,62.0,110.0
410.0,709.0,549.0,159.0,448.0,687.0,339.0,420.0,233.0,358.0,449.0,138.0,588.0,311.0,234.0
80.0,41.0,476.0,11.0,47.0,103.0,9.0,341.0,86.0,306.0,389.0,446.0,33.0,258.0,32.0
77.0,40.0,126.0,8.0,28.0,87.0,4.0,29.0,50.0,81.0,29.0,68.0,27.0,20.0,9.0
377.0,43.0,536.0,148.0,85.0,344.0,29.0,415.0,454.0,347.0,458.0,470.0,624.0,308.0,64.0
84.0,53.0,220.0,15.0,83.0,143.0,23.0,90.0,120.0,112.0,129.0,101.0,42.0,79.0,55.0
122.0,109.0,337.0,51.0,252.0,216.0,121.0,212.0,288.0,198.0,249.0,241.0,238.0,162.0,220.0
288.0,194.0,449.0,95.0,445.0,277.0,254.0,322.0,466.0,275.0,338.0,346.0,444.0,245.0,574.0
80.0,41.0,414.0,14.0,75.0,102.0,22.0,312.0,99.0,264.0,326.0,323.0,33.0,477.0,56.0
123.0,109.0,323.0,24.0,88.0,212.0,46.0,202.0,163.0,176.0,240.0,203.0,89.0,145.0,71.0
214.0,300.0,255.0,60.0,279.0,373.0,150.0,83.0,223.0,139.0,188.0,137.0,270.0,64.0,274.0
115.0,95.0,363.0,23.0,128.0,210.0,42.0,290.0,147.0,223.0,299.0,282.0,76.0,205.0,154.0
86.0,37.0,485.0,16.0,58.0,82.0,33.0,315.0,163.0,296.0,419.0,355.0,54.0,412.0,44.0
377.0,406.0,536.0,148.0,288.0,133.0,165.0,415.0,501.0,347.0,458.0,470.0,726.0,311.0,322.0
206.0,278.0,312.0,58.0,45.0,388.0,147.0,198.0,297.0,201.0,238.0,302.0,269.0,145.0,31.0
100.0,62.0,240.0,20.0,176.0,156.0,35.0,111.0,134.0,129.0,157.0,137.0,55.0,72.0,154.0
288.0,461.0,187.0,22.0,230.0,468.0,39.0,49.0,145.0,82.0,87.0,61.0,70.0,88.0,201.0
167.0,221.0,852.0,35.0,73.0,82.0,19.0,885.0,198.0,160.0,326.0,178.0,154.0,613.0,155.0
163.0,212.0,346.0,58.0,255.0,294.0,147.0,223.0,297.0,201.0,261.0,249.0,269.0,496.0,97.0
104.0,78.0,184.0,8.0,55.0,182.0,18.0,323.0,24.0,82.0,122.0,69.0,27.0,111.0,95.0
126.0,130.0,310.0,41.0,227.0,230.0,83.0,195.0,223.0,182.0,234.0,204.0,167.0,137.0,183.0
211.0,274.0,330.0,51.0,261.0,362.0,121.0,222.0,178.0,193.0,326.0,76.0,239.0,170.0,242.0
169.0,241.0,300.0,38.0,237.0,349.0,98.0,192.0,223.0,176.0,214.0,231.0,200.0,218.0,212.0
156.0,215.0,661.0,110.0,275.0,297.0,382.0,509.0,33.0,227.0,658.0,302.0,590.0,343.0,246.0
169.0,222.0,303.0,41.0,257.0,308.0,171.0,194.0,223.0,176.0,264.0,197.0,284.0,134.0,213.0
115.0,95.0,239.0,23.0,123.0,175.0,40.0,10.0,145.0,129.0,157.0,126.0,73.0,16.0,93.0
123.0,115.0,257.0,24.0,126.0,222.0,45.0,201.0,177.0,139.0,176.0,139.0,90.0,150.0,81.0
112.0,90.0,258.0,29.0,161.0,159.0,53.0,98.0,187.0,144.0,189.0,156.0,101.0,72.0,126.0
77.0,41.0,184.0,8.0,47.0,101.0,5.0,45.0,54.0,81.0,78.0,68.0,27.0,68.0,32.0
52.0,999.0,661.0,243.0,415.0,999.0,629.0,490.0,858.0,521.0,640.0,856.0,923.0,333.0,182.0
133.0,135.0,263.0,29.0,175.0,230.0,58.0,83.0,173.0,147.0,187.0,158.0,102.0,57.0,140.0
377.0,346.0,542.0,148.0,176.0,437.0,570.0,620.0,601.0,374.0,465.0,582.0,639.0,442.0,154.0
210.0,284.0,701.0,57.0,197.0,373.0,139.0,565.0,296.0,201.0,758.0,248.0,264.0,442.0,155.0
178.0,234.0,999.0,70.0,212.0,393.0,79.0,999.0,343.0,230.0,681.0,288.0,167.0,999.0,175.0
182.0,259.0,238.0,49.0,248.0,214.0,99.0,103.0,205.0,120.0,152.0,118.0,202.0,72.0,201.0
206.0,278.0,336.0,55.0,261.0,373.0,107.0,214.0,290.0,197.0,240.0,240.0,211.0,162.0,604.0
375.0,709.0,532.0,143.0,341.0,404.0,220.0,406.0,571.0,347.0,410.0,463.0,678.0,28.0,416.0
86.0,41.0,183.0,15.0,73.0,124.0,19.0,45.0,103.0,103.0,78.0,81.0,40.0,25.0,38.0
271.0,373.0,386.0,87.0,280.0,448.0,139.0,296.0,452.0,264.0,320.0,307.0,406.0,205.0,91.0
169.0,225.0,312.0,40.0,216.0,0.0,80.0,163.0,223.0,185.0,234.0,212.0,149.0,291.0,180.0
86.0,41.0,303.0,15.0,189.0,143.0,19.0,194.0,168.0,101.0,230.0,76.0,42.0,235.0,157.0
311.0,222.0,372.0,97.0,360.0,308.0,226.0,292.0,483.0,316.0,302.0,167.0,905.0,208.0,64.0
429.0,180.0,580.0,185.0,131.0,82.0,39.0,470.0,501.0,404.0,508.0,705.0,905.0,319.0,101.0
167.0,222.0,293.0,38.0,218.0,308.0,82.0,186.0,223.0,160.0,211.0,241.0,176.0,132.0,157.0
152.0,210.0,300.0,33.0,203.0,293.0,77.0,187.0,187.0,176.0,230.0,186.0,156.0,133.0,154.0
24.0,55.0,111.0,6.0,237.0,143.0,99.0,16.0,0.0,61.0,5.0,21.0,10.0,16.0,213.0
182.0,238.0,332.0,50.0,151.0,344.0,67.0,313.0,252.0,188.0,245.0,221.0,196.0,240.0,118.0
96.0,55.0,475.0,15.0,105.0,155.0,35.0,331.0,103.0,105.0,382.0,84.0,59.0,255.0,85.0
97.0,45.0,212.0,17.0,89.0,127.0,29.0,83.0,119.0,108.0,148.0,98.0,47.0,64.0,87.0
97.0,55.0,208.0,16.0,145.0,156.0,50.0,73.0,117.0,106.0,117.0,98.0,49.0,21.0,110.0
126.0,130.0,256.0,27.0,176.0,203.0,61.0,144.0,171.0,140.0,187.0,100.0,97.0,96.0,153.0
256.0,332.0,385.0,77.0,132.0,429.0,217.0,296.0,199.0,247.0,208.0,303.0,331.0,213.0,118.0
270.0,95.0,386.0,86.0,445.0,235.0,254.0,176.0,430.0,269.0,320.0,305.0,438.0,129.0,329.0
171.0,227.0,300.0,41.0,98.0,220.0,33.0,192.0,222.0,176.0,234.0,207.0,49.0,133.0,77.0
182.0,233.0,396.0,50.0,234.0,254.0,94.0,297.0,252.0,188.0,322.0,221.0,209.0,218.0,248.0
202.0,261.0,332.0,51.0,117.0,362.0,35.0,205.0,296.0,193.0,245.0,236.0,284.0,82.0,89.0
232.0,133.0,353.0,64.0,278.0,484.0,171.0,250.0,313.0,214.0,286.0,263.0,276.0,201.0,173.0
83.0,41.0,207.0,11.0,208.0,253.0,78.0,10.0,568.0,106.0,117.0,91.0,33.0,16.0,175.0
270.0,376.0,475.0,55.0,191.0,388.0,69.0,331.0,288.0,199.0,130.0,244.0,140.0,255.0,99.0
268.0,373.0,530.0,85.0,312.0,445.0,217.0,406.0,452.0,264.0,419.0,117.0,331.0,305.0,308.0
123.0,135.0,528.0,24.0,157.0,241.0,45.0,406.0,197.0,322.0,419.0,456.0,85.0,305.0,122.0
330.0,253.0,491.0,117.0,322.0,348.0,367.0,358.0,545.0,304.0,414.0,456.0,588.0,269.0,333.0
81.0,42.0,207.0,11.0,17.0,112.0,1.0,32.0,134.0,83.0,126.0,72.0,33.0,21.0,9.0
133.0,141.0,266.0,29.0,188.0,249.0,58.0,146.0,173.0,150.0,199.0,162.0,102.0,96.0,44.0
100.0,62.0,222.0,20.0,112.0,155.0,35.0,718.0,205.0,120.0,130.0,115.0,55.0,613.0,87.0
191.0,284.0,254.0,23.0,203.0,374.0,75.0,146.0,193.0,132.0,179.0,127.0,154.0,96.0,175.0
205.0,276.0,294.0,49.0,234.0,349.0,96.0,180.0,117.0,188.0,210.0,220.0,204.0,130.0,231.0
152.0,188.0,222.0,33.0,151.0,272.0,50.0,90.0,293.0,113.0,117.0,68.0,108.0,65.0,173.0
101.0,64.0,283.0,23.0,176.0,155.0,58.0,168.0,139.0,150.0,208.0,92.0,73.0,202.0,153.0
196.0,259.0,332.0,51.0,227.0,348.0,85.0,212.0,139.0,193.0,245.0,236.0,175.0,162.0,183.0
212.0,300.0,336.0,58.0,260.0,373.0,121.0,202.0,296.0,197.0,248.0,181.0,269.0,148.0,238.0
97.0,55.0,207.0,15.0,75.0,256.0,22.0,80.0,163.0,105.0,128.0,84.0,40.0,58.0,99.0
257.0,590.0,220.0,20.0,104.0,213.0,34.0,32.0,297.0,112.0,179.0,323.0,54.0,21.0,84.0
191.0,376.0,330.0,51.0,212.0,460.0,79.0,187.0,270.0,192.0,160.0,221.0,156.0,133.0,175.0
80.0,41.0,648.0,11.0,277.0,102.0,184.0,312.0,81.0,99.0,249.0,76.0,33.0,219.0,247.0
205.0,276.0,337.0,55.0,261.0,348.0,126.0,205.0,292.0,198.0,249.0,241.0,256.0,149.0,242.0
111.0,87.0,242.0,23.0,131.0,191.0,43.0,392.0,165.0,132.0,165.0,127.0,76.0,303.0,99.0
105.0,48.0,283.0,30.0,230.0,143.0,94.0,144.0,181.0,151.0,210.0,162.0,155.0,95.0,201.0
257.0,338.0,530.0,71.0,341.0,437.0,220.0,398.0,357.0,243.0,419.0,21.0,288.0,305.0,416.0
105.0,87.0,239.0,20.0,100.0,118.0,35.0,104.0,431.0,120.0,152.0,178.0,55.0,76.0,81.0
317.0,515.0,511.0,153.0,365.0,445.0,226.0,384.0,547.0,316.0,414.0,446.0,726.0,296.0,416.0
158.0,205.0,701.0,35.0,188.0,221.0,67.0,572.0,199.0,165.0,373.0,185.0,136.0,477.0,156.0
152.0,194.0,353.0,38.0,212.0,230.0,78.0,240.0,213.0,174.0,286.0,197.0,167.0,184.0,192.0
103.0,72.0,294.0,36.0,277.0,127.0,139.0,176.0,197.0,166.0,208.0,186.0,264.0,129.0,246.0
322.0,461.0,661.0,96.0,123.0,348.0,39.0,490.0,483.0,524.0,177.0,894.0,76.0,343.0,95.0
330.0,95.0,507.0,117.0,85.0,210.0,28.0,364.0,127.0,304.0,408.0,428.0,48.0,628.0,66.0
268.0,372.0,528.0,55.0,261.0,445.0,126.0,391.0,293.0,213.0,400.0,264.0,256.0,292.0,242.0
102.0,71.0,208.0,16.0,47.0,159.0,23.0,73.0,109.0,114.0,126.0,101.0,43.0,72.0,32.0
132.0,137.0,323.0,29.0,161.0,250.0,53.0,204.0,172.0,171.0,244.0,193.0,101.0,149.0,116.0
232.0,301.0,530.0,64.0,310.0,382.0,172.0,403.0,313.0,213.0,419.0,307.0,276.0,303.0,322.0
81.0,42.0,212.0,16.0,83.0,118.0,24.0,83.0,164.0,108.0,126.0,98.0,43.0,64.0,102.0
311.0,461.0,485.0,86.0,132.0,489.0,45.0,59.0,431.0,296.0,408.0,355.0,84.0,55.0,101.0
338.0,618.0,507.0,133.0,410.0,250.0,237.0,384.0,601.0,311.0,408.0,449.0,309.0,292.0,473.0
330.0,590.0,549.0,114.0,229.0,550.0,86.0,469.0,119.0,358.0,468.0,463.0,588.0,318.0,192.0
169.0,229.0,353.0,40.0,275.0,315.0,82.0,251.0,223.0,202.0,286.0,236.0,181.0,184.0,181.0
152.0,179.0,240.0,22.0,117.0,260.0,35.0,109.0,570.0,129.0,157.0,118.0,70.0,65.0,87.0
140.0,164.0,111.0,30.0,242.0,256.0,99.0,16.0,180.0,151.0,8.0,162.0,116.0,16.0,213.0
113.0,90.0,184.0,21.0,176.0,197.0,33.0,15.0,127.0,120.0,87.0,117.0,59.0,16.0,148.0
375.0,709.0,528.0,140.0,329.0,687.0,203.0,398.0,571.0,322.0,222.0,457.0,303.0,305.0,422.0
374.0,693.0,657.0,137.0,132.0,206.0,45.0,508.0,568.0,408.0,658.0,894.0,678.0,343.0,107.0
205.0,276.0,346.0,63.0,288.0,362.0,165.0,223.0,199.0,202.0,262.0,282.0,273.0,170.0,157.0
257.0,338.0,374.0,71.0,344.0,210.0,217.0,315.0,302.0,243.0,302.0,298.0,331.0,240.0,455.0
104.0,82.0,281.0,19.0,104.0,156.0,34.0,160.0,139.0,154.0,200.0,316.0,54.0,107.0,84.0
146.0,173.0,294.0,30.0,88.0,256.0,5.0,180.0,170.0,151.0,214.0,162.0,19.0,137.0,81.0
206.0,278.0,320.0,51.0,229.0,280.0,101.0,285.0,272.0,188.0,239.0,221.0,219.0,202.0,188.0
429.0,515.0,580.0,185.0,28.0,197.0,2.0,470.0,248.0,404.0,500.0,705.0,90.0,318.0,117.0
111.0,87.0,0.0,0.0,28.0,188.0,2.0,32.0,0.0,0.0,0.0,25.0,5.0,21.0,9.0
123.0,106.0,254.0,23.0,132.0,214.0,45.0,140.0,168.0,137.0,177.0,158.0,77.0,122.0,107.0
123.0,109.0,580.0,243.0,303.0,276.0,188.0,470.0,858.0,411.0,509.0,803.0,888.0,412.0,190.0
92.0,43.0,208.0,15.0,131.0,250.0,23.0,59.0,105.0,106.0,122.0,92.0,42.0,30.0,99.0
83.0,43.0,247.0,23.0,168.0,182.0,54.0,130.0,147.0,132.0,165.0,127.0,92.0,87.0,131.0
375.0,694.0,507.0,128.0,735.0,213.0,485.0,364.0,237.0,306.0,408.0,178.0,588.0,275.0,881.0
73.0,41.0,292.0,6.0,28.0,254.0,4.0,183.0,38.0,156.0,210.0,100.0,19.0,111.0,12.0
70.0,21.0,310.0,6.0,47.0,0.0,7.0,322.0,38.0,75.0,234.0,58.0,26.0,208.0,38.0
375.0,694.0,661.0,140.0,43.0,663.0,2.0,509.0,571.0,322.0,20.0,457.0,5.0,408.0,11.0
182.0,257.0,350.0,49.0,255.0,348.0,99.0,225.0,223.0,188.0,274.0,220.0,191.0,123.0,231.0
196.0,346.0,330.0,51.0,365.0,448.0,217.0,205.0,222.0,192.0,244.0,236.0,238.0,156.0,473.0
270.0,306.0,485.0,51.0,341.0,393.0,253.0,346.0,296.0,296.0,387.0,355.0,288.0,259.0,307.0
167.0,221.0,247.0,38.0,242.0,489.0,78.0,313.0,222.0,182.0,200.0,174.0,176.0,240.0,214.0
100.0,63.0,201.0,17.0,89.0,156.0,32.0,392.0,119.0,92.0,100.0,76.0,47.0,303.0,74.0
236.0,316.0,351.0,66.0,311.0,390.0,180.0,225.0,333.0,214.0,241.0,282.0,284.0,41.0,322.0
237.0,322.0,363.0,67.0,311.0,212.0,184.0,204.0,333.0,227.0,295.0,277.0,288.0,184.0,334.0
182.0,234.0,322.0,50.0,50.0,348.0,99.0,31.0,172.0,188.0,241.0,221.0,204.0,17.0,38.0
133.0,141.0,267.0,29.0,168.0,249.0,54.0,92.0,172.0,151.0,351.0,162.0,101.0,66.0,94.0
233.0,316.0,223.0,65.0,329.0,393.0,213.0,144.0,314.0,103.0,119.0,84.0,273.0,95.0,88.0
156.0,137.0,738.0,34.0,197.0,56.0,75.0,572.0,127.0,188.0,758.0,167.0,149.0,458.0,174.0
268.0,373.0,396.0,86.0,341.0,393.0,220.0,297.0,428.0,264.0,325.0,325.0,334.0,218.0,334.0
126.0,163.0,207.0,15.0,89.0,261.0,30.0,78.0,98.0,105.0,119.0,81.0,46.0,132.0,72.0
126.0,131.0,256.0,27.0,277.0,241.0,45.0,141.0,171.0,140.0,201.0,162.0,101.0,92.0,250.0
80.0,41.0,125.0,9.0,47.0,102.0,9.0,225.0,76.0,58.0,8.0,50.0,33.0,174.0,32.0
76.0,37.0,303.0,5.0,89.0,319.0,30.0,194.0,0.0,176.0,240.0,203.0,46.0,134.0,216.0
187.0,87.0,207.0,51.0,257.0,208.0,108.0,73.0,117.0,182.0,123.0,228.0,212.0,101.0,242.0
152.0,129.0,428.0,87.0,310.0,227.0,217.0,297.0,454.0,269.0,333.0,316.0,408.0,208.0,329.0
414.0,769.0,580.0,185.0,89.0,348.0,29.0,470.0,498.0,404.0,658.0,423.0,219.0,159.0,73.0
96.0,55.0,648.0,16.0,112.0,155.0,35.0,493.0,117.0,425.0,122.0,50.0,46.0,333.0,88.0
235.0,316.0,553.0,65.0,310.0,393.0,172.0,718.0,314.0,403.0,275.0,681.0,284.0,496.0,308.0
236.0,322.0,207.0,17.0,279.0,390.0,148.0,59.0,302.0,112.0,94.0,118.0,51.0,30.0,274.0
270.0,376.0,481.0,86.0,255.0,460.0,106.0,342.0,430.0,296.0,387.0,374.0,429.0,258.0,231.0
244.0,323.0,339.0,51.0,203.0,437.0,76.0,140.0,270.0,191.0,201.0,228.0,155.0,91.0,174.0
156.0,229.0,311.0,41.0,131.0,315.0,43.0,266.0,223.0,184.0,176.0,207.0,26.0,167.0,97.0
115.0,95.0,255.0,30.0,200.0,200.0,61.0,141.0,180.0,140.0,295.0,117.0,116.0,96.0,179.0
214.0,301.0,449.0,97.0,216.0,382.0,217.0,322.0,501.0,275.0,241.0,346.0,500.0,246.0,179.0
111.0,89.0,283.0,33.0,189.0,191.0,67.0,168.0,187.0,154.0,207.0,162.0,139.0,116.0,157.0
163.0,215.0,130.0,36.0,85.0,296.0,82.0,15.0,210.0,252.0,27.0,317.0,171.0,145.0,64.0
132.0,137.0,239.0,29.0,160.0,249.0,53.0,141.0,172.0,184.0,148.0,207.0,101.0,92.0,124.0
113.0,90.0,240.0,21.0,128.0,203.0,35.0,156.0,139.0,129.0,160.0,117.0,47.0,107.0,99.0
156.0,193.0,340.0,35.0,188.0,276.0,67.0,216.0,197.0,201.0,389.0,84.0,145.0,41.0,156.0
235.0,322.0,313.0,65.0,255.0,397.0,171.0,198.0,314.0,223.0,241.0,280.0,284.0,145.0,218.0
80.0,41.0,187.0,11.0,45.0,159.0,7.0,49.0,86.0,83.0,91.0,69.0,33.0,27.0,32.0
270.0,391.0,438.0,91.0,446.0,460.0,226.0,316.0,454.0,271.0,338.0,264.0,337.0,218.0,173.0
86.0,48.0,187.0,6.0,32.0,124.0,2.0,59.0,314.0,85.0,87.0,72.0,10.0,30.0,11.0
165.0,215.0,590.0,36.0,253.0,155.0,82.0,469.0,213.0,184.0,509.0,203.0,174.0,308.0,246.0
100.0,62.0,214.0,17.0,28.0,155.0,5.0,84.0,119.0,108.0,128.0,231.0,25.0,26.0,12.0
317.0,515.0,396.0,114.0,85.0,498.0,28.0,322.0,545.0,304.0,322.0,428.0,45.0,246.0,66.0
156.0,203.0,292.0,35.0,100.0,280.0,33.0,194.0,197.0,156.0,210.0,178.0,54.0,134.0,83.0
146.0,169.0,283.0,31.0,277.0,230.0,143.0,144.0,227.0,156.0,208.0,175.0,128.0,95.0,250.0
91.0,48.0,207.0,15.0,100.0,156.0,23.0,73.0,105.0,156.0,117.0,174.0,42.0,57.0,81.0
178.0,232.0,316.0,45.0,275.0,319.0,96.0,202.0,232.0,176.0,87.0,196.0,196.0,146.0,114.0
156.0,194.0,257.0,34.0,248.0,280.0,75.0,146.0,195.0,156.0,149.0,207.0,150.0,96.0,142.0
241.0,63.0,142.0,33.0,191.0,155.0,70.0,31.0,199.0,154.0,298.0,149.0,128.0,20.0,173.0
115.0,95.0,252.0,23.0,227.0,203.0,85.0,83.0,145.0,137.0,170.0,127.0,73.0,64.0,183.0
139.0,163.0,294.0,36.0,211.0,253.0,78.0,290.0,400.0,167.0,203.0,186.0,156.0,205.0,175.0
137.0,163.0,278.0,30.0,234.0,250.0,96.0,158.0,181.0,151.0,201.0,162.0,195.0,116.0,201.0
214.0,301.0,348.0,57.0,279.0,280.0,138.0,232.0,296.0,201.0,240.0,248.0,264.0,179.0,274.0
311.0,194.0,507.0,109.0,206.0,277.0,75.0,364.0,501.0,306.0,408.0,387.0,270.0,312.0,134.0
154.0,185.0,300.0,33.0,191.0,261.0,69.0,181.0,181.0,176.0,226.0,197.0,140.0,107.0,157.0
156.0,163.0,207.0,35.0,212.0,256.0,75.0,78.0,197.0,156.0,120.0,236.0,154.0,55.0,175.0
115.0,95.0,475.0,23.0,310.0,212.0,184.0,331.0,145.0,176.0,402.0,193.0,288.0,255.0,333.0
205.0,276.0,361.0,55.0,17.0,289.0,39.0,266.0,272.0,198.0,325.0,241.0,256.0,81.0,12.0
232.0,322.0,351.0,64.0,310.0,397.0,170.0,148.0,313.0,214.0,222.0,264.0,276.0,106.0,331.0
206.0,253.0,348.0,56.0,280.0,348.0,138.0,240.0,638.0,199.0,272.0,241.0,259.0,184.0,170.0
152.0,182.0,281.0,33.0,157.0,261.0,52.0,165.0,197.0,154.0,200.0,165.0,127.0,116.0,119.0
165.0,259.0,639.0,153.0,138.0,362.0,598.0,490.0,571.0,368.0,419.0,582.0,726.0,331.0,89.0
103.0,78.0,215.0,17.0,58.0,182.0,16.0,84.0,117.0,112.0,128.0,101.0,46.0,583.0,44.0
94.0,87.0,206.0,16.0,83.0,191.0,29.0,65.0,198.0,107.0,117.0,100.0,46.0,133.0,55.0
146.0,185.0,300.0,33.0,174.0,348.0,58.0,189.0,184.0,176.0,225.0,203.0,108.0,131.0,148.0
97.0,55.0,111.0,16.0,83.0,155.0,29.0,26.0,117.0,71.0,5.0,61.0,46.0,16.0,56.0
167.0,221.0,330.0,51.0,313.0,297.0,199.0,204.0,281.0,192.0,244.0,220.0,309.0,159.0,351.0
157.0,205.0,481.0,35.0,224.0,289.0,82.0,342.0,198.0,296.0,387.0,355.0,155.0,79.0,180.0
77.0,41.0,187.0,8.0,112.0,87.0,40.0,141.0,69.0,82.0,200.0,69.0,27.0,92.0,94.0
211.0,284.0,346.0,57.0,15.0,373.0,1.0,223.0,292.0,201.0,204.0,248.0,264.0,184.0,4.0
134.0,145.0,294.0,30.0,117.0,225.0,37.0,202.0,178.0,151.0,295.0,162.0,76.0,133.0,93.0
154.0,185.0,206.0,33.0,191.0,261.0,69.0,65.0,187.0,171.0,119.0,190.0,140.0,28.0,156.0
121.0,515.0,184.0,6.0,88.0,486.0,30.0,39.0,24.0,120.0,257.0,115.0,47.0,17.0,71.0
152.0,188.0,294.0,33.0,200.0,276.0,67.0,186.0,187.0,160.0,215.0,139.0,139.0,134.0,213.0
113.0,89.0,239.0,21.0,117.0,203.0,38.0,156.0,139.0,120.0,164.0,100.0,68.0,106.0,93.0
158.0,261.0,292.0,35.0,200.0,362.0,77.0,176.0,199.0,156.0,210.0,178.0,155.0,125.0,89.0
123.0,219.0,348.0,112.0,43.0,297.0,339.0,228.0,518.0,207.0,272.0,263.0,583.0,173.0,4.0
270.0,331.0,536.0,89.0,104.0,430.0,34.0,398.0,452.0,347.0,458.0,162.0,48.0,555.0,83.0
376.0,717.0,322.0,29.0,175.0,348.0,58.0,204.0,178.0,188.0,241.0,207.0,108.0,150.0,158.0
224.0,304.0,347.0,63.0,288.0,498.0,165.0,232.0,163.0,203.0,257.0,221.0,272.0,180.0,155.0
83.0,40.0,298.0,7.0,55.0,86.0,5.0,80.0,46.0,80.0,309.0,68.0,25.0,57.0,43.0
119.0,105.0,267.0,23.0,128.0,213.0,42.0,103.0,147.0,151.0,200.0,162.0,76.0,72.0,99.0
412.0,764.0,553.0,177.0,208.0,312.0,253.0,470.0,616.0,524.0,468.0,856.0,444.0,328.0,183.0
232.0,316.0,336.0,64.0,200.0,253.0,171.0,206.0,313.0,214.0,248.0,705.0,276.0,158.0,172.0
330.0,214.0,507.0,128.0,313.0,294.0,199.0,363.0,168.0,306.0,408.0,203.0,583.0,491.0,351.0
103.0,373.0,255.0,18.0,55.0,445.0,33.0,509.0,122.0,113.0,128.0,105.0,52.0,408.0,43.0
266.0,332.0,414.0,86.0,237.0,430.0,230.0,312.0,430.0,265.0,326.0,317.0,419.0,255.0,214.0
182.0,241.0,294.0,50.0,261.0,348.0,108.0,180.0,272.0,188.0,215.0,221.0,209.0,130.0,242.0
181.0,232.0,340.0,49.0,277.0,319.0,107.0,198.0,205.0,188.0,245.0,220.0,212.0,145.0,250.0
206.0,257.0,661.0,56.0,261.0,348.0,119.0,509.0,292.0,322.0,175.0,457.0,259.0,333.0,240.0
241.0,323.0,126.0,6.0,28.0,344.0,2.0,31.0,24.0,61.0,27.0,92.0,5.0,20.0,54.0
168.0,225.0,507.0,45.0,243.0,320.0,99.0,415.0,224.0,188.0,410.0,204.0,200.0,496.0,246.0
158.0,205.0,292.0,35.0,200.0,281.0,75.0,176.0,187.0,156.0,210.0,178.0,155.0,129.0,157.0
114.0,95.0,224.0,18.0,117.0,206.0,35.0,97.0,125.0,120.0,149.0,118.0,70.0,71.0,102.0
163.0,215.0,310.0,40.0,157.0,297.0,50.0,195.0,223.0,182.0,238.0,204.0,181.0,185.0,119.0
154.0,188.0,240.0,34.0,191.0,272.0,69.0,124.0,193.0,156.0,164.0,175.0,145.0,159.0,158.0
375.0,709.0,530.0,143.0,310.0,293.0,172.0,398.0,579.0,346.0,419.0,460.0,284.0,458.0,297.0
429.0,409.0,298.0,183.0,248.0,490.0,217.0,187.0,296.0,404.0,222.0,705.0,330.0,133.0,216.0
70.0,72.0,411.0,7.0,32.0,133.0,2.0,306.0,170.0,58.0,325.0,23.0,23.0,184.0,12.0
152.0,207.0,395.0,85.0,311.0,293.0,213.0,296.0,330.0,252.0,321.0,312.0,316.0,213.0,333.0
257.0,108.0,639.0,73.0,155.0,215.0,217.0,493.0,252.0,411.0,245.0,799.0,331.0,333.0,119.0
120.0,105.0,347.0,51.0,174.0,206.0,62.0,565.0,281.0,201.0,173.0,241.0,291.0,458.0,153.0
104.0,128.0,214.0,18.0,104.0,222.0,32.0,83.0,122.0,108.0,128.0,100.0,48.0,64.0,84.0
214.0,42.0,184.0,58.0,279.0,156.0,147.0,45.0,297.0,76.0,78.0,76.0,269.0,25.0,422.0
410.0,756.0,488.0,104.0,229.0,741.0,276.0,353.0,501.0,300.0,373.0,282.0,515.0,269.0,102.0
163.0,215.0,360.0,41.0,128.0,297.0,42.0,313.0,223.0,176.0,297.0,207.0,76.0,240.0,101.0
119.0,104.0,242.0,23.0,131.0,216.0,43.0,97.0,125.0,132.0,165.0,126.0,76.0,71.0,101.0
114.0,90.0,564.0,22.0,122.0,197.0,39.0,440.0,144.0,129.0,483.0,126.0,70.0,312.0,97.0
157.0,205.0,255.0,35.0,203.0,281.0,76.0,141.0,198.0,165.0,191.0,186.0,155.0,92.0,175.0
100.0,62.0,212.0,17.0,83.0,155.0,24.0,39.0,117.0,108.0,126.0,100.0,43.0,25.0,42.0
104.0,78.0,220.0,19.0,117.0,175.0,38.0,90.0,127.0,112.0,129.0,101.0,70.0,81.0,91.0
187.0,249.0,323.0,51.0,255.0,348.0,107.0,202.0,270.0,191.0,500.0,228.0,212.0,146.0,262.0
139.0,137.0,240.0,21.0,117.0,390.0,35.0,109.0,292.0,129.0,157.0,118.0,59.0,72.0,89.0
205.0,276.0,346.0,57.0,403.0,362.0,230.0,223.0,227.0,201.0,287.0,248.0,284.0,296.0,469.0
70.0,27.0,142.0,6.0,47.0,56.0,5.0,155.0,171.0,67.0,286.0,50.0,19.0,107.0,55.0
429.0,844.0,580.0,183.0,234.0,205.0,96.0,470.0,676.0,404.0,458.0,457.0,212.0,319.0,201.0
73.0,27.0,212.0,16.0,54.0,56.0,19.0,83.0,122.0,108.0,91.0,98.0,35.0,64.0,25.0
214.0,253.0,215.0,17.0,100.0,348.0,32.0,84.0,120.0,112.0,128.0,164.0,48.0,65.0,80.0
73.0,27.0,201.0,15.0,47.0,56.0,4.0,61.0,163.0,105.0,100.0,84.0,406.0,34.0,32.0
156.0,249.0,283.0,35.0,208.0,348.0,78.0,168.0,233.0,156.0,215.0,69.0,158.0,132.0,175.0
271.0,406.0,360.0,91.0,151.0,462.0,213.0,259.0,454.0,273.0,295.0,323.0,408.0,192.0,118.0
237.0,322.0,351.0,67.0,310.0,429.0,188.0,251.0,332.0,214.0,252.0,282.0,288.0,412.0,322.0
119.0,104.0,294.0,24.0,89.0,212.0,30.0,183.0,163.0,137.0,215.0,220.0,46.0,132.0,32.0
229.0,306.0,661.0,63.0,280.0,389.0,165.0,509.0,311.0,660.0,239.0,894.0,272.0,343.0,234.0
271.0,409.0,590.0,89.0,434.0,468.0,253.0,440.0,425.0,411.0,240.0,799.0,438.0,312.0,566.0
182.0,235.0,263.0,29.0,253.0,320.0,76.0,148.0,177.0,147.0,208.0,158.0,156.0,96.0,220.0
111.0,89.0,481.0,51.0,311.0,260.0,188.0,438.0,270.0,296.0,387.0,374.0,168.0,312.0,334.0
256.0,332.0,549.0,3.0,15.0,429.0,1.0,420.0,12.0,42.0,465.0,0.0,4.0,162.0,11.0
268.0,373.0,312.0,85.0,311.0,445.0,198.0,194.0,425.0,187.0,238.0,204.0,303.0,174.0,334.0
124.0,135.0,294.0,27.0,123.0,241.0,53.0,180.0,170.0,137.0,126.0,134.0,101.0,133.0,85.0
163.0,214.0,290.0,36.0,134.0,297.0,50.0,186.0,210.0,156.0,210.0,158.0,168.0,131.0,80.0
271.0,406.0,125.0,70.0,403.0,393.0,226.0,27.0,253.0,238.0,13.0,282.0,380.0,71.0,469.0
187.0,257.0,570.0,53.0,275.0,288.0,121.0,420.0,223.0,404.0,129.0,822.0,239.0,308.0,247.0
94.0,56.0,204.0,13.0,86.0,155.0,19.0,62.0,98.0,184.0,108.0,207.0,36.0,35.0,69.0
316.0,515.0,224.0,185.0,966.0,349.0,629.0,97.0,117.0,120.0,119.0,137.0,905.0,68.0,157.0
73.0,306.0,240.0,7.0,28.0,393.0,5.0,104.0,571.0,132.0,164.0,126.0,23.0,65.0,12.0
306.0,474.0,322.0,35.0,237.0,490.0,75.0,204.0,198.0,188.0,241.0,218.0,155.0,150.0,212.0
121.0,105.0,252.0,24.0,157.0,241.0,46.0,140.0,164.0,137.0,182.0,137.0,89.0,88.0,107.0
270.0,225.0,414.0,86.0,277.0,310.0,143.0,299.0,430.0,265.0,326.0,317.0,269.0,208.0,250.0
113.0,90.0,183.0,21.0,112.0,118.0,35.0,45.0,139.0,112.0,123.0,101.0,68.0,65.0,87.0
70.0,55.0,440.0,185.0,175.0,144.0,61.0,316.0,425.0,243.0,386.0,298.0,905.0,240.0,142.0
178.0,234.0,323.0,51.0,212.0,333.0,18.0,204.0,270.0,200.0,243.0,246.0,212.0,241.0,179.0
235.0,317.0,356.0,65.0,410.0,393.0,217.0,194.0,314.0,225.0,286.0,282.0,284.0,134.0,473.0
374.0,693.0,553.0,177.0,229.0,767.0,67.0,440.0,638.0,403.0,402.0,681.0,139.0,312.0,73.0
126.0,131.0,260.0,27.0,261.0,124.0,126.0,148.0,127.0,141.0,189.0,151.0,95.0,96.0,242.0
163.0,214.0,332.0,38.0,234.0,294.0,94.0,297.0,223.0,193.0,245.0,236.0,177.0,241.0,231.0
140.0,164.0,215.0,20.0,32.0,255.0,16.0,201.0,129.0,112.0,128.0,101.0,54.0,146.0,11.0
97.0,55.0,294.0,29.0,175.0,156.0,58.0,186.0,194.0,156.0,210.0,163.0,109.0,132.0,140.0
71.0,27.0,125.0,6.0,191.0,56.0,69.0,27.0,34.0,58.0,20.0,355.0,10.0,17.0,160.0
105.0,87.0,240.0,50.0,253.0,188.0,106.0,104.0,224.0,129.0,157.0,115.0,211.0,71.0,190.0
202.0,259.0,475.0,51.0,224.0,127.0,222.0,331.0,302.0,193.0,389.0,236.0,337.0,201.0,182.0
77.0,41.0,179.0,8.0,175.0,280.0,59.0,49.0,69.0,76.0,191.0,76.0,27.0,28.0,190.0
268.0,373.0,386.0,77.0,203.0,445.0,171.0,204.0,141.0,247.0,320.0,303.0,284.0,158.0,174.0
92.0,95.0,330.0,51.0,260.0,663.0,121.0,327.0,271.0,192.0,244.0,220.0,239.0,246.0,238.0
485.0,769.0,396.0,95.0,176.0,238.0,79.0,297.0,503.0,273.0,322.0,325.0,168.0,218.0,153.0
152.0,179.0,283.0,33.0,275.0,260.0,94.0,168.0,187.0,154.0,207.0,172.0,177.0,82.0,247.0
181.0,235.0,311.0,45.0,32.0,333.0,2.0,197.0,158.0,188.0,236.0,214.0,196.0,145.0,12.0
124.0,129.0,256.0,24.0,145.0,256.0,50.0,140.0,163.0,137.0,187.0,138.0,92.0,95.0,116.0
140.0,231.0,260.0,16.0,75.0,319.0,23.0,148.0,117.0,83.0,189.0,76.0,43.0,96.0,55.0
167.0,188.0,298.0,38.0,228.0,276.0,85.0,187.0,223.0,176.0,222.0,196.0,175.0,132.0,124.0
169.0,234.0,323.0,40.0,75.0,328.0,22.0,205.0,223.0,182.0,234.0,220.0,113.0,158.0,54.0
163.0,214.0,337.0,36.0,188.0,294.0,61.0,392.0,199.0,199.0,249.0,298.0,122.0,256.0,156.0
103.0,76.0,215.0,17.0,89.0,164.0,32.0,83.0,182.0,112.0,128.0,100.0,49.0,241.0,74.0
317.0,331.0,487.0,109.0,524.0,422.0,274.0,353.0,503.0,296.0,394.0,47.0,529.0,208.0,699.0
125.0,130.0,240.0,25.0,150.0,210.0,50.0,111.0,168.0,138.0,158.0,139.0,92.0,72.0,119.0
156.0,185.0,300.0,34.0,208.0,268.0,78.0,189.0,195.0,174.0,226.0,196.0,158.0,235.0,175.0
124.0,130.0,258.0,29.0,176.0,216.0,75.0,756.0,180.0,144.0,188.0,165.0,149.0,510.0,154.0
244.0,320.0,310.0,70.0,203.0,404.0,99.0,195.0,341.0,188.0,234.0,220.0,291.0,72.0,182.0
236.0,222.0,379.0,66.0,233.0,308.0,127.0,312.0,223.0,225.0,465.0,282.0,284.0,235.0,201.0
182.0,235.0,300.0,51.0,429.0,260.0,230.0,163.0,272.0,191.0,226.0,228.0,214.0,106.0,566.0
288.0,434.0,693.0,217.0,131.0,486.0,43.0,565.0,369.0,580.0,658.0,204.0,77.0,442.0,101.0
158.0,205.0,293.0,35.0,200.0,288.0,75.0,186.0,170.0,160.0,211.0,190.0,154.0,130.0,173.0
111.0,89.0,255.0,27.0,157.0,191.0,50.0,141.0,170.0,139.0,182.0,140.0,95.0,91.0,119.0
333.0,301.0,481.0,104.0,200.0,390.0,339.0,342.0,503.0,296.0,387.0,355.0,515.0,258.0,172.0
232.0,310.0,336.0,65.0,322.0,390.0,172.0,205.0,314.0,223.0,249.0,287.0,284.0,184.0,404.0
202.0,274.0,346.0,58.0,212.0,422.0,147.0,223.0,297.0,201.0,250.0,264.0,269.0,192.0,262.0
91.0,48.0,240.0,20.0,106.0,203.0,35.0,103.0,171.0,128.0,214.0,117.0,55.0,72.0,87.0
295.0,423.0,457.0,96.0,446.0,479.0,258.0,323.0,466.0,275.0,366.0,561.0,450.0,259.0,574.0
121.0,106.0,240.0,23.0,238.0,214.0,217.0,532.0,173.0,129.0,158.0,127.0,331.0,583.0,215.0
91.0,41.0,417.0,114.0,434.0,133.0,367.0,398.0,223.0,300.0,333.0,282.0,583.0,555.0,566.0
266.0,372.0,392.0,80.0,360.0,445.0,226.0,297.0,425.0,252.0,320.0,303.0,337.0,218.0,881.0
232.0,229.0,361.0,70.0,189.0,315.0,165.0,212.0,333.0,228.0,275.0,287.0,288.0,184.0,157.0
322.0,118.0,488.0,110.0,524.0,221.0,274.0,353.0,428.0,300.0,400.0,302.0,529.0,269.0,808.0
126.0,130.0,207.0,15.0,80.0,230.0,23.0,148.0,210.0,106.0,100.0,101.0,42.0,96.0,55.0
86.0,135.0,207.0,16.0,75.0,241.0,23.0,90.0,297.0,107.0,160.0,98.0,43.0,65.0,126.0
205.0,276.0,207.0,15.0,47.0,389.0,13.0,80.0,163.0,103.0,117.0,25.0,33.0,58.0,469.0
268.0,372.0,411.0,86.0,100.0,261.0,46.0,315.0,428.0,264.0,325.0,81.0,89.0,409.0,81.0
115.0,118.0,201.0,27.0,161.0,221.0,53.0,31.0,170.0,92.0,100.0,76.0,95.0,27.0,126.0
167.0,221.0,507.0,38.0,229.0,297.0,92.0,377.0,162.0,197.0,410.0,151.0,181.0,296.0,140.0
137.0,214.0,278.0,30.0,176.0,294.0,61.0,160.0,178.0,151.0,201.0,160.0,116.0,107.0,153.0
156.0,225.0,299.0,33.0,128.0,319.0,19.0,192.0,187.0,174.0,222.0,151.0,128.0,145.0,97.0
126.0,133.0,179.0,27.0,229.0,253.0,99.0,39.0,170.0,58.0,208.0,126.0,174.0,25.0,179.0
112.0,90.0,363.0,21.0,104.0,220.0,34.0,277.0,199.0,300.0,299.0,395.0,59.0,196.0,84.0
129.0,131.0,550.0,29.0,175.0,235.0,58.0,431.0,177.0,147.0,470.0,162.0,102.0,312.0,124.0
429.0,515.0,648.0,201.0,28.0,468.0,106.0,493.0,829.0,411.0,158.0,803.0,905.0,312.0,12.0
71.0,27.0,220.0,6.0,89.0,56.0,1.0,251.0,34.0,112.0,130.0,100.0,12.0,184.0,72.0
73.0,53.0,126.0,6.0,32.0,143.0,5.0,31.0,38.0,67.0,152.0,50.0,19.0,12.0,12.0
154.0,185.0,296.0,36.0,211.0,261.0,82.0,176.0,204.0,166.0,220.0,186.0,161.0,125.0,175.0
100.0,63.0,657.0,17.0,89.0,156.0,30.0,508.0,134.0,416.0,287.0,822.0,46.0,409.0,71.0
95.0,221.0,207.0,16.0,83.0,276.0,24.0,73.0,117.0,108.0,122.0,98.0,43.0,57.0,55.0
233.0,55.0,201.0,65.0,303.0,156.0,171.0,61.0,272.0,92.0,100.0,76.0,284.0,88.0,192.0
100.0,187.0,550.0,183.0,131.0,268.0,46.0,431.0,638.0,381.0,470.0,47.0,291.0,314.0,101.0
414.0,612.0,570.0,182.0,83.0,521.0,23.0,297.0,122.0,403.0,500.0,681.0,40.0,217.0,87.0
158.0,205.0,292.0,35.0,80.0,197.0,23.0,200.0,199.0,156.0,210.0,172.0,156.0,145.0,55.0
137.0,95.0,180.0,30.0,191.0,210.0,69.0,39.0,178.0,75.0,63.0,76.0,109.0,101.0,107.0
224.0,323.0,363.0,70.0,310.0,404.0,199.0,277.0,454.0,238.0,299.0,190.0,303.0,185.0,333.0
124.0,130.0,542.0,25.0,145.0,270.0,50.0,469.0,168.0,356.0,465.0,681.0,92.0,331.0,117.0
71.0,28.0,170.0,6.0,186.0,56.0,65.0,32.0,33.0,63.0,50.0,47.0,128.0,184.0,156.0
138.0,163.0,214.0,6.0,28.0,430.0,4.0,49.0,24.0,108.0,128.0,98.0,12.0,28.0,11.0
196.0,261.0,300.0,51.0,155.0,288.0,99.0,176.0,253.0,176.0,230.0,196.0,200.0,81.0,119.0
322.0,232.0,481.0,109.0,569.0,319.0,339.0,342.0,503.0,296.0,386.0,387.0,583.0,245.0,808.0
259.0,348.0,385.0,77.0,253.0,437.0,203.0,292.0,311.0,247.0,400.0,307.0,303.0,208.0,214.0
428.0,21.0,639.0,201.0,168.0,56.0,54.0,490.0,457.0,411.0,394.0,165.0,905.0,185.0,117.0
167.0,231.0,283.0,38.0,230.0,315.0,94.0,175.0,223.0,154.0,210.0,231.0,176.0,123.0,201.0
80.0,41.0,330.0,51.0,191.0,87.0,106.0,205.0,270.0,192.0,244.0,221.0,212.0,156.0,155.0
80.0,41.0,187.0,9.0,47.0,270.0,9.0,470.0,76.0,82.0,84.0,69.0,33.0,255.0,31.0
152.0,203.0,283.0,33.0,138.0,294.0,48.0,228.0,187.0,154.0,207.0,173.0,92.0,179.0,117.0
224.0,261.0,207.0,60.0,288.0,362.0,165.0,323.0,302.0,246.0,117.0,322.0,272.0,292.0,201.0
120.0,105.0,257.0,27.0,176.0,213.0,61.0,146.0,178.0,141.0,222.0,127.0,102.0,96.0,153.0
52.0,137.0,201.0,18.0,47.0,182.0,38.0,59.0,271.0,107.0,94.0,95.0,70.0,30.0,32.0
80.0,41.0,187.0,9.0,47.0,102.0,9.0,47.0,76.0,82.0,252.0,72.0,33.0,26.0,32.0
138.0,231.0,220.0,29.0,161.0,280.0,53.0,266.0,172.0,144.0,129.0,162.0,101.0,186.0,134.0
183.0,235.0,190.0,50.0,257.0,349.0,108.0,51.0,253.0,188.0,91.0,221.0,211.0,27.0,231.0
103.0,72.0,208.0,17.0,104.0,160.0,33.0,10.0,120.0,108.0,234.0,98.0,51.0,17.0,80.0
202.0,274.0,336.0,51.0,434.0,362.0,253.0,206.0,288.0,196.0,245.0,307.0,429.0,158.0,566.0
123.0,133.0,350.0,11.0,73.0,249.0,19.0,280.0,111.0,207.0,274.0,263.0,33.0,201.0,55.0
169.0,225.0,300.0,40.0,229.0,312.0,95.0,189.0,223.0,176.0,225.0,203.0,181.0,133.0,188.0
412.0,764.0,855.0,159.0,569.0,197.0,276.0,940.0,293.0,358.0,999.0,139.0,726.0,613.0,818.0
83.0,320.0,183.0,15.0,83.0,479.0,24.0,438.0,95.0,105.0,226.0,70.0,43.0,312.0,71.0
137.0,163.0,204.0,30.0,191.0,272.0,82.0,62.0,180.0,151.0,110.0,162.0,171.0,35.0,175.0
158.0,214.0,292.0,35.0,253.0,277.0,76.0,756.0,197.0,156.0,210.0,175.0,155.0,510.0,178.0
83.0,106.0,246.0,13.0,54.0,215.0,19.0,39.0,99.0,85.0,262.0,76.0,36.0,339.0,52.0
306.0,474.0,570.0,97.0,569.0,490.0,261.0,469.0,223.0,408.0,500.0,911.0,494.0,291.0,808.0
191.0,257.0,580.0,182.0,448.0,312.0,126.0,470.0,215.0,403.0,508.0,470.0,751.0,331.0,574.0
97.0,55.0,187.0,14.0,75.0,143.0,19.0,47.0,195.0,99.0,87.0,76.0,35.0,26.0,55.0
130.0,137.0,356.0,112.0,415.0,205.0,243.0,342.0,172.0,304.0,310.0,457.0,579.0,258.0,404.0
126.0,131.0,208.0,27.0,128.0,235.0,53.0,82.0,172.0,140.0,165.0,246.0,95.0,26.0,66.0
111.0,90.0,238.0,21.0,89.0,200.0,29.0,103.0,187.0,120.0,152.0,114.0,59.0,72.0,73.0
154.0,188.0,661.0,34.0,211.0,197.0,78.0,509.0,193.0,225.0,249.0,317.0,158.0,339.0,175.0
338.0,284.0,511.0,133.0,331.0,390.0,213.0,391.0,144.0,316.0,411.0,446.0,529.0,412.0,404.0
104.0,372.0,747.0,19.0,104.0,175.0,33.0,718.0,198.0,660.0,833.0,302.0,52.0,613.0,84.0
375.0,717.0,999.0,148.0,208.0,155.0,530.0,999.0,601.0,103.0,320.0,81.0,726.0,999.0,175.0
86.0,55.0,240.0,15.0,58.0,144.0,19.0,110.0,103.0,99.0,157.0,76.0,40.0,81.0,44.0
160.0,187.0,294.0,36.0,230.0,288.0,77.0,183.0,181.0,165.0,214.0,181.0,155.0,159.0,202.0
152.0,179.0,283.0,33.0,203.0,260.0,75.0,168.0,187.0,154.0,207.0,175.0,154.0,496.0,173.0
83.0,27.0,224.0,13.0,54.0,56.0,18.0,98.0,223.0,120.0,325.0,114.0,36.0,72.0,55.0
375.0,764.0,330.0,143.0,123.0,101.0,40.0,969.0,545.0,192.0,244.0,241.0,97.0,617.0,95.0
212.0,300.0,350.0,63.0,261.0,358.0,139.0,205.0,311.0,213.0,274.0,264.0,264.0,156.0,229.0
229.0,306.0,316.0,5.0,45.0,389.0,2.0,200.0,69.0,187.0,238.0,207.0,5.0,146.0,30.0
140.0,164.0,360.0,27.0,275.0,288.0,165.0,266.0,170.0,141.0,295.0,127.0,200.0,82.0,248.0
244.0,325.0,396.0,65.0,255.0,422.0,107.0,297.0,314.0,223.0,320.0,186.0,212.0,213.0,148.0
87.0,48.0,260.0,17.0,248.0,216.0,108.0,148.0,120.0,144.0,50.0,125.0,211.0,111.0,216.0
268.0,373.0,396.0,85.0,117.0,445.0,35.0,297.0,428.0,256.0,307.0,312.0,46.0,218.0,88.0
181.0,234.0,179.0,46.0,237.0,362.0,99.0,62.0,237.0,176.0,130.0,197.0,202.0,35.0,212.0
241.0,310.0,363.0,70.0,229.0,390.0,199.0,293.0,341.0,227.0,299.0,282.0,291.0,184.0,190.0
233.0,316.0,351.0,65.0,312.0,390.0,184.0,297.0,314.0,214.0,261.0,204.0,288.0,217.0,406.0
202.0,261.0,356.0,51.0,176.0,362.0,61.0,259.0,270.0,223.0,287.0,280.0,116.0,158.0,153.0
124.0,131.0,256.0,25.0,86.0,215.0,46.0,144.0,171.0,138.0,187.0,138.0,89.0,95.0,63.0
181.0,235.0,320.0,49.0,234.0,333.0,98.0,201.0,237.0,188.0,238.0,220.0,204.0,145.0,212.0
178.0,231.0,313.0,45.0,226.0,319.0,99.0,204.0,223.0,187.0,239.0,208.0,195.0,170.0,175.0
111.0,89.0,251.0,23.0,131.0,253.0,43.0,137.0,145.0,137.0,175.0,133.0,73.0,91.0,101.0
157.0,207.0,292.0,35.0,229.0,296.0,82.0,738.0,198.0,156.0,210.0,197.0,155.0,321.0,190.0
126.0,131.0,487.0,24.0,138.0,241.0,46.0,346.0,164.0,296.0,394.0,303.0,89.0,259.0,134.0
176.0,281.0,316.0,45.0,237.0,294.0,95.0,202.0,232.0,188.0,234.0,212.0,195.0,16.0,216.0
156.0,325.0,292.0,35.0,203.0,407.0,76.0,205.0,197.0,156.0,210.0,178.0,155.0,156.0,172.0
485.0,62.0,580.0,183.0,176.0,156.0,61.0,470.0,660.0,404.0,508.0,301.0,102.0,319.0,154.0
113.0,90.0,263.0,29.0,175.0,164.0,58.0,124.0,177.0,147.0,188.0,160.0,108.0,96.0,142.0
126.0,130.0,111.0,27.0,151.0,206.0,50.0,26.0,177.0,25.0,5.0,0.0,92.0,16.0,118.0
86.0,47.0,208.0,15.0,75.0,308.0,19.0,322.0,103.0,103.0,201.0,84.0,40.0,247.0,52.0
71.0,28.0,239.0,6.0,197.0,60.0,58.0,61.0,33.0,25.0,408.0,0.0,103.0,174.0,157.0
202.0,261.0,336.0,51.0,104.0,348.0,33.0,206.0,480.0,197.0,248.0,240.0,54.0,245.0,83.0
316.0,515.0,582.0,104.0,503.0,521.0,274.0,470.0,500.0,408.0,509.0,799.0,515.0,319.0,574.0
165.0,219.0,294.0,38.0,212.0,297.0,79.0,180.0,188.0,174.0,170.0,193.0,174.0,130.0,158.0
100.0,63.0,215.0,17.0,117.0,156.0,35.0,84.0,168.0,112.0,128.0,100.0,59.0,64.0,89.0
237.0,323.0,356.0,65.0,288.0,407.0,165.0,194.0,314.0,214.0,287.0,280.0,284.0,82.0,307.0
317.0,515.0,461.0,97.0,243.0,310.0,99.0,322.0,503.0,278.0,373.0,348.0,524.0,245.0,214.0
75.0,325.0,855.0,8.0,15.0,422.0,5.0,940.0,570.0,404.0,999.0,338.0,25.0,617.0,4.0
124.0,131.0,142.0,6.0,28.0,235.0,2.0,31.0,50.0,61.0,50.0,25.0,10.0,21.0,157.0
264.0,348.0,396.0,80.0,341.0,155.0,220.0,296.0,425.0,252.0,321.0,387.0,380.0,218.0,316.0
233.0,316.0,351.0,65.0,360.0,390.0,226.0,297.0,314.0,214.0,173.0,264.0,337.0,218.0,808.0
270.0,372.0,414.0,86.0,331.0,445.0,226.0,509.0,430.0,265.0,326.0,457.0,337.0,390.0,416.0
182.0,233.0,313.0,50.0,277.0,182.0,143.0,197.0,252.0,188.0,238.0,221.0,209.0,137.0,192.0
152.0,182.0,300.0,32.0,75.0,261.0,23.0,192.0,165.0,138.0,225.0,139.0,43.0,158.0,56.0
111.0,194.0,224.0,21.0,112.0,272.0,35.0,509.0,165.0,114.0,148.0,108.0,55.0,409.0,52.0
271.0,406.0,283.0,87.0,260.0,249.0,121.0,176.0,466.0,156.0,208.0,175.0,408.0,491.0,240.0
71.0,27.0,392.0,45.0,243.0,706.0,98.0,297.0,193.0,252.0,320.0,178.0,200.0,218.0,215.0
206.0,276.0,348.0,51.0,341.0,397.0,121.0,225.0,165.0,197.0,272.0,241.0,252.0,173.0,404.0
163.0,215.0,300.0,36.0,202.0,296.0,53.0,83.0,210.0,176.0,215.0,197.0,113.0,71.0,173.0
178.0,234.0,300.0,45.0,237.0,308.0,95.0,189.0,227.0,187.0,226.0,207.0,195.0,133.0,212.0
168.0,225.0,256.0,25.0,150.0,310.0,50.0,144.0,168.0,138.0,187.0,139.0,92.0,95.0,117.0
130.0,137.0,332.0,23.0,128.0,238.0,42.0,205.0,145.0,129.0,245.0,124.0,76.0,156.0,99.0
101.0,188.0,126.0,17.0,122.0,230.0,28.0,29.0,120.0,112.0,5.0,101.0,45.0,17.0,96.0
319.0,141.0,481.0,104.0,403.0,249.0,203.0,342.0,431.0,296.0,387.0,355.0,330.0,258.0,469.0
314.0,78.0,332.0,97.0,476.0,418.0,262.0,201.0,503.0,296.0,245.0,353.0,500.0,146.0,699.0
256.0,332.0,392.0,77.0,448.0,429.0,217.0,83.0,343.0,252.0,320.0,307.0,331.0,64.0,181.0
132.0,137.0,263.0,29.0,137.0,296.0,46.0,327.0,178.0,147.0,200.0,160.0,101.0,255.0,111.0
124.0,131.0,252.0,25.0,28.0,227.0,2.0,130.0,660.0,138.0,210.0,140.0,92.0,81.0,9.0
152.0,179.0,294.0,36.0,200.0,260.0,75.0,181.0,204.0,167.0,214.0,186.0,161.0,131.0,172.0
152.0,180.0,590.0,91.0,89.0,261.0,29.0,476.0,454.0,356.0,179.0,822.0,419.0,321.0,74.0
126.0,130.0,239.0,27.0,174.0,86.0,58.0,222.0,171.0,82.0,154.0,108.0,103.0,179.0,85.0
102.0,71.0,223.0,17.0,105.0,159.0,35.0,94.0,120.0,114.0,84.0,185.0,48.0,57.0,99.0
288.0,461.0,507.0,95.0,448.0,486.0,254.0,363.0,466.0,306.0,408.0,430.0,444.0,79.0,604.0
181.0,234.0,999.0,49.0,243.0,205.0,99.0,999.0,145.0,188.0,245.0,220.0,202.0,999.0,216.0
146.0,185.0,290.0,30.0,88.0,222.0,61.0,176.0,182.0,151.0,210.0,162.0,122.0,180.0,71.0
375.0,709.0,332.0,140.0,277.0,102.0,139.0,175.0,571.0,192.0,245.0,231.0,264.0,146.0,248.0
288.0,461.0,447.0,95.0,445.0,479.0,254.0,292.0,454.0,273.0,345.0,244.0,444.0,208.0,574.0
180.0,233.0,316.0,46.0,243.0,320.0,99.0,201.0,288.0,188.0,234.0,207.0,202.0,150.0,215.0
169.0,229.0,300.0,38.0,248.0,315.0,171.0,201.0,222.0,176.0,241.0,197.0,176.0,145.0,83.0
94.0,135.0,208.0,15.0,233.0,241.0,83.0,194.0,103.0,105.0,128.0,84.0,40.0,134.0,201.0
114.0,95.0,204.0,21.0,134.0,182.0,45.0,62.0,145.0,128.0,108.0,117.0,85.0,72.0,97.0
120.0,764.0,246.0,23.0,137.0,767.0,46.0,192.0,171.0,132.0,170.0,127.0,89.0,134.0,72.0
123.0,115.0,661.0,185.0,233.0,222.0,166.0,508.0,829.0,381.0,658.0,207.0,273.0,390.0,247.0
113.0,90.0,206.0,23.0,131.0,193.0,43.0,65.0,145.0,115.0,139.0,190.0,76.0,555.0,101.0
152.0,179.0,251.0,33.0,75.0,259.0,22.0,137.0,187.0,156.0,176.0,241.0,40.0,185.0,262.0
158.0,205.0,311.0,35.0,310.0,288.0,174.0,197.0,199.0,167.0,236.0,240.0,369.0,145.0,329.0
330.0,612.0,500.0,117.0,278.0,534.0,147.0,364.0,547.0,304.0,408.0,330.0,238.0,305.0,262.0
71.0,27.0,180.0,6.0,15.0,372.0,1.0,32.0,50.0,75.0,50.0,58.0,4.0,20.0,4.0
147.0,188.0,281.0,32.0,104.0,294.0,34.0,165.0,184.0,154.0,287.0,163.0,76.0,613.0,84.0
236.0,320.0,386.0,66.0,310.0,389.0,180.0,296.0,237.0,225.0,320.0,282.0,284.0,213.0,334.0
338.0,205.0,476.0,41.0,168.0,281.0,59.0,331.0,223.0,130.0,386.0,126.0,190.0,292.0,38.0
333.0,241.0,657.0,185.0,310.0,349.0,180.0,222.0,173.0,403.0,222.0,705.0,515.0,170.0,333.0
80.0,41.0,201.0,11.0,54.0,102.0,18.0,62.0,98.0,85.0,91.0,76.0,33.0,28.0,107.0
73.0,63.0,207.0,15.0,73.0,155.0,19.0,78.0,103.0,101.0,119.0,81.0,40.0,57.0,73.0
288.0,461.0,396.0,97.0,211.0,484.0,79.0,297.0,466.0,275.0,182.0,470.0,101.0,218.0,175.0
123.0,71.0,252.0,24.0,203.0,160.0,85.0,140.0,164.0,137.0,236.0,138.0,89.0,255.0,173.0
122.0,106.0,252.0,25.0,145.0,214.0,50.0,140.0,454.0,137.0,222.0,139.0,92.0,106.0,111.0
241.0,281.0,361.0,70.0,310.0,374.0,172.0,266.0,333.0,228.0,295.0,287.0,288.0,186.0,406.0
154.0,185.0,283.0,33.0,191.0,261.0,69.0,59.0,187.0,156.0,207.0,174.0,140.0,34.0,157.0
146.0,300.0,530.0,70.0,217.0,372.0,203.0,420.0,290.0,238.0,408.0,301.0,303.0,309.0,182.0
80.0,41.0,184.0,8.0,175.0,102.0,0.0,45.0,69.0,81.0,187.0,68.0,27.0,25.0,142.0
376.0,718.0,507.0,110.0,155.0,741.0,50.0,377.0,145.0,300.0,410.0,428.0,579.0,291.0,119.0
120.0,105.0,350.0,20.0,174.0,213.0,35.0,251.0,132.0,214.0,274.0,134.0,55.0,219.0,117.0
104.0,174.0,208.0,16.0,89.0,259.0,30.0,83.0,111.0,107.0,226.0,98.0,43.0,68.0,74.0
121.0,164.0,242.0,23.0,150.0,255.0,50.0,111.0,178.0,132.0,165.0,316.0,92.0,77.0,116.0
104.0,78.0,347.0,19.0,102.0,216.0,33.0,251.0,125.0,114.0,262.0,100.0,54.0,184.0,82.0
317.0,515.0,461.0,97.0,341.0,534.0,220.0,323.0,500.0,278.0,373.0,325.0,524.0,246.0,110.0
73.0,28.0,142.0,6.0,255.0,294.0,107.0,31.0,38.0,67.0,117.0,76.0,19.0,21.0,229.0
206.0,169.0,351.0,6.0,233.0,261.0,274.0,292.0,24.0,214.0,419.0,322.0,524.0,208.0,202.0
111.0,89.0,372.0,80.0,341.0,404.0,222.0,509.0,500.0,252.0,302.0,307.0,336.0,390.0,416.0
122.0,106.0,294.0,23.0,128.0,214.0,54.0,187.0,271.0,132.0,220.0,127.0,95.0,133.0,99.0
167.0,221.0,310.0,41.0,226.0,306.0,138.0,195.0,223.0,182.0,232.0,207.0,200.0,111.0,155.0
77.0,41.0,187.0,8.0,73.0,102.0,19.0,202.0,69.0,82.0,87.0,68.0,33.0,148.0,71.0
187.0,253.0,693.0,38.0,176.0,348.0,85.0,532.0,213.0,174.0,658.0,240.0,175.0,150.0,154.0
244.0,322.0,351.0,77.0,242.0,407.0,62.0,251.0,570.0,228.0,245.0,287.0,288.0,184.0,214.0
156.0,200.0,372.0,71.0,260.0,280.0,126.0,285.0,139.0,243.0,207.0,298.0,259.0,202.0,238.0
126.0,131.0,348.0,24.0,197.0,241.0,70.0,280.0,164.0,207.0,272.0,263.0,145.0,184.0,172.0
126.0,130.0,278.0,18.0,104.0,156.0,33.0,165.0,125.0,112.0,204.0,98.0,52.0,111.0,74.0
165.0,219.0,294.0,36.0,128.0,297.0,42.0,180.0,194.0,167.0,220.0,186.0,161.0,123.0,99.0
139.0,164.0,271.0,30.0,89.0,255.0,32.0,155.0,178.0,151.0,200.0,162.0,47.0,102.0,74.0
94.0,235.0,142.0,6.0,131.0,341.0,38.0,31.0,172.0,63.0,310.0,47.0,70.0,21.0,69.0
152.0,180.0,271.0,33.0,131.0,260.0,45.0,83.0,193.0,160.0,200.0,172.0,128.0,64.0,101.0
206.0,331.0,337.0,53.0,132.0,439.0,40.0,306.0,297.0,198.0,299.0,241.0,176.0,218.0,107.0
377.0,164.0,417.0,87.0,410.0,255.0,243.0,296.0,430.0,269.0,402.0,428.0,408.0,180.0,473.0
103.0,76.0,220.0,17.0,89.0,156.0,32.0,92.0,120.0,112.0,120.0,101.0,48.0,65.0,74.0
129.0,137.0,350.0,29.0,105.0,241.0,53.0,228.0,145.0,213.0,275.0,264.0,101.0,343.0,55.0
71.0,27.0,130.0,6.0,85.0,422.0,28.0,31.0,34.0,63.0,13.0,47.0,46.0,20.0,156.0
94.0,300.0,207.0,15.0,75.0,348.0,22.0,80.0,119.0,105.0,119.0,84.0,40.0,57.0,32.0
244.0,320.0,500.0,70.0,248.0,390.0,99.0,205.0,341.0,304.0,408.0,428.0,284.0,192.0,214.0
113.0,90.0,263.0,29.0,176.0,200.0,58.0,146.0,173.0,147.0,179.0,156.0,103.0,96.0,148.0
113.0,90.0,240.0,21.0,126.0,200.0,40.0,109.0,141.0,129.0,157.0,117.0,73.0,477.0,12.0
115.0,103.0,283.0,29.0,161.0,211.0,53.0,168.0,132.0,154.0,207.0,173.0,101.0,122.0,808.0
224.0,304.0,449.0,91.0,312.0,215.0,213.0,322.0,454.0,273.0,244.0,323.0,419.0,246.0,422.0
168.0,225.0,157.0,36.0,126.0,310.0,39.0,32.0,204.0,85.0,64.0,76.0,45.0,17.0,11.0
212.0,222.0,346.0,58.0,132.0,308.0,45.0,223.0,253.0,201.0,234.0,248.0,264.0,173.0,101.0
256.0,332.0,374.0,71.0,228.0,429.0,85.0,290.0,363.0,243.0,298.0,298.0,309.0,205.0,308.0
111.0,89.0,363.0,49.0,234.0,191.0,96.0,285.0,252.0,188.0,309.0,220.0,204.0,202.0,180.0
246.0,322.0,348.0,61.0,104.0,397.0,34.0,225.0,199.0,207.0,272.0,263.0,272.0,107.0,30.0
147.0,169.0,298.0,36.0,212.0,261.0,79.0,187.0,195.0,167.0,220.0,186.0,161.0,131.0,178.0
137.0,231.0,336.0,31.0,176.0,319.0,61.0,206.0,178.0,197.0,248.0,254.0,122.0,158.0,154.0
111.0,89.0,372.0,21.0,117.0,193.0,35.0,273.0,173.0,304.0,325.0,428.0,59.0,192.0,94.0
100.0,64.0,582.0,23.0,117.0,203.0,35.0,469.0,162.0,408.0,509.0,799.0,54.0,318.0,93.0
316.0,515.0,481.0,106.0,476.0,490.0,274.0,312.0,252.0,296.0,387.0,355.0,515.0,218.0,119.0
429.0,717.0,222.0,217.0,277.0,706.0,99.0,92.0,270.0,103.0,128.0,84.0,888.0,72.0,202.0
123.0,104.0,239.0,24.0,174.0,212.0,54.0,103.0,297.0,137.0,139.0,137.0,92.0,72.0,341.0
206.0,106.0,374.0,71.0,277.0,214.0,147.0,290.0,347.0,243.0,203.0,307.0,269.0,205.0,250.0
100.0,62.0,240.0,17.0,89.0,155.0,29.0,420.0,122.0,129.0,157.0,117.0,48.0,309.0,72.0
246.0,322.0,170.0,70.0,15.0,388.0,1.0,132.0,341.0,230.0,157.0,288.0,309.0,87.0,4.0
154.0,187.0,283.0,33.0,37.0,270.0,5.0,168.0,184.0,156.0,208.0,165.0,23.0,256.0,11.0
210.0,284.0,317.0,51.0,55.0,382.0,80.0,201.0,181.0,191.0,240.0,228.0,156.0,148.0,43.0
273.0,325.0,417.0,89.0,55.0,479.0,18.0,315.0,452.0,271.0,322.0,323.0,27.0,241.0,43.0
375.0,694.0,536.0,140.0,54.0,767.0,18.0,420.0,571.0,346.0,458.0,457.0,35.0,311.0,42.0
100.0,63.0,549.0,137.0,89.0,156.0,30.0,420.0,571.0,358.0,468.0,582.0,47.0,311.0,73.0
100.0,72.0,279.0,29.0,175.0,156.0,58.0,158.0,177.0,153.0,152.0,163.0,108.0,107.0,144.0
214.0,461.0,346.0,60.0,280.0,489.0,150.0,225.0,293.0,203.0,262.0,257.0,270.0,174.0,214.0
115.0,95.0,240.0,23.0,131.0,254.0,43.0,109.0,141.0,129.0,299.0,126.0,73.0,169.0,87.0
338.0,612.0,514.0,137.0,331.0,534.0,213.0,392.0,570.0,319.0,414.0,456.0,726.0,308.0,404.0
257.0,346.0,528.0,71.0,310.0,390.0,180.0,440.0,333.0,304.0,419.0,353.0,309.0,312.0,329.0
73.0,37.0,190.0,6.0,73.0,82.0,6.0,39.0,38.0,67.0,87.0,50.0,19.0,25.0,55.0
244.0,323.0,392.0,80.0,243.0,445.0,99.0,297.0,425.0,252.0,320.0,305.0,202.0,217.0,213.0
123.0,115.0,247.0,24.0,176.0,188.0,58.0,130.0,125.0,137.0,179.0,137.0,102.0,314.0,154.0
104.0,78.0,255.0,17.0,85.0,193.0,29.0,141.0,122.0,139.0,182.0,301.0,45.0,91.0,63.0
202.0,261.0,336.0,56.0,117.0,362.0,37.0,206.0,292.0,200.0,248.0,246.0,264.0,158.0,126.0
156.0,215.0,292.0,35.0,160.0,296.0,75.0,194.0,197.0,156.0,208.0,178.0,154.0,96.0,124.0
126.0,131.0,208.0,24.0,141.0,238.0,46.0,82.0,164.0,137.0,286.0,137.0,89.0,25.0,116.0
205.0,585.0,340.0,57.0,227.0,518.0,138.0,216.0,292.0,201.0,298.0,248.0,264.0,180.0,215.0
187.0,253.0,111.0,51.0,252.0,518.0,106.0,26.0,271.0,188.0,13.0,221.0,211.0,16.0,218.0
111.0,90.0,240.0,21.0,117.0,182.0,35.0,146.0,125.0,129.0,164.0,174.0,59.0,96.0,97.0
163.0,214.0,350.0,67.0,310.0,155.0,184.0,240.0,271.0,213.0,275.0,264.0,288.0,123.0,334.0
129.0,95.0,279.0,29.0,105.0,208.0,35.0,146.0,181.0,154.0,188.0,165.0,102.0,96.0,88.0
100.0,62.0,214.0,17.0,89.0,155.0,30.0,84.0,122.0,108.0,128.0,100.0,46.0,64.0,73.0
196.0,221.0,339.0,56.0,278.0,306.0,150.0,216.0,293.0,200.0,470.0,246.0,259.0,319.0,9.0
257.0,322.0,374.0,71.0,47.0,397.0,9.0,493.0,341.0,243.0,257.0,137.0,288.0,496.0,32.0
95.0,55.0,224.0,16.0,83.0,156.0,23.0,98.0,210.0,120.0,158.0,113.0,42.0,65.0,55.0
244.0,323.0,351.0,70.0,313.0,372.0,199.0,280.0,341.0,230.0,274.0,288.0,291.0,201.0,316.0
181.0,233.0,299.0,38.0,234.0,320.0,99.0,10.0,172.0,174.0,225.0,101.0,200.0,491.0,180.0
152.0,179.0,507.0,33.0,176.0,260.0,59.0,440.0,184.0,306.0,408.0,430.0,127.0,312.0,153.0
157.0,95.0,346.0,57.0,262.0,205.0,126.0,223.0,296.0,201.0,234.0,248.0,259.0,184.0,242.0
154.0,182.0,348.0,33.0,312.0,261.0,213.0,232.0,184.0,207.0,272.0,264.0,309.0,12.0,333.0
167.0,235.0,414.0,87.0,429.0,333.0,243.0,306.0,400.0,264.0,326.0,282.0,408.0,17.0,566.0
146.0,41.0,296.0,32.0,208.0,253.0,61.0,176.0,182.0,167.0,210.0,68.0,122.0,125.0,175.0
271.0,515.0,126.0,86.0,255.0,498.0,107.0,29.0,430.0,198.0,238.0,241.0,212.0,208.0,229.0
123.0,108.0,105.0,24.0,150.0,215.0,46.0,27.0,237.0,137.0,117.0,138.0,89.0,17.0,118.0
268.0,89.0,417.0,85.0,275.0,191.0,226.0,312.0,425.0,271.0,326.0,323.0,344.0,240.0,247.0
183.0,169.0,142.0,50.0,253.0,255.0,106.0,31.0,253.0,190.0,110.0,221.0,211.0,24.0,220.0
139.0,163.0,204.0,15.0,89.0,253.0,30.0,62.0,103.0,99.0,108.0,76.0,40.0,35.0,77.0
429.0,844.0,570.0,182.0,123.0,216.0,40.0,459.0,638.0,403.0,500.0,705.0,76.0,146.0,102.0
181.0,234.0,294.0,46.0,237.0,0.0,99.0,180.0,237.0,176.0,214.0,197.0,200.0,88.0,216.0
103.0,72.0,220.0,18.0,165.0,159.0,33.0,214.0,122.0,112.0,64.0,100.0,52.0,162.0,126.0
295.0,474.0,580.0,182.0,257.0,490.0,396.0,470.0,660.0,404.0,508.0,178.0,624.0,319.0,216.0
333.0,612.0,570.0,117.0,601.0,534.0,367.0,469.0,547.0,322.0,5.0,457.0,588.0,318.0,699.0
73.0,95.0,142.0,6.0,226.0,206.0,79.0,90.0,38.0,67.0,50.0,50.0,70.0,72.0,187.0
374.0,693.0,530.0,137.0,723.0,462.0,396.0,398.0,568.0,319.0,419.0,456.0,639.0,57.0,25.0
429.0,756.0,330.0,201.0,176.0,227.0,629.0,205.0,676.0,192.0,244.0,228.0,905.0,152.0,148.0
83.0,43.0,187.0,15.0,106.0,82.0,19.0,49.0,103.0,82.0,87.0,98.0,40.0,510.0,87.0
84.0,45.0,142.0,12.0,100.0,127.0,32.0,31.0,98.0,85.0,208.0,76.0,51.0,72.0,81.0
317.0,515.0,476.0,97.0,329.0,486.0,217.0,341.0,500.0,289.0,386.0,348.0,406.0,256.0,134.0
178.0,231.0,438.0,45.0,233.0,319.0,95.0,313.0,227.0,271.0,338.0,323.0,195.0,245.0,201.0
123.0,233.0,294.0,36.0,288.0,320.0,150.0,187.0,168.0,167.0,218.0,126.0,260.0,133.0,144.0
171.0,231.0,855.0,29.0,174.0,312.0,59.0,940.0,173.0,871.0,999.0,999.0,102.0,617.0,157.0
154.0,185.0,283.0,33.0,191.0,268.0,69.0,175.0,184.0,156.0,203.0,174.0,140.0,111.0,202.0
103.0,78.0,0.0,0.0,217.0,173.0,80.0,0.0,117.0,0.0,0.0,163.0,150.0,0.0,213.0
122.0,106.0,255.0,24.0,131.0,214.0,45.0,176.0,163.0,139.0,177.0,264.0,84.0,125.0,99.0
95.0,55.0,852.0,16.0,137.0,143.0,46.0,885.0,109.0,130.0,286.0,126.0,77.0,583.0,111.0
271.0,409.0,396.0,89.0,446.0,448.0,258.0,297.0,454.0,271.0,322.0,323.0,406.0,217.0,81.0
182.0,241.0,347.0,49.0,203.0,663.0,99.0,225.0,227.0,188.0,122.0,220.0,202.0,131.0,174.0
83.0,41.0,201.0,12.0,28.0,102.0,2.0,61.0,98.0,92.0,100.0,76.0,0.0,493.0,12.0
196.0,194.0,395.0,51.0,257.0,280.0,121.0,297.0,222.0,252.0,322.0,387.0,239.0,217.0,201.0
100.0,40.0,855.0,19.0,217.0,86.0,80.0,940.0,139.0,115.0,999.0,114.0,380.0,613.0,180.0
154.0,141.0,379.0,33.0,233.0,249.0,96.0,346.0,170.0,214.0,261.0,304.0,214.0,62.0,198.0
206.0,278.0,350.0,56.0,112.0,369.0,35.0,240.0,330.0,213.0,274.0,264.0,47.0,184.0,95.0
202.0,274.0,485.0,109.0,311.0,362.0,198.0,363.0,501.0,296.0,333.0,374.0,529.0,275.0,333.0
288.0,461.0,440.0,95.0,446.0,490.0,258.0,322.0,480.0,273.0,345.0,325.0,444.0,218.0,416.0
410.0,764.0,549.0,159.0,723.0,767.0,530.0,420.0,570.0,358.0,468.0,580.0,726.0,311.0,214.0
138.0,163.0,125.0,33.0,189.0,254.0,61.0,403.0,184.0,58.0,158.0,231.0,123.0,318.0,157.0
191.0,323.0,336.0,55.0,312.0,430.0,166.0,202.0,290.0,198.0,248.0,241.0,273.0,158.0,99.0
374.0,693.0,507.0,137.0,0.0,281.0,0.0,392.0,616.0,306.0,408.0,463.0,0.0,208.0,0.0
244.0,325.0,374.0,70.0,117.0,437.0,37.0,292.0,341.0,243.0,307.0,298.0,55.0,208.0,94.0
182.0,233.0,263.0,45.0,229.0,276.0,95.0,149.0,232.0,138.0,211.0,138.0,195.0,122.0,190.0
124.0,133.0,224.0,25.0,89.0,241.0,30.0,98.0,129.0,138.0,191.0,139.0,92.0,72.0,63.0
156.0,92.0,278.0,30.0,176.0,206.0,61.0,225.0,162.0,151.0,201.0,162.0,116.0,269.0,148.0
241.0,278.0,184.0,3.0,145.0,365.0,7.0,45.0,50.0,58.0,249.0,21.0,27.0,25.0,89.0
152.0,182.0,648.0,243.0,89.0,261.0,30.0,738.0,117.0,521.0,470.0,856.0,923.0,275.0,73.0
180.0,233.0,317.0,45.0,253.0,320.0,99.0,200.0,233.0,188.0,241.0,203.0,200.0,12.0,220.0
187.0,238.0,201.0,20.0,112.0,344.0,35.0,61.0,141.0,120.0,84.0,117.0,55.0,34.0,32.0
375.0,709.0,476.0,97.0,200.0,372.0,75.0,323.0,498.0,289.0,386.0,348.0,150.0,247.0,172.0
182.0,214.0,322.0,50.0,227.0,277.0,92.0,204.0,178.0,188.0,241.0,221.0,209.0,150.0,183.0
214.0,301.0,346.0,58.0,89.0,373.0,30.0,204.0,297.0,201.0,245.0,248.0,269.0,132.0,74.0
414.0,764.0,511.0,182.0,0.0,374.0,530.0,377.0,638.0,316.0,419.0,449.0,726.0,305.0,0.0
140.0,222.0,267.0,30.0,100.0,308.0,32.0,155.0,180.0,151.0,200.0,162.0,113.0,102.0,84.0
270.0,434.0,564.0,97.0,434.0,324.0,253.0,459.0,204.0,278.0,123.0,374.0,438.0,328.0,566.0
157.0,205.0,300.0,38.0,229.0,281.0,86.0,532.0,223.0,176.0,307.0,197.0,176.0,409.0,188.0
157.0,205.0,312.0,35.0,312.0,289.0,198.0,197.0,198.0,154.0,238.0,190.0,155.0,137.0,329.0
211.0,229.0,346.0,57.0,117.0,315.0,37.0,315.0,302.0,201.0,261.0,248.0,238.0,241.0,93.0
70.0,82.0,382.0,26.0,80.0,191.0,23.0,601.0,168.0,139.0,309.0,140.0,92.0,477.0,55.0
288.0,434.0,514.0,95.0,415.0,249.0,237.0,313.0,466.0,319.0,414.0,456.0,444.0,240.0,142.0
123.0,108.0,300.0,24.0,45.0,215.0,6.0,189.0,184.0,176.0,230.0,323.0,26.0,131.0,32.0
178.0,232.0,312.0,45.0,206.0,319.0,95.0,62.0,204.0,187.0,307.0,204.0,195.0,146.0,156.0
316.0,515.0,475.0,97.0,310.0,490.0,188.0,32.0,173.0,289.0,182.0,348.0,500.0,21.0,322.0
126.0,130.0,260.0,25.0,132.0,241.0,45.0,15.0,168.0,144.0,204.0,156.0,92.0,55.0,275.0
156.0,194.0,126.0,8.0,131.0,261.0,28.0,29.0,119.0,76.0,165.0,68.0,45.0,17.0,101.0
163.0,215.0,247.0,36.0,188.0,296.0,67.0,130.0,210.0,171.0,152.0,138.0,139.0,146.0,157.0
316.0,515.0,481.0,109.0,524.0,486.0,274.0,342.0,501.0,296.0,386.0,374.0,524.0,258.0,455.0
83.0,48.0,190.0,12.0,106.0,118.0,18.0,49.0,99.0,85.0,88.0,76.0,36.0,27.0,87.0
180.0,233.0,348.0,51.0,257.0,320.0,108.0,232.0,271.0,192.0,272.0,303.0,214.0,184.0,240.0
157.0,205.0,300.0,36.0,224.0,281.0,83.0,189.0,204.0,166.0,225.0,186.0,161.0,184.0,473.0
125.0,130.0,294.0,18.0,106.0,230.0,33.0,180.0,122.0,113.0,201.0,172.0,52.0,170.0,87.0
84.0,41.0,267.0,14.0,200.0,102.0,79.0,175.0,125.0,151.0,201.0,162.0,167.0,123.0,154.0
103.0,78.0,316.0,18.0,106.0,173.0,35.0,201.0,122.0,188.0,240.0,257.0,55.0,145.0,87.0
134.0,145.0,263.0,29.0,161.0,235.0,53.0,149.0,178.0,147.0,176.0,263.0,101.0,24.0,155.0
104.0,87.0,255.0,18.0,723.0,215.0,391.0,141.0,122.0,129.0,187.0,124.0,624.0,167.0,881.0
273.0,225.0,511.0,78.0,344.0,344.0,220.0,80.0,431.0,247.0,351.0,304.0,380.0,57.0,390.0
377.0,338.0,550.0,148.0,132.0,425.0,39.0,438.0,579.0,347.0,470.0,457.0,726.0,311.0,107.0
210.0,284.0,346.0,57.0,261.0,373.0,127.0,264.0,293.0,201.0,249.0,248.0,264.0,186.0,242.0
257.0,338.0,374.0,71.0,228.0,254.0,85.0,222.0,501.0,243.0,5.0,298.0,330.0,192.0,190.0
270.0,409.0,553.0,86.0,200.0,344.0,262.0,438.0,430.0,374.0,999.0,582.0,905.0,314.0,175.0
211.0,284.0,374.0,71.0,177.0,373.0,61.0,144.0,182.0,246.0,408.0,302.0,123.0,96.0,154.0
154.0,185.0,312.0,35.0,212.0,268.0,78.0,201.0,129.0,184.0,230.0,207.0,167.0,146.0,175.0
224.0,304.0,258.0,29.0,161.0,388.0,53.0,144.0,173.0,144.0,188.0,138.0,101.0,95.0,125.0
154.0,188.0,283.0,36.0,230.0,374.0,79.0,285.0,204.0,156.0,208.0,181.0,167.0,174.0,201.0
317.0,515.0,485.0,109.0,28.0,437.0,2.0,296.0,498.0,296.0,389.0,374.0,5.0,217.0,12.0
412.0,764.0,564.0,182.0,216.0,159.0,598.0,440.0,858.0,381.0,500.0,681.0,905.0,312.0,178.0
130.0,185.0,279.0,29.0,175.0,261.0,54.0,176.0,178.0,150.0,199.0,164.0,101.0,125.0,155.0
105.0,87.0,125.0,22.0,104.0,315.0,35.0,27.0,144.0,129.0,236.0,126.0,70.0,21.0,84.0
152.0,180.0,263.0,29.0,106.0,260.0,61.0,384.0,178.0,147.0,322.0,160.0,123.0,296.0,85.0
81.0,42.0,266.0,11.0,174.0,127.0,58.0,620.0,54.0,151.0,208.0,162.0,33.0,184.0,114.0
176.0,229.0,396.0,35.0,197.0,315.0,76.0,297.0,184.0,156.0,322.0,185.0,154.0,218.0,157.0
96.0,104.0,187.0,16.0,88.0,212.0,30.0,47.0,117.0,85.0,87.0,76.0,45.0,55.0,214.0
100.0,62.0,224.0,17.0,89.0,155.0,30.0,98.0,120.0,136.0,152.0,133.0,46.0,72.0,72.0
156.0,194.0,201.0,16.0,445.0,280.0,254.0,61.0,105.0,92.0,100.0,76.0,44.0,30.0,574.0
375.0,709.0,528.0,133.0,117.0,706.0,391.0,509.0,568.0,311.0,394.0,446.0,639.0,408.0,85.0
96.0,55.0,214.0,16.0,75.0,56.0,22.0,83.0,107.0,108.0,128.0,100.0,40.0,145.0,55.0
156.0,187.0,290.0,34.0,189.0,270.0,59.0,176.0,197.0,156.0,210.0,203.0,109.0,107.0,157.0
317.0,193.0,438.0,97.0,445.0,272.0,254.0,181.0,498.0,271.0,338.0,323.0,500.0,131.0,566.0
152.0,164.0,278.0,30.0,126.0,208.0,40.0,392.0,172.0,151.0,201.0,162.0,70.0,303.0,96.0
158.0,219.0,293.0,35.0,176.0,297.0,61.0,176.0,199.0,160.0,211.0,186.0,116.0,129.0,153.0
100.0,62.0,855.0,17.0,88.0,155.0,30.0,940.0,119.0,106.0,999.0,91.0,46.0,613.0,71.0
126.0,131.0,267.0,20.0,106.0,238.0,35.0,92.0,132.0,150.0,200.0,163.0,55.0,76.0,87.0
140.0,115.0,247.0,29.0,157.0,155.0,52.0,130.0,199.0,150.0,177.0,282.0,101.0,82.0,119.0
156.0,188.0,283.0,34.0,176.0,155.0,61.0,175.0,194.0,156.0,210.0,158.0,116.0,107.0,148.0
306.0,474.0,476.0,97.0,279.0,489.0,148.0,341.0,483.0,289.0,387.0,257.0,515.0,256.0,274.0
124.0,130.0,298.0,133.0,237.0,216.0,391.0,163.0,570.0,171.0,222.0,302.0,624.0,333.0,214.0
86.0,41.0,457.0,15.0,75.0,479.0,23.0,322.0,103.0,273.0,366.0,323.0,42.0,246.0,55.0
233.0,317.0,350.0,65.0,365.0,393.0,203.0,205.0,314.0,213.0,274.0,264.0,284.0,133.0,469.0
103.0,76.0,300.0,18.0,80.0,155.0,23.0,189.0,122.0,113.0,226.0,76.0,44.0,131.0,55.0
163.0,210.0,507.0,112.0,88.0,294.0,23.0,364.0,466.0,304.0,333.0,428.0,579.0,275.0,71.0
124.0,135.0,142.0,25.0,132.0,241.0,45.0,31.0,170.0,129.0,122.0,117.0,92.0,21.0,125.0
232.0,310.0,299.0,23.0,28.0,389.0,5.0,200.0,145.0,174.0,222.0,196.0,76.0,146.0,42.0
270.0,205.0,491.0,97.0,344.0,281.0,274.0,438.0,483.0,304.0,394.0,374.0,444.0,312.0,422.0
182.0,233.0,299.0,50.0,260.0,320.0,106.0,187.0,253.0,190.0,222.0,185.0,211.0,131.0,179.0
178.0,232.0,317.0,45.0,242.0,319.0,98.0,292.0,232.0,188.0,240.0,203.0,200.0,271.0,216.0
94.0,45.0,214.0,17.0,89.0,164.0,30.0,84.0,188.0,108.0,128.0,69.0,46.0,64.0,72.0
429.0,257.0,550.0,217.0,341.0,256.0,382.0,431.0,147.0,368.0,470.0,580.0,590.0,312.0,404.0
147.0,179.0,355.0,65.0,313.0,260.0,171.0,297.0,314.0,223.0,286.0,257.0,284.0,218.0,351.0
375.0,709.0,532.0,143.0,735.0,393.0,444.0,406.0,213.0,347.0,449.0,463.0,678.0,292.0,808.0
410.0,756.0,126.0,27.0,174.0,741.0,58.0,0.0,171.0,57.0,13.0,25.0,103.0,0.0,96.0
244.0,323.0,346.0,70.0,242.0,389.0,99.0,223.0,341.0,201.0,239.0,248.0,204.0,129.0,214.0
271.0,461.0,395.0,89.0,176.0,268.0,61.0,297.0,503.0,252.0,320.0,298.0,693.0,218.0,156.0
167.0,215.0,353.0,38.0,55.0,296.0,23.0,704.0,425.0,174.0,286.0,196.0,59.0,493.0,43.0
122.0,106.0,220.0,24.0,43.0,214.0,16.0,94.0,163.0,136.0,129.0,124.0,101.0,71.0,187.0
77.0,41.0,179.0,8.0,54.0,101.0,33.0,39.0,69.0,57.0,63.0,127.0,27.0,25.0,56.0
84.0,48.0,201.0,11.0,45.0,191.0,13.0,186.0,103.0,85.0,94.0,76.0,33.0,133.0,30.0
111.0,118.0,214.0,17.0,85.0,479.0,28.0,65.0,105.0,108.0,128.0,100.0,45.0,27.0,64.0
165.0,219.0,207.0,38.0,226.0,297.0,83.0,80.0,210.0,112.0,123.0,101.0,174.0,64.0,155.0
0.0,0.0,0.0,0.0,292.0,0.0,126.0,0.0,0.0,0.0,0.0,287.0,0.0,0.0,127.0
414.0,769.0,487.0,182.0,303.0,741.0,166.0,322.0,616.0,296.0,210.0,374.0,284.0,246.0,316.0
180.0,233.0,438.0,91.0,157.0,320.0,50.0,377.0,454.0,271.0,338.0,323.0,95.0,412.0,124.0
0.0,0.0,322.0,0.0,261.0,0.0,106.0,181.0,0.0,188.0,241.0,149.0,196.0,133.0,242.0
317.0,515.0,542.0,153.0,735.0,498.0,485.0,420.0,195.0,358.0,240.0,457.0,726.0,309.0,881.0
182.0,235.0,323.0,50.0,365.0,203.0,106.0,204.0,253.0,188.0,408.0,221.0,211.0,16.0,175.0
111.0,95.0,180.0,20.0,112.0,208.0,35.0,32.0,132.0,120.0,63.0,98.0,55.0,21.0,88.0
205.0,261.0,111.0,55.0,117.0,320.0,54.0,26.0,292.0,214.0,243.0,263.0,101.0,12.0,89.0
86.0,48.0,184.0,15.0,88.0,143.0,9.0,45.0,122.0,105.0,78.0,76.0,44.0,25.0,71.0
80.0,41.0,187.0,9.0,47.0,102.0,9.0,49.0,76.0,82.0,84.0,100.0,33.0,134.0,32.0
375.0,718.0,549.0,143.0,255.0,247.0,119.0,420.0,571.0,358.0,468.0,470.0,678.0,311.0,229.0
330.0,612.0,487.0,109.0,86.0,534.0,28.0,313.0,501.0,296.0,394.0,374.0,45.0,240.0,64.0
114.0,95.0,240.0,22.0,117.0,173.0,39.0,110.0,147.0,129.0,164.0,137.0,70.0,77.0,93.0
139.0,163.0,263.0,29.0,85.0,254.0,58.0,204.0,178.0,147.0,199.0,160.0,102.0,133.0,66.0
333.0,612.0,507.0,128.0,601.0,534.0,391.0,346.0,545.0,306.0,408.0,263.0,590.0,269.0,818.0
114.0,87.0,240.0,22.0,174.0,238.0,58.0,110.0,144.0,129.0,157.0,115.0,103.0,77.0,124.0
156.0,180.0,212.0,15.0,83.0,260.0,23.0,175.0,270.0,108.0,129.0,98.0,42.0,184.0,101.0
428.0,693.0,251.0,185.0,999.0,663.0,598.0,137.0,660.0,136.0,191.0,100.0,888.0,82.0,999.0
121.0,106.0,267.0,24.0,137.0,214.0,46.0,738.0,168.0,151.0,199.0,162.0,89.0,412.0,111.0
52.0,64.0,142.0,3.0,15.0,143.0,1.0,31.0,12.0,25.0,119.0,0.0,4.0,21.0,4.0
257.0,332.0,130.0,77.0,341.0,429.0,220.0,31.0,369.0,247.0,29.0,303.0,334.0,17.0,97.0
257.0,332.0,374.0,71.0,112.0,429.0,213.0,297.0,363.0,243.0,307.0,298.0,331.0,185.0,87.0
111.0,89.0,238.0,21.0,117.0,193.0,35.0,103.0,132.0,120.0,152.0,115.0,59.0,72.0,89.0
120.0,105.0,239.0,23.0,117.0,213.0,35.0,205.0,172.0,130.0,152.0,126.0,77.0,156.0,97.0
121.0,109.0,240.0,21.0,131.0,211.0,43.0,109.0,139.0,129.0,157.0,124.0,77.0,81.0,101.0
111.0,72.0,240.0,22.0,118.0,159.0,38.0,109.0,141.0,129.0,157.0,127.0,70.0,76.0,140.0
126.0,131.0,187.0,27.0,161.0,319.0,53.0,47.0,38.0,82.0,87.0,76.0,101.0,26.0,102.0
158.0,207.0,294.0,36.0,191.0,310.0,69.0,132.0,232.0,167.0,218.0,186.0,140.0,96.0,158.0
167.0,225.0,360.0,41.0,184.0,310.0,61.0,202.0,232.0,185.0,295.0,207.0,171.0,148.0,111.0
121.0,618.0,999.0,23.0,106.0,155.0,35.0,999.0,86.0,136.0,119.0,181.0,54.0,999.0,87.0
205.0,276.0,208.0,16.0,104.0,362.0,34.0,82.0,184.0,108.0,94.0,98.0,54.0,58.0,83.0
270.0,376.0,411.0,86.0,288.0,445.0,165.0,313.0,428.0,264.0,326.0,312.0,272.0,240.0,125.0
156.0,200.0,507.0,133.0,151.0,280.0,38.0,377.0,452.0,311.0,483.0,446.0,639.0,219.0,155.0
212.0,461.0,266.0,29.0,313.0,490.0,58.0,154.0,178.0,147.0,200.0,174.0,102.0,192.0,390.0
322.0,618.0,461.0,104.0,203.0,439.0,274.0,154.0,498.0,278.0,410.0,428.0,515.0,102.0,174.0
156.0,203.0,292.0,35.0,174.0,280.0,58.0,176.0,253.0,156.0,210.0,134.0,103.0,82.0,182.0
125.0,130.0,207.0,18.0,98.0,225.0,33.0,83.0,122.0,113.0,117.0,100.0,52.0,64.0,77.0
270.0,276.0,532.0,87.0,83.0,425.0,32.0,392.0,163.0,347.0,449.0,428.0,406.0,303.0,56.0
163.0,232.0,279.0,33.0,132.0,319.0,45.0,204.0,184.0,154.0,204.0,126.0,84.0,150.0,102.0
115.0,109.0,293.0,35.0,242.0,216.0,77.0,180.0,199.0,160.0,211.0,181.0,156.0,130.0,214.0
157.0,131.0,283.0,35.0,104.0,102.0,35.0,175.0,193.0,156.0,208.0,173.0,155.0,123.0,84.0
264.0,317.0,392.0,78.0,341.0,393.0,220.0,297.0,430.0,252.0,203.0,305.0,334.0,208.0,390.0
154.0,188.0,208.0,16.0,85.0,276.0,26.0,82.0,109.0,106.0,128.0,95.0,44.0,339.0,94.0
123.0,118.0,258.0,24.0,191.0,221.0,65.0,141.0,165.0,144.0,188.0,158.0,128.0,92.0,160.0
111.0,89.0,238.0,20.0,112.0,191.0,35.0,103.0,127.0,120.0,152.0,117.0,55.0,76.0,87.0
232.0,259.0,283.0,64.0,277.0,348.0,165.0,168.0,313.0,154.0,207.0,214.0,276.0,119.0,190.0
412.0,764.0,582.0,182.0,723.0,365.0,391.0,420.0,162.0,408.0,509.0,799.0,656.0,312.0,69.0
104.0,89.0,224.0,20.0,106.0,191.0,35.0,148.0,120.0,120.0,173.0,115.0,55.0,122.0,87.0
73.0,249.0,511.0,133.0,257.0,348.0,247.0,312.0,570.0,316.0,252.0,456.0,624.0,240.0,231.0
316.0,515.0,488.0,109.0,524.0,489.0,274.0,358.0,503.0,300.0,400.0,263.0,524.0,269.0,699.0
126.0,131.0,263.0,29.0,89.0,235.0,23.0,149.0,187.0,147.0,203.0,126.0,42.0,96.0,119.0
114.0,95.0,240.0,22.0,89.0,208.0,32.0,132.0,570.0,129.0,160.0,158.0,70.0,87.0,74.0
138.0,169.0,283.0,30.0,104.0,254.0,35.0,168.0,180.0,151.0,207.0,162.0,90.0,119.0,83.0
152.0,179.0,693.0,33.0,234.0,260.0,98.0,141.0,165.0,154.0,658.0,163.0,128.0,92.0,114.0
165.0,214.0,299.0,38.0,176.0,294.0,77.0,187.0,213.0,174.0,222.0,167.0,174.0,133.0,153.0
158.0,284.0,580.0,183.0,15.0,374.0,530.0,470.0,222.0,404.0,248.0,803.0,864.0,269.0,11.0
271.0,346.0,417.0,89.0,278.0,437.0,217.0,306.0,452.0,271.0,157.0,322.0,331.0,235.0,262.0
101.0,64.0,564.0,15.0,73.0,164.0,19.0,420.0,103.0,147.0,449.0,164.0,40.0,311.0,45.0
236.0,323.0,240.0,63.0,292.0,404.0,166.0,103.0,311.0,129.0,157.0,117.0,273.0,292.0,198.0
374.0,693.0,514.0,137.0,365.0,437.0,226.0,398.0,570.0,319.0,414.0,456.0,337.0,305.0,455.0
295.0,461.0,428.0,97.0,89.0,489.0,274.0,316.0,425.0,278.0,218.0,346.0,500.0,241.0,72.0
163.0,215.0,363.0,36.0,224.0,296.0,82.0,183.0,210.0,167.0,299.0,162.0,171.0,131.0,274.0
317.0,515.0,507.0,133.0,184.0,445.0,54.0,493.0,570.0,311.0,410.0,457.0,406.0,333.0,155.0
196.0,259.0,294.0,51.0,258.0,498.0,121.0,241.0,270.0,176.0,210.0,197.0,256.0,458.0,274.0
256.0,332.0,374.0,71.0,261.0,429.0,80.0,16.0,638.0,243.0,309.0,304.0,209.0,16.0,242.0
83.0,43.0,190.0,11.0,54.0,358.0,18.0,16.0,95.0,84.0,91.0,208.0,35.0,57.0,43.0
112.0,89.0,312.0,21.0,117.0,197.0,35.0,195.0,139.0,128.0,218.0,117.0,59.0,134.0,89.0
319.0,276.0,481.0,104.0,503.0,365.0,274.0,0.0,503.0,296.0,387.0,353.0,515.0,0.0,42.0
176.0,221.0,336.0,43.0,112.0,220.0,99.0,206.0,248.0,197.0,165.0,212.0,204.0,158.0,88.0
111.0,89.0,238.0,20.0,105.0,256.0,35.0,103.0,139.0,120.0,152.0,124.0,55.0,72.0,95.0
235.0,163.0,348.0,70.0,341.0,254.0,217.0,232.0,347.0,207.0,272.0,264.0,331.0,409.0,406.0
130.0,130.0,661.0,185.0,47.0,230.0,99.0,509.0,369.0,403.0,274.0,456.0,209.0,889.0,83.0
316.0,515.0,485.0,104.0,228.0,491.0,85.0,346.0,480.0,296.0,320.0,353.0,269.0,174.0,187.0
375.0,106.0,570.0,243.0,999.0,215.0,598.0,476.0,858.0,521.0,500.0,856.0,923.0,321.0,999.0
103.0,78.0,239.0,19.0,132.0,175.0,33.0,111.0,125.0,115.0,275.0,98.0,54.0,77.0,202.0
202.0,261.0,738.0,51.0,248.0,348.0,99.0,969.0,276.0,296.0,250.0,355.0,200.0,617.0,246.0
104.0,78.0,170.0,19.0,104.0,197.0,35.0,205.0,187.0,114.0,57.0,108.0,54.0,184.0,83.0
123.0,129.0,207.0,20.0,105.0,188.0,35.0,80.0,122.0,120.0,120.0,117.0,55.0,96.0,85.0
114.0,235.0,220.0,22.0,112.0,349.0,38.0,92.0,141.0,112.0,208.0,101.0,70.0,66.0,87.0
97.0,45.0,208.0,16.0,54.0,127.0,16.0,65.0,117.0,108.0,208.0,98.0,46.0,111.0,43.0
237.0,323.0,347.0,67.0,229.0,393.0,92.0,228.0,288.0,227.0,264.0,282.0,284.0,174.0,182.0
196.0,253.0,395.0,51.0,260.0,348.0,121.0,297.0,233.0,193.0,240.0,236.0,260.0,173.0,242.0
375.0,694.0,532.0,140.0,279.0,663.0,222.0,144.0,571.0,347.0,402.0,460.0,336.0,95.0,274.0
122.0,104.0,252.0,25.0,160.0,212.0,50.0,141.0,168.0,138.0,173.0,139.0,92.0,92.0,124.0
182.0,235.0,293.0,49.0,228.0,280.0,99.0,186.0,223.0,188.0,211.0,220.0,200.0,64.0,56.0
182.0,188.0,336.0,49.0,229.0,393.0,83.0,240.0,95.0,197.0,239.0,240.0,174.0,184.0,175.0
206.0,203.0,339.0,56.0,294.0,280.0,165.0,280.0,292.0,199.0,249.0,387.0,259.0,196.0,308.0
133.0,141.0,254.0,32.0,117.0,249.0,46.0,148.0,184.0,129.0,179.0,118.0,89.0,102.0,127.0
333.0,618.0,500.0,128.0,723.0,550.0,396.0,364.0,551.0,306.0,408.0,430.0,588.0,271.0,240.0
120.0,105.0,201.0,23.0,132.0,212.0,45.0,331.0,120.0,85.0,78.0,76.0,84.0,255.0,87.0
330.0,585.0,487.0,109.0,181.0,498.0,61.0,392.0,500.0,296.0,366.0,134.0,127.0,300.0,158.0
273.0,376.0,693.0,89.0,415.0,261.0,243.0,572.0,452.0,595.0,387.0,799.0,408.0,442.0,144.0
244.0,261.0,266.0,26.0,261.0,372.0,129.0,154.0,171.0,150.0,208.0,160.0,92.0,102.0,242.0
229.0,55.0,355.0,65.0,310.0,160.0,172.0,251.0,314.0,223.0,295.0,282.0,284.0,184.0,329.0
119.0,104.0,747.0,27.0,126.0,212.0,40.0,323.0,173.0,660.0,833.0,456.0,76.0,247.0,87.0
111.0,72.0,255.0,50.0,255.0,214.0,107.0,141.0,253.0,139.0,182.0,139.0,211.0,92.0,216.0
134.0,145.0,279.0,33.0,175.0,404.0,65.0,160.0,188.0,153.0,203.0,163.0,128.0,107.0,142.0
119.0,106.0,251.0,23.0,131.0,214.0,43.0,140.0,197.0,132.0,175.0,127.0,76.0,91.0,101.0
236.0,320.0,440.0,66.0,165.0,211.0,226.0,316.0,314.0,275.0,345.0,338.0,284.0,246.0,127.0
80.0,41.0,190.0,11.0,45.0,101.0,18.0,240.0,109.0,84.0,91.0,76.0,36.0,184.0,38.0
92.0,48.0,126.0,16.0,75.0,238.0,29.0,29.0,117.0,106.0,321.0,257.0,46.0,503.0,55.0
212.0,300.0,855.0,58.0,229.0,373.0,99.0,306.0,270.0,225.0,999.0,282.0,269.0,208.0,190.0
169.0,229.0,999.0,40.0,191.0,315.0,76.0,999.0,223.0,184.0,681.0,207.0,191.0,999.0,153.0
111.0,89.0,257.0,21.0,112.0,188.0,35.0,146.0,125.0,120.0,187.0,117.0,55.0,96.0,87.0
80.0,40.0,348.0,65.0,288.0,86.0,165.0,232.0,314.0,207.0,272.0,263.0,284.0,137.0,139.0
212.0,253.0,447.0,91.0,45.0,348.0,6.0,322.0,454.0,273.0,465.0,323.0,408.0,246.0,30.0
101.0,56.0,299.0,18.0,100.0,156.0,33.0,187.0,122.0,113.0,222.0,178.0,54.0,133.0,81.0
95.0,64.0,201.0,16.0,85.0,155.0,33.0,61.0,117.0,107.0,128.0,98.0,45.0,68.0,66.0
375.0,717.0,395.0,137.0,37.0,382.0,5.0,297.0,571.0,252.0,234.0,323.0,639.0,217.0,12.0
206.0,278.0,346.0,58.0,277.0,365.0,139.0,296.0,297.0,201.0,262.0,149.0,269.0,213.0,248.0
115.0,103.0,224.0,23.0,128.0,211.0,43.0,92.0,147.0,114.0,177.0,117.0,76.0,66.0,81.0
104.0,82.0,239.0,243.0,104.0,182.0,34.0,31.0,858.0,524.0,154.0,264.0,49.0,21.0,139.0
92.0,47.0,281.0,32.0,106.0,159.0,35.0,165.0,184.0,154.0,203.0,165.0,176.0,82.0,87.0
180.0,233.0,317.0,49.0,253.0,320.0,105.0,214.0,233.0,188.0,240.0,220.0,214.0,167.0,81.0
374.0,693.0,491.0,109.0,206.0,250.0,86.0,969.0,503.0,304.0,408.0,460.0,92.0,613.0,179.0
154.0,188.0,247.0,33.0,28.0,448.0,32.0,130.0,194.0,140.0,210.0,282.0,48.0,82.0,12.0
182.0,235.0,246.0,38.0,229.0,253.0,86.0,130.0,223.0,132.0,173.0,127.0,177.0,107.0,201.0
132.0,137.0,240.0,19.0,104.0,249.0,34.0,124.0,127.0,129.0,160.0,126.0,54.0,87.0,84.0
130.0,137.0,207.0,16.0,83.0,261.0,24.0,39.0,109.0,106.0,119.0,98.0,44.0,72.0,55.0
178.0,231.0,283.0,33.0,28.0,328.0,4.0,168.0,187.0,156.0,210.0,175.0,43.0,131.0,11.0
80.0,41.0,590.0,11.0,58.0,102.0,15.0,285.0,81.0,411.0,527.0,799.0,33.0,240.0,54.0
314.0,193.0,688.0,109.0,277.0,272.0,276.0,756.0,302.0,300.0,654.0,231.0,529.0,510.0,250.0
211.0,63.0,348.0,57.0,331.0,154.0,253.0,232.0,276.0,199.0,272.0,244.0,260.0,308.0,404.0
317.0,523.0,481.0,109.0,310.0,518.0,274.0,565.0,500.0,296.0,387.0,280.0,524.0,186.0,331.0
80.0,41.0,475.0,9.0,47.0,102.0,9.0,331.0,76.0,71.0,366.0,58.0,33.0,255.0,32.0
71.0,27.0,263.0,29.0,176.0,56.0,61.0,149.0,173.0,147.0,100.0,175.0,102.0,101.0,153.0
152.0,179.0,283.0,31.0,278.0,260.0,143.0,168.0,184.0,156.0,210.0,175.0,269.0,90.0,262.0
160.0,203.0,187.0,51.0,176.0,280.0,61.0,39.0,271.0,82.0,87.0,70.0,204.0,25.0,148.0
124.0,130.0,267.0,29.0,445.0,227.0,222.0,148.0,178.0,151.0,199.0,162.0,380.0,16.0,574.0
103.0,72.0,224.0,20.0,104.0,445.0,34.0,98.0,129.0,120.0,148.0,236.0,54.0,71.0,84.0
241.0,323.0,351.0,63.0,288.0,407.0,165.0,292.0,313.0,214.0,275.0,257.0,272.0,208.0,297.0
270.0,376.0,417.0,86.0,191.0,268.0,70.0,358.0,454.0,264.0,527.0,316.0,168.0,259.0,157.0
206.0,284.0,339.0,56.0,294.0,373.0,127.0,216.0,290.0,199.0,241.0,134.0,259.0,137.0,308.0
83.0,42.0,190.0,11.0,73.0,260.0,19.0,51.0,95.0,84.0,91.0,76.0,40.0,185.0,64.0
271.0,409.0,382.0,91.0,503.0,319.0,274.0,290.0,454.0,246.0,309.0,301.0,419.0,167.0,818.0
168.0,225.0,340.0,58.0,277.0,319.0,147.0,216.0,296.0,200.0,234.0,138.0,269.0,170.0,250.0
377.0,717.0,657.0,148.0,176.0,663.0,61.0,476.0,601.0,347.0,582.0,470.0,726.0,477.0,174.0
123.0,130.0,279.0,32.0,155.0,230.0,50.0,144.0,191.0,154.0,203.0,156.0,128.0,96.0,119.0
181.0,233.0,852.0,41.0,312.0,320.0,138.0,331.0,223.0,171.0,458.0,218.0,219.0,255.0,81.0
375.0,694.0,536.0,148.0,258.0,280.0,108.0,415.0,601.0,347.0,458.0,449.0,214.0,311.0,231.0
124.0,131.0,240.0,25.0,174.0,235.0,50.0,146.0,168.0,138.0,160.0,139.0,92.0,96.0,126.0
338.0,693.0,481.0,128.0,503.0,348.0,226.0,148.0,551.0,296.0,387.0,355.0,588.0,96.0,85.0
154.0,185.0,260.0,33.0,211.0,225.0,79.0,111.0,198.0,156.0,187.0,174.0,161.0,81.0,175.0
322.0,48.0,298.0,97.0,261.0,143.0,127.0,202.0,430.0,289.0,222.0,348.0,260.0,173.0,242.0
156.0,179.0,323.0,51.0,211.0,260.0,78.0,264.0,270.0,191.0,241.0,228.0,168.0,185.0,175.0
138.0,47.0,258.0,27.0,145.0,127.0,50.0,146.0,171.0,144.0,188.0,158.0,102.0,96.0,116.0
306.0,474.0,356.0,109.0,155.0,491.0,226.0,259.0,483.0,223.0,148.0,282.0,337.0,185.0,119.0
91.0,48.0,240.0,18.0,89.0,143.0,30.0,110.0,122.0,129.0,175.0,125.0,47.0,76.0,72.0
206.0,284.0,353.0,56.0,160.0,374.0,165.0,251.0,293.0,200.0,286.0,249.0,272.0,184.0,124.0
70.0,205.0,223.0,19.0,191.0,288.0,69.0,90.0,180.0,114.0,188.0,149.0,127.0,65.0,175.0
165.0,219.0,299.0,38.0,226.0,297.0,83.0,187.0,213.0,174.0,262.0,193.0,174.0,133.0,183.0
137.0,154.0,263.0,29.0,261.0,253.0,121.0,16.0,122.0,147.0,201.0,160.0,239.0,16.0,198.0
105.0,89.0,257.0,20.0,112.0,216.0,35.0,144.0,129.0,120.0,188.0,114.0,55.0,87.0,87.0
140.0,72.0,278.0,30.0,176.0,143.0,61.0,163.0,181.0,151.0,201.0,162.0,116.0,129.0,148.0
123.0,115.0,252.0,24.0,313.0,222.0,75.0,140.0,164.0,137.0,176.0,137.0,89.0,91.0,351.0
91.0,90.0,300.0,38.0,229.0,203.0,83.0,620.0,213.0,174.0,215.0,137.0,174.0,555.0,190.0
156.0,194.0,701.0,29.0,104.0,297.0,35.0,565.0,180.0,147.0,402.0,158.0,55.0,312.0,83.0
236.0,210.0,361.0,66.0,310.0,306.0,180.0,168.0,330.0,227.0,201.0,282.0,284.0,122.0,341.0
73.0,55.0,207.0,15.0,128.0,348.0,23.0,80.0,117.0,105.0,120.0,72.0,42.0,62.0,99.0
210.0,284.0,207.0,60.0,189.0,373.0,148.0,187.0,187.0,203.0,119.0,158.0,269.0,149.0,157.0
114.0,95.0,240.0,22.0,123.0,222.0,40.0,110.0,145.0,129.0,400.0,124.0,70.0,87.0,97.0
70.0,21.0,130.0,6.0,150.0,42.0,50.0,205.0,34.0,63.0,29.0,47.0,92.0,412.0,118.0
182.0,235.0,320.0,49.0,260.0,437.0,106.0,202.0,296.0,188.0,240.0,220.0,196.0,146.0,213.0
287.0,212.0,326.0,51.0,255.0,294.0,107.0,202.0,270.0,191.0,243.0,228.0,212.0,173.0,190.0
181.0,234.0,184.0,46.0,242.0,296.0,99.0,45.0,248.0,84.0,119.0,81.0,202.0,25.0,214.0
168.0,225.0,316.0,45.0,184.0,310.0,80.0,204.0,223.0,188.0,238.0,196.0,209.0,150.0,155.0
100.0,62.0,347.0,17.0,88.0,156.0,30.0,225.0,120.0,150.0,257.0,162.0,46.0,173.0,71.0
156.0,185.0,549.0,35.0,226.0,268.0,83.0,420.0,199.0,358.0,468.0,70.0,174.0,311.0,182.0
73.0,27.0,320.0,49.0,208.0,247.0,78.0,212.0,252.0,188.0,295.0,220.0,167.0,159.0,160.0
96.0,55.0,215.0,16.0,230.0,154.0,39.0,84.0,117.0,112.0,128.0,101.0,83.0,55.0,201.0
86.0,43.0,322.0,49.0,157.0,127.0,52.0,204.0,195.0,188.0,241.0,220.0,190.0,150.0,118.0
133.0,163.0,263.0,29.0,174.0,249.0,58.0,149.0,173.0,147.0,189.0,95.0,102.0,90.0,153.0
123.0,133.0,252.0,24.0,85.0,241.0,46.0,140.0,125.0,137.0,176.0,151.0,89.0,90.0,66.0
182.0,185.0,187.0,21.0,117.0,268.0,35.0,49.0,103.0,82.0,87.0,68.0,59.0,41.0,91.0
96.0,55.0,222.0,17.0,118.0,156.0,38.0,111.0,120.0,112.0,129.0,108.0,70.0,72.0,96.0
264.0,373.0,111.0,0.0,0.0,319.0,0.0,26.0,0.0,25.0,203.0,0.0,0.0,16.0,0.0
183.0,233.0,320.0,50.0,226.0,319.0,107.0,204.0,253.0,188.0,241.0,220.0,211.0,256.0,172.0
132.0,76.0,255.0,27.0,50.0,211.0,15.0,156.0,171.0,139.0,182.0,312.0,33.0,101.0,25.0
187.0,253.0,395.0,51.0,278.0,348.0,107.0,10.0,288.0,252.0,321.0,228.0,214.0,16.0,118.0
229.0,306.0,363.0,67.0,310.0,418.0,184.0,277.0,332.0,227.0,414.0,282.0,288.0,24.0,329.0
196.0,259.0,360.0,51.0,200.0,348.0,75.0,969.0,276.0,61.0,295.0,23.0,149.0,510.0,172.0
113.0,90.0,336.0,21.0,150.0,206.0,50.0,212.0,139.0,120.0,248.0,113.0,92.0,162.0,148.0
181.0,234.0,294.0,36.0,106.0,270.0,166.0,180.0,204.0,167.0,218.0,186.0,273.0,130.0,87.0
130.0,137.0,688.0,73.0,329.0,247.0,217.0,532.0,195.0,184.0,658.0,207.0,330.0,331.0,422.0
206.0,276.0,701.0,70.0,117.0,365.0,35.0,601.0,545.0,595.0,366.0,911.0,77.0,116.0,102.0
126.0,131.0,256.0,27.0,212.0,221.0,76.0,144.0,170.0,140.0,139.0,101.0,42.0,92.0,179.0
83.0,43.0,204.0,14.0,569.0,175.0,6.0,62.0,105.0,99.0,119.0,76.0,26.0,41.0,808.0
130.0,137.0,852.0,30.0,176.0,211.0,61.0,509.0,178.0,151.0,999.0,162.0,116.0,408.0,158.0
187.0,225.0,326.0,51.0,257.0,310.0,107.0,565.0,272.0,191.0,203.0,228.0,212.0,412.0,231.0
156.0,214.0,438.0,34.0,200.0,294.0,75.0,316.0,194.0,271.0,338.0,323.0,149.0,312.0,178.0
154.0,64.0,382.0,33.0,151.0,156.0,70.0,292.0,194.0,246.0,309.0,302.0,140.0,208.0,126.0
232.0,317.0,511.0,133.0,279.0,393.0,148.0,392.0,117.0,316.0,408.0,456.0,656.0,303.0,0.0
210.0,284.0,363.0,70.0,415.0,373.0,243.0,277.0,199.0,238.0,297.0,287.0,303.0,196.0,124.0
83.0,45.0,294.0,36.0,65.0,127.0,67.0,181.0,205.0,167.0,238.0,186.0,139.0,71.0,45.0
270.0,376.0,411.0,86.0,243.0,324.0,99.0,327.0,430.0,264.0,408.0,316.0,202.0,145.0,215.0
288.0,461.0,457.0,95.0,155.0,489.0,50.0,273.0,454.0,275.0,366.0,338.0,92.0,196.0,119.0
316.0,515.0,485.0,104.0,191.0,280.0,253.0,969.0,500.0,296.0,389.0,355.0,500.0,628.0,160.0
180.0,233.0,299.0,36.0,208.0,320.0,78.0,187.0,400.0,167.0,222.0,280.0,158.0,133.0,175.0
121.0,95.0,204.0,27.0,174.0,203.0,58.0,62.0,158.0,141.0,126.0,149.0,84.0,35.0,127.0
375.0,694.0,105.0,140.0,277.0,489.0,143.0,16.0,571.0,319.0,272.0,72.0,678.0,111.0,250.0
167.0,221.0,260.0,38.0,165.0,297.0,54.0,132.0,252.0,140.0,207.0,449.0,175.0,87.0,127.0
156.0,108.0,507.0,114.0,329.0,215.0,213.0,377.0,297.0,304.0,410.0,428.0,583.0,617.0,214.0
126.0,131.0,337.0,27.0,569.0,312.0,165.0,280.0,171.0,198.0,249.0,241.0,92.0,201.0,818.0
146.0,225.0,283.0,32.0,175.0,315.0,58.0,168.0,184.0,154.0,207.0,167.0,270.0,119.0,71.0
271.0,403.0,428.0,87.0,331.0,491.0,237.0,197.0,676.0,269.0,302.0,298.0,406.0,137.0,404.0
375.0,709.0,564.0,143.0,216.0,407.0,80.0,438.0,571.0,356.0,508.0,580.0,168.0,314.0,178.0
111.0,89.0,240.0,21.0,112.0,193.0,35.0,508.0,139.0,129.0,157.0,117.0,70.0,412.0,88.0
97.0,56.0,215.0,17.0,89.0,155.0,30.0,200.0,120.0,112.0,129.0,101.0,46.0,146.0,74.0
414.0,409.0,532.0,182.0,85.0,484.0,28.0,406.0,480.0,358.0,449.0,561.0,726.0,305.0,64.0
167.0,221.0,661.0,38.0,228.0,328.0,86.0,509.0,193.0,184.0,264.0,207.0,176.0,390.0,134.0
257.0,253.0,488.0,77.0,208.0,348.0,226.0,346.0,431.0,580.0,400.0,894.0,334.0,218.0,175.0
374.0,693.0,570.0,183.0,524.0,374.0,274.0,251.0,660.0,404.0,338.0,799.0,524.0,184.0,818.0
129.0,135.0,258.0,17.0,89.0,241.0,2.0,146.0,119.0,144.0,188.0,167.0,73.0,107.0,73.0
377.0,709.0,542.0,148.0,47.0,656.0,7.0,420.0,601.0,347.0,470.0,470.0,27.0,321.0,32.0
154.0,185.0,279.0,33.0,200.0,268.0,75.0,155.0,191.0,154.0,203.0,582.0,149.0,106.0,172.0
167.0,229.0,536.0,38.0,253.0,315.0,105.0,323.0,223.0,185.0,222.0,207.0,177.0,256.0,214.0
100.0,63.0,207.0,16.0,45.0,156.0,23.0,83.0,99.0,106.0,120.0,81.0,42.0,57.0,32.0
236.0,300.0,353.0,65.0,262.0,373.0,170.0,296.0,314.0,227.0,286.0,280.0,284.0,213.0,334.0
232.0,137.0,507.0,133.0,261.0,256.0,127.0,572.0,571.0,311.0,410.0,236.0,259.0,493.0,242.0
311.0,488.0,475.0,97.0,191.0,490.0,69.0,331.0,457.0,300.0,200.0,323.0,191.0,255.0,157.0
252.0,331.0,224.0,36.0,202.0,425.0,78.0,97.0,233.0,115.0,148.0,115.0,156.0,133.0,173.0
76.0,41.0,184.0,8.0,137.0,82.0,6.0,45.0,54.0,80.0,100.0,68.0,26.0,308.0,111.0
270.0,292.0,414.0,86.0,126.0,374.0,40.0,322.0,430.0,265.0,326.0,316.0,73.0,246.0,87.0
314.0,488.0,582.0,104.0,217.0,490.0,78.0,470.0,501.0,408.0,582.0,799.0,161.0,319.0,179.0
414.0,769.0,549.0,183.0,445.0,348.0,391.0,420.0,638.0,408.0,468.0,822.0,864.0,311.0,42.0
113.0,90.0,294.0,21.0,104.0,144.0,32.0,181.0,139.0,129.0,366.0,118.0,59.0,130.0,84.0
154.0,188.0,337.0,34.0,200.0,270.0,75.0,312.0,193.0,167.0,249.0,140.0,145.0,256.0,173.0
154.0,188.0,180.0,34.0,191.0,277.0,67.0,92.0,198.0,160.0,64.0,163.0,145.0,68.0,153.0
83.0,55.0,208.0,17.0,112.0,143.0,35.0,73.0,120.0,108.0,122.0,98.0,55.0,58.0,87.0
287.0,461.0,582.0,183.0,261.0,491.0,121.0,572.0,676.0,404.0,351.0,185.0,864.0,455.0,238.0
94.0,55.0,386.0,15.0,73.0,156.0,19.0,296.0,103.0,346.0,320.0,460.0,40.0,213.0,32.0
412.0,764.0,528.0,177.0,112.0,767.0,35.0,313.0,296.0,322.0,419.0,457.0,55.0,240.0,87.0
103.0,76.0,222.0,18.0,85.0,173.0,32.0,146.0,122.0,113.0,128.0,23.0,51.0,493.0,55.0
100.0,62.0,111.0,17.0,89.0,156.0,30.0,26.0,111.0,106.0,8.0,91.0,46.0,16.0,74.0
100.0,64.0,111.0,11.0,55.0,133.0,18.0,16.0,95.0,84.0,8.0,61.0,35.0,16.0,329.0
211.0,284.0,536.0,41.0,202.0,374.0,75.0,322.0,223.0,347.0,458.0,449.0,167.0,218.0,172.0
138.0,164.0,476.0,97.0,202.0,255.0,75.0,216.0,483.0,289.0,386.0,348.0,150.0,134.0,175.0
124.0,130.0,252.0,25.0,137.0,230.0,46.0,140.0,178.0,138.0,470.0,138.0,89.0,496.0,111.0
81.0,43.0,326.0,11.0,311.0,182.0,198.0,204.0,86.0,83.0,243.0,348.0,33.0,129.0,156.0
167.0,222.0,300.0,38.0,233.0,310.0,99.0,103.0,222.0,176.0,214.0,197.0,196.0,72.0,188.0
214.0,292.0,500.0,153.0,569.0,373.0,276.0,738.0,601.0,304.0,408.0,428.0,726.0,496.0,96.0
114.0,64.0,542.0,22.0,118.0,160.0,38.0,572.0,141.0,311.0,470.0,446.0,70.0,455.0,94.0
235.0,180.0,356.0,65.0,229.0,260.0,86.0,738.0,314.0,223.0,290.0,277.0,284.0,493.0,231.0
100.0,62.0,312.0,41.0,189.0,156.0,67.0,198.0,223.0,182.0,238.0,221.0,136.0,192.0,156.0
259.0,323.0,511.0,6.0,17.0,270.0,2.0,391.0,34.0,316.0,411.0,446.0,5.0,305.0,0.0
163.0,212.0,279.0,32.0,174.0,294.0,58.0,175.0,184.0,154.0,208.0,165.0,176.0,107.0,111.0
429.0,137.0,639.0,201.0,126.0,249.0,530.0,10.0,400.0,411.0,298.0,186.0,905.0,16.0,96.0
140.0,163.0,283.0,33.0,54.0,260.0,18.0,62.0,184.0,156.0,208.0,175.0,35.0,41.0,74.0
86.0,41.0,204.0,12.0,55.0,103.0,18.0,62.0,99.0,99.0,177.0,76.0,36.0,35.0,119.0
157.0,205.0,292.0,35.0,303.0,281.0,77.0,186.0,199.0,156.0,208.0,178.0,156.0,145.0,316.0
103.0,72.0,549.0,19.0,83.0,155.0,24.0,420.0,139.0,356.0,218.0,174.0,44.0,309.0,66.0
126.0,118.0,292.0,27.0,175.0,221.0,58.0,214.0,171.0,156.0,210.0,204.0,103.0,134.0,140.0
80.0,41.0,240.0,7.0,117.0,102.0,5.0,109.0,50.0,129.0,157.0,118.0,25.0,71.0,89.0
24.0,76.0,485.0,3.0,43.0,159.0,6.0,346.0,12.0,296.0,389.0,355.0,10.0,259.0,25.0
191.0,235.0,639.0,78.0,329.0,365.0,217.0,470.0,431.0,411.0,152.0,803.0,330.0,319.0,390.0
125.0,130.0,260.0,26.0,261.0,225.0,121.0,140.0,187.0,138.0,189.0,139.0,252.0,91.0,55.0
270.0,322.0,487.0,109.0,106.0,388.0,35.0,83.0,500.0,296.0,394.0,160.0,40.0,64.0,87.0
24.0,41.0,385.0,20.0,186.0,102.0,62.0,296.0,125.0,247.0,310.0,244.0,55.0,184.0,155.0
71.0,27.0,311.0,6.0,117.0,42.0,35.0,197.0,34.0,201.0,191.0,248.0,0.0,137.0,95.0
271.0,409.0,242.0,23.0,310.0,439.0,174.0,205.0,109.0,132.0,165.0,140.0,284.0,156.0,329.0
152.0,180.0,283.0,33.0,50.0,255.0,16.0,168.0,187.0,154.0,207.0,172.0,45.0,111.0,64.0
214.0,301.0,395.0,51.0,280.0,382.0,391.0,285.0,292.0,25.0,321.0,0.0,693.0,246.0,297.0
123.0,103.0,246.0,23.0,112.0,211.0,35.0,132.0,158.0,132.0,126.0,127.0,83.0,82.0,55.0
77.0,28.0,157.0,8.0,43.0,422.0,7.0,10.0,127.0,71.0,63.0,58.0,27.0,16.0,44.0
167.0,221.0,299.0,41.0,238.0,306.0,59.0,186.0,293.0,182.0,222.0,207.0,90.0,131.0,154.0
412.0,764.0,550.0,217.0,294.0,767.0,166.0,431.0,829.0,374.0,470.0,582.0,273.0,312.0,308.0
210.0,284.0,536.0,58.0,197.0,373.0,171.0,415.0,296.0,347.0,458.0,470.0,284.0,256.0,102.0
140.0,145.0,507.0,70.0,312.0,249.0,188.0,364.0,333.0,347.0,410.0,470.0,288.0,303.0,84.0
70.0,27.0,266.0,15.0,75.0,56.0,22.0,154.0,103.0,153.0,203.0,163.0,40.0,102.0,63.0
146.0,234.0,549.0,183.0,310.0,270.0,629.0,420.0,99.0,358.0,468.0,446.0,905.0,259.0,74.0
100.0,63.0,206.0,16.0,85.0,160.0,30.0,78.0,103.0,84.0,139.0,76.0,44.0,57.0,82.0
317.0,515.0,487.0,109.0,524.0,221.0,274.0,323.0,501.0,296.0,394.0,374.0,529.0,247.0,179.0
129.0,128.0,336.0,27.0,174.0,280.0,58.0,206.0,171.0,202.0,248.0,254.0,102.0,158.0,144.0
171.0,227.0,256.0,41.0,242.0,349.0,37.0,144.0,210.0,160.0,187.0,167.0,196.0,95.0,214.0
330.0,612.0,549.0,114.0,202.0,429.0,99.0,420.0,568.0,304.0,468.0,428.0,583.0,241.0,173.0
77.0,40.0,214.0,11.0,200.0,86.0,78.0,280.0,86.0,108.0,128.0,100.0,33.0,201.0,154.0
236.0,323.0,283.0,30.0,174.0,294.0,58.0,168.0,177.0,153.0,157.0,162.0,102.0,119.0,131.0
233.0,316.0,355.0,65.0,311.0,390.0,184.0,251.0,314.0,223.0,262.0,220.0,284.0,241.0,334.0
158.0,278.0,351.0,36.0,216.0,490.0,82.0,296.0,213.0,167.0,287.0,186.0,161.0,213.0,180.0
139.0,163.0,549.0,30.0,176.0,254.0,59.0,420.0,178.0,156.0,468.0,178.0,109.0,311.0,154.0
103.0,28.0,207.0,19.0,112.0,56.0,35.0,78.0,125.0,112.0,117.0,100.0,55.0,65.0,87.0
232.0,316.0,355.0,64.0,279.0,390.0,170.0,292.0,313.0,214.0,286.0,257.0,276.0,208.0,274.0
137.0,137.0,363.0,29.0,98.0,241.0,19.0,277.0,178.0,144.0,298.0,156.0,102.0,193.0,77.0
180.0,233.0,240.0,38.0,218.0,320.0,95.0,111.0,213.0,132.0,165.0,118.0,177.0,77.0,181.0
156.0,376.0,290.0,34.0,202.0,448.0,75.0,201.0,95.0,156.0,222.0,218.0,149.0,146.0,172.0
103.0,72.0,356.0,38.0,176.0,156.0,61.0,280.0,222.0,176.0,295.0,203.0,176.0,201.0,153.0
270.0,317.0,395.0,86.0,184.0,393.0,230.0,297.0,430.0,264.0,321.0,221.0,380.0,217.0,155.0
130.0,137.0,260.0,27.0,157.0,308.0,53.0,154.0,171.0,141.0,210.0,155.0,92.0,102.0,122.0
154.0,188.0,292.0,34.0,100.0,270.0,33.0,176.0,188.0,156.0,210.0,212.0,149.0,125.0,94.0
412.0,764.0,570.0,183.0,233.0,767.0,94.0,403.0,660.0,403.0,509.0,162.0,204.0,305.0,201.0
316.0,515.0,487.0,109.0,150.0,491.0,274.0,346.0,500.0,296.0,394.0,139.0,524.0,259.0,134.0
130.0,137.0,239.0,29.0,132.0,276.0,50.0,104.0,171.0,147.0,64.0,124.0,101.0,72.0,94.0
96.0,55.0,240.0,16.0,262.0,155.0,126.0,109.0,163.0,129.0,157.0,117.0,76.0,27.0,250.0
181.0,235.0,257.0,25.0,65.0,320.0,50.0,146.0,168.0,153.0,78.0,163.0,92.0,91.0,44.0
202.0,284.0,346.0,56.0,277.0,374.0,139.0,0.0,330.0,200.0,275.0,246.0,264.0,0.0,71.0
316.0,515.0,475.0,97.0,966.0,489.0,276.0,331.0,109.0,293.0,351.0,580.0,500.0,57.0,604.0
152.0,331.0,661.0,41.0,234.0,393.0,96.0,509.0,233.0,184.0,640.0,204.0,195.0,408.0,202.0
270.0,214.0,528.0,87.0,176.0,294.0,61.0,440.0,428.0,269.0,84.0,322.0,406.0,312.0,153.0
210.0,284.0,356.0,56.0,260.0,373.0,121.0,251.0,290.0,200.0,222.0,72.0,256.0,184.0,242.0
154.0,185.0,283.0,33.0,47.0,203.0,9.0,168.0,187.0,154.0,207.0,173.0,33.0,111.0,32.0
119.0,104.0,279.0,35.0,150.0,212.0,58.0,168.0,197.0,154.0,203.0,165.0,140.0,184.0,119.0
113.0,90.0,223.0,21.0,117.0,155.0,37.0,94.0,139.0,129.0,187.0,118.0,68.0,64.0,96.0
156.0,205.0,292.0,35.0,311.0,288.0,184.0,201.0,197.0,156.0,210.0,178.0,291.0,149.0,334.0
246.0,227.0,417.0,89.0,448.0,315.0,243.0,299.0,452.0,271.0,325.0,323.0,408.0,196.0,220.0
122.0,108.0,530.0,24.0,176.0,215.0,45.0,403.0,163.0,346.0,419.0,460.0,83.0,314.0,172.0
126.0,131.0,283.0,27.0,123.0,238.0,40.0,168.0,170.0,154.0,207.0,167.0,73.0,119.0,95.0
125.0,130.0,252.0,25.0,151.0,211.0,50.0,0.0,170.0,136.0,126.0,139.0,92.0,0.0,117.0
176.0,229.0,266.0,51.0,261.0,315.0,99.0,738.0,272.0,202.0,204.0,249.0,211.0,496.0,242.0
202.0,278.0,475.0,97.0,341.0,365.0,147.0,358.0,483.0,289.0,470.0,346.0,269.0,269.0,178.0
126.0,130.0,299.0,26.0,150.0,230.0,50.0,297.0,173.0,150.0,222.0,162.0,92.0,217.0,102.0
270.0,292.0,395.0,86.0,123.0,374.0,203.0,297.0,425.0,275.0,321.0,338.0,303.0,217.0,95.0
156.0,212.0,292.0,34.0,202.0,294.0,75.0,202.0,194.0,156.0,210.0,280.0,150.0,145.0,173.0
95.0,55.0,208.0,16.0,100.0,156.0,35.0,82.0,109.0,107.0,230.0,98.0,54.0,58.0,80.0
80.0,41.0,300.0,11.0,86.0,197.0,18.0,205.0,134.0,176.0,252.0,280.0,33.0,156.0,52.0
273.0,461.0,447.0,91.0,445.0,489.0,261.0,322.0,454.0,273.0,366.0,323.0,429.0,245.0,218.0
288.0,434.0,461.0,95.0,445.0,486.0,254.0,322.0,302.0,275.0,373.0,348.0,444.0,246.0,574.0
158.0,185.0,281.0,33.0,157.0,272.0,50.0,156.0,187.0,154.0,200.0,167.0,127.0,107.0,119.0
266.0,372.0,414.0,86.0,277.0,445.0,184.0,312.0,428.0,265.0,326.0,317.0,288.0,240.0,180.0
111.0,87.0,507.0,21.0,128.0,188.0,42.0,377.0,132.0,306.0,408.0,423.0,59.0,292.0,99.0
83.0,43.0,396.0,13.0,43.0,112.0,15.0,620.0,122.0,58.0,322.0,47.0,36.0,477.0,43.0
158.0,205.0,530.0,133.0,83.0,272.0,28.0,403.0,570.0,311.0,200.0,446.0,42.0,291.0,73.0
233.0,130.0,180.0,65.0,313.0,220.0,171.0,39.0,314.0,223.0,63.0,268.0,284.0,25.0,341.0
92.0,64.0,208.0,15.0,132.0,173.0,45.0,59.0,141.0,105.0,120.0,84.0,95.0,30.0,102.0
181.0,235.0,339.0,57.0,313.0,261.0,222.0,222.0,290.0,201.0,236.0,248.0,284.0,170.0,351.0
125.0,129.0,457.0,53.0,261.0,222.0,126.0,323.0,293.0,275.0,366.0,330.0,256.0,247.0,240.0
316.0,515.0,481.0,109.0,260.0,448.0,276.0,342.0,500.0,296.0,387.0,395.0,529.0,258.0,238.0
182.0,238.0,312.0,50.0,248.0,344.0,101.0,285.0,252.0,188.0,241.0,221.0,209.0,205.0,95.0
246.0,331.0,224.0,20.0,106.0,422.0,35.0,98.0,129.0,120.0,149.0,100.0,54.0,458.0,87.0
375.0,372.0,511.0,148.0,255.0,445.0,43.0,392.0,168.0,347.0,408.0,387.0,77.0,303.0,246.0
146.0,174.0,207.0,12.0,132.0,260.0,45.0,80.0,117.0,106.0,126.0,68.0,36.0,28.0,127.0
122.0,346.0,223.0,80.0,85.0,429.0,26.0,92.0,425.0,252.0,226.0,305.0,344.0,66.0,89.0
73.0,41.0,208.0,7.0,32.0,102.0,5.0,82.0,50.0,67.0,120.0,50.0,12.0,17.0,12.0
330.0,316.0,500.0,114.0,86.0,112.0,29.0,565.0,551.0,304.0,408.0,430.0,583.0,442.0,71.0
168.0,225.0,590.0,38.0,224.0,310.0,86.0,476.0,187.0,176.0,833.0,197.0,176.0,318.0,182.0
163.0,215.0,292.0,35.0,228.0,296.0,78.0,228.0,187.0,156.0,210.0,317.0,158.0,179.0,45.0
295.0,331.0,738.0,96.0,446.0,393.0,258.0,704.0,466.0,275.0,5.0,338.0,450.0,510.0,566.0
147.0,173.0,207.0,49.0,248.0,256.0,99.0,73.0,233.0,188.0,226.0,220.0,202.0,57.0,220.0
206.0,278.0,417.0,55.0,181.0,393.0,67.0,327.0,314.0,269.0,321.0,186.0,136.0,305.0,160.0
134.0,145.0,281.0,29.0,75.0,249.0,22.0,165.0,184.0,153.0,248.0,160.0,168.0,107.0,54.0
375.0,694.0,528.0,140.0,229.0,429.0,99.0,398.0,571.0,322.0,394.0,457.0,202.0,305.0,201.0
206.0,278.0,542.0,56.0,310.0,348.0,99.0,323.0,292.0,347.0,483.0,460.0,259.0,245.0,322.0
322.0,403.0,511.0,112.0,206.0,462.0,75.0,391.0,601.0,316.0,411.0,449.0,171.0,256.0,182.0
113.0,90.0,693.0,133.0,434.0,390.0,598.0,601.0,498.0,316.0,658.0,449.0,444.0,477.0,566.0
178.0,233.0,336.0,56.0,217.0,319.0,127.0,214.0,293.0,200.0,243.0,178.0,259.0,148.0,179.0
123.0,104.0,281.0,24.0,434.0,212.0,46.0,154.0,164.0,153.0,333.0,163.0,89.0,107.0,566.0
270.0,164.0,392.0,80.0,313.0,253.0,198.0,297.0,363.0,252.0,321.0,305.0,288.0,217.0,101.0
152.0,179.0,294.0,36.0,189.0,260.0,67.0,180.0,210.0,167.0,218.0,186.0,139.0,130.0,157.0
311.0,474.0,392.0,97.0,229.0,489.0,85.0,292.0,501.0,252.0,325.0,163.0,500.0,208.0,190.0
130.0,137.0,240.0,29.0,160.0,208.0,53.0,110.0,170.0,129.0,160.0,124.0,101.0,28.0,124.0
156.0,188.0,330.0,51.0,211.0,281.0,78.0,205.0,271.0,192.0,244.0,186.0,214.0,152.0,175.0
375.0,709.0,661.0,146.0,262.0,498.0,127.0,481.0,292.0,347.0,640.0,355.0,678.0,185.0,247.0
125.0,130.0,224.0,20.0,112.0,225.0,35.0,176.0,132.0,120.0,232.0,68.0,55.0,111.0,87.0
80.0,43.0,457.0,9.0,83.0,288.0,30.0,323.0,76.0,275.0,366.0,348.0,33.0,255.0,341.0
121.0,105.0,256.0,24.0,85.0,213.0,32.0,144.0,163.0,138.0,187.0,138.0,84.0,95.0,74.0
168.0,225.0,346.0,38.0,227.0,310.0,85.0,225.0,239.0,202.0,262.0,254.0,175.0,173.0,188.0
375.0,709.0,532.0,143.0,229.0,489.0,339.0,323.0,568.0,347.0,325.0,463.0,656.0,245.0,202.0
126.0,129.0,254.0,25.0,117.0,225.0,50.0,137.0,428.0,138.0,175.0,138.0,92.0,58.0,93.0
167.0,28.0,283.0,30.0,176.0,56.0,61.0,175.0,181.0,156.0,210.0,181.0,122.0,129.0,154.0
81.0,40.0,204.0,14.0,75.0,86.0,22.0,62.0,98.0,99.0,123.0,76.0,40.0,333.0,87.0
375.0,403.0,542.0,153.0,312.0,462.0,199.0,508.0,570.0,356.0,468.0,449.0,726.0,390.0,202.0
152.0,193.0,240.0,33.0,237.0,280.0,99.0,111.0,187.0,129.0,164.0,124.0,200.0,77.0,213.0
196.0,259.0,353.0,51.0,106.0,344.0,35.0,251.0,271.0,214.0,286.0,456.0,168.0,271.0,87.0
181.0,235.0,252.0,24.0,128.0,333.0,46.0,154.0,164.0,137.0,176.0,134.0,89.0,102.0,99.0
233.0,316.0,350.0,65.0,312.0,397.0,171.0,251.0,313.0,213.0,175.0,302.0,284.0,184.0,170.0
97.0,48.0,530.0,24.0,98.0,143.0,46.0,398.0,163.0,358.0,419.0,298.0,84.0,309.0,77.0
330.0,612.0,461.0,109.0,134.0,312.0,45.0,297.0,501.0,296.0,366.0,374.0,85.0,180.0,110.0
270.0,317.0,438.0,80.0,145.0,393.0,50.0,315.0,425.0,271.0,338.0,323.0,92.0,318.0,116.0
264.0,372.0,481.0,96.0,15.0,445.0,1.0,342.0,466.0,296.0,387.0,353.0,369.0,258.0,0.0
196.0,219.0,661.0,65.0,313.0,297.0,199.0,509.0,314.0,213.0,640.0,268.0,284.0,408.0,80.0
130.0,137.0,246.0,23.0,157.0,241.0,45.0,377.0,122.0,132.0,236.0,127.0,83.0,292.0,101.0
132.0,137.0,111.0,3.0,54.0,249.0,19.0,26.0,12.0,25.0,5.0,0.0,36.0,16.0,72.0
244.0,78.0,294.0,70.0,157.0,175.0,52.0,180.0,369.0,230.0,188.0,288.0,90.0,131.0,74.0
306.0,515.0,564.0,97.0,292.0,418.0,82.0,398.0,466.0,296.0,408.0,353.0,174.0,305.0,307.0
181.0,235.0,316.0,46.0,237.0,259.0,99.0,204.0,46.0,188.0,240.0,241.0,200.0,150.0,212.0
121.0,105.0,299.0,38.0,277.0,214.0,143.0,187.0,213.0,174.0,222.0,241.0,211.0,131.0,455.0
75.0,36.0,267.0,15.0,261.0,87.0,121.0,148.0,103.0,105.0,200.0,84.0,256.0,96.0,242.0
232.0,227.0,363.0,51.0,229.0,249.0,92.0,285.0,272.0,191.0,299.0,228.0,191.0,202.0,242.0
126.0,130.0,258.0,29.0,117.0,230.0,37.0,146.0,173.0,144.0,187.0,156.0,101.0,90.0,89.0
97.0,55.0,201.0,16.0,89.0,155.0,29.0,59.0,117.0,108.0,94.0,98.0,46.0,81.0,74.0
266.0,373.0,440.0,80.0,322.0,448.0,213.0,313.0,425.0,252.0,333.0,305.0,316.0,174.0,140.0
123.0,43.0,252.0,24.0,45.0,127.0,7.0,103.0,163.0,137.0,177.0,137.0,89.0,72.0,31.0
306.0,488.0,374.0,112.0,260.0,490.0,119.0,155.0,498.0,243.0,207.0,298.0,583.0,107.0,238.0
171.0,229.0,312.0,45.0,89.0,315.0,76.0,200.0,237.0,188.0,238.0,173.0,209.0,193.0,74.0
112.0,108.0,242.0,21.0,89.0,215.0,32.0,140.0,117.0,132.0,165.0,126.0,68.0,107.0,74.0
122.0,131.0,323.0,51.0,75.0,124.0,19.0,204.0,139.0,191.0,241.0,228.0,40.0,150.0,174.0
114.0,95.0,336.0,22.0,131.0,203.0,43.0,214.0,144.0,289.0,248.0,353.0,70.0,167.0,331.0
83.0,43.0,240.0,15.0,128.0,127.0,16.0,109.0,105.0,129.0,157.0,101.0,36.0,291.0,144.0
374.0,693.0,532.0,148.0,200.0,294.0,67.0,392.0,571.0,347.0,465.0,470.0,726.0,300.0,160.0
167.0,221.0,299.0,38.0,227.0,312.0,85.0,187.0,213.0,174.0,222.0,196.0,175.0,133.0,178.0
115.0,104.0,239.0,23.0,208.0,212.0,43.0,104.0,145.0,130.0,110.0,126.0,76.0,81.0,175.0
410.0,756.0,580.0,185.0,83.0,741.0,7.0,470.0,676.0,404.0,508.0,449.0,10.0,319.0,52.0
83.0,45.0,201.0,12.0,89.0,127.0,18.0,62.0,95.0,85.0,91.0,76.0,36.0,21.0,118.0
0.0,0.0,111.0,3.0,15.0,0.0,1.0,26.0,12.0,42.0,0.0,298.0,4.0,71.0,4.0
270.0,376.0,382.0,86.0,292.0,280.0,253.0,156.0,425.0,246.0,299.0,298.0,438.0,107.0,307.0
273.0,403.0,487.0,86.0,80.0,297.0,78.0,346.0,452.0,296.0,394.0,282.0,406.0,305.0,56.0
103.0,205.0,488.0,18.0,100.0,280.0,32.0,353.0,222.0,187.0,373.0,207.0,51.0,202.0,77.0
235.0,323.0,363.0,70.0,161.0,418.0,53.0,280.0,314.0,238.0,299.0,263.0,309.0,193.0,125.0
156.0,185.0,542.0,35.0,181.0,255.0,78.0,420.0,197.0,356.0,470.0,126.0,158.0,311.0,155.0
100.0,63.0,385.0,77.0,341.0,155.0,220.0,293.0,271.0,247.0,310.0,303.0,334.0,208.0,117.0
236.0,323.0,648.0,65.0,55.0,214.0,7.0,490.0,314.0,203.0,640.0,257.0,26.0,390.0,44.0
123.0,109.0,738.0,24.0,160.0,216.0,53.0,572.0,163.0,115.0,222.0,113.0,92.0,455.0,118.0
217.0,301.0,476.0,112.0,132.0,348.0,45.0,313.0,547.0,296.0,387.0,355.0,77.0,235.0,107.0
126.0,137.0,299.0,22.0,117.0,390.0,35.0,201.0,141.0,151.0,222.0,162.0,70.0,493.0,89.0
146.0,253.0,648.0,30.0,203.0,348.0,50.0,493.0,182.0,404.0,509.0,287.0,92.0,333.0,174.0
152.0,182.0,310.0,40.0,229.0,261.0,92.0,195.0,223.0,182.0,215.0,207.0,181.0,134.0,198.0
154.0,185.0,294.0,33.0,191.0,261.0,69.0,180.0,172.0,156.0,210.0,165.0,140.0,145.0,153.0
333.0,618.0,701.0,133.0,229.0,518.0,367.0,572.0,568.0,595.0,286.0,155.0,588.0,455.0,190.0
123.0,109.0,252.0,24.0,141.0,216.0,46.0,140.0,181.0,137.0,177.0,181.0,89.0,107.0,107.0
287.0,231.0,438.0,95.0,128.0,319.0,42.0,322.0,452.0,273.0,338.0,423.0,76.0,246.0,99.0
319.0,523.0,485.0,104.0,524.0,518.0,274.0,469.0,498.0,296.0,325.0,355.0,524.0,318.0,31.0
182.0,376.0,363.0,50.0,122.0,445.0,39.0,273.0,252.0,188.0,298.0,221.0,209.0,169.0,96.0
81.0,21.0,461.0,16.0,54.0,42.0,18.0,292.0,109.0,106.0,373.0,108.0,42.0,208.0,153.0
317.0,0.0,312.0,109.0,260.0,0.0,243.0,198.0,501.0,296.0,238.0,374.0,369.0,134.0,238.0
101.0,71.0,279.0,30.0,186.0,160.0,65.0,39.0,182.0,153.0,203.0,221.0,127.0,25.0,156.0
410.0,764.0,564.0,153.0,966.0,809.0,570.0,509.0,616.0,408.0,419.0,799.0,726.0,408.0,999.0
114.0,78.0,353.0,22.0,58.0,175.0,15.0,250.0,141.0,137.0,286.0,138.0,59.0,184.0,44.0
314.0,515.0,449.0,97.0,476.0,124.0,262.0,322.0,314.0,273.0,351.0,325.0,500.0,247.0,308.0
146.0,76.0,279.0,31.0,189.0,156.0,61.0,160.0,430.0,154.0,203.0,165.0,122.0,184.0,38.0
114.0,104.0,240.0,22.0,132.0,212.0,45.0,73.0,141.0,129.0,157.0,125.0,83.0,308.0,107.0
126.0,130.0,511.0,27.0,197.0,230.0,70.0,264.0,168.0,140.0,419.0,149.0,101.0,311.0,95.0
77.0,40.0,126.0,6.0,189.0,86.0,2.0,29.0,24.0,61.0,175.0,47.0,5.0,16.0,157.0
376.0,718.0,532.0,146.0,524.0,260.0,274.0,406.0,357.0,347.0,458.0,463.0,693.0,305.0,77.0
256.0,332.0,126.0,8.0,28.0,429.0,4.0,31.0,34.0,81.0,29.0,126.0,27.0,21.0,32.0
124.0,130.0,252.0,26.0,165.0,241.0,54.0,140.0,171.0,137.0,175.0,133.0,92.0,90.0,122.0
181.0,234.0,247.0,23.0,132.0,328.0,45.0,132.0,165.0,132.0,188.0,127.0,84.0,87.0,107.0
244.0,322.0,485.0,70.0,311.0,397.0,172.0,353.0,302.0,296.0,389.0,355.0,284.0,269.0,334.0
183.0,253.0,326.0,50.0,278.0,348.0,143.0,290.0,253.0,190.0,214.0,218.0,211.0,219.0,248.0
233.0,225.0,347.0,61.0,322.0,308.0,339.0,225.0,290.0,203.0,261.0,246.0,273.0,96.0,416.0
71.0,27.0,125.0,6.0,80.0,112.0,23.0,27.0,46.0,58.0,20.0,23.0,12.0,17.0,55.0
270.0,373.0,361.0,70.0,310.0,468.0,184.0,266.0,333.0,228.0,299.0,287.0,288.0,185.0,331.0
121.0,105.0,266.0,23.0,138.0,206.0,46.0,154.0,162.0,132.0,200.0,127.0,89.0,102.0,107.0
92.0,55.0,507.0,133.0,200.0,173.0,75.0,327.0,503.0,306.0,408.0,705.0,579.0,291.0,172.0
123.0,109.0,252.0,24.0,253.0,215.0,45.0,140.0,164.0,137.0,252.0,137.0,90.0,88.0,214.0
163.0,215.0,360.0,36.0,238.0,159.0,99.0,251.0,210.0,167.0,230.0,187.0,168.0,132.0,119.0
102.0,55.0,208.0,15.0,86.0,143.0,23.0,82.0,120.0,105.0,122.0,84.0,40.0,64.0,234.0
256.0,332.0,385.0,71.0,117.0,425.0,35.0,293.0,466.0,247.0,310.0,303.0,127.0,241.0,110.0
205.0,276.0,487.0,109.0,212.0,358.0,83.0,363.0,501.0,296.0,394.0,264.0,656.0,269.0,182.0
80.0,41.0,240.0,23.0,131.0,102.0,43.0,109.0,172.0,129.0,158.0,114.0,76.0,123.0,101.0
206.0,281.0,363.0,21.0,277.0,372.0,139.0,277.0,139.0,228.0,298.0,287.0,264.0,196.0,175.0
217.0,306.0,346.0,36.0,106.0,389.0,82.0,205.0,210.0,201.0,211.0,248.0,171.0,152.0,87.0
163.0,215.0,461.0,36.0,312.0,296.0,198.0,490.0,210.0,199.0,483.0,288.0,171.0,331.0,566.0
333.0,618.0,550.0,133.0,32.0,255.0,444.0,200.0,191.0,311.0,470.0,236.0,678.0,146.0,12.0
338.0,612.0,852.0,80.0,277.0,260.0,139.0,885.0,428.0,188.0,465.0,212.0,264.0,583.0,250.0
163.0,95.0,296.0,36.0,218.0,687.0,79.0,183.0,215.0,167.0,287.0,187.0,168.0,131.0,180.0
202.0,261.0,582.0,51.0,278.0,372.0,138.0,470.0,270.0,404.0,509.0,178.0,214.0,409.0,173.0
134.0,137.0,281.0,29.0,150.0,281.0,50.0,293.0,173.0,154.0,203.0,100.0,102.0,205.0,107.0
154.0,188.0,299.0,34.0,174.0,270.0,59.0,186.0,187.0,174.0,222.0,204.0,145.0,133.0,416.0
134.0,43.0,347.0,29.0,85.0,127.0,50.0,228.0,178.0,203.0,264.0,190.0,92.0,173.0,64.0
160.0,179.0,263.0,35.0,292.0,260.0,98.0,201.0,204.0,144.0,57.0,133.0,150.0,148.0,308.0
205.0,276.0,347.0,56.0,260.0,365.0,121.0,10.0,293.0,200.0,414.0,246.0,260.0,72.0,238.0
244.0,310.0,294.0,36.0,229.0,390.0,83.0,194.0,193.0,167.0,148.0,186.0,168.0,131.0,179.0
126.0,131.0,247.0,27.0,89.0,238.0,46.0,141.0,171.0,141.0,170.0,137.0,90.0,92.0,71.0
111.0,87.0,214.0,17.0,100.0,241.0,32.0,285.0,122.0,112.0,128.0,100.0,49.0,202.0,202.0
156.0,241.0,294.0,36.0,253.0,348.0,83.0,186.0,204.0,167.0,218.0,76.0,174.0,145.0,142.0
171.0,200.0,310.0,41.0,277.0,280.0,99.0,195.0,223.0,182.0,234.0,207.0,200.0,173.0,248.0
121.0,105.0,271.0,29.0,174.0,222.0,58.0,315.0,171.0,151.0,187.0,162.0,108.0,241.0,122.0
140.0,154.0,279.0,30.0,218.0,260.0,82.0,160.0,181.0,154.0,203.0,149.0,171.0,101.0,180.0
83.0,41.0,208.0,14.0,104.0,103.0,33.0,969.0,103.0,82.0,126.0,68.0,49.0,628.0,84.0
83.0,45.0,204.0,13.0,73.0,127.0,22.0,62.0,95.0,99.0,366.0,76.0,36.0,35.0,158.0
232.0,106.0,363.0,64.0,303.0,214.0,170.0,277.0,313.0,223.0,297.0,280.0,276.0,193.0,99.0
375.0,709.0,183.0,104.0,202.0,687.0,75.0,39.0,503.0,147.0,295.0,172.0,158.0,57.0,172.0
206.0,259.0,339.0,56.0,262.0,373.0,127.0,216.0,292.0,199.0,250.0,244.0,259.0,148.0,247.0
211.0,278.0,346.0,57.0,252.0,277.0,99.0,228.0,293.0,201.0,325.0,248.0,264.0,149.0,218.0
232.0,205.0,298.0,64.0,310.0,484.0,170.0,204.0,313.0,99.0,220.0,76.0,276.0,255.0,329.0
81.0,43.0,252.0,11.0,37.0,127.0,15.0,140.0,46.0,136.0,179.0,207.0,33.0,90.0,119.0
182.0,238.0,316.0,45.0,252.0,320.0,94.0,200.0,233.0,188.0,87.0,214.0,200.0,146.0,218.0
24.0,154.0,330.0,3.0,117.0,253.0,35.0,202.0,12.0,192.0,240.0,207.0,4.0,149.0,91.0
176.0,229.0,125.0,15.0,80.0,315.0,26.0,16.0,103.0,57.0,8.0,23.0,45.0,184.0,55.0
287.0,423.0,475.0,95.0,446.0,489.0,258.0,331.0,466.0,275.0,408.0,338.0,450.0,255.0,999.0
152.0,188.0,336.0,35.0,128.0,241.0,77.0,222.0,199.0,197.0,248.0,241.0,156.0,173.0,94.0
178.0,229.0,312.0,45.0,229.0,319.0,92.0,198.0,227.0,187.0,241.0,165.0,200.0,167.0,190.0
94.0,118.0,300.0,46.0,341.0,221.0,220.0,189.0,222.0,176.0,225.0,197.0,212.0,55.0,122.0
83.0,43.0,201.0,13.0,208.0,127.0,76.0,61.0,400.0,92.0,165.0,76.0,156.0,34.0,173.0
271.0,403.0,481.0,89.0,344.0,462.0,217.0,10.0,454.0,271.0,387.0,323.0,334.0,12.0,422.0
233.0,316.0,395.0,65.0,117.0,390.0,35.0,297.0,419.0,252.0,320.0,303.0,59.0,218.0,94.0
80.0,41.0,528.0,70.0,174.0,102.0,58.0,406.0,347.0,230.0,411.0,288.0,303.0,305.0,126.0
202.0,306.0,336.0,51.0,75.0,390.0,22.0,206.0,293.0,197.0,245.0,241.0,284.0,158.0,55.0
163.0,227.0,528.0,36.0,217.0,315.0,82.0,398.0,210.0,213.0,408.0,163.0,171.0,305.0,179.0
119.0,118.0,258.0,25.0,174.0,221.0,46.0,16.0,163.0,144.0,189.0,156.0,113.0,16.0,140.0
176.0,229.0,347.0,60.0,104.0,315.0,34.0,297.0,293.0,203.0,264.0,249.0,270.0,217.0,83.0
119.0,95.0,294.0,23.0,83.0,206.0,45.0,180.0,173.0,132.0,222.0,127.0,59.0,130.0,38.0
196.0,259.0,382.0,51.0,229.0,348.0,92.0,292.0,270.0,185.0,307.0,264.0,181.0,201.0,188.0
75.0,55.0,242.0,26.0,151.0,127.0,50.0,32.0,237.0,132.0,165.0,127.0,92.0,21.0,118.0
167.0,90.0,283.0,38.0,200.0,261.0,75.0,266.0,213.0,156.0,207.0,175.0,156.0,186.0,201.0
169.0,232.0,303.0,40.0,200.0,319.0,75.0,194.0,223.0,176.0,232.0,197.0,150.0,134.0,172.0
288.0,434.0,476.0,95.0,569.0,222.0,339.0,341.0,109.0,275.0,382.0,58.0,419.0,256.0,808.0
138.0,391.0,507.0,25.0,150.0,460.0,50.0,756.0,168.0,304.0,408.0,240.0,92.0,493.0,117.0
256.0,332.0,385.0,71.0,89.0,429.0,274.0,296.0,431.0,247.0,264.0,303.0,579.0,205.0,93.0
80.0,41.0,184.0,9.0,128.0,102.0,6.0,45.0,76.0,80.0,386.0,68.0,33.0,25.0,99.0
205.0,276.0,332.0,51.0,255.0,348.0,83.0,205.0,272.0,192.0,243.0,231.0,174.0,158.0,238.0
316.0,515.0,648.0,217.0,999.0,550.0,629.0,493.0,829.0,411.0,286.0,799.0,905.0,339.0,999.0
125.0,130.0,224.0,25.0,134.0,230.0,50.0,98.0,168.0,120.0,152.0,113.0,92.0,255.0,88.0
375.0,694.0,339.0,91.0,131.0,663.0,258.0,31.0,454.0,273.0,248.0,323.0,419.0,17.0,101.0
133.0,141.0,255.0,27.0,132.0,249.0,45.0,132.0,171.0,139.0,173.0,139.0,54.0,87.0,107.0
156.0,188.0,207.0,34.0,429.0,404.0,247.0,140.0,184.0,156.0,117.0,173.0,149.0,92.0,566.0
235.0,325.0,347.0,65.0,117.0,422.0,35.0,228.0,314.0,197.0,249.0,241.0,284.0,145.0,89.0
181.0,235.0,220.0,18.0,104.0,42.0,33.0,92.0,122.0,113.0,120.0,98.0,52.0,57.0,83.0
126.0,131.0,240.0,27.0,132.0,260.0,50.0,115.0,168.0,129.0,170.0,125.0,92.0,64.0,117.0
122.0,154.0,220.0,24.0,155.0,60.0,50.0,92.0,134.0,112.0,321.0,100.0,92.0,66.0,119.0
124.0,129.0,255.0,25.0,117.0,222.0,35.0,140.0,168.0,137.0,240.0,133.0,77.0,91.0,89.0
235.0,323.0,361.0,65.0,294.0,349.0,170.0,285.0,314.0,227.0,295.0,282.0,284.0,202.0,213.0
86.0,43.0,187.0,15.0,75.0,127.0,22.0,49.0,117.0,84.0,176.0,23.0,40.0,24.0,107.0
375.0,694.0,511.0,140.0,32.0,247.0,5.0,384.0,571.0,316.0,411.0,449.0,678.0,292.0,12.0
182.0,235.0,313.0,49.0,200.0,333.0,75.0,204.0,248.0,188.0,243.0,220.0,200.0,149.0,172.0
264.0,133.0,392.0,80.0,184.0,255.0,92.0,296.0,500.0,252.0,320.0,126.0,190.0,312.0,155.0
123.0,300.0,255.0,24.0,117.0,373.0,35.0,144.0,170.0,139.0,182.0,126.0,59.0,95.0,89.0
103.0,78.0,206.0,19.0,117.0,173.0,35.0,738.0,127.0,106.0,173.0,68.0,55.0,503.0,94.0
236.0,323.0,481.0,128.0,86.0,156.0,26.0,342.0,551.0,306.0,387.0,446.0,588.0,258.0,81.0
113.0,90.0,240.0,21.0,100.0,203.0,40.0,39.0,103.0,129.0,157.0,113.0,73.0,25.0,81.0
115.0,104.0,206.0,21.0,106.0,212.0,35.0,62.0,141.0,120.0,110.0,117.0,59.0,35.0,87.0
259.0,372.0,385.0,77.0,117.0,445.0,38.0,240.0,248.0,247.0,325.0,303.0,330.0,173.0,89.0
100.0,63.0,204.0,60.0,288.0,156.0,165.0,62.0,302.0,128.0,110.0,117.0,272.0,90.0,307.0
152.0,188.0,688.0,51.0,151.0,270.0,70.0,493.0,270.0,191.0,408.0,228.0,211.0,333.0,131.0
428.0,769.0,184.0,23.0,233.0,460.0,106.0,45.0,141.0,82.0,188.0,70.0,76.0,25.0,201.0
102.0,71.0,255.0,20.0,98.0,160.0,32.0,156.0,181.0,120.0,182.0,118.0,55.0,107.0,42.0
104.0,78.0,215.0,19.0,117.0,175.0,35.0,84.0,129.0,112.0,128.0,100.0,54.0,64.0,101.0
330.0,515.0,507.0,117.0,257.0,429.0,367.0,205.0,547.0,306.0,408.0,428.0,624.0,152.0,231.0
330.0,612.0,500.0,117.0,415.0,484.0,247.0,363.0,545.0,304.0,408.0,423.0,419.0,271.0,274.0
212.0,64.0,396.0,58.0,261.0,159.0,126.0,297.0,296.0,198.0,310.0,241.0,259.0,218.0,242.0
412.0,764.0,657.0,217.0,224.0,741.0,76.0,509.0,210.0,411.0,394.0,58.0,905.0,408.0,175.0
100.0,63.0,208.0,17.0,100.0,156.0,32.0,251.0,122.0,108.0,87.0,100.0,47.0,24.0,124.0
156.0,187.0,125.0,34.0,138.0,270.0,75.0,27.0,195.0,156.0,8.0,178.0,149.0,331.0,114.0
115.0,103.0,254.0,17.0,105.0,211.0,5.0,141.0,178.0,138.0,176.0,138.0,25.0,79.0,107.0
126.0,131.0,346.0,61.0,445.0,230.0,254.0,292.0,252.0,201.0,286.0,0.0,444.0,205.0,56.0
316.0,515.0,507.0,109.0,174.0,491.0,58.0,364.0,503.0,306.0,410.0,172.0,656.0,275.0,139.0
236.0,325.0,351.0,66.0,227.0,429.0,98.0,241.0,330.0,214.0,208.0,50.0,284.0,184.0,181.0
121.0,108.0,336.0,51.0,175.0,215.0,59.0,312.0,276.0,196.0,245.0,240.0,102.0,235.0,125.0
270.0,376.0,549.0,86.0,341.0,197.0,222.0,420.0,428.0,358.0,120.0,456.0,336.0,309.0,127.0
217.0,129.0,355.0,60.0,312.0,197.0,198.0,391.0,139.0,223.0,232.0,282.0,291.0,131.0,341.0
123.0,115.0,252.0,24.0,123.0,214.0,46.0,154.0,163.0,137.0,176.0,138.0,89.0,102.0,95.0
206.0,274.0,360.0,56.0,262.0,362.0,126.0,264.0,314.0,225.0,298.0,268.0,259.0,186.0,250.0
97.0,304.0,214.0,16.0,83.0,388.0,29.0,84.0,117.0,108.0,128.0,100.0,46.0,64.0,73.0
73.0,47.0,111.0,6.0,47.0,249.0,13.0,26.0,33.0,67.0,8.0,50.0,33.0,26.0,32.0
103.0,78.0,310.0,16.0,197.0,182.0,23.0,195.0,109.0,182.0,240.0,114.0,42.0,134.0,31.0
111.0,89.0,239.0,21.0,126.0,210.0,40.0,103.0,227.0,129.0,160.0,124.0,47.0,72.0,122.0
288.0,409.0,260.0,29.0,161.0,56.0,54.0,148.0,171.0,144.0,189.0,155.0,101.0,95.0,126.0
264.0,367.0,701.0,80.0,341.0,437.0,222.0,572.0,425.0,252.0,338.0,323.0,336.0,477.0,201.0
271.0,332.0,180.0,80.0,344.0,429.0,222.0,292.0,425.0,247.0,63.0,304.0,336.0,208.0,422.0
119.0,105.0,183.0,23.0,117.0,212.0,35.0,31.0,224.0,58.0,63.0,76.0,59.0,26.0,94.0
70.0,103.0,179.0,16.0,569.0,211.0,339.0,140.0,223.0,106.0,252.0,76.0,44.0,91.0,808.0
96.0,55.0,438.0,11.0,54.0,155.0,18.0,315.0,86.0,271.0,338.0,323.0,33.0,218.0,43.0
100.0,63.0,661.0,17.0,229.0,155.0,28.0,509.0,119.0,108.0,640.0,98.0,45.0,408.0,180.0
24.0,42.0,111.0,3.0,218.0,118.0,82.0,16.0,12.0,42.0,8.0,61.0,10.0,16.0,158.0
114.0,95.0,252.0,23.0,260.0,205.0,121.0,146.0,145.0,130.0,240.0,126.0,73.0,107.0,246.0
181.0,234.0,461.0,45.0,234.0,319.0,96.0,327.0,107.0,184.0,382.0,207.0,200.0,248.0,201.0
77.0,41.0,72.0,7.0,83.0,101.0,23.0,0.0,197.0,76.0,8.0,61.0,25.0,0.0,44.0
206.0,253.0,355.0,56.0,238.0,348.0,107.0,251.0,292.0,223.0,286.0,280.0,259.0,184.0,214.0
211.0,261.0,330.0,51.0,257.0,362.0,119.0,205.0,237.0,192.0,244.0,151.0,238.0,152.0,231.0
160.0,212.0,294.0,36.0,341.0,297.0,78.0,180.0,198.0,165.0,408.0,263.0,191.0,130.0,406.0
114.0,95.0,242.0,22.0,83.0,208.0,23.0,115.0,141.0,132.0,165.0,137.0,70.0,87.0,96.0
180.0,233.0,157.0,49.0,229.0,320.0,92.0,32.0,223.0,188.0,57.0,220.0,181.0,17.0,212.0
158.0,234.0,224.0,20.0,28.0,297.0,4.0,92.0,117.0,120.0,160.0,115.0,55.0,68.0,11.0
100.0,64.0,240.0,17.0,88.0,155.0,30.0,103.0,119.0,129.0,157.0,118.0,46.0,72.0,74.0
123.0,194.0,252.0,24.0,138.0,277.0,46.0,137.0,163.0,137.0,179.0,137.0,89.0,88.0,114.0
237.0,284.0,350.0,60.0,278.0,373.0,143.0,240.0,311.0,207.0,272.0,263.0,269.0,180.0,274.0
114.0,104.0,224.0,20.0,112.0,212.0,35.0,98.0,363.0,120.0,252.0,72.0,55.0,72.0,87.0
123.0,115.0,255.0,24.0,157.0,220.0,52.0,148.0,164.0,139.0,408.0,138.0,97.0,96.0,118.0
182.0,235.0,271.0,3.0,17.0,348.0,2.0,39.0,197.0,57.0,200.0,21.0,5.0,192.0,9.0
154.0,188.0,294.0,30.0,229.0,42.0,83.0,181.0,181.0,153.0,215.0,162.0,101.0,180.0,190.0
217.0,304.0,317.0,60.0,279.0,389.0,147.0,45.0,357.0,188.0,240.0,221.0,270.0,129.0,274.0
114.0,129.0,224.0,22.0,117.0,221.0,37.0,83.0,141.0,112.0,158.0,126.0,68.0,64.0,94.0
212.0,292.0,346.0,58.0,277.0,373.0,143.0,205.0,296.0,201.0,582.0,263.0,269.0,162.0,250.0
210.0,284.0,111.0,0.0,0.0,388.0,0.0,26.0,165.0,57.0,509.0,76.0,0.0,16.0,0.0
322.0,585.0,350.0,63.0,288.0,250.0,165.0,251.0,311.0,213.0,274.0,246.0,272.0,184.0,187.0
232.0,323.0,353.0,64.0,344.0,382.0,222.0,738.0,313.0,225.0,286.0,323.0,276.0,503.0,422.0
252.0,331.0,461.0,96.0,89.0,425.0,247.0,39.0,466.0,275.0,387.0,346.0,450.0,81.0,74.0
252.0,332.0,372.0,96.0,255.0,208.0,253.0,205.0,466.0,304.0,199.0,463.0,438.0,146.0,119.0
178.0,231.0,476.0,45.0,233.0,404.0,96.0,341.0,165.0,188.0,286.0,218.0,195.0,269.0,198.0
111.0,72.0,238.0,21.0,174.0,156.0,61.0,202.0,292.0,120.0,152.0,125.0,209.0,148.0,124.0
163.0,72.0,296.0,36.0,211.0,160.0,77.0,183.0,199.0,167.0,241.0,208.0,168.0,134.0,175.0
80.0,43.0,323.0,49.0,242.0,124.0,99.0,204.0,180.0,188.0,232.0,220.0,204.0,150.0,247.0
375.0,694.0,570.0,183.0,112.0,663.0,35.0,377.0,571.0,404.0,500.0,803.0,51.0,303.0,87.0
156.0,207.0,206.0,33.0,176.0,310.0,61.0,62.0,181.0,154.0,117.0,187.0,127.0,35.0,154.0
181.0,274.0,240.0,29.0,134.0,362.0,45.0,132.0,173.0,129.0,160.0,126.0,101.0,87.0,54.0
180.0,233.0,201.0,45.0,234.0,320.0,98.0,61.0,233.0,106.0,100.0,21.0,200.0,66.0,214.0
121.0,104.0,246.0,23.0,132.0,212.0,45.0,103.0,162.0,132.0,175.0,127.0,83.0,72.0,107.0
171.0,276.0,322.0,45.0,161.0,369.0,99.0,205.0,232.0,188.0,241.0,212.0,202.0,159.0,125.0
125.0,130.0,263.0,27.0,365.0,230.0,50.0,149.0,170.0,139.0,307.0,91.0,92.0,107.0,469.0
163.0,214.0,252.0,36.0,224.0,294.0,82.0,140.0,210.0,167.0,200.0,138.0,171.0,96.0,181.0
73.0,27.0,142.0,6.0,28.0,56.0,4.0,32.0,173.0,67.0,176.0,193.0,19.0,17.0,11.0
160.0,338.0,298.0,36.0,85.0,429.0,78.0,186.0,119.0,171.0,338.0,173.0,167.0,132.0,64.0
178.0,205.0,320.0,45.0,230.0,288.0,95.0,216.0,232.0,188.0,240.0,203.0,195.0,173.0,201.0
119.0,109.0,111.0,29.0,175.0,216.0,53.0,26.0,205.0,114.0,468.0,125.0,101.0,16.0,118.0
111.0,89.0,240.0,21.0,177.0,191.0,65.0,316.0,223.0,129.0,157.0,118.0,212.0,218.0,154.0
410.0,756.0,258.0,25.0,191.0,188.0,50.0,15.0,168.0,144.0,188.0,156.0,92.0,16.0,154.0
210.0,219.0,514.0,56.0,200.0,297.0,170.0,384.0,293.0,319.0,414.0,456.0,276.0,292.0,174.0
999.0,999.0,999.0,999.0,137.0,999.0,46.0,999.0,999.0,999.0,681.0,241.0,999.0,999.0,107.0
122.0,43.0,223.0,23.0,176.0,124.0,61.0,92.0,197.0,132.0,130.0,127.0,116.0,65.0,153.0
257.0,338.0,330.0,51.0,310.0,425.0,171.0,214.0,293.0,192.0,245.0,268.0,238.0,162.0,333.0
157.0,205.0,208.0,16.0,100.0,280.0,32.0,73.0,109.0,106.0,123.0,91.0,59.0,24.0,80.0
139.0,154.0,224.0,29.0,216.0,374.0,79.0,90.0,178.0,147.0,119.0,137.0,102.0,66.0,178.0
73.0,27.0,111.0,6.0,128.0,56.0,4.0,26.0,0.0,67.0,13.0,50.0,19.0,21.0,101.0
154.0,185.0,283.0,33.0,157.0,261.0,50.0,103.0,184.0,156.0,208.0,263.0,140.0,72.0,118.0
169.0,28.0,491.0,114.0,446.0,260.0,258.0,469.0,480.0,304.0,307.0,387.0,444.0,318.0,582.0
268.0,373.0,223.0,85.0,227.0,445.0,226.0,415.0,428.0,256.0,176.0,312.0,344.0,291.0,331.0
73.0,28.0,438.0,7.0,45.0,60.0,6.0,312.0,46.0,271.0,338.0,316.0,26.0,219.0,30.0
123.0,43.0,242.0,23.0,118.0,124.0,38.0,140.0,95.0,132.0,165.0,126.0,70.0,77.0,93.0
146.0,173.0,322.0,30.0,54.0,256.0,18.0,204.0,182.0,247.0,241.0,303.0,190.0,145.0,43.0
0.0,0.0,363.0,97.0,503.0,0.0,274.0,290.0,188.0,289.0,297.0,348.0,524.0,205.0,699.0
376.0,232.0,511.0,146.0,123.0,319.0,40.0,391.0,173.0,319.0,410.0,446.0,70.0,303.0,72.0
158.0,205.0,294.0,36.0,252.0,256.0,83.0,176.0,199.0,166.0,210.0,186.0,174.0,409.0,218.0
202.0,278.0,347.0,51.0,83.0,374.0,119.0,205.0,276.0,196.0,264.0,228.0,238.0,111.0,55.0
374.0,693.0,590.0,243.0,45.0,319.0,6.0,476.0,858.0,580.0,509.0,894.0,26.0,331.0,31.0
76.0,37.0,184.0,7.0,229.0,87.0,94.0,32.0,117.0,82.0,470.0,70.0,191.0,21.0,170.0
211.0,284.0,701.0,20.0,73.0,369.0,35.0,620.0,171.0,120.0,410.0,114.0,55.0,491.0,87.0
256.0,332.0,330.0,51.0,15.0,205.0,108.0,0.0,271.0,192.0,244.0,172.0,214.0,0.0,124.0
111.0,105.0,238.0,21.0,105.0,213.0,35.0,156.0,134.0,120.0,148.0,115.0,55.0,106.0,85.0
236.0,323.0,661.0,66.0,310.0,422.0,180.0,509.0,330.0,214.0,241.0,236.0,284.0,343.0,153.0
115.0,104.0,693.0,22.0,131.0,212.0,43.0,565.0,141.0,140.0,658.0,149.0,77.0,412.0,102.0
157.0,210.0,292.0,35.0,161.0,276.0,76.0,181.0,198.0,156.0,210.0,178.0,155.0,130.0,126.0
140.0,205.0,130.0,6.0,117.0,254.0,35.0,31.0,76.0,61.0,64.0,244.0,59.0,87.0,91.0
181.0,257.0,283.0,46.0,242.0,348.0,99.0,168.0,197.0,138.0,207.0,138.0,200.0,119.0,214.0
180.0,233.0,361.0,70.0,313.0,319.0,199.0,273.0,333.0,228.0,295.0,287.0,288.0,291.0,351.0
316.0,515.0,485.0,106.0,80.0,521.0,274.0,346.0,290.0,296.0,389.0,355.0,515.0,477.0,55.0
317.0,210.0,648.0,153.0,216.0,293.0,96.0,493.0,428.0,411.0,110.0,95.0,726.0,333.0,179.0
126.0,137.0,252.0,26.0,197.0,255.0,75.0,140.0,182.0,138.0,175.0,68.0,149.0,91.0,170.0
319.0,406.0,507.0,128.0,242.0,437.0,391.0,155.0,141.0,306.0,408.0,428.0,590.0,134.0,214.0
181.0,234.0,316.0,45.0,243.0,297.0,99.0,201.0,233.0,188.0,240.0,197.0,204.0,149.0,297.0
412.0,764.0,657.0,159.0,255.0,663.0,367.0,493.0,313.0,368.0,582.0,580.0,693.0,333.0,80.0
317.0,515.0,363.0,70.0,181.0,112.0,184.0,264.0,341.0,230.0,299.0,220.0,291.0,314.0,156.0
0.0,0.0,0.0,0.0,0.0,0.0,0.0,0.0,0.0,0.0,0.0,158.0,0.0,0.0,0.0
229.0,306.0,350.0,63.0,292.0,404.0,166.0,264.0,24.0,213.0,274.0,280.0,273.0,186.0,307.0
77.0,41.0,183.0,8.0,32.0,86.0,5.0,47.0,69.0,80.0,225.0,68.0,27.0,26.0,12.0
146.0,173.0,279.0,32.0,261.0,256.0,127.0,160.0,184.0,154.0,203.0,165.0,259.0,111.0,250.0
999.0,999.0,999.0,999.0,123.0,999.0,40.0,999.0,999.0,999.0,681.0,114.0,999.0,999.0,95.0
124.0,130.0,252.0,24.0,141.0,225.0,46.0,509.0,173.0,137.0,177.0,47.0,89.0,408.0,114.0
75.0,47.0,507.0,97.0,168.0,143.0,54.0,322.0,466.0,306.0,408.0,449.0,90.0,235.0,127.0
103.0,72.0,340.0,56.0,403.0,143.0,237.0,251.0,314.0,200.0,250.0,246.0,406.0,184.0,469.0
115.0,95.0,279.0,22.0,117.0,203.0,38.0,160.0,127.0,154.0,203.0,172.0,70.0,107.0,88.0
147.0,106.0,283.0,32.0,157.0,213.0,61.0,168.0,184.0,154.0,207.0,95.0,123.0,170.0,142.0
126.0,131.0,0.0,0.0,15.0,445.0,2.0,202.0,0.0,0.0,0.0,21.0,0.0,146.0,4.0
182.0,235.0,317.0,49.0,234.0,365.0,98.0,280.0,314.0,188.0,325.0,220.0,204.0,201.0,84.0
160.0,207.0,294.0,36.0,216.0,362.0,75.0,180.0,199.0,166.0,215.0,186.0,161.0,130.0,178.0
169.0,225.0,300.0,40.0,229.0,310.0,92.0,156.0,223.0,176.0,200.0,197.0,181.0,88.0,198.0
257.0,346.0,570.0,182.0,229.0,534.0,86.0,440.0,120.0,403.0,500.0,81.0,864.0,312.0,190.0
102.0,71.0,648.0,18.0,100.0,159.0,32.0,490.0,122.0,416.0,597.0,305.0,49.0,333.0,80.0
270.0,376.0,300.0,80.0,331.0,462.0,171.0,189.0,248.0,198.0,225.0,241.0,419.0,184.0,416.0
317.0,515.0,481.0,97.0,132.0,490.0,61.0,204.0,483.0,293.0,297.0,323.0,122.0,150.0,107.0
178.0,231.0,312.0,45.0,429.0,324.0,230.0,198.0,227.0,185.0,238.0,207.0,429.0,145.0,566.0
71.0,40.0,130.0,6.0,0.0,87.0,0.0,31.0,34.0,61.0,27.0,164.0,12.0,17.0,0.0
237.0,332.0,363.0,67.0,312.0,429.0,198.0,277.0,330.0,227.0,298.0,282.0,291.0,241.0,334.0
126.0,130.0,488.0,86.0,118.0,203.0,108.0,353.0,430.0,300.0,408.0,387.0,214.0,269.0,158.0
237.0,322.0,361.0,67.0,261.0,393.0,121.0,205.0,296.0,227.0,366.0,282.0,238.0,149.0,242.0
287.0,423.0,350.0,95.0,234.0,294.0,226.0,148.0,457.0,252.0,238.0,263.0,309.0,96.0,218.0
115.0,95.0,222.0,23.0,128.0,208.0,42.0,601.0,147.0,130.0,130.0,126.0,76.0,458.0,99.0
114.0,95.0,187.0,20.0,112.0,256.0,35.0,49.0,139.0,120.0,108.0,100.0,55.0,27.0,66.0
129.0,194.0,256.0,27.0,177.0,280.0,61.0,141.0,163.0,141.0,187.0,139.0,122.0,82.0,154.0
103.0,82.0,222.0,18.0,104.0,203.0,33.0,154.0,122.0,113.0,130.0,197.0,51.0,81.0,83.0
156.0,108.0,290.0,34.0,202.0,215.0,75.0,181.0,122.0,156.0,210.0,178.0,149.0,132.0,178.0
178.0,235.0,311.0,45.0,279.0,230.0,148.0,205.0,145.0,187.0,320.0,212.0,269.0,26.0,274.0
158.0,205.0,449.0,97.0,73.0,293.0,33.0,290.0,454.0,275.0,245.0,348.0,52.0,205.0,52.0
114.0,95.0,299.0,22.0,117.0,210.0,35.0,187.0,145.0,176.0,222.0,167.0,70.0,130.0,93.0
202.0,203.0,293.0,30.0,161.0,280.0,53.0,49.0,182.0,160.0,210.0,139.0,101.0,27.0,126.0
160.0,207.0,187.0,6.0,28.0,328.0,2.0,49.0,24.0,82.0,87.0,72.0,10.0,27.0,274.0
156.0,180.0,247.0,34.0,211.0,260.0,75.0,205.0,194.0,156.0,175.0,193.0,149.0,173.0,175.0
224.0,304.0,360.0,51.0,206.0,390.0,107.0,264.0,363.0,192.0,287.0,240.0,212.0,193.0,119.0
92.0,63.0,224.0,16.0,104.0,156.0,34.0,98.0,222.0,107.0,165.0,98.0,59.0,71.0,82.0
241.0,323.0,475.0,86.0,257.0,407.0,138.0,346.0,428.0,275.0,386.0,355.0,264.0,259.0,155.0
104.0,108.0,267.0,18.0,105.0,215.0,33.0,155.0,122.0,151.0,200.0,162.0,52.0,81.0,84.0
96.0,55.0,208.0,16.0,89.0,144.0,30.0,82.0,117.0,106.0,122.0,98.0,45.0,62.0,74.0
202.0,274.0,340.0,51.0,202.0,362.0,75.0,214.0,292.0,196.0,250.0,240.0,155.0,305.0,172.0
330.0,585.0,485.0,117.0,403.0,521.0,19.0,346.0,551.0,296.0,20.0,355.0,36.0,269.0,469.0
374.0,693.0,514.0,137.0,83.0,390.0,19.0,313.0,570.0,319.0,419.0,374.0,209.0,240.0,66.0
236.0,322.0,348.0,66.0,303.0,390.0,166.0,232.0,518.0,223.0,272.0,323.0,273.0,180.0,134.0
224.0,304.0,347.0,60.0,229.0,389.0,92.0,228.0,296.0,203.0,264.0,298.0,181.0,170.0,192.0
24.0,0.0,126.0,6.0,410.0,0.0,237.0,27.0,127.0,61.0,0.0,165.0,42.0,24.0,678.0
206.0,278.0,312.0,56.0,165.0,369.0,98.0,197.0,292.0,199.0,236.0,280.0,260.0,90.0,125.0
84.0,47.0,395.0,41.0,242.0,127.0,99.0,297.0,293.0,182.0,321.0,207.0,190.0,217.0,215.0
83.0,42.0,111.0,3.0,157.0,227.0,50.0,26.0,163.0,42.0,8.0,0.0,4.0,16.0,119.0
123.0,137.0,157.0,29.0,157.0,203.0,50.0,32.0,170.0,82.0,241.0,69.0,101.0,20.0,119.0
132.0,137.0,283.0,29.0,260.0,260.0,121.0,194.0,173.0,154.0,207.0,172.0,102.0,503.0,238.0
288.0,461.0,336.0,65.0,112.0,486.0,35.0,392.0,314.0,223.0,248.0,264.0,284.0,305.0,88.0
229.0,278.0,350.0,61.0,292.0,369.0,166.0,83.0,313.0,213.0,274.0,264.0,273.0,65.0,307.0
376.0,717.0,491.0,146.0,445.0,809.0,261.0,358.0,571.0,304.0,402.0,207.0,494.0,245.0,469.0
165.0,234.0,299.0,38.0,260.0,308.0,121.0,296.0,210.0,174.0,222.0,207.0,175.0,184.0,240.0
214.0,301.0,254.0,29.0,174.0,382.0,54.0,140.0,173.0,138.0,148.0,139.0,109.0,91.0,140.0
138.0,276.0,260.0,29.0,175.0,362.0,58.0,148.0,178.0,144.0,188.0,156.0,108.0,96.0,25.0
100.0,62.0,440.0,17.0,176.0,155.0,61.0,316.0,119.0,368.0,264.0,298.0,47.0,219.0,154.0
83.0,42.0,449.0,91.0,434.0,112.0,253.0,322.0,454.0,273.0,382.0,323.0,419.0,412.0,566.0
429.0,844.0,279.0,185.0,134.0,362.0,45.0,158.0,95.0,404.0,203.0,822.0,90.0,208.0,96.0
86.0,87.0,204.0,14.0,55.0,328.0,18.0,62.0,99.0,99.0,206.0,76.0,36.0,34.0,45.0
100.0,64.0,212.0,17.0,50.0,159.0,32.0,83.0,122.0,108.0,262.0,100.0,47.0,65.0,12.0
71.0,28.0,299.0,89.0,331.0,102.0,217.0,187.0,452.0,174.0,222.0,196.0,429.0,130.0,404.0
375.0,709.0,532.0,148.0,105.0,306.0,80.0,406.0,215.0,347.0,465.0,460.0,444.0,305.0,85.0
124.0,130.0,256.0,25.0,155.0,230.0,53.0,144.0,165.0,138.0,187.0,139.0,92.0,95.0,118.0
306.0,769.0,208.0,15.0,137.0,809.0,16.0,82.0,103.0,105.0,117.0,95.0,40.0,62.0,111.0
0.0,0.0,201.0,0.0,15.0,0.0,1.0,61.0,0.0,92.0,100.0,76.0,0.0,34.0,4.0
167.0,235.0,300.0,38.0,278.0,382.0,82.0,146.0,223.0,176.0,226.0,197.0,177.0,106.0,242.0
158.0,205.0,300.0,38.0,104.0,288.0,50.0,189.0,223.0,174.0,226.0,69.0,175.0,133.0,83.0
80.0,41.0,190.0,11.0,73.0,102.0,22.0,51.0,168.0,84.0,130.0,164.0,33.0,28.0,88.0
270.0,376.0,476.0,86.0,341.0,372.0,226.0,363.0,428.0,273.0,382.0,323.0,369.0,271.0,95.0
97.0,56.0,239.0,16.0,86.0,155.0,29.0,176.0,117.0,139.0,272.0,353.0,46.0,125.0,80.0
119.0,135.0,263.0,23.0,131.0,358.0,45.0,149.0,178.0,147.0,210.0,84.0,76.0,331.0,102.0
80.0,41.0,184.0,9.0,47.0,103.0,9.0,175.0,76.0,80.0,87.0,155.0,33.0,129.0,32.0
171.0,227.0,294.0,51.0,98.0,312.0,32.0,180.0,270.0,144.0,208.0,155.0,219.0,412.0,77.0
428.0,769.0,475.0,185.0,735.0,809.0,444.0,341.0,858.0,381.0,394.0,118.0,678.0,312.0,881.0
122.0,87.0,252.0,24.0,145.0,193.0,50.0,0.0,162.0,137.0,176.0,137.0,102.0,0.0,116.0
205.0,276.0,323.0,55.0,280.0,389.0,150.0,204.0,290.0,198.0,241.0,241.0,256.0,150.0,111.0
152.0,185.0,279.0,33.0,128.0,254.0,42.0,181.0,184.0,154.0,203.0,162.0,128.0,131.0,102.0
77.0,41.0,184.0,8.0,28.0,437.0,2.0,32.0,69.0,81.0,129.0,68.0,27.0,87.0,66.0
81.0,43.0,187.0,11.0,47.0,191.0,16.0,47.0,223.0,83.0,84.0,70.0,33.0,26.0,74.0
101.0,82.0,207.0,14.0,75.0,191.0,23.0,202.0,99.0,99.0,120.0,76.0,36.0,145.0,54.0
156.0,219.0,296.0,36.0,206.0,297.0,78.0,183.0,95.0,167.0,203.0,187.0,161.0,132.0,134.0
429.0,391.0,360.0,201.0,73.0,448.0,19.0,266.0,134.0,425.0,302.0,856.0,905.0,186.0,238.0
122.0,104.0,251.0,24.0,100.0,212.0,32.0,144.0,163.0,136.0,175.0,133.0,83.0,95.0,81.0
103.0,76.0,215.0,18.0,331.0,154.0,32.0,84.0,122.0,112.0,129.0,100.0,46.0,62.0,404.0
270.0,249.0,363.0,87.0,410.0,362.0,243.0,280.0,457.0,269.0,299.0,268.0,419.0,201.0,469.0
237.0,323.0,549.0,110.0,403.0,448.0,237.0,420.0,252.0,300.0,470.0,387.0,579.0,305.0,469.0
147.0,173.0,298.0,38.0,229.0,256.0,83.0,323.0,213.0,171.0,222.0,208.0,174.0,245.0,101.0
167.0,193.0,350.0,80.0,415.0,277.0,226.0,342.0,425.0,213.0,274.0,330.0,337.0,258.0,246.0
375.0,694.0,530.0,140.0,186.0,249.0,382.0,398.0,571.0,322.0,366.0,460.0,656.0,305.0,201.0
134.0,145.0,347.0,60.0,32.0,250.0,143.0,228.0,302.0,203.0,262.0,282.0,269.0,174.0,12.0
287.0,403.0,386.0,95.0,230.0,208.0,94.0,296.0,457.0,227.0,320.0,282.0,191.0,218.0,201.0
333.0,612.0,514.0,133.0,434.0,534.0,253.0,415.0,571.0,319.0,411.0,456.0,726.0,311.0,566.0
156.0,233.0,457.0,35.0,200.0,294.0,75.0,292.0,197.0,153.0,366.0,124.0,155.0,305.0,172.0
0.0,0.0,300.0,0.0,145.0,0.0,43.0,83.0,0.0,115.0,215.0,163.0,0.0,25.0,116.0
103.0,72.0,208.0,26.0,145.0,156.0,50.0,83.0,158.0,101.0,286.0,76.0,92.0,64.0,116.0
92.0,90.0,440.0,17.0,446.0,200.0,253.0,313.0,119.0,108.0,373.0,101.0,46.0,300.0,574.0
212.0,304.0,346.0,58.0,310.0,388.0,165.0,223.0,296.0,201.0,287.0,249.0,272.0,170.0,95.0
76.0,55.0,207.0,15.0,83.0,143.0,23.0,80.0,107.0,103.0,119.0,76.0,42.0,58.0,55.0
152.0,221.0,111.0,33.0,138.0,247.0,46.0,16.0,147.0,57.0,63.0,163.0,90.0,16.0,114.0
241.0,323.0,363.0,67.0,311.0,407.0,188.0,297.0,330.0,223.0,241.0,108.0,303.0,218.0,274.0
156.0,205.0,999.0,58.0,83.0,369.0,24.0,999.0,297.0,247.0,50.0,304.0,269.0,343.0,87.0
154.0,188.0,206.0,34.0,174.0,297.0,58.0,103.0,194.0,128.0,100.0,117.0,145.0,72.0,139.0
171.0,219.0,553.0,41.0,230.0,297.0,94.0,481.0,431.0,356.0,465.0,117.0,190.0,328.0,201.0
311.0,45.0,224.0,97.0,445.0,127.0,253.0,97.0,500.0,114.0,149.0,127.0,500.0,72.0,473.0
152.0,180.0,266.0,33.0,476.0,260.0,262.0,154.0,184.0,154.0,207.0,165.0,128.0,102.0,678.0
316.0,515.0,701.0,104.0,310.0,486.0,172.0,312.0,500.0,595.0,833.0,138.0,284.0,241.0,202.0
104.0,78.0,190.0,19.0,132.0,422.0,33.0,51.0,210.0,84.0,91.0,76.0,52.0,26.0,107.0
140.0,203.0,278.0,30.0,176.0,281.0,61.0,205.0,180.0,151.0,201.0,162.0,116.0,62.0,156.0
182.0,207.0,481.0,17.0,89.0,315.0,30.0,342.0,120.0,296.0,387.0,355.0,46.0,258.0,74.0
125.0,130.0,639.0,25.0,150.0,222.0,50.0,490.0,170.0,411.0,500.0,463.0,92.0,72.0,297.0
178.0,169.0,336.0,45.0,238.0,254.0,96.0,228.0,232.0,187.0,245.0,208.0,195.0,169.0,42.0
105.0,90.0,661.0,17.0,141.0,200.0,50.0,222.0,119.0,524.0,654.0,221.0,92.0,208.0,117.0
202.0,261.0,312.0,51.0,229.0,221.0,92.0,205.0,288.0,176.0,238.0,204.0,209.0,152.0,181.0
70.0,214.0,322.0,21.0,117.0,306.0,35.0,204.0,134.0,188.0,241.0,221.0,59.0,150.0,89.0
229.0,306.0,350.0,63.0,191.0,389.0,78.0,200.0,311.0,213.0,274.0,263.0,149.0,107.0,160.0
266.0,372.0,360.0,61.0,175.0,445.0,94.0,240.0,313.0,225.0,307.0,282.0,272.0,503.0,178.0
75.0,36.0,180.0,7.0,28.0,102.0,4.0,39.0,147.0,76.0,50.0,348.0,19.0,24.0,9.0
270.0,376.0,252.0,85.0,228.0,439.0,226.0,140.0,95.0,247.0,152.0,304.0,344.0,91.0,156.0
187.0,89.0,385.0,51.0,89.0,197.0,33.0,293.0,271.0,247.0,297.0,301.0,52.0,208.0,66.0
187.0,257.0,661.0,243.0,15.0,348.0,530.0,601.0,545.0,524.0,654.0,799.0,923.0,491.0,4.0
114.0,95.0,582.0,22.0,106.0,203.0,35.0,470.0,103.0,408.0,509.0,158.0,70.0,319.0,87.0
139.0,164.0,392.0,29.0,161.0,253.0,53.0,481.0,172.0,252.0,320.0,312.0,101.0,312.0,127.0
171.0,229.0,312.0,45.0,228.0,315.0,85.0,155.0,233.0,188.0,249.0,178.0,176.0,101.0,114.0
206.0,338.0,346.0,56.0,191.0,437.0,129.0,223.0,292.0,201.0,468.0,248.0,259.0,510.0,122.0
168.0,225.0,300.0,38.0,228.0,320.0,85.0,192.0,191.0,174.0,225.0,196.0,175.0,134.0,183.0
163.0,210.0,292.0,36.0,218.0,293.0,79.0,176.0,191.0,156.0,211.0,178.0,168.0,91.0,175.0
232.0,316.0,590.0,64.0,277.0,390.0,150.0,476.0,313.0,411.0,419.0,196.0,276.0,409.0,246.0
124.0,42.0,184.0,25.0,123.0,349.0,50.0,45.0,168.0,138.0,84.0,126.0,92.0,25.0,96.0
377.0,756.0,532.0,148.0,446.0,214.0,258.0,406.0,545.0,347.0,449.0,108.0,450.0,308.0,699.0
119.0,89.0,255.0,26.0,138.0,191.0,46.0,141.0,170.0,139.0,182.0,167.0,92.0,57.0,122.0
163.0,231.0,266.0,36.0,202.0,319.0,75.0,154.0,210.0,167.0,203.0,155.0,149.0,106.0,173.0
126.0,194.0,267.0,26.0,155.0,281.0,50.0,266.0,170.0,150.0,200.0,164.0,92.0,248.0,117.0
123.0,118.0,240.0,22.0,28.0,225.0,4.0,110.0,144.0,129.0,152.0,126.0,70.0,77.0,12.0
232.0,306.0,263.0,29.0,277.0,390.0,139.0,149.0,177.0,147.0,157.0,197.0,264.0,96.0,250.0
123.0,137.0,204.0,25.0,131.0,241.0,45.0,39.0,210.0,138.0,250.0,134.0,85.0,25.0,248.0
196.0,257.0,688.0,51.0,262.0,349.0,121.0,532.0,276.0,193.0,658.0,263.0,239.0,409.0,246.0
96.0,55.0,126.0,5.0,75.0,154.0,19.0,10.0,162.0,58.0,29.0,25.0,5.0,319.0,89.0
126.0,130.0,661.0,27.0,73.0,221.0,19.0,490.0,145.0,138.0,88.0,139.0,40.0,339.0,158.0
71.0,27.0,266.0,6.0,161.0,56.0,82.0,176.0,172.0,63.0,214.0,47.0,12.0,122.0,91.0
122.0,108.0,661.0,24.0,132.0,215.0,45.0,168.0,163.0,374.0,458.0,582.0,84.0,119.0,32.0
83.0,27.0,206.0,13.0,161.0,56.0,50.0,73.0,98.0,99.0,110.0,76.0,92.0,248.0,126.0
167.0,238.0,299.0,38.0,224.0,344.0,61.0,148.0,213.0,174.0,222.0,196.0,176.0,96.0,181.0
156.0,212.0,187.0,32.0,191.0,294.0,61.0,47.0,182.0,82.0,88.0,58.0,123.0,26.0,157.0
156.0,194.0,271.0,36.0,248.0,324.0,126.0,176.0,204.0,151.0,211.0,162.0,256.0,107.0,216.0
171.0,238.0,346.0,60.0,248.0,393.0,121.0,214.0,369.0,203.0,261.0,162.0,239.0,169.0,216.0
24.0,89.0,201.0,3.0,83.0,175.0,0.0,59.0,12.0,92.0,100.0,76.0,4.0,30.0,80.0
71.0,27.0,142.0,16.0,104.0,809.0,34.0,31.0,480.0,106.0,27.0,98.0,44.0,21.0,84.0
165.0,214.0,438.0,38.0,292.0,294.0,166.0,315.0,222.0,271.0,338.0,323.0,171.0,241.0,212.0
375.0,717.0,852.0,137.0,344.0,306.0,222.0,885.0,570.0,319.0,654.0,456.0,656.0,583.0,422.0
168.0,225.0,299.0,41.0,206.0,293.0,77.0,187.0,223.0,176.0,222.0,178.0,156.0,133.0,94.0
377.0,221.0,279.0,148.0,202.0,261.0,75.0,92.0,571.0,154.0,203.0,186.0,726.0,66.0,81.0
375.0,694.0,514.0,137.0,448.0,445.0,261.0,363.0,571.0,319.0,414.0,456.0,751.0,271.0,604.0
163.0,219.0,296.0,36.0,200.0,297.0,75.0,183.0,210.0,167.0,220.0,186.0,167.0,328.0,172.0
126.0,145.0,257.0,27.0,145.0,250.0,50.0,297.0,171.0,141.0,187.0,162.0,92.0,217.0,139.0
183.0,348.0,323.0,50.0,234.0,222.0,106.0,204.0,253.0,190.0,238.0,197.0,211.0,150.0,202.0
104.0,182.0,224.0,19.0,85.0,261.0,33.0,92.0,125.0,115.0,149.0,113.0,54.0,131.0,66.0
124.0,128.0,279.0,29.0,176.0,206.0,77.0,160.0,46.0,150.0,200.0,163.0,156.0,106.0,153.0
178.0,232.0,339.0,41.0,227.0,319.0,94.0,315.0,223.0,182.0,250.0,264.0,190.0,64.0,201.0
196.0,259.0,283.0,36.0,202.0,439.0,75.0,168.0,199.0,156.0,207.0,162.0,158.0,201.0,173.0
160.0,205.0,361.0,71.0,313.0,288.0,199.0,266.0,357.0,227.0,286.0,282.0,309.0,303.0,173.0
154.0,188.0,300.0,36.0,448.0,270.0,261.0,194.0,195.0,176.0,238.0,197.0,494.0,131.0,604.0
485.0,130.0,639.0,183.0,275.0,235.0,570.0,490.0,222.0,404.0,408.0,101.0,888.0,333.0,234.0
237.0,322.0,360.0,67.0,191.0,390.0,69.0,266.0,293.0,227.0,298.0,282.0,109.0,292.0,157.0
168.0,225.0,255.0,38.0,200.0,312.0,75.0,137.0,213.0,139.0,189.0,133.0,154.0,88.0,172.0
100.0,56.0,215.0,18.0,105.0,155.0,35.0,83.0,122.0,113.0,129.0,138.0,47.0,64.0,84.0
183.0,259.0,310.0,41.0,311.0,319.0,180.0,195.0,223.0,182.0,234.0,207.0,284.0,145.0,334.0
205.0,276.0,337.0,55.0,312.0,270.0,198.0,297.0,290.0,198.0,249.0,241.0,276.0,213.0,341.0
206.0,276.0,340.0,53.0,157.0,365.0,52.0,197.0,302.0,197.0,338.0,240.0,214.0,28.0,122.0
94.0,95.0,747.0,51.0,255.0,210.0,107.0,481.0,271.0,660.0,320.0,911.0,212.0,328.0,234.0
111.0,87.0,224.0,21.0,47.0,270.0,13.0,98.0,163.0,120.0,152.0,133.0,40.0,71.0,42.0
375.0,694.0,256.0,140.0,723.0,656.0,396.0,146.0,571.0,322.0,210.0,457.0,656.0,96.0,214.0
71.0,53.0,385.0,77.0,279.0,143.0,203.0,620.0,293.0,247.0,309.0,288.0,303.0,477.0,274.0
123.0,40.0,256.0,24.0,294.0,86.0,46.0,146.0,222.0,137.0,187.0,137.0,89.0,96.0,308.0
111.0,89.0,238.0,21.0,100.0,188.0,33.0,73.0,134.0,120.0,157.0,114.0,54.0,64.0,71.0
81.0,42.0,187.0,11.0,83.0,143.0,16.0,47.0,122.0,83.0,88.0,69.0,33.0,156.0,55.0
246.0,322.0,511.0,133.0,141.0,407.0,261.0,148.0,199.0,316.0,411.0,449.0,639.0,491.0,183.0
178.0,231.0,323.0,45.0,230.0,319.0,92.0,163.0,224.0,185.0,419.0,207.0,195.0,116.0,201.0
236.0,229.0,356.0,66.0,311.0,315.0,184.0,259.0,330.0,225.0,309.0,330.0,284.0,628.0,333.0
181.0,234.0,361.0,46.0,261.0,333.0,99.0,266.0,237.0,176.0,298.0,355.0,202.0,186.0,242.0
412.0,764.0,661.0,182.0,360.0,362.0,226.0,509.0,638.0,425.0,597.0,190.0,344.0,390.0,80.0
412.0,764.0,580.0,177.0,735.0,656.0,485.0,470.0,302.0,404.0,402.0,580.0,726.0,319.0,808.0
111.0,89.0,238.0,21.0,275.0,193.0,126.0,103.0,125.0,120.0,152.0,117.0,59.0,72.0,247.0
311.0,488.0,481.0,97.0,262.0,490.0,165.0,704.0,480.0,296.0,387.0,353.0,272.0,296.0,248.0
214.0,331.0,661.0,58.0,278.0,706.0,143.0,509.0,297.0,322.0,410.0,457.0,269.0,343.0,246.0
429.0,43.0,648.0,182.0,200.0,124.0,75.0,194.0,660.0,403.0,582.0,302.0,150.0,134.0,172.0
168.0,225.0,300.0,38.0,341.0,310.0,220.0,189.0,223.0,176.0,264.0,197.0,334.0,106.0,422.0
152.0,182.0,283.0,33.0,104.0,261.0,35.0,168.0,187.0,154.0,211.0,160.0,136.0,116.0,80.0
295.0,461.0,532.0,143.0,177.0,489.0,444.0,392.0,571.0,347.0,400.0,463.0,678.0,303.0,154.0
138.0,214.0,657.0,30.0,184.0,294.0,61.0,509.0,178.0,120.0,238.0,114.0,123.0,339.0,155.0
167.0,215.0,507.0,38.0,257.0,289.0,99.0,364.0,223.0,304.0,408.0,346.0,181.0,269.0,240.0
126.0,131.0,224.0,29.0,174.0,210.0,58.0,154.0,162.0,138.0,149.0,138.0,101.0,102.0,142.0
182.0,235.0,374.0,60.0,331.0,341.0,147.0,285.0,205.0,203.0,338.0,312.0,269.0,583.0,404.0
999.0,999.0,999.0,999.0,999.0,999.0,999.0,999.0,999.0,999.0,307.0,856.0,999.0,999.0,999.0
266.0,461.0,207.0,80.0,131.0,498.0,43.0,80.0,425.0,106.0,160.0,127.0,77.0,57.0,101.0
266.0,372.0,688.0,77.0,341.0,445.0,217.0,154.0,363.0,660.0,654.0,803.0,331.0,79.0,406.0
314.0,257.0,500.0,97.0,137.0,348.0,261.0,364.0,400.0,304.0,408.0,428.0,494.0,308.0,122.0
237.0,323.0,693.0,217.0,89.0,390.0,32.0,346.0,145.0,580.0,658.0,894.0,48.0,259.0,89.0
259.0,403.0,339.0,51.0,260.0,462.0,119.0,194.0,466.0,196.0,252.0,244.0,238.0,134.0,238.0
111.0,89.0,296.0,21.0,85.0,191.0,29.0,183.0,145.0,167.0,222.0,187.0,59.0,132.0,63.0
122.0,92.0,252.0,27.0,189.0,206.0,58.0,132.0,170.0,141.0,176.0,156.0,109.0,65.0,173.0
163.0,173.0,283.0,36.0,277.0,256.0,83.0,168.0,210.0,156.0,208.0,173.0,168.0,245.0,250.0
256.0,332.0,363.0,70.0,341.0,468.0,180.0,277.0,343.0,238.0,297.0,287.0,284.0,71.0,116.0
268.0,173.0,379.0,80.0,128.0,256.0,226.0,292.0,638.0,247.0,310.0,304.0,344.0,208.0,99.0
126.0,135.0,215.0,18.0,157.0,241.0,50.0,83.0,120.0,112.0,239.0,98.0,92.0,64.0,127.0
156.0,193.0,300.0,35.0,174.0,203.0,78.0,189.0,195.0,176.0,230.0,197.0,155.0,133.0,198.0
244.0,323.0,346.0,70.0,312.0,407.0,198.0,214.0,341.0,202.0,108.0,257.0,291.0,180.0,341.0
70.0,320.0,215.0,6.0,128.0,397.0,42.0,84.0,34.0,112.0,128.0,323.0,76.0,64.0,97.0
113.0,90.0,260.0,21.0,117.0,191.0,37.0,146.0,163.0,129.0,189.0,117.0,68.0,96.0,93.0
103.0,108.0,126.0,17.0,216.0,215.0,80.0,10.0,122.0,120.0,27.0,113.0,97.0,628.0,179.0
214.0,301.0,339.0,58.0,88.0,397.0,143.0,266.0,293.0,190.0,249.0,208.0,269.0,186.0,71.0
268.0,310.0,414.0,86.0,112.0,390.0,217.0,312.0,431.0,265.0,326.0,317.0,369.0,583.0,173.0
115.0,95.0,224.0,36.0,131.0,203.0,43.0,98.0,199.0,120.0,179.0,114.0,83.0,72.0,102.0
126.0,135.0,353.0,29.0,89.0,241.0,32.0,259.0,172.0,147.0,286.0,149.0,48.0,185.0,74.0
165.0,205.0,507.0,41.0,275.0,268.0,96.0,403.0,224.0,182.0,410.0,214.0,191.0,65.0,247.0
183.0,235.0,336.0,50.0,157.0,333.0,106.0,251.0,253.0,197.0,249.0,241.0,211.0,184.0,119.0
206.0,281.0,323.0,51.0,261.0,462.0,121.0,186.0,281.0,193.0,241.0,236.0,252.0,132.0,242.0
317.0,618.0,485.0,104.0,174.0,498.0,262.0,313.0,224.0,296.0,394.0,582.0,464.0,159.0,119.0
156.0,174.0,290.0,34.0,230.0,270.0,99.0,176.0,193.0,156.0,208.0,178.0,202.0,130.0,202.0
229.0,306.0,438.0,91.0,445.0,389.0,254.0,315.0,215.0,271.0,338.0,323.0,429.0,241.0,566.0
181.0,235.0,476.0,49.0,191.0,255.0,99.0,342.0,223.0,188.0,386.0,220.0,200.0,269.0,156.0
103.0,173.0,747.0,25.0,145.0,249.0,50.0,481.0,163.0,660.0,833.0,241.0,92.0,331.0,116.0
163.0,214.0,294.0,36.0,197.0,294.0,79.0,181.0,187.0,167.0,210.0,178.0,167.0,130.0,148.0
295.0,461.0,580.0,97.0,184.0,479.0,261.0,470.0,483.0,404.0,500.0,463.0,500.0,319.0,155.0
271.0,409.0,363.0,91.0,524.0,60.0,274.0,266.0,454.0,273.0,299.0,323.0,494.0,201.0,93.0
124.0,128.0,347.0,25.0,277.0,220.0,78.0,259.0,168.0,207.0,230.0,263.0,90.0,185.0,248.0
70.0,27.0,111.0,6.0,55.0,56.0,18.0,26.0,34.0,63.0,245.0,47.0,35.0,16.0,154.0
92.0,214.0,220.0,16.0,217.0,294.0,79.0,90.0,191.0,113.0,128.0,133.0,35.0,65.0,144.0
376.0,717.0,550.0,182.0,85.0,706.0,29.0,358.0,480.0,381.0,470.0,681.0,46.0,269.0,0.0
196.0,257.0,688.0,51.0,55.0,362.0,107.0,532.0,272.0,191.0,200.0,301.0,212.0,55.0,64.0
103.0,72.0,382.0,18.0,106.0,160.0,33.0,144.0,117.0,57.0,309.0,23.0,52.0,82.0,87.0
187.0,253.0,326.0,51.0,252.0,348.0,99.0,32.0,270.0,191.0,243.0,228.0,209.0,21.0,218.0
414.0,769.0,580.0,182.0,117.0,767.0,35.0,470.0,425.0,404.0,483.0,582.0,42.0,319.0,93.0
156.0,169.0,312.0,35.0,200.0,256.0,62.0,198.0,197.0,185.0,238.0,207.0,156.0,149.0,170.0
270.0,346.0,648.0,86.0,260.0,437.0,121.0,490.0,428.0,296.0,302.0,387.0,369.0,255.0,142.0
259.0,348.0,417.0,97.0,344.0,439.0,243.0,312.0,400.0,278.0,333.0,346.0,408.0,235.0,307.0
121.0,108.0,257.0,27.0,157.0,215.0,52.0,146.0,170.0,151.0,182.0,162.0,97.0,96.0,126.0
410.0,756.0,363.0,71.0,261.0,188.0,127.0,277.0,210.0,243.0,302.0,298.0,259.0,193.0,242.0
24.0,21.0,385.0,77.0,189.0,203.0,222.0,293.0,369.0,246.0,310.0,302.0,336.0,208.0,156.0
333.0,618.0,500.0,133.0,313.0,448.0,199.0,391.0,547.0,304.0,408.0,428.0,303.0,305.0,351.0
163.0,214.0,300.0,36.0,228.0,293.0,85.0,192.0,223.0,176.0,225.0,207.0,168.0,173.0,187.0
257.0,331.0,507.0,128.0,723.0,429.0,396.0,364.0,545.0,306.0,408.0,21.0,590.0,275.0,274.0
205.0,276.0,337.0,53.0,365.0,362.0,75.0,212.0,290.0,197.0,249.0,241.0,256.0,314.0,455.0
134.0,145.0,105.0,35.0,261.0,250.0,95.0,140.0,199.0,57.0,20.0,23.0,219.0,628.0,242.0
146.0,104.0,485.0,87.0,410.0,212.0,237.0,346.0,425.0,296.0,389.0,355.0,406.0,131.0,473.0
288.0,461.0,553.0,177.0,966.0,489.0,570.0,438.0,178.0,381.0,468.0,100.0,751.0,312.0,808.0
233.0,316.0,351.0,65.0,311.0,393.0,184.0,49.0,314.0,214.0,245.0,263.0,288.0,27.0,473.0
256.0,332.0,747.0,97.0,217.0,437.0,230.0,718.0,425.0,660.0,833.0,203.0,500.0,134.0,179.0
317.0,515.0,481.0,109.0,160.0,227.0,444.0,391.0,501.0,296.0,386.0,212.0,678.0,296.0,124.0
121.0,108.0,257.0,27.0,104.0,215.0,33.0,155.0,171.0,141.0,29.0,124.0,54.0,106.0,82.0
94.0,27.0,530.0,16.0,83.0,56.0,23.0,32.0,107.0,106.0,175.0,91.0,42.0,21.0,56.0
129.0,95.0,372.0,65.0,723.0,253.0,444.0,285.0,314.0,214.0,302.0,268.0,291.0,343.0,77.0
152.0,180.0,396.0,33.0,157.0,260.0,67.0,297.0,191.0,154.0,297.0,149.0,136.0,218.0,122.0
134.0,145.0,657.0,29.0,89.0,250.0,38.0,509.0,178.0,144.0,582.0,156.0,70.0,409.0,74.0
273.0,409.0,449.0,91.0,277.0,484.0,143.0,346.0,454.0,273.0,402.0,323.0,269.0,291.0,308.0
375.0,694.0,514.0,137.0,569.0,260.0,382.0,470.0,570.0,319.0,414.0,456.0,639.0,318.0,818.0
100.0,62.0,214.0,17.0,89.0,156.0,30.0,83.0,119.0,108.0,128.0,423.0,46.0,64.0,72.0
178.0,145.0,224.0,41.0,227.0,249.0,94.0,156.0,270.0,120.0,149.0,114.0,191.0,503.0,182.0
71.0,78.0,126.0,6.0,15.0,156.0,1.0,29.0,34.0,61.0,286.0,25.0,4.0,55.0,4.0
183.0,185.0,336.0,50.0,211.0,270.0,106.0,206.0,253.0,197.0,245.0,240.0,211.0,72.0,175.0
214.0,301.0,481.0,58.0,280.0,362.0,147.0,358.0,297.0,296.0,387.0,353.0,269.0,269.0,182.0
83.0,43.0,224.0,15.0,73.0,127.0,19.0,97.0,103.0,105.0,149.0,84.0,40.0,76.0,54.0
126.0,130.0,126.0,7.0,310.0,220.0,530.0,27.0,95.0,67.0,20.0,61.0,726.0,17.0,316.0
206.0,310.0,105.0,56.0,197.0,390.0,75.0,194.0,288.0,57.0,0.0,23.0,259.0,145.0,91.0
122.0,276.0,252.0,24.0,134.0,312.0,45.0,140.0,164.0,137.0,210.0,137.0,85.0,90.0,110.0
156.0,214.0,340.0,35.0,228.0,294.0,85.0,204.0,197.0,153.0,210.0,163.0,175.0,150.0,188.0
104.0,118.0,360.0,5.0,28.0,221.0,2.0,493.0,117.0,247.0,322.0,304.0,4.0,333.0,25.0
114.0,95.0,738.0,22.0,126.0,203.0,40.0,293.0,144.0,130.0,262.0,126.0,70.0,186.0,99.0
156.0,200.0,298.0,30.0,175.0,280.0,58.0,187.0,181.0,171.0,215.0,196.0,108.0,133.0,144.0
182.0,235.0,317.0,49.0,230.0,310.0,94.0,201.0,253.0,188.0,240.0,220.0,195.0,148.0,201.0
206.0,304.0,350.0,61.0,155.0,397.0,166.0,240.0,288.0,213.0,274.0,264.0,273.0,179.0,118.0
137.0,391.0,266.0,29.0,331.0,460.0,62.0,154.0,173.0,138.0,200.0,139.0,101.0,96.0,404.0
119.0,103.0,242.0,23.0,128.0,211.0,42.0,137.0,147.0,132.0,173.0,126.0,76.0,88.0,154.0
121.0,105.0,252.0,24.0,117.0,213.0,37.0,137.0,170.0,137.0,176.0,220.0,68.0,82.0,94.0
316.0,515.0,201.0,153.0,106.0,319.0,530.0,32.0,210.0,368.0,94.0,582.0,726.0,21.0,87.0
80.0,45.0,550.0,11.0,83.0,127.0,16.0,431.0,81.0,99.0,470.0,76.0,33.0,312.0,56.0
73.0,28.0,187.0,14.0,89.0,56.0,30.0,49.0,127.0,83.0,84.0,61.0,46.0,26.0,64.0
97.0,56.0,220.0,16.0,86.0,155.0,29.0,124.0,117.0,108.0,152.0,98.0,46.0,81.0,69.0
76.0,45.0,111.0,16.0,341.0,294.0,18.0,26.0,111.0,57.0,8.0,21.0,42.0,16.0,406.0
97.0,55.0,360.0,16.0,85.0,143.0,28.0,273.0,117.0,193.0,290.0,236.0,46.0,192.0,64.0
126.0,130.0,292.0,29.0,157.0,230.0,52.0,94.0,178.0,156.0,210.0,178.0,101.0,81.0,118.0
377.0,718.0,532.0,146.0,277.0,86.0,147.0,363.0,466.0,347.0,387.0,463.0,269.0,291.0,248.0
95.0,55.0,283.0,29.0,117.0,143.0,37.0,168.0,173.0,156.0,220.0,186.0,101.0,119.0,99.0
256.0,332.0,374.0,71.0,311.0,429.0,184.0,293.0,171.0,243.0,307.0,298.0,288.0,219.0,334.0
122.0,108.0,224.0,20.0,83.0,215.0,24.0,98.0,547.0,120.0,148.0,115.0,43.0,72.0,94.0
124.0,130.0,356.0,25.0,128.0,238.0,42.0,259.0,191.0,138.0,286.0,138.0,113.0,185.0,99.0
163.0,214.0,303.0,36.0,151.0,297.0,78.0,186.0,184.0,176.0,232.0,197.0,168.0,132.0,119.0
115.0,95.0,252.0,24.0,128.0,200.0,43.0,141.0,171.0,137.0,176.0,125.0,89.0,90.0,155.0
268.0,95.0,392.0,80.0,312.0,210.0,171.0,490.0,425.0,252.0,320.0,325.0,276.0,291.0,341.0
266.0,372.0,392.0,80.0,329.0,373.0,217.0,297.0,184.0,252.0,320.0,165.0,330.0,196.0,404.0
212.0,284.0,340.0,56.0,310.0,373.0,174.0,216.0,302.0,200.0,249.0,218.0,284.0,122.0,329.0
156.0,180.0,738.0,35.0,55.0,260.0,18.0,704.0,194.0,580.0,189.0,822.0,195.0,321.0,42.0
168.0,225.0,300.0,38.0,228.0,312.0,85.0,187.0,222.0,176.0,230.0,174.0,176.0,90.0,297.0
316.0,515.0,336.0,104.0,277.0,498.0,143.0,206.0,501.0,225.0,245.0,302.0,529.0,158.0,250.0
154.0,188.0,323.0,34.0,200.0,276.0,75.0,204.0,193.0,190.0,78.0,221.0,149.0,150.0,175.0
257.0,348.0,449.0,96.0,141.0,175.0,254.0,322.0,466.0,275.0,210.0,325.0,444.0,246.0,119.0
139.0,188.0,278.0,30.0,184.0,277.0,1.0,158.0,222.0,151.0,201.0,162.0,5.0,111.0,155.0
156.0,185.0,449.0,86.0,410.0,272.0,230.0,322.0,430.0,275.0,400.0,470.0,270.0,246.0,473.0
187.0,253.0,330.0,51.0,89.0,348.0,32.0,205.0,163.0,192.0,244.0,228.0,212.0,156.0,74.0
154.0,188.0,300.0,34.0,117.0,270.0,35.0,189.0,187.0,156.0,206.0,178.0,47.0,133.0,97.0
229.0,306.0,507.0,110.0,341.0,389.0,276.0,364.0,545.0,306.0,408.0,446.0,529.0,275.0,404.0
206.0,55.0,310.0,51.0,261.0,86.0,121.0,156.0,302.0,182.0,239.0,221.0,239.0,106.0,242.0
187.0,89.0,310.0,51.0,253.0,197.0,107.0,198.0,270.0,191.0,234.0,228.0,212.0,148.0,215.0
81.0,43.0,639.0,243.0,403.0,143.0,230.0,509.0,547.0,411.0,527.0,25.0,905.0,408.0,469.0
314.0,618.0,487.0,109.0,524.0,373.0,274.0,358.0,501.0,296.0,394.0,374.0,529.0,328.0,247.0
205.0,276.0,240.0,21.0,47.0,308.0,6.0,109.0,141.0,129.0,157.0,117.0,26.0,76.0,31.0
257.0,346.0,385.0,77.0,429.0,437.0,247.0,293.0,419.0,247.0,310.0,304.0,419.0,208.0,566.0
100.0,63.0,214.0,17.0,104.0,155.0,33.0,83.0,125.0,108.0,128.0,100.0,47.0,64.0,82.0
75.0,36.0,157.0,8.0,17.0,534.0,1.0,62.0,54.0,76.0,239.0,58.0,26.0,35.0,94.0
163.0,215.0,300.0,36.0,189.0,297.0,67.0,189.0,210.0,174.0,226.0,323.0,168.0,491.0,156.0
84.0,43.0,251.0,29.0,175.0,124.0,58.0,137.0,145.0,137.0,173.0,428.0,102.0,68.0,153.0
232.0,310.0,356.0,78.0,105.0,390.0,226.0,251.0,500.0,151.0,290.0,162.0,336.0,184.0,84.0
202.0,281.0,300.0,51.0,212.0,518.0,82.0,189.0,302.0,196.0,225.0,228.0,270.0,133.0,175.0
165.0,234.0,283.0,36.0,242.0,324.0,5.0,132.0,210.0,167.0,236.0,108.0,25.0,87.0,215.0
73.0,28.0,125.0,7.0,83.0,156.0,23.0,27.0,46.0,58.0,225.0,23.0,42.0,41.0,56.0
73.0,27.0,184.0,6.0,28.0,56.0,4.0,45.0,38.0,75.0,13.0,58.0,19.0,245.0,25.0
206.0,278.0,350.0,56.0,261.0,362.0,127.0,240.0,292.0,214.0,274.0,268.0,259.0,132.0,175.0
101.0,71.0,361.0,16.0,83.0,159.0,23.0,280.0,139.0,71.0,252.0,76.0,43.0,201.0,56.0
97.0,55.0,491.0,15.0,83.0,155.0,23.0,358.0,170.0,304.0,139.0,72.0,42.0,173.0,97.0
146.0,169.0,240.0,30.0,176.0,294.0,61.0,111.0,182.0,154.0,165.0,138.0,122.0,76.0,158.0
182.0,174.0,322.0,50.0,227.0,260.0,95.0,204.0,252.0,188.0,241.0,221.0,209.0,150.0,183.0
414.0,769.0,570.0,183.0,248.0,261.0,106.0,469.0,676.0,404.0,508.0,460.0,211.0,319.0,218.0
374.0,693.0,511.0,137.0,278.0,534.0,165.0,391.0,570.0,319.0,411.0,428.0,272.0,314.0,156.0
165.0,764.0,312.0,38.0,227.0,173.0,83.0,32.0,213.0,174.0,187.0,241.0,174.0,889.0,175.0
71.0,27.0,549.0,159.0,151.0,56.0,598.0,420.0,638.0,368.0,468.0,580.0,726.0,311.0,119.0
156.0,205.0,293.0,35.0,85.0,281.0,29.0,200.0,197.0,160.0,211.0,190.0,145.0,162.0,64.0
92.0,55.0,157.0,6.0,47.0,155.0,9.0,16.0,34.0,61.0,123.0,138.0,12.0,16.0,42.0
111.0,89.0,224.0,21.0,131.0,156.0,32.0,313.0,173.0,128.0,149.0,114.0,51.0,218.0,155.0
259.0,338.0,449.0,78.0,122.0,362.0,217.0,315.0,430.0,273.0,509.0,323.0,331.0,312.0,216.0
126.0,131.0,258.0,27.0,175.0,235.0,50.0,292.0,170.0,144.0,188.0,156.0,97.0,208.0,87.0
156.0,185.0,283.0,34.0,200.0,260.0,75.0,168.0,194.0,156.0,208.0,178.0,149.0,119.0,170.0
156.0,179.0,290.0,34.0,186.0,260.0,75.0,509.0,194.0,156.0,210.0,178.0,150.0,408.0,154.0
273.0,423.0,395.0,36.0,112.0,86.0,35.0,297.0,191.0,252.0,320.0,348.0,161.0,81.0,73.0
160.0,203.0,220.0,36.0,230.0,280.0,92.0,32.0,171.0,167.0,128.0,187.0,190.0,21.0,201.0
113.0,90.0,223.0,20.0,112.0,212.0,35.0,92.0,122.0,120.0,302.0,117.0,55.0,66.0,238.0
123.0,130.0,224.0,22.0,122.0,227.0,39.0,98.0,145.0,120.0,148.0,115.0,70.0,71.0,94.0
288.0,55.0,346.0,61.0,288.0,156.0,165.0,292.0,332.0,201.0,249.0,249.0,272.0,208.0,307.0
157.0,205.0,130.0,35.0,37.0,281.0,77.0,31.0,198.0,156.0,100.0,167.0,155.0,17.0,11.0
77.0,41.0,183.0,8.0,45.0,214.0,6.0,45.0,69.0,81.0,149.0,68.0,27.0,25.0,94.0
103.0,72.0,222.0,18.0,227.0,164.0,213.0,92.0,122.0,113.0,130.0,105.0,43.0,184.0,183.0
235.0,323.0,661.0,65.0,329.0,422.0,261.0,509.0,314.0,368.0,758.0,799.0,284.0,390.0,390.0
244.0,332.0,356.0,70.0,310.0,429.0,180.0,222.0,341.0,230.0,320.0,288.0,291.0,170.0,122.0
100.0,62.0,224.0,17.0,229.0,156.0,92.0,98.0,119.0,120.0,203.0,117.0,46.0,64.0,31.0
156.0,238.0,283.0,51.0,89.0,348.0,32.0,175.0,288.0,154.0,207.0,172.0,48.0,123.0,74.0
214.0,300.0,332.0,51.0,73.0,422.0,32.0,39.0,290.0,193.0,245.0,236.0,239.0,16.0,44.0
114.0,95.0,240.0,22.0,122.0,260.0,39.0,110.0,144.0,129.0,160.0,92.0,70.0,81.0,94.0
270.0,257.0,500.0,86.0,168.0,349.0,54.0,420.0,425.0,304.0,408.0,582.0,161.0,309.0,140.0
375.0,709.0,507.0,137.0,47.0,448.0,382.0,353.0,571.0,306.0,408.0,449.0,624.0,269.0,82.0
104.0,71.0,214.0,19.0,106.0,159.0,35.0,83.0,173.0,108.0,128.0,98.0,55.0,64.0,87.0
271.0,409.0,350.0,63.0,277.0,369.0,147.0,240.0,252.0,213.0,274.0,263.0,270.0,184.0,248.0
211.0,310.0,346.0,57.0,261.0,389.0,121.0,223.0,293.0,201.0,257.0,244.0,238.0,309.0,12.0
94.0,76.0,240.0,27.0,98.0,193.0,32.0,104.0,147.0,140.0,165.0,21.0,97.0,72.0,77.0
287.0,423.0,449.0,95.0,446.0,437.0,258.0,297.0,454.0,273.0,326.0,323.0,429.0,218.0,574.0
160.0,205.0,240.0,35.0,228.0,288.0,96.0,110.0,158.0,165.0,157.0,162.0,181.0,77.0,178.0
205.0,276.0,332.0,55.0,277.0,362.0,143.0,212.0,288.0,213.0,307.0,263.0,264.0,162.0,248.0
376.0,717.0,300.0,146.0,155.0,397.0,485.0,297.0,571.0,156.0,222.0,175.0,726.0,217.0,119.0
316.0,515.0,511.0,112.0,429.0,288.0,253.0,469.0,195.0,316.0,382.0,249.0,579.0,333.0,566.0
212.0,292.0,346.0,58.0,188.0,374.0,67.0,222.0,296.0,201.0,264.0,228.0,264.0,173.0,192.0
100.0,62.0,648.0,33.0,191.0,156.0,69.0,493.0,223.0,411.0,468.0,212.0,140.0,331.0,157.0
156.0,188.0,299.0,34.0,202.0,324.0,75.0,148.0,158.0,156.0,222.0,162.0,155.0,111.0,179.0
115.0,103.0,242.0,23.0,128.0,211.0,40.0,15.0,147.0,132.0,165.0,126.0,76.0,16.0,101.0
137.0,225.0,491.0,97.0,365.0,310.0,32.0,353.0,466.0,304.0,419.0,423.0,529.0,291.0,172.0
376.0,221.0,532.0,146.0,176.0,294.0,261.0,509.0,568.0,347.0,508.0,463.0,693.0,409.0,212.0
126.0,130.0,396.0,25.0,141.0,230.0,50.0,280.0,168.0,246.0,320.0,301.0,92.0,201.0,114.0
84.0,89.0,126.0,15.0,112.0,212.0,35.0,29.0,105.0,84.0,0.0,81.0,55.0,17.0,72.0
295.0,461.0,440.0,96.0,280.0,484.0,147.0,316.0,466.0,273.0,87.0,316.0,269.0,218.0,201.0
375.0,709.0,542.0,143.0,98.0,687.0,32.0,718.0,571.0,347.0,465.0,240.0,48.0,503.0,77.0
156.0,284.0,223.0,20.0,257.0,349.0,82.0,97.0,173.0,129.0,0.0,124.0,83.0,81.0,231.0
196.0,257.0,184.0,51.0,58.0,348.0,43.0,45.0,281.0,358.0,87.0,705.0,59.0,25.0,44.0
103.0,76.0,294.0,18.0,230.0,173.0,54.0,176.0,122.0,113.0,238.0,114.0,101.0,111.0,201.0
167.0,221.0,303.0,38.0,47.0,288.0,9.0,297.0,215.0,176.0,232.0,197.0,175.0,213.0,32.0
182.0,145.0,206.0,15.0,132.0,250.0,23.0,205.0,107.0,103.0,234.0,76.0,42.0,133.0,107.0
266.0,373.0,447.0,91.0,331.0,445.0,226.0,316.0,480.0,273.0,387.0,323.0,344.0,303.0,404.0
187.0,253.0,330.0,51.0,100.0,348.0,32.0,205.0,271.0,192.0,244.0,203.0,219.0,82.0,72.0
163.0,215.0,296.0,36.0,229.0,296.0,82.0,290.0,210.0,167.0,257.0,178.0,171.0,205.0,190.0
319.0,92.0,661.0,97.0,476.0,212.0,262.0,509.0,483.0,595.0,238.0,894.0,494.0,408.0,38.0
202.0,72.0,337.0,51.0,45.0,324.0,6.0,111.0,215.0,185.0,249.0,207.0,33.0,57.0,31.0
163.0,222.0,294.0,36.0,226.0,308.0,83.0,180.0,222.0,167.0,215.0,155.0,171.0,145.0,180.0
410.0,756.0,549.0,159.0,47.0,254.0,4.0,756.0,297.0,358.0,468.0,580.0,726.0,503.0,32.0
224.0,304.0,347.0,60.0,248.0,388.0,129.0,222.0,302.0,203.0,264.0,185.0,260.0,185.0,678.0
100.0,63.0,214.0,17.0,89.0,156.0,30.0,202.0,119.0,108.0,128.0,100.0,46.0,159.0,73.0
152.0,249.0,481.0,33.0,228.0,348.0,85.0,440.0,170.0,296.0,387.0,355.0,175.0,308.0,175.0
154.0,212.0,207.0,33.0,197.0,297.0,59.0,140.0,187.0,103.0,177.0,81.0,139.0,91.0,84.0
205.0,276.0,240.0,55.0,524.0,230.0,274.0,111.0,288.0,198.0,164.0,241.0,524.0,79.0,153.0
100.0,71.0,701.0,16.0,55.0,160.0,18.0,572.0,107.0,595.0,148.0,353.0,36.0,503.0,43.0
140.0,173.0,507.0,30.0,176.0,256.0,61.0,481.0,173.0,151.0,410.0,162.0,113.0,328.0,101.0
129.0,135.0,254.0,27.0,161.0,241.0,59.0,140.0,171.0,140.0,173.0,138.0,109.0,90.0,126.0
104.0,78.0,208.0,19.0,89.0,306.0,30.0,200.0,184.0,103.0,120.0,92.0,51.0,133.0,73.0
138.0,164.0,254.0,30.0,176.0,255.0,61.0,156.0,180.0,139.0,220.0,139.0,116.0,107.0,148.0
121.0,104.0,251.0,23.0,137.0,212.0,45.0,140.0,194.0,132.0,175.0,124.0,89.0,156.0,127.0
330.0,590.0,511.0,114.0,279.0,324.0,147.0,322.0,545.0,316.0,338.0,158.0,579.0,255.0,274.0
121.0,105.0,240.0,23.0,175.0,197.0,61.0,103.0,180.0,130.0,164.0,124.0,73.0,72.0,140.0
156.0,188.0,313.0,35.0,203.0,272.0,76.0,201.0,184.0,182.0,338.0,208.0,156.0,311.0,101.0
270.0,376.0,438.0,89.0,145.0,404.0,35.0,322.0,197.0,271.0,338.0,323.0,751.0,305.0,275.0
97.0,41.0,208.0,16.0,83.0,255.0,29.0,82.0,117.0,106.0,88.0,127.0,46.0,65.0,94.0
270.0,391.0,353.0,70.0,279.0,460.0,147.0,312.0,347.0,202.0,287.0,282.0,269.0,240.0,274.0
138.0,145.0,511.0,30.0,165.0,250.0,53.0,384.0,177.0,316.0,411.0,241.0,101.0,296.0,127.0
178.0,135.0,336.0,45.0,175.0,241.0,58.0,206.0,276.0,187.0,248.0,207.0,103.0,28.0,157.0
178.0,232.0,281.0,51.0,255.0,319.0,107.0,165.0,270.0,191.0,241.0,228.0,212.0,133.0,190.0
270.0,222.0,414.0,86.0,145.0,308.0,50.0,228.0,547.0,265.0,326.0,317.0,270.0,173.0,91.0
205.0,276.0,260.0,56.0,279.0,362.0,148.0,154.0,293.0,199.0,238.0,249.0,269.0,87.0,274.0
76.0,40.0,183.0,8.0,105.0,86.0,5.0,16.0,54.0,25.0,126.0,0.0,25.0,16.0,32.0
244.0,338.0,363.0,70.0,242.0,430.0,99.0,264.0,343.0,238.0,299.0,799.0,190.0,218.0,213.0
103.0,41.0,222.0,18.0,102.0,144.0,33.0,327.0,122.0,113.0,120.0,92.0,52.0,248.0,82.0
140.0,163.0,208.0,30.0,227.0,281.0,105.0,83.0,178.0,106.0,122.0,126.0,128.0,64.0,183.0
137.0,108.0,311.0,29.0,174.0,215.0,58.0,601.0,173.0,188.0,236.0,221.0,102.0,458.0,140.0
154.0,188.0,300.0,30.0,89.0,315.0,23.0,192.0,182.0,214.0,225.0,248.0,35.0,133.0,74.0
268.0,372.0,382.0,78.0,341.0,445.0,220.0,292.0,400.0,246.0,999.0,302.0,334.0,101.0,422.0
264.0,278.0,300.0,58.0,278.0,341.0,147.0,189.0,296.0,408.0,226.0,68.0,269.0,149.0,202.0
83.0,48.0,208.0,16.0,112.0,143.0,35.0,82.0,503.0,106.0,122.0,68.0,55.0,68.0,308.0
103.0,76.0,222.0,18.0,75.0,143.0,22.0,45.0,122.0,113.0,236.0,98.0,51.0,25.0,42.0
288.0,367.0,438.0,95.0,360.0,468.0,261.0,313.0,457.0,271.0,338.0,323.0,494.0,235.0,455.0
257.0,376.0,386.0,73.0,252.0,173.0,217.0,296.0,369.0,246.0,320.0,301.0,331.0,308.0,218.0
270.0,367.0,485.0,85.0,344.0,422.0,222.0,346.0,425.0,296.0,389.0,355.0,336.0,259.0,422.0
429.0,844.0,582.0,183.0,176.0,741.0,570.0,470.0,232.0,404.0,509.0,856.0,864.0,319.0,331.0
114.0,92.0,215.0,22.0,118.0,203.0,38.0,83.0,120.0,112.0,128.0,100.0,70.0,64.0,77.0
95.0,48.0,212.0,16.0,203.0,144.0,35.0,83.0,139.0,108.0,126.0,98.0,59.0,62.0,172.0
178.0,231.0,312.0,45.0,233.0,393.0,96.0,198.0,227.0,188.0,238.0,221.0,195.0,583.0,201.0
130.0,137.0,298.0,29.0,174.0,249.0,58.0,186.0,172.0,153.0,225.0,163.0,101.0,132.0,155.0
196.0,257.0,336.0,51.0,237.0,348.0,99.0,205.0,270.0,196.0,245.0,236.0,209.0,152.0,212.0
92.0,55.0,214.0,16.0,83.0,144.0,23.0,392.0,109.0,108.0,128.0,204.0,42.0,300.0,55.0
147.0,179.0,260.0,30.0,176.0,260.0,61.0,148.0,182.0,144.0,191.0,249.0,122.0,96.0,154.0
376.0,717.0,491.0,140.0,310.0,706.0,217.0,403.0,571.0,304.0,402.0,113.0,303.0,613.0,334.0
122.0,48.0,201.0,24.0,132.0,155.0,45.0,59.0,163.0,92.0,100.0,76.0,84.0,28.0,32.0
163.0,164.0,263.0,36.0,155.0,155.0,50.0,149.0,210.0,167.0,165.0,163.0,168.0,88.0,119.0
126.0,130.0,207.0,27.0,47.0,216.0,9.0,391.0,168.0,71.0,122.0,76.0,33.0,300.0,38.0
374.0,693.0,488.0,133.0,277.0,310.0,143.0,391.0,498.0,319.0,400.0,456.0,624.0,300.0,247.0
154.0,188.0,283.0,33.0,37.0,272.0,5.0,168.0,187.0,154.0,207.0,165.0,25.0,79.0,116.0
316.0,515.0,481.0,109.0,503.0,491.0,274.0,364.0,501.0,346.0,387.0,803.0,524.0,275.0,180.0
214.0,301.0,336.0,51.0,188.0,308.0,67.0,205.0,272.0,197.0,248.0,220.0,214.0,152.0,187.0
156.0,53.0,323.0,36.0,227.0,143.0,85.0,327.0,163.0,167.0,243.0,241.0,175.0,248.0,183.0
485.0,348.0,350.0,60.0,98.0,418.0,165.0,205.0,302.0,214.0,274.0,263.0,272.0,256.0,77.0
429.0,461.0,323.0,51.0,100.0,484.0,32.0,194.0,272.0,192.0,241.0,231.0,51.0,129.0,94.0
123.0,104.0,207.0,17.0,89.0,230.0,30.0,83.0,120.0,108.0,119.0,127.0,46.0,62.0,74.0
375.0,104.0,550.0,146.0,415.0,212.0,276.0,476.0,579.0,374.0,470.0,582.0,678.0,318.0,473.0
86.0,48.0,126.0,15.0,73.0,143.0,19.0,31.0,103.0,103.0,50.0,76.0,40.0,62.0,55.0
375.0,709.0,507.0,148.0,229.0,687.0,95.0,572.0,188.0,347.0,408.0,185.0,678.0,102.0,192.0
176.0,229.0,183.0,177.0,569.0,216.0,274.0,39.0,568.0,374.0,322.0,582.0,515.0,55.0,808.0
77.0,41.0,184.0,8.0,145.0,86.0,39.0,45.0,107.0,81.0,400.0,69.0,27.0,25.0,119.0
165.0,219.0,283.0,41.0,15.0,297.0,2.0,168.0,223.0,154.0,207.0,163.0,5.0,116.0,4.0
146.0,169.0,350.0,31.0,175.0,260.0,59.0,27.0,181.0,184.0,286.0,84.0,109.0,17.0,148.0
233.0,316.0,317.0,65.0,288.0,390.0,170.0,202.0,314.0,223.0,232.0,264.0,284.0,173.0,220.0
485.0,115.0,661.0,243.0,258.0,222.0,105.0,508.0,858.0,521.0,681.0,856.0,923.0,408.0,84.0
257.0,323.0,542.0,77.0,341.0,404.0,220.0,756.0,369.0,271.0,176.0,323.0,334.0,493.0,406.0
119.0,104.0,255.0,27.0,157.0,212.0,52.0,141.0,170.0,141.0,214.0,162.0,97.0,92.0,122.0
146.0,169.0,298.0,36.0,203.0,254.0,75.0,738.0,184.0,166.0,241.0,186.0,161.0,503.0,30.0
111.0,145.0,417.0,21.0,117.0,297.0,35.0,459.0,105.0,296.0,302.0,263.0,59.0,318.0,89.0
264.0,367.0,542.0,80.0,123.0,439.0,226.0,204.0,425.0,358.0,465.0,305.0,344.0,218.0,54.0
266.0,367.0,485.0,80.0,288.0,214.0,165.0,346.0,425.0,296.0,234.0,355.0,272.0,269.0,155.0
236.0,322.0,347.0,60.0,279.0,397.0,148.0,315.0,314.0,203.0,240.0,263.0,270.0,235.0,172.0
330.0,205.0,500.0,117.0,176.0,289.0,61.0,384.0,551.0,304.0,408.0,430.0,588.0,271.0,148.0
73.0,27.0,142.0,5.0,15.0,56.0,2.0,31.0,103.0,75.0,84.0,58.0,5.0,17.0,4.0
237.0,322.0,481.0,27.0,117.0,404.0,37.0,342.0,171.0,296.0,389.0,355.0,101.0,258.0,94.0
271.0,320.0,346.0,97.0,310.0,393.0,261.0,232.0,330.0,202.0,257.0,241.0,464.0,292.0,329.0
288.0,461.0,449.0,95.0,237.0,489.0,171.0,322.0,498.0,273.0,470.0,325.0,408.0,246.0,213.0
376.0,718.0,461.0,137.0,524.0,362.0,276.0,10.0,570.0,356.0,200.0,460.0,529.0,16.0,473.0
270.0,323.0,438.0,86.0,177.0,341.0,58.0,205.0,430.0,271.0,338.0,325.0,923.0,156.0,154.0
124.0,128.0,258.0,25.0,83.0,297.0,24.0,141.0,141.0,138.0,189.0,138.0,92.0,90.0,63.0
124.0,130.0,105.0,25.0,157.0,222.0,50.0,459.0,170.0,138.0,0.0,139.0,90.0,148.0,119.0
123.0,109.0,252.0,24.0,128.0,216.0,42.0,176.0,164.0,137.0,179.0,137.0,76.0,137.0,99.0
257.0,200.0,476.0,71.0,311.0,280.0,220.0,115.0,357.0,243.0,148.0,316.0,334.0,16.0,333.0
330.0,612.0,500.0,117.0,161.0,319.0,598.0,363.0,545.0,304.0,408.0,100.0,864.0,269.0,153.0
146.0,174.0,322.0,71.0,117.0,259.0,226.0,204.0,293.0,188.0,241.0,221.0,344.0,28.0,89.0
123.0,104.0,356.0,24.0,137.0,212.0,46.0,259.0,165.0,296.0,290.0,298.0,89.0,185.0,111.0
120.0,105.0,283.0,23.0,131.0,213.0,33.0,168.0,145.0,154.0,173.0,47.0,76.0,119.0,88.0
113.0,90.0,281.0,24.0,138.0,200.0,46.0,175.0,165.0,151.0,200.0,160.0,89.0,129.0,119.0
317.0,409.0,491.0,112.0,200.0,448.0,274.0,266.0,518.0,304.0,402.0,277.0,579.0,193.0,172.0
114.0,62.0,240.0,22.0,105.0,155.0,50.0,969.0,141.0,129.0,164.0,124.0,102.0,617.0,12.0
330.0,205.0,488.0,117.0,434.0,281.0,243.0,316.0,12.0,304.0,400.0,428.0,154.0,241.0,566.0
140.0,130.0,239.0,30.0,176.0,230.0,61.0,103.0,181.0,138.0,160.0,139.0,116.0,72.0,148.0
236.0,323.0,693.0,61.0,601.0,462.0,274.0,532.0,330.0,595.0,470.0,894.0,273.0,442.0,818.0
97.0,62.0,223.0,16.0,122.0,191.0,38.0,94.0,117.0,115.0,160.0,190.0,46.0,68.0,95.0
217.0,300.0,240.0,57.0,216.0,374.0,99.0,104.0,271.0,129.0,157.0,118.0,264.0,71.0,179.0
178.0,231.0,363.0,45.0,229.0,320.0,77.0,194.0,237.0,185.0,298.0,207.0,190.0,134.0,190.0
268.0,376.0,414.0,86.0,277.0,294.0,139.0,363.0,430.0,265.0,326.0,317.0,260.0,271.0,216.0
125.0,129.0,530.0,29.0,176.0,225.0,58.0,403.0,178.0,150.0,419.0,160.0,102.0,312.0,153.0
271.0,304.0,322.0,85.0,310.0,388.0,184.0,204.0,428.0,256.0,241.0,307.0,288.0,149.0,307.0
80.0,41.0,190.0,11.0,15.0,349.0,0.0,51.0,145.0,83.0,91.0,68.0,33.0,28.0,4.0
104.0,78.0,223.0,6.0,312.0,173.0,35.0,346.0,38.0,61.0,345.0,187.0,55.0,259.0,341.0
214.0,300.0,346.0,57.0,218.0,373.0,217.0,225.0,293.0,201.0,257.0,248.0,270.0,81.0,175.0
375.0,693.0,111.0,140.0,569.0,767.0,339.0,322.0,571.0,322.0,8.0,457.0,678.0,245.0,808.0
288.0,434.0,449.0,97.0,277.0,460.0,222.0,322.0,457.0,275.0,387.0,162.0,336.0,246.0,231.0
271.0,403.0,542.0,87.0,83.0,498.0,26.0,420.0,454.0,296.0,458.0,355.0,408.0,312.0,55.0
112.0,106.0,258.0,29.0,234.0,214.0,78.0,175.0,177.0,144.0,173.0,95.0,158.0,123.0,155.0
268.0,372.0,449.0,95.0,234.0,445.0,98.0,322.0,457.0,273.0,387.0,325.0,200.0,246.0,201.0
133.0,137.0,263.0,29.0,104.0,253.0,35.0,132.0,173.0,147.0,203.0,138.0,55.0,87.0,84.0
181.0,235.0,317.0,49.0,226.0,333.0,96.0,438.0,125.0,188.0,241.0,220.0,204.0,300.0,181.0
123.0,133.0,252.0,24.0,230.0,191.0,99.0,140.0,163.0,137.0,191.0,137.0,90.0,90.0,201.0
77.0,41.0,184.0,8.0,310.0,102.0,39.0,45.0,69.0,81.0,139.0,68.0,27.0,24.0,329.0
429.0,844.0,542.0,201.0,112.0,373.0,38.0,415.0,177.0,358.0,449.0,580.0,905.0,311.0,87.0
224.0,232.0,701.0,58.0,341.0,319.0,217.0,601.0,297.0,595.0,200.0,301.0,269.0,477.0,390.0
71.0,105.0,208.0,15.0,89.0,213.0,30.0,82.0,103.0,103.0,123.0,81.0,46.0,62.0,74.0
376.0,718.0,511.0,140.0,292.0,741.0,166.0,391.0,571.0,319.0,400.0,456.0,273.0,88.0,308.0
123.0,109.0,507.0,133.0,294.0,215.0,150.0,364.0,579.0,311.0,410.0,446.0,588.0,331.0,308.0
113.0,90.0,224.0,20.0,118.0,687.0,38.0,97.0,132.0,120.0,238.0,101.0,54.0,28.0,99.0
102.0,78.0,256.0,18.0,54.0,56.0,18.0,144.0,122.0,112.0,199.0,101.0,49.0,95.0,42.0
158.0,200.0,293.0,35.0,123.0,280.0,39.0,98.0,199.0,156.0,208.0,207.0,156.0,72.0,96.0
0.0,0.0,72.0,0.0,28.0,0.0,2.0,15.0,171.0,0.0,27.0,98.0,0.0,107.0,9.0
288.0,461.0,449.0,95.0,174.0,373.0,58.0,322.0,466.0,275.0,232.0,301.0,103.0,246.0,89.0
123.0,128.0,256.0,24.0,132.0,221.0,45.0,144.0,163.0,132.0,187.0,423.0,85.0,95.0,110.0
146.0,173.0,294.0,33.0,360.0,124.0,35.0,130.0,184.0,154.0,218.0,167.0,55.0,87.0,157.0
86.0,844.0,111.0,15.0,100.0,205.0,7.0,26.0,103.0,105.0,262.0,72.0,33.0,16.0,81.0
235.0,316.0,252.0,65.0,208.0,372.0,76.0,83.0,314.0,214.0,177.0,280.0,284.0,65.0,174.0
73.0,27.0,417.0,133.0,601.0,124.0,367.0,312.0,568.0,316.0,321.0,457.0,639.0,245.0,0.0
113.0,90.0,190.0,21.0,102.0,155.0,33.0,51.0,127.0,128.0,91.0,117.0,59.0,510.0,82.0
147.0,164.0,281.0,32.0,176.0,253.0,61.0,165.0,184.0,154.0,208.0,125.0,123.0,111.0,153.0
129.0,169.0,252.0,24.0,131.0,255.0,45.0,132.0,163.0,137.0,176.0,139.0,89.0,218.0,99.0
210.0,284.0,339.0,56.0,280.0,374.0,148.0,206.0,296.0,198.0,249.0,240.0,269.0,131.0,181.0
206.0,612.0,330.0,56.0,261.0,534.0,127.0,206.0,292.0,192.0,244.0,218.0,259.0,158.0,242.0
375.0,249.0,440.0,133.0,177.0,348.0,58.0,315.0,570.0,306.0,387.0,68.0,109.0,240.0,155.0
0.0,0.0,0.0,0.0,446.0,0.0,1.0,0.0,24.0,0.0,0.0,21.0,0.0,312.0,604.0
999.0,999.0,999.0,999.0,999.0,999.0,999.0,999.0,999.0,999.0,654.0,457.0,999.0,889.0,999.0
314.0,585.0,125.0,97.0,446.0,521.0,258.0,27.0,498.0,278.0,261.0,282.0,500.0,184.0,582.0
169.0,221.0,303.0,40.0,229.0,315.0,92.0,194.0,223.0,176.0,232.0,203.0,181.0,145.0,201.0
77.0,41.0,184.0,8.0,47.0,102.0,13.0,32.0,69.0,81.0,94.0,68.0,27.0,17.0,32.0
102.0,71.0,212.0,18.0,218.0,159.0,82.0,97.0,122.0,108.0,126.0,98.0,90.0,21.0,180.0
92.0,55.0,298.0,8.0,45.0,175.0,6.0,187.0,76.0,129.0,243.0,117.0,26.0,65.0,30.0
104.0,82.0,316.0,18.0,248.0,276.0,29.0,204.0,122.0,188.0,240.0,221.0,46.0,169.0,214.0
206.0,276.0,340.0,56.0,277.0,369.0,139.0,205.0,293.0,200.0,326.0,246.0,264.0,146.0,248.0
132.0,137.0,313.0,46.0,100.0,249.0,32.0,175.0,239.0,188.0,239.0,221.0,204.0,111.0,80.0
376.0,717.0,553.0,148.0,446.0,706.0,258.0,420.0,579.0,347.0,408.0,470.0,429.0,311.0,604.0
80.0,41.0,507.0,11.0,131.0,102.0,43.0,392.0,184.0,304.0,411.0,430.0,33.0,303.0,101.0
273.0,41.0,299.0,38.0,234.0,102.0,85.0,175.0,223.0,174.0,222.0,203.0,175.0,129.0,214.0
158.0,205.0,278.0,30.0,157.0,288.0,52.0,175.0,184.0,151.0,201.0,162.0,97.0,129.0,125.0
163.0,215.0,294.0,36.0,217.0,365.0,82.0,181.0,210.0,167.0,218.0,108.0,171.0,122.0,181.0
206.0,338.0,337.0,56.0,85.0,430.0,30.0,212.0,293.0,200.0,240.0,236.0,260.0,193.0,175.0
295.0,227.0,457.0,96.0,446.0,397.0,258.0,323.0,466.0,275.0,366.0,303.0,450.0,179.0,82.0
428.0,62.0,485.0,185.0,203.0,155.0,254.0,353.0,162.0,296.0,386.0,355.0,438.0,173.0,172.0
237.0,316.0,360.0,67.0,311.0,390.0,188.0,240.0,333.0,227.0,508.0,302.0,288.0,184.0,333.0
97.0,56.0,201.0,16.0,89.0,155.0,30.0,61.0,117.0,92.0,100.0,76.0,46.0,57.0,74.0
114.0,90.0,346.0,57.0,445.0,205.0,274.0,297.0,184.0,201.0,241.0,248.0,264.0,217.0,574.0
80.0,78.0,190.0,11.0,132.0,706.0,39.0,51.0,518.0,84.0,91.0,76.0,70.0,27.0,116.0
330.0,109.0,507.0,114.0,524.0,216.0,274.0,384.0,545.0,306.0,408.0,460.0,590.0,510.0,678.0
104.0,82.0,215.0,17.0,80.0,241.0,32.0,84.0,46.0,112.0,128.0,101.0,49.0,65.0,55.0
147.0,180.0,279.0,32.0,175.0,260.0,61.0,160.0,164.0,154.0,203.0,167.0,123.0,134.0,119.0
244.0,317.0,395.0,70.0,310.0,393.0,170.0,297.0,341.0,252.0,321.0,288.0,291.0,217.0,329.0
77.0,41.0,580.0,8.0,45.0,86.0,7.0,476.0,69.0,404.0,508.0,894.0,27.0,339.0,32.0
202.0,249.0,322.0,29.0,176.0,348.0,61.0,204.0,172.0,188.0,245.0,221.0,101.0,137.0,148.0
270.0,322.0,346.0,61.0,288.0,393.0,165.0,216.0,252.0,202.0,262.0,240.0,272.0,305.0,297.0
376.0,409.0,507.0,140.0,134.0,390.0,45.0,364.0,571.0,322.0,410.0,457.0,85.0,269.0,83.0
156.0,461.0,281.0,34.0,122.0,486.0,62.0,165.0,194.0,154.0,206.0,167.0,149.0,111.0,99.0
115.0,95.0,266.0,22.0,117.0,280.0,38.0,154.0,141.0,129.0,201.0,126.0,70.0,122.0,71.0
157.0,212.0,292.0,35.0,228.0,294.0,85.0,176.0,204.0,156.0,210.0,197.0,155.0,57.0,118.0
167.0,222.0,303.0,38.0,255.0,308.0,107.0,187.0,222.0,176.0,215.0,197.0,200.0,133.0,190.0
126.0,131.0,187.0,27.0,188.0,235.0,67.0,756.0,168.0,139.0,87.0,156.0,128.0,333.0,156.0
288.0,461.0,532.0,96.0,261.0,518.0,274.0,406.0,193.0,347.0,207.0,457.0,524.0,491.0,242.0
257.0,346.0,550.0,78.0,448.0,437.0,226.0,420.0,425.0,368.0,470.0,580.0,337.0,309.0,341.0
139.0,163.0,278.0,30.0,43.0,253.0,58.0,158.0,168.0,151.0,201.0,162.0,108.0,57.0,85.0
205.0,276.0,300.0,55.0,260.0,344.0,126.0,204.0,129.0,198.0,225.0,241.0,256.0,149.0,234.0
77.0,41.0,184.0,8.0,55.0,87.0,18.0,45.0,69.0,80.0,84.0,76.0,27.0,25.0,32.0
322.0,585.0,440.0,109.0,524.0,741.0,274.0,327.0,501.0,296.0,274.0,374.0,524.0,255.0,172.0
311.0,406.0,184.0,70.0,112.0,460.0,35.0,45.0,145.0,246.0,100.0,301.0,303.0,25.0,87.0
317.0,515.0,487.0,109.0,292.0,491.0,166.0,392.0,501.0,296.0,394.0,374.0,273.0,303.0,32.0
181.0,235.0,317.0,46.0,15.0,310.0,1.0,192.0,233.0,188.0,203.0,190.0,4.0,133.0,4.0
178.0,234.0,316.0,45.0,229.0,324.0,94.0,201.0,233.0,188.0,239.0,69.0,191.0,148.0,201.0
202.0,261.0,238.0,29.0,257.0,362.0,108.0,285.0,177.0,147.0,126.0,197.0,214.0,202.0,274.0
176.0,227.0,361.0,27.0,168.0,437.0,52.0,273.0,173.0,227.0,299.0,264.0,101.0,308.0,213.0
152.0,179.0,279.0,33.0,161.0,429.0,78.0,346.0,187.0,154.0,203.0,165.0,161.0,256.0,173.0
158.0,207.0,283.0,33.0,176.0,289.0,61.0,168.0,180.0,154.0,207.0,197.0,122.0,312.0,157.0
94.0,47.0,126.0,6.0,32.0,127.0,2.0,32.0,24.0,63.0,94.0,47.0,10.0,21.0,12.0
202.0,141.0,201.0,60.0,310.0,249.0,174.0,61.0,302.0,92.0,100.0,76.0,196.0,34.0,329.0
241.0,323.0,348.0,61.0,262.0,491.0,127.0,232.0,197.0,207.0,272.0,263.0,273.0,57.0,246.0
235.0,300.0,549.0,153.0,279.0,393.0,530.0,469.0,503.0,358.0,468.0,173.0,726.0,318.0,274.0
126.0,169.0,72.0,0.0,313.0,241.0,226.0,16.0,302.0,0.0,13.0,21.0,85.0,16.0,351.0
83.0,43.0,267.0,29.0,168.0,156.0,54.0,155.0,170.0,150.0,200.0,173.0,101.0,123.0,175.0
236.0,320.0,356.0,66.0,310.0,155.0,171.0,204.0,330.0,223.0,257.0,264.0,284.0,296.0,329.0
235.0,332.0,386.0,66.0,310.0,430.0,180.0,296.0,333.0,225.0,320.0,282.0,284.0,213.0,331.0
133.0,141.0,257.0,27.0,238.0,249.0,99.0,31.0,171.0,141.0,201.0,138.0,238.0,21.0,218.0
75.0,41.0,180.0,7.0,83.0,227.0,24.0,83.0,46.0,76.0,309.0,58.0,35.0,68.0,38.0
152.0,179.0,283.0,33.0,174.0,260.0,54.0,168.0,187.0,154.0,207.0,118.0,128.0,119.0,142.0
202.0,306.0,310.0,41.0,230.0,393.0,94.0,195.0,223.0,182.0,234.0,241.0,191.0,134.0,201.0
338.0,90.0,507.0,133.0,102.0,208.0,382.0,377.0,430.0,311.0,410.0,446.0,590.0,292.0,87.0
146.0,173.0,256.0,23.0,138.0,256.0,45.0,144.0,144.0,144.0,187.0,167.0,76.0,95.0,157.0
115.0,95.0,323.0,23.0,100.0,210.0,33.0,490.0,145.0,190.0,243.0,172.0,73.0,331.0,81.0
