0.0,0.0,111.0,3.0,150.0,0.0,50.0,572.0,120.0,42.0,8.0,47.0,92.0,455.0,173.0
115.0,103.0,258.0,29.0,117.0,211.0,37.0,148.0,177.0,144.0,188.0,162.0,101.0,96.0,82.0
158.0,205.0,278.0,36.0,261.0,288.0,119.0,160.0,204.0,167.0,201.0,91.0,260.0,107.0,242.0
257.0,348.0,395.0,77.0,253.0,260.0,217.0,297.0,571.0,252.0,321.0,298.0,331.0,217.0,220.0
163.0,212.0,281.0,36.0,212.0,294.0,79.0,165.0,248.0,154.0,204.0,125.0,168.0,111.0,158.0
429.0,769.0,542.0,201.0,73.0,706.0,19.0,420.0,239.0,300.0,465.0,140.0,864.0,312.0,54.0
126.0,133.0,298.0,27.0,229.0,241.0,92.0,155.0,170.0,171.0,222.0,197.0,140.0,259.0,181.0
163.0,221.0,311.0,36.0,206.0,289.0,77.0,205.0,210.0,165.0,240.0,186.0,168.0,149.0,154.0
114.0,92.0,311.0,22.0,112.0,203.0,39.0,198.0,141.0,184.0,245.0,207.0,70.0,145.0,88.0
236.0,320.0,440.0,67.0,310.0,393.0,184.0,316.0,332.0,296.0,345.0,355.0,288.0,235.0,322.0
160.0,274.0,294.0,36.0,174.0,362.0,58.0,181.0,119.0,167.0,201.0,186.0,103.0,130.0,172.0
157.0,203.0,240.0,33.0,28.0,319.0,4.0,141.0,184.0,129.0,158.0,155.0,19.0,90.0,9.0
157.0,284.0,293.0,35.0,138.0,388.0,29.0,194.0,198.0,160.0,211.0,185.0,155.0,58.0,114.0
156.0,185.0,292.0,35.0,200.0,261.0,75.0,176.0,197.0,156.0,210.0,69.0,154.0,125.0,179.0
180.0,233.0,385.0,30.0,176.0,320.0,61.0,293.0,168.0,247.0,218.0,307.0,116.0,208.0,153.0
163.0,259.0,300.0,21.0,117.0,348.0,35.0,189.0,127.0,128.0,222.0,117.0,59.0,133.0,88.0
111.0,56.0,238.0,21.0,200.0,155.0,35.0,97.0,134.0,120.0,152.0,115.0,59.0,68.0,172.0
113.0,90.0,111.0,21.0,128.0,270.0,42.0,16.0,139.0,120.0,8.0,113.0,76.0,16.0,101.0
317.0,515.0,337.0,106.0,17.0,490.0,262.0,83.0,500.0,198.0,249.0,241.0,500.0,271.0,11.0
101.0,63.0,693.0,70.0,260.0,156.0,121.0,738.0,332.0,228.0,654.0,287.0,288.0,493.0,64.0
111.0,78.0,252.0,21.0,112.0,86.0,35.0,98.0,222.0,137.0,177.0,137.0,55.0,72.0,89.0
181.0,232.0,475.0,46.0,134.0,319.0,45.0,331.0,239.0,296.0,382.0,561.0,90.0,255.0,93.0
156.0,406.0,283.0,35.0,212.0,296.0,76.0,155.0,158.0,154.0,207.0,172.0,155.0,101.0,175.0
158.0,173.0,337.0,56.0,255.0,256.0,129.0,204.0,293.0,200.0,243.0,246.0,260.0,150.0,229.0
178.0,221.0,346.0,51.0,206.0,365.0,50.0,438.0,425.0,196.0,309.0,241.0,239.0,312.0,175.0
183.0,238.0,356.0,49.0,228.0,310.0,85.0,259.0,248.0,203.0,187.0,264.0,204.0,185.0,180.0
182.0,21.0,590.0,185.0,89.0,225.0,30.0,476.0,858.0,404.0,470.0,264.0,888.0,328.0,66.0
319.0,590.0,187.0,106.0,32.0,489.0,5.0,47.0,503.0,82.0,87.0,68.0,23.0,17.0,12.0
104.0,76.0,461.0,19.0,89.0,164.0,32.0,327.0,125.0,247.0,373.0,303.0,48.0,275.0,74.0
236.0,92.0,648.0,60.0,242.0,203.0,150.0,509.0,302.0,416.0,248.0,822.0,270.0,390.0,190.0
0.0,0.0,0.0,0.0,303.0,0.0,0.0,0.0,0.0,0.0,0.0,23.0,0.0,583.0,110.0
130.0,137.0,239.0,29.0,112.0,249.0,53.0,103.0,168.0,144.0,322.0,174.0,101.0,72.0,94.0
70.0,21.0,215.0,15.0,128.0,60.0,79.0,84.0,103.0,112.0,232.0,162.0,167.0,64.0,94.0
83.0,48.0,105.0,6.0,0.0,127.0,2.0,16.0,34.0,61.0,0.0,50.0,10.0,16.0,0.0
156.0,193.0,215.0,31.0,165.0,293.0,61.0,84.0,184.0,112.0,129.0,105.0,122.0,218.0,107.0
322.0,92.0,348.0,97.0,434.0,208.0,253.0,240.0,483.0,207.0,272.0,263.0,500.0,184.0,566.0
126.0,130.0,239.0,23.0,98.0,230.0,40.0,103.0,122.0,132.0,152.0,127.0,73.0,130.0,77.0
214.0,274.0,396.0,60.0,89.0,362.0,148.0,297.0,297.0,201.0,326.0,248.0,270.0,217.0,74.0
271.0,403.0,438.0,89.0,55.0,462.0,139.0,315.0,454.0,271.0,218.0,322.0,214.0,256.0,77.0
96.0,55.0,220.0,16.0,117.0,156.0,35.0,98.0,76.0,108.0,152.0,47.0,54.0,72.0,89.0
182.0,235.0,661.0,46.0,313.0,382.0,188.0,509.0,239.0,197.0,654.0,241.0,288.0,408.0,390.0
165.0,232.0,187.0,36.0,186.0,319.0,65.0,47.0,210.0,82.0,87.0,68.0,140.0,30.0,155.0
211.0,331.0,346.0,58.0,277.0,422.0,143.0,223.0,296.0,201.0,272.0,174.0,269.0,170.0,250.0
73.0,37.0,125.0,7.0,28.0,101.0,4.0,27.0,158.0,57.0,286.0,115.0,19.0,55.0,12.0
236.0,322.0,294.0,66.0,310.0,390.0,180.0,176.0,332.0,160.0,218.0,162.0,284.0,123.0,333.0
137.0,185.0,207.0,15.0,117.0,261.0,37.0,80.0,107.0,106.0,120.0,81.0,42.0,82.0,93.0
206.0,281.0,346.0,56.0,126.0,86.0,46.0,290.0,292.0,199.0,297.0,244.0,264.0,208.0,96.0
196.0,259.0,337.0,51.0,261.0,159.0,94.0,222.0,272.0,197.0,252.0,126.0,191.0,179.0,231.0
103.0,76.0,688.0,17.0,112.0,159.0,35.0,532.0,195.0,108.0,658.0,100.0,48.0,180.0,87.0
236.0,234.0,348.0,66.0,313.0,348.0,203.0,232.0,347.0,214.0,211.0,193.0,284.0,186.0,351.0
133.0,141.0,382.0,29.0,160.0,249.0,53.0,292.0,173.0,214.0,299.0,317.0,101.0,208.0,124.0
87.0,45.0,536.0,15.0,278.0,127.0,26.0,391.0,105.0,105.0,458.0,84.0,33.0,300.0,220.0
333.0,612.0,323.0,51.0,341.0,534.0,220.0,175.0,276.0,192.0,240.0,231.0,334.0,123.0,416.0
97.0,55.0,208.0,16.0,73.0,155.0,19.0,83.0,117.0,108.0,122.0,98.0,46.0,57.0,52.0
196.0,259.0,330.0,51.0,83.0,306.0,24.0,222.0,120.0,192.0,244.0,244.0,219.0,493.0,63.0
96.0,55.0,111.0,19.0,105.0,155.0,35.0,16.0,184.0,115.0,322.0,114.0,55.0,16.0,84.0
191.0,241.0,542.0,16.0,89.0,348.0,30.0,353.0,224.0,107.0,182.0,101.0,43.0,269.0,73.0
83.0,43.0,190.0,8.0,75.0,124.0,19.0,32.0,69.0,81.0,225.0,68.0,27.0,16.0,38.0
123.0,90.0,360.0,70.0,312.0,208.0,198.0,313.0,313.0,227.0,297.0,282.0,291.0,219.0,334.0
129.0,137.0,999.0,243.0,83.0,280.0,75.0,999.0,858.0,524.0,187.0,117.0,154.0,999.0,333.0
86.0,47.0,207.0,15.0,112.0,133.0,95.0,62.0,103.0,105.0,126.0,249.0,191.0,291.0,87.0
206.0,72.0,201.0,56.0,237.0,222.0,139.0,39.0,293.0,92.0,100.0,76.0,264.0,26.0,406.0
205.0,276.0,337.0,58.0,200.0,365.0,147.0,195.0,107.0,197.0,249.0,241.0,269.0,137.0,172.0
80.0,41.0,187.0,9.0,47.0,102.0,9.0,73.0,76.0,84.0,87.0,72.0,33.0,57.0,32.0
205.0,276.0,336.0,53.0,150.0,362.0,50.0,206.0,292.0,197.0,408.0,241.0,92.0,149.0,117.0
314.0,515.0,488.0,110.0,277.0,489.0,184.0,353.0,188.0,300.0,400.0,115.0,273.0,309.0,250.0
191.0,261.0,300.0,38.0,226.0,373.0,83.0,180.0,223.0,176.0,225.0,197.0,174.0,131.0,181.0
125.0,130.0,214.0,16.0,261.0,227.0,5.0,84.0,120.0,108.0,128.0,98.0,25.0,184.0,242.0
96.0,55.0,126.0,16.0,175.0,155.0,58.0,26.0,119.0,107.0,27.0,330.0,156.0,20.0,122.0
210.0,284.0,326.0,57.0,278.0,374.0,129.0,293.0,503.0,201.0,243.0,248.0,260.0,219.0,156.0
138.0,164.0,337.0,56.0,261.0,255.0,129.0,202.0,272.0,200.0,249.0,282.0,260.0,148.0,242.0
182.0,241.0,553.0,50.0,229.0,349.0,86.0,438.0,191.0,188.0,400.0,221.0,200.0,312.0,188.0
122.0,108.0,240.0,27.0,197.0,215.0,48.0,32.0,173.0,140.0,222.0,138.0,90.0,510.0,175.0
376.0,718.0,549.0,140.0,258.0,468.0,382.0,718.0,571.0,358.0,470.0,240.0,656.0,16.0,124.0
212.0,241.0,347.0,60.0,137.0,425.0,46.0,198.0,302.0,203.0,200.0,264.0,89.0,145.0,111.0
375.0,694.0,532.0,146.0,175.0,388.0,58.0,406.0,551.0,347.0,458.0,457.0,109.0,305.0,142.0
156.0,205.0,246.0,35.0,229.0,281.0,86.0,130.0,168.0,160.0,170.0,174.0,175.0,111.0,155.0
126.0,133.0,256.0,27.0,112.0,241.0,35.0,140.0,173.0,140.0,290.0,246.0,102.0,91.0,87.0
266.0,373.0,549.0,80.0,98.0,462.0,39.0,392.0,425.0,252.0,468.0,221.0,70.0,305.0,77.0
75.0,37.0,184.0,8.0,47.0,87.0,13.0,45.0,38.0,81.0,63.0,68.0,35.0,82.0,32.0
319.0,348.0,528.0,109.0,200.0,212.0,75.0,322.0,545.0,296.0,382.0,374.0,529.0,245.0,172.0
123.0,109.0,530.0,29.0,161.0,188.0,53.0,392.0,171.0,356.0,410.0,95.0,101.0,328.0,119.0
163.0,219.0,303.0,41.0,174.0,297.0,65.0,194.0,223.0,176.0,232.0,221.0,113.0,134.0,134.0
133.0,154.0,222.0,29.0,161.0,143.0,53.0,92.0,173.0,147.0,286.0,248.0,101.0,613.0,134.0
374.0,693.0,386.0,70.0,262.0,193.0,188.0,290.0,332.0,228.0,320.0,264.0,288.0,205.0,202.0
206.0,278.0,300.0,56.0,85.0,208.0,23.0,189.0,293.0,188.0,226.0,138.0,43.0,87.0,66.0
374.0,693.0,536.0,148.0,112.0,550.0,35.0,363.0,281.0,347.0,402.0,470.0,55.0,271.0,88.0
330.0,612.0,530.0,133.0,211.0,534.0,78.0,403.0,425.0,416.0,419.0,681.0,693.0,339.0,175.0
124.0,154.0,747.0,23.0,0.0,256.0,0.0,704.0,198.0,660.0,582.0,221.0,83.0,493.0,0.0
77.0,41.0,180.0,8.0,45.0,82.0,9.0,83.0,69.0,81.0,64.0,68.0,27.0,64.0,31.0
154.0,188.0,339.0,27.0,155.0,270.0,50.0,216.0,170.0,200.0,243.0,246.0,92.0,169.0,119.0
154.0,188.0,580.0,34.0,203.0,249.0,70.0,470.0,195.0,404.0,411.0,322.0,145.0,339.0,174.0
120.0,106.0,279.0,33.0,206.0,214.0,80.0,176.0,187.0,153.0,203.0,330.0,156.0,125.0,127.0
270.0,376.0,240.0,20.0,112.0,362.0,35.0,97.0,134.0,120.0,152.0,115.0,55.0,184.0,72.0
77.0,41.0,184.0,8.0,32.0,272.0,5.0,45.0,69.0,80.0,252.0,68.0,27.0,25.0,12.0
146.0,173.0,481.0,31.0,203.0,256.0,61.0,297.0,187.0,296.0,387.0,355.0,122.0,218.0,316.0
94.0,48.0,142.0,5.0,15.0,143.0,1.0,83.0,81.0,58.0,108.0,23.0,4.0,62.0,4.0
183.0,210.0,336.0,50.0,252.0,294.0,106.0,206.0,253.0,196.0,245.0,236.0,211.0,158.0,218.0
100.0,62.0,215.0,17.0,89.0,156.0,30.0,83.0,141.0,112.0,129.0,101.0,46.0,55.0,96.0
114.0,95.0,256.0,27.0,137.0,206.0,48.0,144.0,171.0,140.0,187.0,164.0,95.0,96.0,111.0
319.0,488.0,693.0,248.0,28.0,490.0,2.0,601.0,233.0,580.0,234.0,894.0,19.0,491.0,4.0
165.0,95.0,475.0,95.0,58.0,191.0,247.0,440.0,454.0,275.0,128.0,165.0,429.0,107.0,99.0
134.0,141.0,215.0,29.0,175.0,249.0,58.0,280.0,177.0,112.0,100.0,101.0,102.0,202.0,32.0
319.0,515.0,481.0,109.0,446.0,312.0,570.0,342.0,503.0,296.0,387.0,374.0,751.0,258.0,566.0
114.0,87.0,125.0,22.0,126.0,479.0,39.0,27.0,139.0,57.0,225.0,911.0,70.0,17.0,96.0
241.0,323.0,570.0,97.0,238.0,390.0,99.0,470.0,498.0,278.0,414.0,348.0,196.0,312.0,216.0
288.0,461.0,457.0,95.0,28.0,439.0,99.0,323.0,293.0,275.0,366.0,196.0,202.0,248.0,11.0
123.0,109.0,252.0,24.0,137.0,216.0,46.0,144.0,163.0,137.0,207.0,137.0,89.0,96.0,111.0
196.0,259.0,553.0,36.0,73.0,348.0,43.0,415.0,457.0,154.0,468.0,164.0,176.0,292.0,85.0
264.0,367.0,532.0,70.0,310.0,439.0,188.0,364.0,333.0,347.0,215.0,330.0,288.0,240.0,322.0
252.0,331.0,542.0,153.0,255.0,425.0,570.0,306.0,454.0,356.0,465.0,580.0,726.0,174.0,215.0
266.0,372.0,385.0,77.0,128.0,445.0,148.0,293.0,547.0,247.0,307.0,304.0,269.0,245.0,117.0
121.0,103.0,688.0,25.0,126.0,211.0,59.0,532.0,173.0,138.0,654.0,139.0,73.0,412.0,117.0
52.0,45.0,179.0,7.0,197.0,127.0,76.0,39.0,46.0,75.0,123.0,68.0,588.0,16.0,229.0
338.0,612.0,336.0,133.0,476.0,534.0,530.0,212.0,551.0,115.0,248.0,151.0,583.0,133.0,55.0
100.0,63.0,251.0,29.0,161.0,156.0,53.0,140.0,197.0,147.0,419.0,164.0,101.0,91.0,172.0
182.0,284.0,316.0,50.0,294.0,241.0,106.0,204.0,252.0,188.0,234.0,221.0,209.0,152.0,126.0
182.0,200.0,355.0,45.0,322.0,270.0,99.0,103.0,195.0,223.0,320.0,282.0,200.0,72.0,160.0
70.0,37.0,239.0,6.0,132.0,82.0,61.0,104.0,34.0,71.0,152.0,61.0,190.0,79.0,111.0
146.0,219.0,279.0,30.0,176.0,297.0,61.0,163.0,181.0,153.0,203.0,163.0,122.0,159.0,154.0
152.0,185.0,296.0,36.0,191.0,268.0,69.0,183.0,199.0,167.0,220.0,186.0,156.0,130.0,97.0
122.0,48.0,254.0,24.0,134.0,143.0,45.0,141.0,163.0,150.0,177.0,158.0,84.0,92.0,107.0
133.0,141.0,240.0,29.0,100.0,249.0,32.0,109.0,173.0,129.0,157.0,117.0,49.0,72.0,80.0
270.0,320.0,440.0,85.0,238.0,397.0,226.0,312.0,425.0,256.0,149.0,312.0,344.0,192.0,214.0
160.0,173.0,507.0,133.0,234.0,256.0,96.0,391.0,272.0,311.0,410.0,446.0,590.0,296.0,181.0
87.0,48.0,224.0,14.0,89.0,143.0,29.0,200.0,103.0,101.0,8.0,76.0,48.0,146.0,74.0
129.0,63.0,252.0,25.0,138.0,156.0,46.0,251.0,168.0,138.0,177.0,138.0,92.0,184.0,155.0
129.0,137.0,279.0,27.0,277.0,235.0,0.0,163.0,171.0,154.0,204.0,167.0,0.0,107.0,234.0
80.0,41.0,449.0,11.0,242.0,102.0,94.0,198.0,76.0,304.0,351.0,430.0,33.0,145.0,202.0
271.0,367.0,417.0,87.0,341.0,437.0,226.0,280.0,430.0,269.0,333.0,322.0,408.0,208.0,422.0
91.0,48.0,386.0,65.0,310.0,143.0,174.0,292.0,314.0,214.0,320.0,323.0,284.0,192.0,329.0
158.0,205.0,550.0,35.0,218.0,289.0,99.0,431.0,199.0,182.0,470.0,204.0,109.0,628.0,119.0
104.0,76.0,240.0,21.0,98.0,210.0,35.0,109.0,139.0,129.0,157.0,118.0,55.0,76.0,77.0
73.0,27.0,220.0,7.0,47.0,60.0,9.0,90.0,46.0,75.0,177.0,58.0,33.0,76.0,32.0
84.0,48.0,130.0,6.0,58.0,127.0,19.0,32.0,33.0,63.0,29.0,47.0,36.0,20.0,44.0
266.0,95.0,266.0,80.0,260.0,205.0,121.0,146.0,425.0,176.0,203.0,197.0,270.0,62.0,238.0
257.0,338.0,363.0,70.0,280.0,430.0,143.0,280.0,333.0,238.0,299.0,303.0,269.0,201.0,80.0
146.0,188.0,279.0,30.0,176.0,268.0,61.0,204.0,182.0,153.0,203.0,163.0,122.0,184.0,153.0
206.0,284.0,361.0,55.0,248.0,261.0,101.0,292.0,182.0,214.0,298.0,301.0,256.0,208.0,216.0
100.0,64.0,475.0,29.0,175.0,159.0,58.0,32.0,178.0,147.0,373.0,151.0,102.0,21.0,148.0
156.0,205.0,254.0,34.0,257.0,255.0,139.0,104.0,194.0,138.0,179.0,139.0,145.0,71.0,234.0
115.0,95.0,361.0,23.0,403.0,210.0,43.0,266.0,109.0,132.0,226.0,127.0,76.0,170.0,469.0
183.0,320.0,336.0,50.0,175.0,484.0,58.0,756.0,253.0,196.0,245.0,162.0,211.0,343.0,140.0
314.0,234.0,507.0,104.0,227.0,388.0,82.0,363.0,498.0,304.0,410.0,81.0,171.0,271.0,183.0
86.0,48.0,208.0,15.0,85.0,133.0,23.0,45.0,105.0,105.0,123.0,173.0,42.0,25.0,66.0
100.0,62.0,208.0,17.0,89.0,155.0,30.0,59.0,122.0,108.0,130.0,101.0,46.0,30.0,74.0
257.0,338.0,372.0,71.0,161.0,439.0,226.0,327.0,292.0,243.0,299.0,298.0,344.0,248.0,126.0
71.0,27.0,157.0,6.0,134.0,56.0,50.0,32.0,34.0,61.0,50.0,25.0,27.0,21.0,111.0
114.0,95.0,283.0,33.0,191.0,144.0,69.0,168.0,187.0,156.0,201.0,167.0,140.0,122.0,157.0
83.0,41.0,201.0,12.0,89.0,118.0,30.0,59.0,98.0,85.0,94.0,76.0,35.0,28.0,25.0
319.0,523.0,396.0,243.0,83.0,518.0,35.0,297.0,12.0,521.0,326.0,856.0,923.0,218.0,69.0
270.0,391.0,542.0,87.0,224.0,460.0,243.0,420.0,452.0,269.0,275.0,323.0,408.0,309.0,170.0
270.0,403.0,336.0,97.0,175.0,460.0,105.0,438.0,551.0,197.0,402.0,240.0,429.0,201.0,139.0
330.0,618.0,475.0,133.0,73.0,425.0,19.0,331.0,431.0,311.0,597.0,446.0,40.0,101.0,43.0
137.0,180.0,260.0,29.0,131.0,260.0,43.0,148.0,177.0,147.0,189.0,139.0,102.0,91.0,102.0
182.0,238.0,339.0,58.0,341.0,310.0,220.0,216.0,296.0,199.0,248.0,244.0,264.0,173.0,406.0
132.0,137.0,255.0,29.0,175.0,249.0,59.0,141.0,173.0,139.0,179.0,133.0,102.0,92.0,144.0
181.0,234.0,313.0,45.0,233.0,341.0,95.0,201.0,237.0,188.0,238.0,214.0,200.0,148.0,202.0
156.0,193.0,322.0,34.0,227.0,277.0,75.0,204.0,171.0,182.0,241.0,288.0,149.0,150.0,240.0
104.0,63.0,208.0,18.0,89.0,155.0,30.0,92.0,122.0,112.0,119.0,101.0,51.0,66.0,74.0
123.0,109.0,252.0,24.0,131.0,215.0,43.0,140.0,162.0,137.0,175.0,137.0,90.0,192.0,102.0
122.0,128.0,184.0,23.0,117.0,212.0,45.0,47.0,164.0,137.0,87.0,133.0,84.0,26.0,99.0
146.0,306.0,747.0,30.0,191.0,389.0,69.0,718.0,182.0,154.0,999.0,160.0,122.0,134.0,157.0
181.0,235.0,564.0,49.0,261.0,320.0,99.0,459.0,222.0,188.0,483.0,220.0,200.0,314.0,242.0
288.0,461.0,440.0,95.0,434.0,289.0,253.0,316.0,466.0,273.0,325.0,316.0,444.0,134.0,566.0
154.0,188.0,266.0,33.0,117.0,270.0,38.0,154.0,163.0,150.0,200.0,241.0,140.0,111.0,89.0
163.0,212.0,208.0,36.0,208.0,293.0,77.0,264.0,210.0,174.0,120.0,196.0,168.0,477.0,175.0
154.0,188.0,256.0,33.0,202.0,270.0,53.0,175.0,95.0,156.0,187.0,174.0,155.0,145.0,182.0
81.0,53.0,214.0,16.0,476.0,143.0,262.0,130.0,111.0,108.0,128.0,98.0,500.0,81.0,118.0
115.0,95.0,242.0,23.0,208.0,208.0,58.0,115.0,145.0,132.0,165.0,125.0,73.0,133.0,175.0
113.0,90.0,360.0,70.0,131.0,160.0,43.0,280.0,347.0,227.0,298.0,282.0,303.0,201.0,101.0
288.0,137.0,550.0,110.0,224.0,425.0,170.0,438.0,483.0,300.0,470.0,298.0,284.0,312.0,181.0
257.0,188.0,363.0,73.0,117.0,296.0,35.0,277.0,122.0,246.0,298.0,302.0,176.0,196.0,89.0
157.0,185.0,294.0,35.0,280.0,261.0,76.0,180.0,198.0,160.0,218.0,185.0,155.0,130.0,220.0
114.0,89.0,372.0,33.0,181.0,193.0,61.0,327.0,184.0,252.0,302.0,302.0,122.0,248.0,157.0
157.0,373.0,661.0,35.0,188.0,445.0,67.0,508.0,198.0,524.0,173.0,268.0,136.0,583.0,158.0
71.0,27.0,356.0,3.0,0.0,82.0,1.0,259.0,12.0,227.0,290.0,197.0,4.0,185.0,0.0
196.0,259.0,283.0,51.0,206.0,373.0,75.0,312.0,237.0,160.0,210.0,330.0,156.0,219.0,157.0
295.0,203.0,386.0,70.0,157.0,268.0,54.0,403.0,347.0,230.0,310.0,288.0,303.0,510.0,119.0
271.0,406.0,396.0,86.0,445.0,460.0,254.0,285.0,430.0,264.0,208.0,316.0,419.0,202.0,574.0
271.0,409.0,487.0,109.0,237.0,429.0,274.0,353.0,501.0,296.0,394.0,374.0,524.0,269.0,175.0
244.0,323.0,661.0,70.0,175.0,425.0,86.0,459.0,341.0,238.0,257.0,298.0,209.0,311.0,139.0
156.0,200.0,279.0,36.0,141.0,280.0,48.0,158.0,204.0,153.0,203.0,101.0,269.0,111.0,117.0
163.0,212.0,300.0,36.0,75.0,289.0,53.0,292.0,191.0,176.0,230.0,330.0,171.0,208.0,55.0
202.0,304.0,336.0,51.0,257.0,389.0,121.0,206.0,288.0,197.0,248.0,236.0,252.0,145.0,231.0
102.0,72.0,247.0,19.0,126.0,448.0,40.0,322.0,122.0,114.0,187.0,108.0,54.0,245.0,144.0
156.0,212.0,283.0,34.0,188.0,293.0,75.0,176.0,195.0,156.0,210.0,175.0,149.0,111.0,238.0
330.0,612.0,532.0,117.0,83.0,430.0,382.0,469.0,579.0,347.0,449.0,456.0,590.0,321.0,71.0
169.0,231.0,294.0,38.0,242.0,310.0,99.0,180.0,223.0,167.0,218.0,212.0,204.0,130.0,215.0
81.0,42.0,313.0,14.0,73.0,118.0,19.0,200.0,127.0,99.0,222.0,76.0,40.0,81.0,56.0
211.0,515.0,347.0,60.0,277.0,550.0,143.0,293.0,332.0,203.0,261.0,263.0,269.0,208.0,242.0
114.0,95.0,461.0,8.0,100.0,205.0,19.0,322.0,76.0,190.0,238.0,114.0,27.0,477.0,390.0
156.0,92.0,204.0,21.0,28.0,294.0,4.0,62.0,99.0,129.0,119.0,126.0,19.0,35.0,11.0
181.0,234.0,336.0,46.0,161.0,256.0,50.0,204.0,109.0,188.0,245.0,117.0,200.0,101.0,124.0
132.0,135.0,485.0,29.0,157.0,225.0,52.0,420.0,172.0,296.0,389.0,355.0,101.0,309.0,122.0
217.0,284.0,347.0,60.0,242.0,373.0,99.0,223.0,302.0,203.0,262.0,263.0,270.0,192.0,214.0
129.0,135.0,293.0,15.0,310.0,241.0,184.0,565.0,103.0,105.0,210.0,84.0,40.0,491.0,333.0
160.0,215.0,311.0,49.0,255.0,297.0,99.0,198.0,204.0,188.0,240.0,220.0,202.0,170.0,214.0
104.0,90.0,337.0,57.0,261.0,197.0,121.0,206.0,293.0,199.0,249.0,127.0,239.0,180.0,242.0
71.0,194.0,130.0,6.0,15.0,277.0,1.0,32.0,38.0,61.0,27.0,220.0,5.0,192.0,127.0
205.0,274.0,322.0,45.0,234.0,362.0,96.0,204.0,81.0,187.0,241.0,207.0,195.0,613.0,183.0
103.0,72.0,111.0,7.0,89.0,156.0,30.0,26.0,50.0,57.0,8.0,187.0,27.0,16.0,74.0
270.0,376.0,428.0,86.0,132.0,365.0,45.0,292.0,430.0,271.0,338.0,323.0,330.0,208.0,107.0
95.0,55.0,157.0,60.0,279.0,348.0,148.0,32.0,302.0,203.0,50.0,257.0,269.0,24.0,274.0
330.0,306.0,500.0,117.0,155.0,389.0,50.0,84.0,547.0,304.0,408.0,430.0,590.0,71.0,119.0
123.0,115.0,257.0,29.0,168.0,216.0,54.0,146.0,172.0,144.0,187.0,156.0,101.0,96.0,125.0
165.0,284.0,299.0,38.0,112.0,372.0,35.0,756.0,210.0,174.0,222.0,193.0,174.0,503.0,87.0
270.0,376.0,411.0,86.0,117.0,393.0,203.0,313.0,428.0,264.0,326.0,312.0,291.0,240.0,87.0
123.0,118.0,661.0,24.0,257.0,221.0,367.0,509.0,164.0,76.0,175.0,156.0,83.0,408.0,231.0
244.0,325.0,363.0,70.0,117.0,418.0,199.0,277.0,341.0,230.0,297.0,288.0,291.0,218.0,81.0
212.0,391.0,347.0,58.0,260.0,460.0,121.0,0.0,296.0,200.0,274.0,248.0,239.0,0.0,238.0
311.0,105.0,475.0,97.0,89.0,213.0,261.0,331.0,500.0,293.0,449.0,346.0,656.0,248.0,71.0
139.0,164.0,300.0,29.0,175.0,254.0,58.0,155.0,178.0,176.0,230.0,196.0,108.0,111.0,144.0
112.0,90.0,238.0,21.0,117.0,197.0,37.0,103.0,132.0,120.0,152.0,117.0,59.0,77.0,93.0
104.0,82.0,323.0,19.0,117.0,249.0,35.0,202.0,122.0,188.0,241.0,298.0,55.0,71.0,154.0
77.0,41.0,184.0,8.0,191.0,102.0,69.0,45.0,223.0,80.0,88.0,68.0,27.0,628.0,160.0
111.0,89.0,251.0,23.0,151.0,197.0,50.0,16.0,98.0,132.0,160.0,127.0,92.0,111.0,119.0
101.0,137.0,215.0,17.0,80.0,288.0,23.0,202.0,223.0,112.0,129.0,101.0,42.0,148.0,56.0
121.0,105.0,246.0,23.0,310.0,206.0,45.0,124.0,195.0,132.0,187.0,127.0,84.0,88.0,329.0
217.0,301.0,347.0,60.0,278.0,390.0,143.0,259.0,454.0,203.0,241.0,257.0,269.0,133.0,274.0
214.0,301.0,693.0,97.0,999.0,382.0,999.0,572.0,483.0,580.0,210.0,894.0,693.0,455.0,999.0
146.0,169.0,207.0,30.0,191.0,159.0,61.0,80.0,182.0,106.0,120.0,287.0,122.0,57.0,154.0
205.0,276.0,320.0,56.0,212.0,365.0,79.0,202.0,293.0,188.0,238.0,221.0,264.0,149.0,175.0
100.0,63.0,207.0,16.0,85.0,156.0,28.0,80.0,105.0,106.0,119.0,91.0,45.0,79.0,64.0
270.0,276.0,414.0,86.0,234.0,479.0,96.0,306.0,430.0,265.0,326.0,317.0,168.0,218.0,188.0
24.0,461.0,111.0,3.0,15.0,320.0,1.0,26.0,210.0,42.0,50.0,61.0,4.0,16.0,42.0
92.0,47.0,310.0,15.0,83.0,188.0,23.0,251.0,99.0,105.0,234.0,68.0,42.0,184.0,71.0
196.0,257.0,348.0,51.0,261.0,348.0,126.0,251.0,272.0,202.0,272.0,257.0,219.0,81.0,242.0
100.0,62.0,330.0,17.0,176.0,155.0,54.0,130.0,119.0,192.0,244.0,236.0,46.0,88.0,153.0
111.0,87.0,223.0,16.0,75.0,193.0,23.0,94.0,107.0,115.0,245.0,167.0,42.0,68.0,55.0
271.0,406.0,488.0,89.0,429.0,498.0,237.0,353.0,454.0,271.0,400.0,323.0,406.0,137.0,566.0
123.0,115.0,252.0,24.0,202.0,333.0,75.0,137.0,164.0,137.0,176.0,137.0,85.0,90.0,172.0
246.0,325.0,326.0,49.0,200.0,418.0,99.0,313.0,210.0,188.0,241.0,220.0,202.0,240.0,173.0
133.0,141.0,257.0,27.0,131.0,249.0,43.0,158.0,171.0,141.0,200.0,151.0,46.0,107.0,101.0
138.0,207.0,279.0,29.0,157.0,203.0,50.0,83.0,173.0,154.0,203.0,138.0,101.0,64.0,119.0
235.0,320.0,0.0,0.0,0.0,393.0,0.0,32.0,0.0,0.0,0.0,58.0,0.0,21.0,0.0
124.0,64.0,255.0,25.0,160.0,160.0,53.0,144.0,168.0,139.0,182.0,140.0,101.0,95.0,124.0
330.0,590.0,491.0,114.0,226.0,348.0,95.0,346.0,571.0,304.0,449.0,423.0,583.0,21.0,181.0
126.0,128.0,263.0,26.0,161.0,214.0,53.0,149.0,168.0,138.0,222.0,138.0,92.0,96.0,126.0
288.0,461.0,386.0,78.0,310.0,294.0,217.0,293.0,314.0,247.0,320.0,317.0,369.0,208.0,242.0
100.0,64.0,212.0,16.0,89.0,241.0,30.0,31.0,117.0,108.0,128.0,100.0,46.0,116.0,87.0
257.0,205.0,487.0,109.0,117.0,270.0,35.0,358.0,503.0,296.0,394.0,374.0,59.0,303.0,102.0
232.0,403.0,322.0,64.0,292.0,462.0,188.0,103.0,313.0,225.0,241.0,282.0,276.0,208.0,422.0
91.0,48.0,207.0,16.0,89.0,143.0,23.0,78.0,120.0,106.0,120.0,92.0,42.0,57.0,72.0
163.0,56.0,657.0,36.0,233.0,155.0,96.0,509.0,210.0,167.0,597.0,167.0,168.0,55.0,201.0
81.0,42.0,481.0,110.0,141.0,118.0,274.0,327.0,503.0,296.0,408.0,355.0,524.0,255.0,114.0
137.0,154.0,550.0,29.0,157.0,253.0,52.0,322.0,178.0,346.0,470.0,457.0,97.0,245.0,124.0
156.0,188.0,105.0,34.0,134.0,238.0,171.0,565.0,194.0,141.0,264.0,162.0,150.0,442.0,110.0
158.0,205.0,346.0,57.0,279.0,320.0,139.0,223.0,296.0,201.0,297.0,248.0,264.0,170.0,131.0
217.0,301.0,507.0,78.0,344.0,288.0,222.0,391.0,400.0,247.0,410.0,353.0,336.0,300.0,422.0
81.0,40.0,224.0,20.0,112.0,86.0,35.0,98.0,132.0,120.0,50.0,117.0,55.0,72.0,87.0
206.0,278.0,208.0,56.0,277.0,320.0,129.0,82.0,293.0,106.0,122.0,126.0,260.0,196.0,248.0
73.0,27.0,125.0,6.0,28.0,56.0,4.0,27.0,38.0,67.0,20.0,158.0,19.0,55.0,11.0
147.0,174.0,298.0,33.0,123.0,260.0,54.0,186.0,184.0,154.0,214.0,155.0,127.0,24.0,96.0
205.0,276.0,339.0,56.0,277.0,373.0,139.0,222.0,293.0,199.0,250.0,241.0,259.0,308.0,248.0
126.0,137.0,255.0,25.0,226.0,270.0,50.0,140.0,168.0,139.0,188.0,98.0,92.0,91.0,182.0
182.0,238.0,206.0,50.0,229.0,344.0,92.0,65.0,252.0,188.0,100.0,221.0,209.0,30.0,182.0
146.0,173.0,266.0,29.0,174.0,256.0,58.0,154.0,172.0,150.0,200.0,164.0,103.0,57.0,110.0
126.0,130.0,256.0,27.0,524.0,230.0,274.0,144.0,171.0,141.0,187.0,151.0,524.0,122.0,181.0
115.0,95.0,184.0,23.0,128.0,210.0,42.0,45.0,147.0,81.0,63.0,68.0,76.0,25.0,99.0
73.0,95.0,142.0,6.0,28.0,206.0,5.0,205.0,46.0,67.0,299.0,92.0,19.0,158.0,0.0
120.0,106.0,207.0,18.0,104.0,214.0,33.0,459.0,120.0,113.0,57.0,105.0,52.0,314.0,83.0
77.0,41.0,507.0,133.0,341.0,102.0,226.0,384.0,571.0,306.0,408.0,430.0,693.0,291.0,406.0
100.0,185.0,214.0,17.0,98.0,268.0,33.0,59.0,120.0,108.0,128.0,100.0,46.0,30.0,77.0
77.0,41.0,258.0,29.0,168.0,102.0,54.0,299.0,173.0,144.0,188.0,163.0,101.0,185.0,181.0
288.0,461.0,481.0,109.0,365.0,156.0,274.0,181.0,501.0,296.0,320.0,304.0,524.0,122.0,406.0
114.0,92.0,257.0,22.0,118.0,297.0,38.0,137.0,454.0,130.0,187.0,126.0,70.0,88.0,102.0
375.0,694.0,549.0,148.0,47.0,369.0,13.0,420.0,601.0,358.0,468.0,580.0,905.0,311.0,38.0
181.0,235.0,208.0,45.0,243.0,203.0,98.0,78.0,237.0,107.0,110.0,98.0,200.0,491.0,139.0
123.0,115.0,247.0,25.0,191.0,220.0,69.0,124.0,125.0,139.0,173.0,140.0,92.0,90.0,158.0
73.0,27.0,126.0,6.0,37.0,56.0,5.0,29.0,38.0,67.0,27.0,84.0,25.0,79.0,12.0
211.0,95.0,346.0,57.0,277.0,124.0,139.0,59.0,293.0,201.0,333.0,248.0,264.0,30.0,246.0
124.0,129.0,303.0,25.0,141.0,230.0,46.0,297.0,168.0,176.0,232.0,248.0,90.0,217.0,101.0
182.0,231.0,317.0,49.0,177.0,308.0,99.0,140.0,252.0,188.0,240.0,220.0,202.0,256.0,154.0
412.0,756.0,487.0,109.0,128.0,294.0,262.0,415.0,571.0,296.0,402.0,374.0,291.0,493.0,87.0
374.0,693.0,549.0,137.0,735.0,374.0,485.0,476.0,571.0,356.0,470.0,204.0,583.0,321.0,248.0
114.0,95.0,255.0,27.0,168.0,214.0,54.0,141.0,171.0,141.0,204.0,167.0,101.0,79.0,116.0
111.0,89.0,661.0,27.0,234.0,521.0,96.0,509.0,171.0,154.0,230.0,175.0,196.0,343.0,213.0
123.0,95.0,252.0,24.0,132.0,212.0,45.0,140.0,163.0,137.0,152.0,108.0,85.0,174.0,107.0
95.0,55.0,212.0,16.0,85.0,143.0,29.0,163.0,117.0,108.0,149.0,100.0,45.0,111.0,155.0
125.0,133.0,382.0,60.0,278.0,241.0,147.0,292.0,302.0,156.0,309.0,175.0,270.0,208.0,262.0
112.0,89.0,271.0,22.0,128.0,193.0,39.0,241.0,145.0,129.0,200.0,126.0,70.0,184.0,93.0
316.0,515.0,300.0,106.0,191.0,489.0,67.0,189.0,500.0,296.0,214.0,355.0,515.0,131.0,154.0
146.0,174.0,255.0,32.0,181.0,155.0,61.0,149.0,184.0,154.0,187.0,167.0,122.0,134.0,157.0
264.0,257.0,361.0,78.0,341.0,348.0,220.0,273.0,302.0,227.0,191.0,282.0,334.0,202.0,566.0
123.0,109.0,238.0,23.0,134.0,213.0,45.0,115.0,197.0,137.0,152.0,134.0,85.0,30.0,111.0
268.0,372.0,481.0,153.0,47.0,445.0,570.0,342.0,122.0,356.0,387.0,856.0,726.0,303.0,116.0
319.0,71.0,528.0,133.0,160.0,159.0,53.0,398.0,571.0,311.0,419.0,187.0,101.0,300.0,45.0
73.0,27.0,215.0,6.0,216.0,498.0,82.0,84.0,38.0,67.0,129.0,236.0,171.0,62.0,178.0
140.0,232.0,294.0,30.0,104.0,319.0,33.0,358.0,180.0,165.0,299.0,178.0,52.0,308.0,84.0
244.0,310.0,363.0,70.0,28.0,390.0,6.0,273.0,341.0,230.0,297.0,288.0,33.0,205.0,11.0
165.0,284.0,310.0,38.0,277.0,288.0,92.0,201.0,223.0,182.0,234.0,207.0,175.0,148.0,247.0
158.0,205.0,337.0,35.0,216.0,87.0,80.0,132.0,199.0,198.0,238.0,241.0,161.0,87.0,178.0
97.0,55.0,215.0,16.0,28.0,156.0,42.0,84.0,117.0,108.0,128.0,98.0,76.0,64.0,175.0
376.0,717.0,536.0,148.0,117.0,156.0,35.0,392.0,213.0,347.0,458.0,463.0,726.0,201.0,91.0
123.0,130.0,247.0,25.0,203.0,280.0,50.0,250.0,171.0,137.0,173.0,151.0,92.0,184.0,181.0
168.0,225.0,207.0,38.0,227.0,315.0,85.0,80.0,191.0,106.0,122.0,91.0,175.0,57.0,111.0
233.0,316.0,212.0,16.0,106.0,390.0,35.0,83.0,117.0,108.0,126.0,98.0,46.0,64.0,87.0
77.0,40.0,339.0,8.0,32.0,86.0,5.0,280.0,69.0,201.0,250.0,248.0,27.0,196.0,12.0
178.0,234.0,294.0,45.0,202.0,173.0,75.0,176.0,271.0,187.0,208.0,208.0,195.0,123.0,172.0
111.0,89.0,251.0,21.0,85.0,200.0,28.0,31.0,134.0,138.0,173.0,139.0,45.0,20.0,64.0
146.0,169.0,279.0,27.0,128.0,358.0,58.0,160.0,171.0,144.0,203.0,156.0,101.0,107.0,95.0
97.0,55.0,208.0,16.0,132.0,155.0,45.0,83.0,117.0,107.0,164.0,158.0,46.0,68.0,102.0
163.0,215.0,693.0,36.0,83.0,297.0,54.0,601.0,210.0,580.0,654.0,894.0,168.0,477.0,55.0
152.0,179.0,292.0,33.0,189.0,260.0,67.0,176.0,187.0,156.0,210.0,178.0,145.0,167.0,157.0
273.0,48.0,411.0,91.0,429.0,56.0,243.0,299.0,454.0,271.0,322.0,323.0,408.0,57.0,566.0
152.0,182.0,279.0,33.0,181.0,261.0,67.0,160.0,187.0,154.0,203.0,174.0,139.0,107.0,157.0
182.0,235.0,337.0,45.0,89.0,319.0,32.0,222.0,311.0,188.0,249.0,212.0,49.0,180.0,74.0
330.0,585.0,500.0,117.0,17.0,369.0,2.0,363.0,500.0,304.0,408.0,428.0,588.0,245.0,87.0
71.0,27.0,183.0,0.0,0.0,344.0,0.0,45.0,0.0,0.0,176.0,21.0,0.0,25.0,0.0
295.0,41.0,316.0,45.0,191.0,534.0,69.0,183.0,213.0,188.0,239.0,212.0,195.0,57.0,157.0
163.0,193.0,507.0,133.0,238.0,270.0,32.0,197.0,518.0,311.0,410.0,214.0,624.0,145.0,212.0
126.0,131.0,447.0,95.0,446.0,60.0,258.0,322.0,454.0,273.0,345.0,323.0,444.0,303.0,582.0
73.0,27.0,207.0,6.0,28.0,56.0,4.0,78.0,81.0,67.0,122.0,50.0,19.0,57.0,12.0
180.0,235.0,564.0,45.0,102.0,297.0,65.0,459.0,233.0,188.0,449.0,212.0,127.0,321.0,82.0
376.0,718.0,511.0,143.0,188.0,741.0,96.0,384.0,571.0,316.0,243.0,456.0,438.0,25.0,154.0
103.0,76.0,657.0,18.0,89.0,156.0,30.0,299.0,122.0,113.0,582.0,105.0,43.0,218.0,72.0
375.0,694.0,688.0,243.0,228.0,369.0,85.0,532.0,551.0,521.0,366.0,856.0,176.0,339.0,174.0
100.0,48.0,184.0,20.0,112.0,143.0,35.0,45.0,132.0,137.0,87.0,138.0,55.0,185.0,87.0
257.0,338.0,360.0,97.0,524.0,429.0,274.0,266.0,601.0,278.0,290.0,124.0,524.0,192.0,404.0
377.0,180.0,536.0,148.0,360.0,260.0,213.0,415.0,288.0,347.0,458.0,460.0,316.0,308.0,455.0
178.0,232.0,542.0,45.0,229.0,319.0,95.0,420.0,95.0,356.0,465.0,288.0,195.0,308.0,192.0
120.0,105.0,346.0,45.0,229.0,154.0,98.0,205.0,233.0,197.0,261.0,241.0,200.0,156.0,215.0
96.0,55.0,208.0,16.0,80.0,260.0,26.0,82.0,107.0,106.0,122.0,282.0,44.0,57.0,55.0
100.0,55.0,206.0,11.0,132.0,182.0,43.0,78.0,122.0,83.0,208.0,76.0,36.0,162.0,107.0
485.0,376.0,340.0,60.0,229.0,491.0,95.0,241.0,302.0,201.0,238.0,248.0,128.0,184.0,190.0
163.0,215.0,299.0,36.0,238.0,296.0,82.0,187.0,223.0,171.0,222.0,115.0,171.0,133.0,218.0
156.0,41.0,303.0,34.0,203.0,82.0,75.0,194.0,194.0,176.0,222.0,280.0,150.0,133.0,174.0
103.0,71.0,507.0,19.0,132.0,159.0,45.0,204.0,109.0,306.0,408.0,460.0,83.0,150.0,102.0
375.0,694.0,528.0,140.0,277.0,663.0,139.0,403.0,571.0,322.0,419.0,457.0,264.0,503.0,247.0
202.0,284.0,661.0,140.0,50.0,373.0,15.0,509.0,571.0,322.0,640.0,457.0,678.0,390.0,153.0
235.0,317.0,300.0,67.0,248.0,393.0,101.0,189.0,333.0,227.0,225.0,246.0,177.0,133.0,215.0
181.0,234.0,346.0,60.0,280.0,310.0,143.0,240.0,302.0,203.0,220.0,305.0,269.0,184.0,154.0
259.0,372.0,457.0,95.0,341.0,445.0,253.0,323.0,454.0,275.0,366.0,187.0,438.0,247.0,406.0
183.0,257.0,553.0,50.0,258.0,349.0,106.0,438.0,252.0,374.0,640.0,582.0,211.0,107.0,178.0
273.0,406.0,475.0,97.0,86.0,310.0,29.0,331.0,480.0,278.0,261.0,348.0,90.0,248.0,69.0
105.0,108.0,215.0,23.0,122.0,215.0,39.0,84.0,144.0,112.0,152.0,101.0,76.0,64.0,99.0
92.0,95.0,180.0,7.0,43.0,220.0,5.0,39.0,168.0,76.0,63.0,61.0,25.0,27.0,25.0
232.0,373.0,263.0,65.0,312.0,437.0,172.0,149.0,314.0,213.0,191.0,263.0,284.0,101.0,87.0
163.0,214.0,311.0,49.0,176.0,249.0,99.0,392.0,232.0,188.0,226.0,220.0,202.0,303.0,148.0
104.0,78.0,222.0,18.0,65.0,173.0,33.0,144.0,122.0,113.0,152.0,98.0,52.0,95.0,44.0
96.0,55.0,348.0,16.0,83.0,154.0,23.0,232.0,117.0,57.0,290.0,0.0,43.0,169.0,72.0
156.0,474.0,310.0,41.0,261.0,491.0,127.0,195.0,223.0,182.0,234.0,204.0,191.0,247.0,242.0
152.0,174.0,266.0,33.0,212.0,277.0,75.0,155.0,233.0,154.0,200.0,165.0,128.0,107.0,174.0
96.0,55.0,184.0,33.0,275.0,155.0,150.0,130.0,184.0,57.0,154.0,25.0,270.0,116.0,218.0
130.0,137.0,179.0,30.0,176.0,315.0,61.0,39.0,180.0,151.0,63.0,162.0,116.0,17.0,148.0
138.0,233.0,283.0,30.0,184.0,320.0,61.0,168.0,178.0,156.0,272.0,173.0,123.0,129.0,156.0
84.0,47.0,260.0,19.0,100.0,133.0,33.0,148.0,129.0,144.0,200.0,98.0,52.0,16.0,81.0
100.0,62.0,214.0,17.0,188.0,156.0,67.0,82.0,103.0,108.0,128.0,61.0,47.0,62.0,156.0
202.0,261.0,332.0,51.0,230.0,247.0,92.0,266.0,290.0,193.0,245.0,236.0,190.0,90.0,201.0
257.0,461.0,360.0,71.0,341.0,489.0,217.0,266.0,483.0,252.0,382.0,307.0,334.0,328.0,333.0
80.0,41.0,298.0,26.0,123.0,102.0,50.0,204.0,170.0,171.0,234.0,186.0,92.0,150.0,95.0
202.0,278.0,330.0,51.0,275.0,372.0,138.0,205.0,288.0,192.0,244.0,207.0,264.0,156.0,242.0
163.0,210.0,311.0,36.0,258.0,293.0,79.0,197.0,204.0,167.0,275.0,204.0,167.0,134.0,242.0
187.0,241.0,320.0,51.0,117.0,348.0,37.0,297.0,272.0,188.0,240.0,221.0,219.0,217.0,94.0
229.0,301.0,855.0,70.0,28.0,362.0,2.0,885.0,332.0,238.0,999.0,317.0,54.0,583.0,12.0
187.0,128.0,507.0,112.0,261.0,222.0,99.0,392.0,518.0,306.0,408.0,305.0,579.0,303.0,89.0
338.0,590.0,542.0,128.0,230.0,261.0,367.0,420.0,180.0,306.0,272.0,149.0,588.0,305.0,201.0
217.0,300.0,350.0,60.0,174.0,324.0,58.0,273.0,302.0,213.0,275.0,263.0,264.0,192.0,71.0
214.0,301.0,347.0,60.0,279.0,382.0,148.0,232.0,302.0,203.0,321.0,257.0,269.0,132.0,274.0
214.0,301.0,336.0,58.0,277.0,358.0,147.0,212.0,297.0,201.0,245.0,323.0,269.0,130.0,250.0
80.0,42.0,187.0,11.0,217.0,112.0,94.0,32.0,145.0,81.0,245.0,113.0,46.0,25.0,180.0
132.0,108.0,688.0,29.0,202.0,215.0,75.0,469.0,182.0,403.0,470.0,446.0,76.0,318.0,173.0
314.0,284.0,461.0,97.0,257.0,241.0,253.0,323.0,103.0,293.0,310.0,353.0,500.0,245.0,231.0
374.0,693.0,530.0,146.0,191.0,468.0,67.0,420.0,452.0,356.0,419.0,705.0,136.0,311.0,178.0
182.0,238.0,361.0,50.0,175.0,344.0,108.0,251.0,252.0,238.0,299.0,288.0,209.0,185.0,142.0
140.0,180.0,278.0,30.0,54.0,260.0,53.0,65.0,191.0,151.0,201.0,162.0,101.0,16.0,42.0
115.0,95.0,346.0,23.0,15.0,210.0,1.0,225.0,122.0,202.0,261.0,263.0,76.0,174.0,97.0
114.0,76.0,240.0,21.0,117.0,133.0,37.0,109.0,139.0,129.0,157.0,126.0,68.0,66.0,87.0
163.0,194.0,564.0,36.0,238.0,280.0,77.0,469.0,210.0,167.0,226.0,207.0,177.0,300.0,214.0
123.0,141.0,252.0,24.0,252.0,249.0,99.0,132.0,105.0,176.0,179.0,221.0,195.0,90.0,218.0
121.0,104.0,294.0,36.0,292.0,212.0,166.0,180.0,210.0,165.0,225.0,72.0,171.0,130.0,308.0
146.0,173.0,279.0,30.0,83.0,256.0,26.0,160.0,187.0,151.0,200.0,162.0,140.0,107.0,74.0
111.0,89.0,240.0,21.0,32.0,208.0,629.0,110.0,134.0,129.0,164.0,124.0,726.0,77.0,12.0
412.0,764.0,553.0,177.0,104.0,227.0,98.0,384.0,357.0,381.0,298.0,463.0,200.0,291.0,83.0
211.0,281.0,346.0,57.0,80.0,372.0,23.0,225.0,296.0,201.0,261.0,248.0,264.0,179.0,55.0
167.0,109.0,648.0,38.0,224.0,741.0,83.0,459.0,134.0,425.0,458.0,582.0,175.0,314.0,181.0
123.0,109.0,252.0,24.0,75.0,211.0,22.0,59.0,141.0,137.0,176.0,115.0,92.0,27.0,54.0
412.0,764.0,530.0,182.0,131.0,173.0,45.0,398.0,660.0,381.0,419.0,133.0,83.0,303.0,101.0
169.0,222.0,428.0,40.0,229.0,328.0,92.0,322.0,223.0,188.0,333.0,220.0,177.0,57.0,125.0
91.0,346.0,207.0,15.0,73.0,437.0,23.0,80.0,107.0,106.0,148.0,76.0,42.0,81.0,44.0
101.0,71.0,201.0,17.0,117.0,160.0,35.0,61.0,120.0,92.0,100.0,76.0,54.0,34.0,187.0
80.0,41.0,296.0,11.0,75.0,102.0,23.0,194.0,81.0,167.0,220.0,196.0,33.0,134.0,54.0
103.0,71.0,240.0,20.0,331.0,159.0,35.0,109.0,125.0,129.0,157.0,118.0,55.0,72.0,72.0
156.0,169.0,300.0,36.0,134.0,260.0,45.0,192.0,173.0,176.0,230.0,197.0,84.0,235.0,30.0
103.0,72.0,204.0,17.0,117.0,160.0,35.0,62.0,120.0,113.0,110.0,105.0,59.0,35.0,89.0
100.0,89.0,340.0,17.0,83.0,188.0,23.0,438.0,120.0,188.0,245.0,220.0,42.0,617.0,55.0
95.0,55.0,661.0,243.0,47.0,143.0,9.0,509.0,194.0,521.0,658.0,856.0,923.0,493.0,32.0
154.0,188.0,283.0,34.0,211.0,270.0,79.0,0.0,193.0,156.0,206.0,178.0,145.0,0.0,175.0
330.0,590.0,488.0,114.0,277.0,521.0,339.0,346.0,545.0,304.0,400.0,214.0,583.0,259.0,250.0
154.0,185.0,476.0,97.0,248.0,261.0,143.0,266.0,483.0,289.0,366.0,208.0,269.0,186.0,216.0
288.0,188.0,447.0,95.0,292.0,310.0,222.0,440.0,466.0,273.0,208.0,325.0,406.0,312.0,307.0
138.0,194.0,263.0,29.0,47.0,256.0,13.0,32.0,180.0,147.0,191.0,158.0,109.0,21.0,38.0
256.0,332.0,223.0,41.0,75.0,397.0,22.0,94.0,223.0,114.0,149.0,114.0,171.0,68.0,55.0
123.0,187.0,346.0,50.0,294.0,270.0,98.0,176.0,252.0,201.0,261.0,249.0,209.0,129.0,308.0
264.0,367.0,372.0,70.0,322.0,439.0,213.0,241.0,341.0,243.0,302.0,298.0,316.0,132.0,329.0
75.0,36.0,125.0,8.0,55.0,127.0,18.0,27.0,103.0,57.0,13.0,197.0,33.0,24.0,44.0
140.0,118.0,157.0,32.0,176.0,221.0,61.0,32.0,197.0,75.0,57.0,58.0,123.0,21.0,154.0
181.0,235.0,316.0,46.0,243.0,349.0,99.0,198.0,239.0,188.0,239.0,160.0,202.0,145.0,214.0
375.0,694.0,550.0,91.0,310.0,663.0,184.0,176.0,454.0,346.0,470.0,456.0,288.0,125.0,331.0
124.0,130.0,256.0,23.0,100.0,230.0,46.0,154.0,193.0,140.0,201.0,446.0,70.0,106.0,80.0
330.0,590.0,507.0,117.0,569.0,390.0,396.0,377.0,545.0,304.0,410.0,317.0,588.0,259.0,808.0
80.0,41.0,187.0,9.0,47.0,112.0,9.0,51.0,76.0,82.0,87.0,355.0,33.0,17.0,31.0
104.0,78.0,300.0,19.0,128.0,160.0,35.0,192.0,125.0,176.0,208.0,197.0,55.0,72.0,107.0
73.0,27.0,142.0,6.0,403.0,56.0,4.0,31.0,38.0,67.0,88.0,50.0,19.0,17.0,469.0
156.0,203.0,283.0,34.0,200.0,280.0,75.0,364.0,171.0,156.0,201.0,181.0,149.0,312.0,172.0
76.0,56.0,283.0,8.0,50.0,155.0,15.0,168.0,50.0,154.0,207.0,167.0,27.0,119.0,42.0
377.0,135.0,536.0,148.0,89.0,241.0,32.0,315.0,571.0,347.0,458.0,72.0,48.0,241.0,77.0
317.0,515.0,481.0,104.0,54.0,468.0,18.0,342.0,498.0,296.0,387.0,355.0,33.0,258.0,43.0
123.0,118.0,257.0,6.0,200.0,221.0,75.0,154.0,545.0,58.0,187.0,23.0,150.0,102.0,172.0
84.0,45.0,386.0,14.0,47.0,127.0,15.0,296.0,99.0,81.0,320.0,68.0,33.0,213.0,73.0
287.0,461.0,449.0,95.0,415.0,468.0,243.0,322.0,454.0,273.0,366.0,312.0,408.0,246.0,455.0
412.0,764.0,550.0,177.0,188.0,767.0,67.0,39.0,452.0,374.0,470.0,582.0,751.0,25.0,155.0
256.0,332.0,374.0,71.0,150.0,430.0,226.0,297.0,223.0,243.0,286.0,298.0,380.0,217.0,118.0
266.0,523.0,414.0,86.0,50.0,227.0,226.0,312.0,430.0,265.0,326.0,322.0,344.0,235.0,63.0
84.0,45.0,440.0,96.0,448.0,127.0,258.0,202.0,293.0,275.0,351.0,330.0,450.0,613.0,331.0
121.0,103.0,212.0,24.0,132.0,211.0,45.0,83.0,163.0,108.0,126.0,214.0,84.0,58.0,101.0
104.0,90.0,693.0,19.0,217.0,200.0,80.0,565.0,12.0,356.0,387.0,160.0,54.0,442.0,180.0
168.0,225.0,323.0,41.0,206.0,310.0,108.0,476.0,223.0,184.0,241.0,207.0,219.0,312.0,175.0
73.0,21.0,111.0,6.0,242.0,112.0,99.0,15.0,173.0,58.0,5.0,23.0,19.0,12.0,89.0
257.0,118.0,351.0,51.0,260.0,221.0,107.0,250.0,281.0,198.0,264.0,240.0,211.0,184.0,238.0
126.0,164.0,255.0,27.0,157.0,310.0,52.0,148.0,173.0,139.0,152.0,140.0,97.0,96.0,119.0
167.0,221.0,256.0,27.0,137.0,293.0,50.0,214.0,171.0,140.0,187.0,149.0,92.0,162.0,114.0
152.0,179.0,553.0,33.0,151.0,208.0,62.0,285.0,187.0,154.0,449.0,160.0,122.0,116.0,134.0
288.0,40.0,374.0,71.0,28.0,86.0,213.0,509.0,270.0,243.0,158.0,298.0,344.0,339.0,12.0
73.0,27.0,142.0,6.0,0.0,56.0,62.0,31.0,38.0,67.0,298.0,50.0,116.0,24.0,0.0
114.0,55.0,220.0,18.0,88.0,154.0,30.0,80.0,122.0,112.0,128.0,101.0,46.0,218.0,71.0
314.0,488.0,648.0,104.0,252.0,390.0,274.0,415.0,498.0,416.0,286.0,822.0,500.0,311.0,218.0
176.0,214.0,317.0,40.0,230.0,294.0,92.0,296.0,223.0,188.0,241.0,186.0,181.0,213.0,201.0
156.0,274.0,487.0,109.0,524.0,362.0,274.0,346.0,503.0,296.0,394.0,374.0,524.0,259.0,881.0
152.0,188.0,294.0,33.0,176.0,293.0,67.0,180.0,187.0,156.0,234.0,173.0,139.0,130.0,154.0
91.0,48.0,491.0,16.0,75.0,143.0,23.0,299.0,122.0,304.0,402.0,395.0,42.0,218.0,55.0
134.0,87.0,263.0,29.0,177.0,188.0,61.0,149.0,178.0,147.0,177.0,158.0,101.0,496.0,153.0
169.0,225.0,336.0,40.0,100.0,310.0,33.0,206.0,223.0,197.0,248.0,348.0,196.0,180.0,80.0
126.0,133.0,256.0,23.0,186.0,249.0,33.0,140.0,184.0,132.0,187.0,115.0,52.0,101.0,155.0
163.0,212.0,372.0,36.0,174.0,297.0,58.0,285.0,210.0,200.0,302.0,248.0,145.0,202.0,242.0
100.0,210.0,220.0,17.0,73.0,293.0,19.0,285.0,120.0,112.0,130.0,100.0,40.0,192.0,73.0
163.0,215.0,299.0,36.0,224.0,281.0,78.0,187.0,98.0,174.0,234.0,193.0,161.0,133.0,181.0
183.0,301.0,317.0,49.0,174.0,382.0,82.0,137.0,248.0,188.0,240.0,220.0,181.0,81.0,142.0
119.0,104.0,252.0,23.0,112.0,212.0,15.0,144.0,165.0,137.0,177.0,134.0,35.0,95.0,87.0
271.0,403.0,220.0,87.0,118.0,462.0,391.0,98.0,332.0,269.0,130.0,178.0,406.0,72.0,94.0
84.0,238.0,207.0,11.0,233.0,289.0,82.0,80.0,103.0,105.0,120.0,47.0,168.0,132.0,234.0
83.0,43.0,201.0,13.0,188.0,127.0,18.0,92.0,125.0,92.0,84.0,76.0,36.0,65.0,157.0
138.0,106.0,111.0,33.0,174.0,214.0,58.0,154.0,184.0,167.0,110.0,115.0,127.0,106.0,93.0
139.0,78.0,279.0,30.0,151.0,238.0,50.0,313.0,178.0,153.0,203.0,162.0,92.0,256.0,118.0
163.0,214.0,257.0,36.0,200.0,294.0,75.0,140.0,210.0,144.0,191.0,178.0,154.0,91.0,172.0
121.0,104.0,255.0,24.0,161.0,211.0,53.0,140.0,165.0,129.0,187.0,190.0,102.0,90.0,125.0
202.0,261.0,351.0,51.0,261.0,362.0,121.0,285.0,122.0,214.0,275.0,186.0,239.0,202.0,242.0
122.0,89.0,283.0,24.0,131.0,191.0,45.0,168.0,163.0,136.0,208.0,108.0,84.0,122.0,102.0
124.0,187.0,242.0,25.0,262.0,270.0,127.0,98.0,117.0,132.0,165.0,21.0,92.0,71.0,172.0
235.0,253.0,491.0,177.0,228.0,397.0,367.0,476.0,452.0,304.0,402.0,323.0,888.0,314.0,699.0
123.0,182.0,240.0,25.0,117.0,261.0,35.0,110.0,165.0,129.0,160.0,173.0,59.0,76.0,94.0
156.0,200.0,263.0,35.0,200.0,280.0,75.0,16.0,197.0,156.0,220.0,167.0,150.0,16.0,172.0
167.0,221.0,300.0,38.0,242.0,294.0,96.0,186.0,223.0,176.0,226.0,197.0,177.0,132.0,216.0
86.0,769.0,206.0,15.0,175.0,809.0,58.0,59.0,103.0,105.0,373.0,81.0,95.0,41.0,99.0
206.0,278.0,336.0,56.0,262.0,253.0,139.0,146.0,290.0,196.0,245.0,241.0,264.0,96.0,404.0
104.0,82.0,224.0,20.0,105.0,215.0,35.0,98.0,129.0,120.0,154.0,114.0,55.0,72.0,85.0
374.0,693.0,701.0,137.0,58.0,261.0,274.0,572.0,147.0,660.0,681.0,254.0,579.0,455.0,144.0
273.0,409.0,440.0,91.0,83.0,289.0,83.0,316.0,454.0,273.0,408.0,323.0,429.0,245.0,56.0
71.0,28.0,170.0,6.0,28.0,60.0,2.0,16.0,466.0,63.0,179.0,47.0,27.0,16.0,12.0
211.0,274.0,316.0,57.0,217.0,362.0,76.0,201.0,293.0,188.0,240.0,221.0,264.0,146.0,181.0
271.0,406.0,356.0,87.0,329.0,468.0,237.0,62.0,271.0,269.0,287.0,322.0,406.0,35.0,170.0
101.0,78.0,293.0,17.0,89.0,175.0,42.0,189.0,120.0,154.0,148.0,181.0,54.0,133.0,74.0
316.0,515.0,190.0,114.0,329.0,490.0,213.0,51.0,181.0,304.0,91.0,149.0,624.0,218.0,297.0
244.0,193.0,693.0,70.0,313.0,272.0,199.0,756.0,330.0,230.0,419.0,288.0,291.0,510.0,333.0
233.0,316.0,507.0,133.0,329.0,390.0,261.0,384.0,570.0,311.0,408.0,446.0,464.0,412.0,32.0
233.0,317.0,111.0,22.0,202.0,393.0,62.0,16.0,144.0,25.0,0.0,0.0,70.0,17.0,80.0
266.0,391.0,657.0,80.0,344.0,460.0,222.0,420.0,425.0,416.0,78.0,312.0,336.0,309.0,422.0
81.0,42.0,187.0,11.0,47.0,175.0,15.0,47.0,122.0,82.0,87.0,68.0,33.0,26.0,30.0
121.0,109.0,246.0,23.0,100.0,212.0,33.0,130.0,163.0,132.0,165.0,127.0,52.0,17.0,80.0
182.0,372.0,258.0,36.0,200.0,445.0,75.0,83.0,199.0,144.0,188.0,92.0,150.0,64.0,158.0
154.0,185.0,283.0,33.0,255.0,261.0,107.0,168.0,109.0,154.0,207.0,155.0,211.0,179.0,229.0
244.0,322.0,382.0,70.0,312.0,373.0,198.0,292.0,341.0,246.0,309.0,301.0,291.0,208.0,334.0
104.0,215.0,130.0,18.0,89.0,296.0,77.0,32.0,122.0,112.0,29.0,101.0,44.0,21.0,74.0
232.0,317.0,0.0,0.0,17.0,393.0,2.0,0.0,0.0,0.0,0.0,21.0,0.0,0.0,12.0
114.0,95.0,240.0,22.0,117.0,205.0,37.0,110.0,145.0,129.0,187.0,228.0,70.0,81.0,94.0
104.0,89.0,184.0,19.0,216.0,191.0,82.0,45.0,125.0,115.0,88.0,100.0,167.0,134.0,172.0
140.0,169.0,266.0,30.0,217.0,241.0,61.0,146.0,181.0,151.0,204.0,162.0,102.0,88.0,179.0
84.0,225.0,267.0,14.0,112.0,312.0,32.0,155.0,107.0,150.0,200.0,98.0,48.0,106.0,93.0
156.0,194.0,283.0,34.0,216.0,280.0,75.0,738.0,173.0,156.0,177.0,187.0,149.0,496.0,178.0
156.0,221.0,293.0,35.0,45.0,241.0,75.0,176.0,144.0,160.0,211.0,181.0,149.0,129.0,31.0
125.0,130.0,142.0,25.0,145.0,250.0,50.0,31.0,168.0,138.0,91.0,138.0,92.0,21.0,118.0
126.0,131.0,363.0,27.0,208.0,143.0,67.0,144.0,171.0,176.0,298.0,204.0,101.0,95.0,175.0
92.0,48.0,212.0,16.0,85.0,143.0,29.0,83.0,117.0,108.0,122.0,98.0,46.0,64.0,74.0
83.0,43.0,300.0,38.0,191.0,127.0,69.0,158.0,223.0,176.0,225.0,212.0,145.0,111.0,80.0
114.0,95.0,111.0,22.0,155.0,210.0,53.0,10.0,134.0,129.0,8.0,126.0,70.0,16.0,119.0
83.0,43.0,190.0,20.0,104.0,124.0,35.0,290.0,132.0,57.0,91.0,23.0,55.0,205.0,83.0
154.0,188.0,283.0,34.0,50.0,270.0,15.0,15.0,191.0,156.0,208.0,193.0,33.0,16.0,43.0
86.0,47.0,125.0,5.0,277.0,124.0,139.0,97.0,12.0,58.0,0.0,23.0,264.0,72.0,246.0
202.0,62.0,332.0,51.0,123.0,156.0,40.0,205.0,197.0,193.0,245.0,221.0,238.0,156.0,131.0
217.0,346.0,346.0,60.0,237.0,439.0,99.0,228.0,313.0,201.0,250.0,249.0,270.0,174.0,242.0
257.0,284.0,550.0,71.0,434.0,373.0,253.0,431.0,253.0,243.0,483.0,298.0,330.0,312.0,566.0
167.0,215.0,283.0,38.0,237.0,296.0,99.0,168.0,223.0,156.0,207.0,174.0,175.0,107.0,190.0
95.0,48.0,207.0,16.0,28.0,221.0,2.0,80.0,172.0,106.0,120.0,98.0,43.0,57.0,9.0
167.0,221.0,488.0,38.0,176.0,297.0,61.0,392.0,223.0,300.0,400.0,449.0,176.0,292.0,153.0
187.0,185.0,214.0,16.0,157.0,253.0,46.0,84.0,111.0,108.0,128.0,101.0,43.0,64.0,127.0
252.0,316.0,580.0,183.0,966.0,390.0,598.0,470.0,551.0,404.0,419.0,705.0,905.0,311.0,331.0
156.0,188.0,290.0,34.0,83.0,143.0,75.0,160.0,187.0,156.0,210.0,174.0,149.0,116.0,55.0
316.0,515.0,296.0,36.0,365.0,490.0,70.0,183.0,205.0,167.0,214.0,207.0,161.0,145.0,455.0
205.0,276.0,661.0,243.0,123.0,362.0,40.0,508.0,858.0,521.0,658.0,856.0,211.0,343.0,95.0
103.0,72.0,549.0,19.0,105.0,156.0,35.0,420.0,129.0,358.0,468.0,186.0,54.0,311.0,84.0
86.0,55.0,238.0,15.0,112.0,143.0,35.0,103.0,99.0,120.0,152.0,115.0,55.0,72.0,87.0
241.0,323.0,385.0,73.0,341.0,437.0,217.0,293.0,341.0,247.0,257.0,288.0,331.0,180.0,404.0
237.0,320.0,126.0,67.0,415.0,393.0,243.0,29.0,330.0,252.0,27.0,236.0,288.0,57.0,45.0
152.0,141.0,240.0,23.0,128.0,249.0,42.0,103.0,173.0,132.0,179.0,127.0,76.0,442.0,94.0
311.0,320.0,449.0,97.0,503.0,200.0,274.0,322.0,483.0,275.0,299.0,138.0,524.0,246.0,699.0
137.0,43.0,279.0,30.0,243.0,144.0,99.0,163.0,178.0,153.0,203.0,163.0,196.0,269.0,202.0
158.0,205.0,661.0,35.0,218.0,294.0,99.0,493.0,199.0,154.0,470.0,137.0,200.0,331.0,180.0
95.0,55.0,204.0,22.0,54.0,143.0,18.0,62.0,141.0,99.0,108.0,76.0,54.0,35.0,43.0
330.0,618.0,500.0,117.0,32.0,374.0,367.0,364.0,545.0,304.0,408.0,423.0,588.0,275.0,12.0
122.0,145.0,240.0,24.0,134.0,249.0,45.0,110.0,163.0,136.0,160.0,126.0,84.0,92.0,107.0
182.0,235.0,855.0,49.0,128.0,341.0,42.0,969.0,215.0,188.0,999.0,220.0,204.0,184.0,99.0
182.0,235.0,316.0,49.0,138.0,348.0,48.0,205.0,232.0,188.0,240.0,220.0,204.0,152.0,83.0
374.0,693.0,536.0,148.0,228.0,155.0,82.0,392.0,570.0,347.0,458.0,470.0,171.0,292.0,190.0
338.0,108.0,500.0,114.0,601.0,215.0,391.0,346.0,545.0,304.0,408.0,430.0,624.0,259.0,678.0
76.0,43.0,303.0,8.0,0.0,127.0,2.0,194.0,232.0,176.0,232.0,236.0,27.0,134.0,0.0
97.0,55.0,214.0,16.0,89.0,143.0,29.0,306.0,117.0,108.0,128.0,100.0,46.0,240.0,74.0
137.0,164.0,580.0,29.0,161.0,254.0,53.0,470.0,173.0,404.0,527.0,705.0,101.0,319.0,102.0
235.0,317.0,313.0,65.0,310.0,393.0,174.0,204.0,314.0,223.0,238.0,282.0,284.0,150.0,334.0
181.0,235.0,316.0,49.0,234.0,328.0,95.0,201.0,168.0,188.0,236.0,220.0,200.0,134.0,307.0
146.0,92.0,281.0,31.0,160.0,230.0,61.0,130.0,210.0,154.0,206.0,167.0,122.0,88.0,124.0
156.0,200.0,283.0,35.0,202.0,280.0,75.0,124.0,204.0,156.0,208.0,282.0,154.0,101.0,240.0
80.0,41.0,336.0,11.0,45.0,102.0,6.0,420.0,145.0,197.0,250.0,204.0,35.0,130.0,31.0
100.0,62.0,215.0,17.0,75.0,155.0,30.0,84.0,119.0,112.0,128.0,95.0,46.0,64.0,55.0
181.0,227.0,294.0,45.0,237.0,310.0,99.0,180.0,237.0,188.0,214.0,220.0,200.0,245.0,213.0
125.0,130.0,252.0,25.0,150.0,215.0,50.0,140.0,168.0,138.0,179.0,100.0,92.0,91.0,117.0
376.0,717.0,688.0,243.0,83.0,445.0,24.0,285.0,302.0,425.0,658.0,856.0,923.0,202.0,55.0
178.0,232.0,296.0,36.0,155.0,319.0,75.0,183.0,191.0,167.0,220.0,187.0,95.0,235.0,97.0
377.0,709.0,190.0,96.0,446.0,663.0,258.0,346.0,466.0,85.0,91.0,287.0,450.0,259.0,202.0
181.0,234.0,247.0,45.0,85.0,324.0,98.0,115.0,109.0,136.0,203.0,114.0,200.0,64.0,66.0
257.0,317.0,294.0,73.0,329.0,393.0,213.0,180.0,330.0,247.0,214.0,301.0,330.0,130.0,416.0
206.0,276.0,549.0,56.0,277.0,296.0,143.0,290.0,292.0,199.0,470.0,249.0,269.0,510.0,250.0
114.0,90.0,661.0,248.0,197.0,191.0,598.0,572.0,163.0,425.0,582.0,894.0,888.0,455.0,173.0
375.0,694.0,201.0,140.0,137.0,663.0,254.0,61.0,571.0,322.0,100.0,457.0,316.0,34.0,111.0
129.0,135.0,294.0,29.0,161.0,241.0,53.0,180.0,168.0,151.0,187.0,162.0,101.0,314.0,126.0
163.0,241.0,294.0,36.0,229.0,349.0,78.0,180.0,199.0,167.0,214.0,165.0,161.0,130.0,190.0
319.0,0.0,310.0,110.0,202.0,0.0,75.0,195.0,551.0,296.0,210.0,374.0,579.0,134.0,175.0
270.0,174.0,438.0,89.0,128.0,259.0,42.0,297.0,452.0,271.0,338.0,323.0,76.0,217.0,99.0
214.0,367.0,346.0,55.0,275.0,348.0,139.0,223.0,290.0,202.0,264.0,257.0,264.0,170.0,247.0
196.0,257.0,379.0,51.0,292.0,348.0,391.0,293.0,139.0,132.0,307.0,126.0,726.0,208.0,307.0
73.0,27.0,111.0,6.0,89.0,56.0,32.0,26.0,38.0,67.0,5.0,50.0,19.0,16.0,74.0
375.0,694.0,528.0,140.0,137.0,256.0,46.0,205.0,571.0,322.0,191.0,457.0,19.0,158.0,110.0
115.0,103.0,240.0,22.0,104.0,211.0,34.0,110.0,144.0,129.0,160.0,126.0,70.0,77.0,82.0
196.0,257.0,263.0,51.0,341.0,349.0,220.0,149.0,276.0,193.0,200.0,317.0,336.0,96.0,416.0
122.0,115.0,238.0,20.0,189.0,118.0,67.0,103.0,223.0,120.0,468.0,115.0,55.0,72.0,157.0
214.0,300.0,339.0,58.0,280.0,197.0,147.0,0.0,297.0,199.0,286.0,241.0,269.0,0.0,250.0
100.0,137.0,224.0,23.0,157.0,249.0,53.0,98.0,177.0,120.0,187.0,118.0,76.0,72.0,119.0
235.0,310.0,350.0,65.0,184.0,390.0,171.0,241.0,314.0,214.0,274.0,304.0,284.0,184.0,153.0
244.0,323.0,363.0,70.0,229.0,422.0,217.0,532.0,288.0,230.0,298.0,288.0,291.0,76.0,214.0
76.0,43.0,184.0,8.0,32.0,127.0,5.0,45.0,54.0,80.0,210.0,68.0,19.0,25.0,12.0
133.0,292.0,296.0,29.0,174.0,373.0,58.0,183.0,173.0,147.0,220.0,114.0,102.0,132.0,99.0
101.0,47.0,223.0,19.0,89.0,210.0,30.0,94.0,125.0,114.0,100.0,108.0,54.0,68.0,74.0
171.0,231.0,395.0,45.0,217.0,306.0,82.0,297.0,232.0,187.0,321.0,181.0,174.0,245.0,214.0
121.0,106.0,240.0,23.0,104.0,214.0,35.0,204.0,165.0,129.0,157.0,118.0,55.0,150.0,84.0
206.0,227.0,382.0,91.0,75.0,312.0,22.0,296.0,454.0,246.0,309.0,302.0,40.0,458.0,55.0
124.0,203.0,214.0,15.0,73.0,281.0,32.0,65.0,105.0,108.0,128.0,98.0,49.0,55.0,32.0
122.0,182.0,246.0,24.0,102.0,261.0,48.0,124.0,163.0,132.0,170.0,126.0,84.0,173.0,101.0
181.0,234.0,313.0,45.0,230.0,260.0,94.0,195.0,147.0,187.0,241.0,164.0,191.0,134.0,201.0
160.0,301.0,311.0,36.0,292.0,390.0,85.0,315.0,332.0,167.0,232.0,186.0,175.0,58.0,307.0
84.0,47.0,310.0,12.0,128.0,216.0,42.0,296.0,98.0,82.0,257.0,68.0,42.0,185.0,99.0
178.0,233.0,336.0,51.0,255.0,127.0,107.0,206.0,54.0,192.0,245.0,231.0,212.0,158.0,180.0
428.0,709.0,661.0,183.0,161.0,388.0,53.0,509.0,223.0,416.0,640.0,822.0,214.0,409.0,125.0
257.0,317.0,379.0,71.0,313.0,393.0,213.0,292.0,311.0,243.0,310.0,298.0,284.0,184.0,351.0
244.0,316.0,396.0,70.0,262.0,390.0,217.0,299.0,341.0,223.0,322.0,282.0,291.0,218.0,246.0
86.0,48.0,187.0,11.0,191.0,188.0,65.0,39.0,86.0,83.0,91.0,72.0,33.0,133.0,155.0
112.0,89.0,240.0,21.0,117.0,200.0,35.0,146.0,145.0,129.0,158.0,228.0,59.0,95.0,88.0
232.0,320.0,294.0,65.0,206.0,479.0,50.0,181.0,314.0,167.0,218.0,186.0,139.0,131.0,134.0
163.0,212.0,326.0,36.0,230.0,294.0,82.0,205.0,210.0,188.0,243.0,220.0,171.0,156.0,201.0
92.0,48.0,208.0,15.0,85.0,143.0,23.0,297.0,103.0,103.0,126.0,214.0,42.0,218.0,63.0
114.0,89.0,300.0,22.0,75.0,197.0,2.0,194.0,223.0,176.0,239.0,197.0,70.0,134.0,30.0
270.0,332.0,222.0,18.0,50.0,429.0,29.0,92.0,122.0,113.0,129.0,101.0,46.0,66.0,38.0
126.0,131.0,251.0,27.0,98.0,227.0,50.0,140.0,170.0,140.0,189.0,158.0,95.0,617.0,77.0
92.0,27.0,142.0,6.0,157.0,56.0,76.0,31.0,34.0,63.0,29.0,47.0,10.0,17.0,122.0
266.0,373.0,661.0,85.0,735.0,445.0,213.0,509.0,425.0,256.0,400.0,312.0,330.0,408.0,881.0
123.0,115.0,252.0,24.0,161.0,215.0,53.0,140.0,163.0,138.0,175.0,139.0,90.0,91.0,153.0
80.0,41.0,187.0,9.0,104.0,143.0,35.0,47.0,76.0,82.0,999.0,58.0,33.0,169.0,84.0
83.0,48.0,279.0,15.0,229.0,173.0,19.0,163.0,103.0,153.0,203.0,187.0,40.0,111.0,262.0
146.0,185.0,475.0,31.0,176.0,261.0,61.0,392.0,184.0,156.0,373.0,175.0,122.0,300.0,154.0
123.0,106.0,238.0,20.0,0.0,214.0,4.0,322.0,129.0,120.0,152.0,118.0,54.0,246.0,0.0
154.0,188.0,240.0,34.0,0.0,272.0,78.0,146.0,193.0,129.0,160.0,125.0,158.0,131.0,0.0
374.0,693.0,317.0,137.0,112.0,468.0,35.0,346.0,568.0,188.0,240.0,218.0,55.0,259.0,87.0
123.0,109.0,316.0,45.0,227.0,216.0,78.0,181.0,248.0,188.0,239.0,212.0,167.0,133.0,160.0
119.0,104.0,271.0,23.0,132.0,212.0,43.0,156.0,147.0,165.0,200.0,196.0,76.0,107.0,107.0
202.0,261.0,346.0,58.0,312.0,349.0,148.0,228.0,296.0,201.0,419.0,175.0,270.0,174.0,181.0
256.0,332.0,252.0,71.0,202.0,429.0,75.0,140.0,829.0,137.0,176.0,137.0,154.0,91.0,175.0
100.0,62.0,701.0,17.0,86.0,156.0,29.0,509.0,119.0,115.0,386.0,108.0,47.0,331.0,66.0
167.0,205.0,361.0,51.0,365.0,281.0,226.0,273.0,276.0,191.0,297.0,228.0,212.0,193.0,473.0
126.0,133.0,254.0,27.0,186.0,154.0,50.0,140.0,171.0,138.0,179.0,140.0,92.0,134.0,155.0
97.0,55.0,214.0,16.0,83.0,155.0,24.0,83.0,117.0,108.0,128.0,95.0,46.0,65.0,87.0
257.0,338.0,224.0,5.0,47.0,430.0,1.0,65.0,676.0,57.0,148.0,21.0,5.0,55.0,87.0
156.0,229.0,311.0,35.0,117.0,315.0,35.0,197.0,197.0,184.0,239.0,207.0,55.0,145.0,89.0
73.0,130.0,639.0,243.0,288.0,211.0,165.0,490.0,858.0,411.0,527.0,681.0,272.0,331.0,154.0
181.0,235.0,339.0,45.0,176.0,389.0,61.0,216.0,170.0,188.0,408.0,212.0,123.0,173.0,155.0
257.0,133.0,379.0,71.0,161.0,250.0,53.0,292.0,171.0,243.0,321.0,298.0,330.0,186.0,131.0
182.0,249.0,395.0,50.0,242.0,348.0,99.0,297.0,252.0,188.0,321.0,221.0,209.0,218.0,214.0
273.0,323.0,396.0,86.0,434.0,404.0,226.0,297.0,430.0,265.0,238.0,316.0,369.0,218.0,566.0
160.0,229.0,296.0,36.0,186.0,498.0,61.0,141.0,197.0,167.0,220.0,193.0,122.0,111.0,111.0
264.0,225.0,395.0,80.0,311.0,288.0,226.0,315.0,425.0,252.0,321.0,305.0,337.0,235.0,334.0
125.0,130.0,542.0,53.0,252.0,227.0,106.0,438.0,314.0,356.0,465.0,246.0,212.0,491.0,218.0
205.0,276.0,363.0,70.0,341.0,365.0,213.0,223.0,293.0,230.0,290.0,288.0,316.0,169.0,404.0
73.0,27.0,224.0,5.0,15.0,155.0,1.0,90.0,223.0,136.0,152.0,98.0,4.0,111.0,4.0
229.0,301.0,105.0,63.0,233.0,393.0,166.0,16.0,311.0,58.0,0.0,174.0,273.0,16.0,201.0
196.0,259.0,395.0,51.0,261.0,373.0,121.0,175.0,425.0,196.0,322.0,241.0,239.0,123.0,157.0
180.0,233.0,317.0,45.0,216.0,320.0,99.0,202.0,232.0,188.0,240.0,221.0,200.0,149.0,178.0
152.0,180.0,215.0,33.0,126.0,260.0,40.0,73.0,184.0,112.0,128.0,101.0,73.0,12.0,99.0
181.0,234.0,187.0,15.0,73.0,310.0,19.0,47.0,34.0,82.0,87.0,69.0,40.0,27.0,54.0
314.0,488.0,339.0,104.0,55.0,490.0,274.0,214.0,551.0,368.0,320.0,580.0,515.0,159.0,44.0
183.0,174.0,553.0,137.0,175.0,268.0,58.0,440.0,570.0,316.0,470.0,101.0,678.0,328.0,144.0
91.0,232.0,206.0,15.0,75.0,319.0,22.0,65.0,122.0,105.0,91.0,84.0,40.0,291.0,54.0
311.0,718.0,339.0,51.0,229.0,706.0,86.0,204.0,173.0,188.0,158.0,221.0,214.0,150.0,198.0
178.0,214.0,184.0,51.0,234.0,328.0,76.0,45.0,281.0,196.0,87.0,236.0,168.0,26.0,175.0
75.0,37.0,183.0,7.0,28.0,241.0,4.0,45.0,50.0,71.0,63.0,91.0,19.0,25.0,12.0
374.0,693.0,507.0,146.0,238.0,490.0,237.0,364.0,293.0,306.0,408.0,430.0,406.0,493.0,215.0
232.0,301.0,553.0,64.0,165.0,382.0,58.0,264.0,313.0,198.0,468.0,190.0,276.0,185.0,274.0
81.0,42.0,157.0,6.0,17.0,118.0,0.0,32.0,33.0,67.0,245.0,50.0,12.0,21.0,12.0
126.0,129.0,240.0,27.0,132.0,197.0,45.0,110.0,170.0,129.0,157.0,125.0,84.0,77.0,201.0
121.0,182.0,254.0,23.0,165.0,261.0,54.0,32.0,163.0,138.0,179.0,61.0,101.0,21.0,126.0
105.0,41.0,223.0,18.0,89.0,118.0,35.0,83.0,122.0,112.0,220.0,105.0,52.0,628.0,69.0
270.0,373.0,481.0,86.0,255.0,445.0,217.0,342.0,430.0,296.0,387.0,355.0,337.0,269.0,157.0
104.0,219.0,271.0,29.0,83.0,297.0,23.0,222.0,184.0,151.0,201.0,164.0,42.0,173.0,55.0
330.0,590.0,111.0,33.0,161.0,663.0,53.0,26.0,195.0,57.0,8.0,21.0,127.0,16.0,119.0
163.0,185.0,294.0,36.0,175.0,261.0,82.0,158.0,210.0,167.0,218.0,186.0,171.0,111.0,63.0
235.0,317.0,661.0,66.0,310.0,393.0,180.0,509.0,330.0,264.0,13.0,316.0,284.0,408.0,54.0
171.0,229.0,313.0,27.0,15.0,315.0,54.0,202.0,171.0,185.0,238.0,207.0,101.0,148.0,42.0
156.0,194.0,507.0,185.0,966.0,277.0,570.0,364.0,570.0,296.0,408.0,355.0,864.0,275.0,566.0
76.0,45.0,351.0,8.0,248.0,127.0,101.0,241.0,272.0,214.0,287.0,257.0,26.0,184.0,216.0
196.0,257.0,361.0,51.0,122.0,349.0,40.0,266.0,178.0,176.0,373.0,204.0,73.0,343.0,97.0
97.0,56.0,294.0,36.0,217.0,155.0,82.0,620.0,182.0,166.0,203.0,302.0,161.0,458.0,181.0
156.0,193.0,290.0,35.0,292.0,249.0,166.0,176.0,195.0,156.0,210.0,203.0,123.0,125.0,307.0
237.0,323.0,255.0,67.0,310.0,407.0,184.0,176.0,333.0,171.0,338.0,197.0,288.0,146.0,331.0
137.0,163.0,206.0,14.0,47.0,260.0,18.0,420.0,99.0,99.0,110.0,76.0,36.0,311.0,32.0
126.0,133.0,257.0,25.0,448.0,213.0,50.0,205.0,168.0,138.0,189.0,138.0,92.0,412.0,220.0
374.0,693.0,530.0,137.0,313.0,144.0,391.0,406.0,568.0,381.0,419.0,316.0,639.0,305.0,351.0
100.0,63.0,214.0,17.0,89.0,155.0,30.0,83.0,119.0,108.0,128.0,100.0,46.0,496.0,74.0
271.0,406.0,447.0,91.0,415.0,468.0,243.0,322.0,454.0,273.0,351.0,323.0,408.0,146.0,351.0
257.0,259.0,385.0,77.0,365.0,175.0,226.0,292.0,428.0,247.0,320.0,303.0,337.0,208.0,473.0
187.0,259.0,326.0,51.0,230.0,348.0,108.0,205.0,270.0,191.0,243.0,228.0,214.0,152.0,201.0
412.0,764.0,657.0,133.0,313.0,320.0,199.0,508.0,570.0,316.0,582.0,244.0,579.0,503.0,238.0
126.0,130.0,278.0,30.0,229.0,230.0,78.0,168.0,181.0,151.0,201.0,162.0,158.0,119.0,190.0
80.0,234.0,488.0,112.0,341.0,310.0,391.0,353.0,483.0,300.0,470.0,395.0,590.0,122.0,404.0
288.0,461.0,449.0,95.0,445.0,484.0,254.0,322.0,466.0,275.0,449.0,323.0,438.0,245.0,574.0
232.0,346.0,351.0,64.0,310.0,208.0,188.0,251.0,313.0,214.0,240.0,236.0,276.0,184.0,334.0
271.0,323.0,507.0,128.0,242.0,143.0,367.0,377.0,483.0,306.0,408.0,430.0,590.0,292.0,101.0
244.0,292.0,363.0,70.0,176.0,373.0,226.0,250.0,233.0,228.0,214.0,323.0,288.0,186.0,94.0
80.0,41.0,570.0,11.0,47.0,103.0,13.0,469.0,107.0,404.0,500.0,137.0,33.0,318.0,95.0
97.0,40.0,208.0,16.0,569.0,86.0,29.0,83.0,117.0,108.0,204.0,98.0,46.0,66.0,808.0
181.0,235.0,316.0,45.0,255.0,341.0,106.0,200.0,145.0,188.0,240.0,98.0,200.0,146.0,240.0
206.0,261.0,180.0,56.0,262.0,328.0,127.0,292.0,276.0,199.0,63.0,163.0,259.0,208.0,25.0
100.0,62.0,240.0,21.0,112.0,155.0,35.0,601.0,158.0,129.0,164.0,124.0,59.0,458.0,87.0
999.0,999.0,999.0,999.0,999.0,999.0,999.0,999.0,999.0,999.0,449.0,999.0,999.0,999.0,999.0
83.0,43.0,201.0,11.0,43.0,143.0,16.0,61.0,191.0,83.0,100.0,156.0,33.0,412.0,43.0
130.0,137.0,208.0,29.0,189.0,255.0,67.0,73.0,178.0,106.0,345.0,92.0,139.0,455.0,160.0
235.0,317.0,317.0,65.0,310.0,393.0,172.0,201.0,314.0,223.0,241.0,288.0,284.0,149.0,307.0
322.0,585.0,457.0,112.0,229.0,534.0,61.0,341.0,518.0,275.0,366.0,355.0,122.0,510.0,190.0
114.0,95.0,300.0,22.0,123.0,197.0,46.0,186.0,158.0,176.0,226.0,187.0,12.0,129.0,97.0
146.0,173.0,999.0,29.0,100.0,253.0,32.0,999.0,172.0,147.0,411.0,138.0,51.0,493.0,38.0
73.0,36.0,395.0,7.0,735.0,56.0,5.0,297.0,46.0,252.0,321.0,305.0,23.0,213.0,881.0
156.0,104.0,142.0,34.0,208.0,212.0,78.0,31.0,195.0,156.0,210.0,178.0,156.0,174.0,174.0
235.0,235.0,356.0,65.0,279.0,344.0,148.0,259.0,314.0,225.0,264.0,282.0,284.0,185.0,275.0
152.0,179.0,296.0,33.0,188.0,260.0,67.0,27.0,187.0,167.0,203.0,181.0,136.0,17.0,157.0
211.0,281.0,355.0,57.0,248.0,374.0,98.0,104.0,293.0,198.0,239.0,241.0,260.0,57.0,214.0
306.0,281.0,278.0,27.0,161.0,362.0,53.0,158.0,547.0,144.0,201.0,155.0,101.0,107.0,124.0
146.0,174.0,278.0,30.0,176.0,270.0,61.0,163.0,182.0,151.0,201.0,162.0,122.0,16.0,154.0
100.0,62.0,111.0,17.0,83.0,156.0,32.0,26.0,119.0,57.0,8.0,138.0,47.0,16.0,56.0
122.0,90.0,374.0,24.0,132.0,310.0,45.0,290.0,163.0,132.0,126.0,126.0,84.0,213.0,107.0
206.0,278.0,590.0,56.0,28.0,324.0,79.0,438.0,293.0,425.0,509.0,117.0,204.0,555.0,183.0
100.0,62.0,215.0,17.0,200.0,155.0,23.0,84.0,119.0,112.0,215.0,101.0,42.0,72.0,173.0
485.0,391.0,701.0,243.0,569.0,460.0,570.0,358.0,180.0,521.0,387.0,856.0,864.0,271.0,95.0
182.0,235.0,348.0,50.0,200.0,206.0,78.0,228.0,252.0,188.0,272.0,221.0,209.0,174.0,183.0
97.0,56.0,738.0,16.0,55.0,155.0,29.0,440.0,117.0,112.0,414.0,101.0,46.0,312.0,44.0
104.0,56.0,111.0,19.0,112.0,155.0,35.0,16.0,132.0,115.0,13.0,113.0,55.0,16.0,87.0
114.0,95.0,657.0,5.0,43.0,247.0,2.0,420.0,117.0,425.0,681.0,822.0,5.0,309.0,25.0
196.0,259.0,311.0,55.0,191.0,333.0,69.0,198.0,292.0,199.0,230.0,236.0,140.0,134.0,157.0
100.0,62.0,476.0,18.0,145.0,156.0,78.0,346.0,122.0,296.0,382.0,355.0,51.0,259.0,117.0
163.0,104.0,252.0,91.0,415.0,212.0,247.0,140.0,454.0,137.0,177.0,138.0,429.0,96.0,274.0
86.0,48.0,488.0,110.0,73.0,193.0,19.0,297.0,545.0,300.0,400.0,193.0,40.0,248.0,88.0
158.0,222.0,385.0,35.0,200.0,308.0,75.0,293.0,195.0,247.0,295.0,280.0,155.0,137.0,174.0
154.0,253.0,360.0,70.0,208.0,348.0,78.0,493.0,333.0,228.0,295.0,287.0,288.0,333.0,173.0
140.0,185.0,266.0,30.0,132.0,261.0,45.0,154.0,184.0,154.0,200.0,167.0,84.0,102.0,107.0
273.0,36.0,514.0,91.0,122.0,191.0,38.0,391.0,454.0,319.0,414.0,456.0,726.0,300.0,97.0
271.0,693.0,348.0,86.0,242.0,260.0,165.0,251.0,430.0,207.0,272.0,263.0,272.0,185.0,220.0
212.0,317.0,111.0,0.0,0.0,393.0,0.0,26.0,163.0,0.0,177.0,0.0,0.0,16.0,0.0
176.0,391.0,300.0,43.0,229.0,393.0,92.0,189.0,223.0,176.0,201.0,197.0,181.0,133.0,192.0
338.0,764.0,507.0,128.0,275.0,348.0,253.0,384.0,547.0,306.0,408.0,348.0,369.0,458.0,247.0
129.0,130.0,252.0,27.0,229.0,211.0,92.0,140.0,180.0,138.0,176.0,137.0,95.0,82.0,101.0
410.0,764.0,208.0,21.0,117.0,767.0,37.0,83.0,223.0,114.0,122.0,124.0,59.0,41.0,94.0
236.0,346.0,353.0,66.0,310.0,439.0,172.0,241.0,333.0,223.0,286.0,325.0,284.0,184.0,157.0
167.0,173.0,449.0,70.0,280.0,260.0,184.0,322.0,132.0,275.0,394.0,126.0,270.0,246.0,274.0
241.0,103.0,582.0,182.0,341.0,211.0,217.0,470.0,660.0,408.0,320.0,803.0,330.0,305.0,455.0
314.0,304.0,507.0,51.0,258.0,388.0,121.0,384.0,271.0,306.0,408.0,165.0,239.0,158.0,242.0
126.0,131.0,312.0,60.0,280.0,164.0,147.0,200.0,293.0,198.0,238.0,241.0,269.0,240.0,175.0
112.0,90.0,251.0,24.0,176.0,227.0,61.0,141.0,163.0,137.0,175.0,137.0,89.0,92.0,154.0
217.0,301.0,347.0,60.0,112.0,425.0,274.0,228.0,302.0,203.0,264.0,124.0,270.0,81.0,87.0
126.0,130.0,223.0,27.0,131.0,230.0,45.0,94.0,173.0,141.0,208.0,186.0,101.0,68.0,69.0
176.0,229.0,303.0,43.0,229.0,56.0,94.0,201.0,224.0,176.0,245.0,204.0,191.0,148.0,110.0
252.0,332.0,336.0,53.0,261.0,430.0,121.0,200.0,290.0,197.0,248.0,241.0,252.0,146.0,238.0
130.0,103.0,542.0,153.0,735.0,211.0,485.0,398.0,199.0,356.0,465.0,387.0,726.0,305.0,881.0
160.0,188.0,507.0,35.0,45.0,270.0,16.0,364.0,198.0,296.0,414.0,374.0,155.0,275.0,111.0
123.0,115.0,256.0,24.0,75.0,221.0,23.0,141.0,165.0,138.0,8.0,138.0,43.0,328.0,56.0
236.0,322.0,417.0,65.0,112.0,397.0,35.0,342.0,314.0,223.0,333.0,50.0,284.0,17.0,87.0
126.0,193.0,255.0,27.0,177.0,280.0,61.0,141.0,120.0,139.0,187.0,139.0,116.0,493.0,154.0
160.0,203.0,311.0,49.0,277.0,280.0,139.0,197.0,248.0,188.0,236.0,220.0,264.0,34.0,250.0
126.0,133.0,852.0,27.0,86.0,156.0,50.0,15.0,170.0,141.0,307.0,149.0,92.0,16.0,71.0
376.0,717.0,553.0,146.0,73.0,706.0,19.0,420.0,302.0,374.0,108.0,582.0,149.0,309.0,242.0
146.0,135.0,214.0,31.0,174.0,241.0,61.0,205.0,182.0,108.0,128.0,100.0,122.0,152.0,134.0
165.0,219.0,207.0,16.0,83.0,297.0,28.0,62.0,147.0,106.0,120.0,92.0,45.0,35.0,247.0
119.0,104.0,130.0,6.0,174.0,212.0,5.0,31.0,34.0,63.0,29.0,47.0,12.0,24.0,94.0
133.0,115.0,296.0,29.0,175.0,213.0,58.0,183.0,173.0,167.0,220.0,187.0,102.0,133.0,142.0
375.0,694.0,507.0,137.0,234.0,118.0,96.0,364.0,570.0,319.0,410.0,428.0,264.0,271.0,154.0
101.0,48.0,201.0,36.0,238.0,143.0,99.0,61.0,199.0,165.0,87.0,322.0,161.0,27.0,157.0
374.0,693.0,511.0,137.0,723.0,484.0,396.0,738.0,571.0,316.0,411.0,449.0,639.0,617.0,214.0
75.0,37.0,142.0,8.0,228.0,448.0,85.0,31.0,38.0,80.0,286.0,68.0,176.0,291.0,180.0
86.0,41.0,201.0,12.0,131.0,102.0,43.0,61.0,109.0,92.0,100.0,76.0,36.0,34.0,101.0
77.0,43.0,222.0,8.0,45.0,124.0,9.0,83.0,290.0,113.0,129.0,98.0,27.0,58.0,32.0
146.0,174.0,303.0,41.0,55.0,259.0,79.0,194.0,222.0,176.0,232.0,105.0,212.0,137.0,43.0
212.0,300.0,511.0,51.0,365.0,390.0,226.0,391.0,170.0,193.0,411.0,236.0,214.0,617.0,473.0
259.0,372.0,379.0,73.0,341.0,448.0,220.0,296.0,311.0,246.0,326.0,302.0,336.0,248.0,43.0
206.0,278.0,332.0,51.0,341.0,373.0,50.0,306.0,271.0,193.0,245.0,236.0,92.0,308.0,406.0
264.0,89.0,491.0,60.0,104.0,164.0,34.0,358.0,302.0,304.0,382.0,254.0,68.0,269.0,84.0
156.0,205.0,293.0,34.0,200.0,281.0,75.0,176.0,197.0,156.0,208.0,218.0,154.0,129.0,172.0
115.0,103.0,240.0,23.0,279.0,211.0,237.0,109.0,145.0,129.0,157.0,118.0,76.0,77.0,274.0
196.0,259.0,336.0,51.0,262.0,216.0,129.0,205.0,276.0,197.0,248.0,240.0,288.0,193.0,240.0
126.0,131.0,310.0,29.0,161.0,308.0,53.0,202.0,168.0,150.0,234.0,160.0,101.0,148.0,124.0
134.0,145.0,385.0,77.0,260.0,253.0,119.0,293.0,98.0,247.0,203.0,303.0,238.0,256.0,238.0
235.0,310.0,355.0,65.0,279.0,390.0,148.0,251.0,314.0,223.0,287.0,282.0,284.0,55.0,242.0
101.0,55.0,207.0,15.0,83.0,225.0,23.0,80.0,103.0,106.0,187.0,76.0,42.0,57.0,32.0
414.0,764.0,532.0,153.0,261.0,397.0,127.0,403.0,601.0,347.0,411.0,470.0,726.0,305.0,331.0
104.0,78.0,300.0,20.0,117.0,175.0,37.0,192.0,129.0,176.0,210.0,207.0,54.0,458.0,66.0
137.0,187.0,279.0,7.0,191.0,288.0,69.0,163.0,50.0,153.0,203.0,164.0,140.0,111.0,158.0
178.0,233.0,312.0,45.0,229.0,276.0,95.0,225.0,120.0,187.0,274.0,208.0,195.0,173.0,198.0
169.0,225.0,500.0,40.0,279.0,310.0,148.0,327.0,223.0,304.0,408.0,428.0,181.0,248.0,274.0
187.0,221.0,347.0,97.0,211.0,297.0,203.0,251.0,457.0,278.0,264.0,317.0,419.0,184.0,175.0
182.0,232.0,332.0,50.0,233.0,319.0,61.0,212.0,252.0,190.0,245.0,221.0,209.0,256.0,201.0
124.0,130.0,363.0,25.0,150.0,227.0,50.0,476.0,168.0,138.0,299.0,138.0,92.0,409.0,74.0
157.0,203.0,312.0,35.0,206.0,220.0,77.0,195.0,215.0,165.0,238.0,186.0,155.0,72.0,175.0
156.0,193.0,564.0,34.0,252.0,276.0,75.0,440.0,210.0,176.0,320.0,203.0,149.0,312.0,218.0
80.0,41.0,187.0,5.0,37.0,102.0,2.0,51.0,109.0,83.0,84.0,76.0,5.0,308.0,12.0
156.0,185.0,320.0,46.0,134.0,270.0,99.0,192.0,239.0,188.0,238.0,214.0,200.0,132.0,107.0
214.0,301.0,348.0,60.0,229.0,155.0,86.0,216.0,302.0,207.0,244.0,430.0,270.0,169.0,198.0
171.0,225.0,330.0,51.0,100.0,306.0,166.0,205.0,270.0,192.0,244.0,241.0,212.0,156.0,81.0
152.0,227.0,281.0,33.0,206.0,312.0,77.0,195.0,187.0,154.0,208.0,162.0,140.0,137.0,175.0
114.0,95.0,220.0,22.0,131.0,205.0,45.0,201.0,170.0,112.0,129.0,101.0,70.0,309.0,101.0
271.0,409.0,428.0,87.0,410.0,306.0,237.0,313.0,188.0,269.0,232.0,374.0,406.0,235.0,473.0
121.0,105.0,252.0,24.0,134.0,215.0,45.0,140.0,163.0,137.0,179.0,134.0,89.0,64.0,114.0
375.0,694.0,310.0,140.0,639.0,663.0,339.0,195.0,571.0,182.0,257.0,241.0,678.0,134.0,808.0
252.0,331.0,648.0,248.0,200.0,389.0,61.0,508.0,24.0,524.0,658.0,803.0,127.0,408.0,172.0
183.0,249.0,372.0,50.0,234.0,348.0,107.0,315.0,253.0,243.0,302.0,298.0,211.0,259.0,55.0
84.0,21.0,204.0,14.0,73.0,0.0,19.0,73.0,248.0,99.0,57.0,76.0,35.0,72.0,32.0
114.0,90.0,323.0,21.0,189.0,206.0,38.0,420.0,139.0,190.0,234.0,221.0,70.0,303.0,139.0
156.0,200.0,283.0,34.0,434.0,280.0,243.0,175.0,194.0,156.0,208.0,172.0,149.0,111.0,566.0
316.0,515.0,485.0,106.0,160.0,489.0,50.0,342.0,500.0,296.0,389.0,374.0,219.0,258.0,124.0
80.0,41.0,187.0,11.0,83.0,102.0,19.0,83.0,86.0,82.0,87.0,70.0,33.0,64.0,55.0
316.0,515.0,507.0,128.0,261.0,490.0,129.0,392.0,547.0,306.0,408.0,430.0,259.0,292.0,242.0
125.0,130.0,223.0,26.0,151.0,276.0,50.0,98.0,170.0,139.0,29.0,138.0,92.0,72.0,110.0
414.0,764.0,348.0,185.0,310.0,491.0,170.0,459.0,76.0,403.0,272.0,681.0,303.0,314.0,331.0
316.0,515.0,481.0,106.0,277.0,491.0,276.0,342.0,500.0,296.0,387.0,355.0,529.0,258.0,102.0
182.0,233.0,303.0,41.0,229.0,319.0,94.0,194.0,222.0,176.0,232.0,207.0,191.0,149.0,202.0
237.0,320.0,111.0,70.0,175.0,373.0,243.0,26.0,343.0,243.0,13.0,298.0,408.0,16.0,140.0
256.0,332.0,440.0,77.0,310.0,429.0,180.0,316.0,127.0,247.0,351.0,303.0,380.0,205.0,66.0
73.0,27.0,240.0,22.0,104.0,56.0,33.0,109.0,139.0,129.0,157.0,125.0,70.0,328.0,84.0
246.0,320.0,374.0,71.0,112.0,288.0,4.0,297.0,363.0,243.0,310.0,298.0,113.0,218.0,42.0
288.0,461.0,500.0,95.0,292.0,489.0,139.0,363.0,466.0,304.0,408.0,428.0,264.0,269.0,307.0
146.0,173.0,511.0,31.0,176.0,256.0,61.0,363.0,145.0,160.0,419.0,305.0,122.0,271.0,107.0
96.0,55.0,570.0,16.0,128.0,154.0,43.0,469.0,171.0,408.0,508.0,799.0,76.0,318.0,99.0
168.0,225.0,688.0,38.0,237.0,312.0,121.0,490.0,223.0,176.0,654.0,197.0,156.0,311.0,64.0
125.0,130.0,336.0,53.0,341.0,221.0,121.0,206.0,292.0,197.0,248.0,241.0,252.0,158.0,416.0
317.0,515.0,481.0,109.0,294.0,479.0,217.0,342.0,501.0,296.0,387.0,374.0,331.0,259.0,44.0
237.0,322.0,360.0,67.0,310.0,280.0,174.0,250.0,332.0,227.0,333.0,282.0,284.0,180.0,139.0
244.0,322.0,348.0,70.0,313.0,216.0,199.0,232.0,341.0,207.0,272.0,264.0,291.0,179.0,351.0
288.0,461.0,449.0,96.0,341.0,486.0,226.0,322.0,466.0,275.0,366.0,197.0,583.0,256.0,406.0
121.0,106.0,242.0,23.0,122.0,214.0,32.0,130.0,145.0,132.0,165.0,125.0,76.0,82.0,94.0
111.0,89.0,224.0,21.0,100.0,211.0,33.0,156.0,134.0,115.0,148.0,92.0,51.0,106.0,102.0
202.0,261.0,340.0,58.0,277.0,374.0,143.0,103.0,297.0,201.0,414.0,208.0,269.0,72.0,250.0
83.0,56.0,252.0,12.0,58.0,155.0,18.0,140.0,248.0,137.0,176.0,137.0,36.0,91.0,45.0
112.0,89.0,326.0,41.0,341.0,191.0,82.0,82.0,222.0,188.0,243.0,231.0,92.0,58.0,422.0
256.0,141.0,374.0,71.0,229.0,249.0,53.0,290.0,165.0,243.0,257.0,207.0,83.0,205.0,182.0
146.0,194.0,340.0,30.0,176.0,281.0,61.0,205.0,184.0,201.0,252.0,185.0,122.0,152.0,153.0
322.0,48.0,487.0,109.0,65.0,133.0,15.0,353.0,500.0,296.0,394.0,374.0,529.0,269.0,45.0
73.0,0.0,855.0,6.0,28.0,0.0,4.0,940.0,38.0,871.0,999.0,999.0,19.0,503.0,178.0
375.0,276.0,528.0,140.0,723.0,362.0,396.0,363.0,571.0,322.0,408.0,457.0,656.0,271.0,881.0
152.0,182.0,263.0,33.0,211.0,261.0,79.0,149.0,187.0,147.0,191.0,158.0,156.0,101.0,175.0
113.0,90.0,348.0,21.0,28.0,200.0,4.0,202.0,139.0,129.0,272.0,117.0,19.0,148.0,12.0
154.0,215.0,293.0,33.0,191.0,315.0,69.0,31.0,181.0,156.0,211.0,140.0,140.0,82.0,156.0
270.0,304.0,657.0,80.0,344.0,388.0,222.0,508.0,296.0,227.0,326.0,323.0,336.0,343.0,422.0
154.0,188.0,294.0,34.0,242.0,272.0,99.0,181.0,193.0,156.0,210.0,196.0,195.0,131.0,215.0
138.0,179.0,346.0,30.0,118.0,260.0,38.0,223.0,199.0,151.0,29.0,162.0,70.0,173.0,153.0
167.0,225.0,348.0,38.0,227.0,310.0,85.0,250.0,215.0,207.0,272.0,263.0,175.0,184.0,201.0
271.0,406.0,461.0,78.0,344.0,534.0,222.0,440.0,332.0,252.0,373.0,91.0,334.0,312.0,422.0
295.0,259.0,326.0,96.0,73.0,372.0,19.0,327.0,466.0,197.0,243.0,241.0,639.0,248.0,275.0
75.0,36.0,184.0,8.0,217.0,82.0,4.0,45.0,122.0,80.0,91.0,68.0,25.0,25.0,172.0
268.0,373.0,392.0,80.0,85.0,445.0,28.0,297.0,425.0,252.0,320.0,305.0,54.0,217.0,64.0
270.0,145.0,507.0,85.0,216.0,118.0,220.0,364.0,419.0,306.0,410.0,428.0,334.0,269.0,172.0
126.0,130.0,256.0,27.0,174.0,227.0,58.0,565.0,129.0,141.0,187.0,138.0,95.0,123.0,198.0
140.0,225.0,271.0,30.0,175.0,310.0,58.0,155.0,193.0,151.0,201.0,162.0,108.0,259.0,122.0
152.0,187.0,290.0,33.0,175.0,281.0,61.0,176.0,187.0,156.0,210.0,174.0,122.0,106.0,155.0
133.0,214.0,688.0,29.0,174.0,214.0,58.0,572.0,173.0,269.0,658.0,298.0,102.0,455.0,174.0
100.0,43.0,240.0,21.0,117.0,143.0,37.0,109.0,127.0,129.0,157.0,118.0,68.0,72.0,107.0
257.0,348.0,183.0,71.0,310.0,348.0,180.0,49.0,165.0,243.0,122.0,325.0,284.0,21.0,390.0
120.0,104.0,224.0,23.0,228.0,212.0,75.0,39.0,145.0,129.0,173.0,125.0,155.0,21.0,188.0
100.0,62.0,240.0,17.0,128.0,155.0,42.0,104.0,120.0,130.0,203.0,126.0,46.0,72.0,107.0
80.0,41.0,111.0,3.0,100.0,102.0,32.0,26.0,188.0,25.0,5.0,0.0,176.0,16.0,80.0
252.0,331.0,693.0,243.0,83.0,425.0,23.0,756.0,178.0,580.0,286.0,894.0,888.0,496.0,44.0
241.0,323.0,330.0,51.0,262.0,430.0,127.0,420.0,50.0,192.0,244.0,241.0,209.0,309.0,246.0
83.0,36.0,214.0,12.0,28.0,101.0,18.0,156.0,103.0,108.0,128.0,98.0,36.0,106.0,12.0
196.0,64.0,353.0,51.0,341.0,315.0,220.0,251.0,272.0,213.0,286.0,263.0,334.0,184.0,416.0
270.0,376.0,414.0,86.0,85.0,445.0,32.0,312.0,428.0,265.0,410.0,317.0,588.0,219.0,45.0
236.0,322.0,283.0,66.0,310.0,489.0,180.0,168.0,248.0,156.0,204.0,138.0,284.0,81.0,333.0
183.0,373.0,180.0,50.0,175.0,445.0,106.0,39.0,253.0,58.0,64.0,23.0,211.0,25.0,202.0
374.0,693.0,350.0,177.0,331.0,518.0,99.0,214.0,638.0,374.0,274.0,582.0,270.0,87.0,74.0
236.0,320.0,332.0,45.0,186.0,369.0,58.0,280.0,233.0,193.0,245.0,236.0,102.0,173.0,155.0
92.0,89.0,238.0,20.0,117.0,191.0,35.0,111.0,129.0,120.0,214.0,118.0,54.0,77.0,91.0
75.0,37.0,553.0,133.0,176.0,429.0,58.0,509.0,162.0,311.0,470.0,449.0,109.0,408.0,148.0
73.0,27.0,170.0,6.0,312.0,56.0,5.0,39.0,38.0,67.0,57.0,50.0,19.0,25.0,242.0
377.0,717.0,542.0,148.0,128.0,294.0,339.0,438.0,601.0,347.0,681.0,470.0,726.0,314.0,99.0
271.0,173.0,208.0,87.0,288.0,144.0,237.0,82.0,187.0,106.0,122.0,91.0,406.0,111.0,297.0
210.0,284.0,346.0,57.0,360.0,374.0,230.0,228.0,290.0,201.0,241.0,207.0,264.0,134.0,473.0
24.0,78.0,661.0,3.0,89.0,154.0,4.0,156.0,571.0,524.0,658.0,856.0,12.0,107.0,72.0
100.0,62.0,201.0,17.0,117.0,155.0,35.0,61.0,120.0,103.0,100.0,76.0,47.0,30.0,201.0
163.0,215.0,553.0,51.0,238.0,288.0,78.0,10.0,272.0,374.0,170.0,582.0,109.0,16.0,215.0
115.0,95.0,240.0,23.0,131.0,206.0,45.0,110.0,144.0,129.0,148.0,140.0,83.0,77.0,101.0
256.0,338.0,657.0,97.0,145.0,429.0,50.0,493.0,498.0,289.0,582.0,348.0,92.0,331.0,117.0
157.0,235.0,303.0,41.0,234.0,294.0,96.0,111.0,223.0,182.0,199.0,214.0,195.0,76.0,240.0
167.0,221.0,392.0,80.0,344.0,255.0,222.0,32.0,419.0,252.0,322.0,101.0,336.0,20.0,422.0
287.0,210.0,449.0,95.0,191.0,293.0,94.0,392.0,454.0,275.0,239.0,162.0,219.0,296.0,71.0
270.0,316.0,411.0,86.0,275.0,390.0,147.0,363.0,430.0,265.0,325.0,325.0,269.0,442.0,247.0
104.0,89.0,215.0,18.0,261.0,193.0,121.0,84.0,122.0,112.0,128.0,101.0,238.0,57.0,250.0
319.0,174.0,476.0,117.0,277.0,260.0,143.0,322.0,551.0,304.0,389.0,446.0,269.0,247.0,240.0
168.0,225.0,299.0,38.0,189.0,222.0,67.0,195.0,222.0,174.0,222.0,196.0,139.0,167.0,157.0
71.0,27.0,126.0,6.0,83.0,60.0,24.0,29.0,34.0,61.0,199.0,47.0,10.0,17.0,89.0
114.0,95.0,206.0,22.0,117.0,211.0,38.0,73.0,139.0,129.0,119.0,282.0,70.0,28.0,52.0
183.0,249.0,347.0,50.0,242.0,348.0,106.0,146.0,237.0,190.0,257.0,221.0,211.0,96.0,215.0
113.0,90.0,240.0,22.0,261.0,203.0,39.0,115.0,141.0,129.0,157.0,118.0,70.0,90.0,242.0
330.0,590.0,528.0,128.0,524.0,521.0,276.0,440.0,547.0,322.0,243.0,457.0,588.0,312.0,32.0
257.0,346.0,361.0,73.0,310.0,429.0,217.0,264.0,428.0,246.0,295.0,303.0,330.0,493.0,331.0
206.0,259.0,326.0,56.0,85.0,191.0,28.0,205.0,193.0,200.0,245.0,160.0,190.0,169.0,64.0
133.0,141.0,260.0,29.0,102.0,249.0,58.0,148.0,173.0,150.0,264.0,187.0,102.0,96.0,82.0
167.0,40.0,549.0,38.0,228.0,86.0,85.0,363.0,222.0,203.0,500.0,254.0,175.0,275.0,215.0
244.0,325.0,440.0,70.0,310.0,418.0,188.0,316.0,341.0,238.0,408.0,323.0,291.0,308.0,329.0
0.0,0.0,187.0,0.0,47.0,0.0,33.0,47.0,0.0,82.0,87.0,249.0,0.0,26.0,32.0
112.0,90.0,260.0,29.0,168.0,203.0,46.0,32.0,69.0,144.0,189.0,155.0,101.0,21.0,131.0
206.0,310.0,346.0,56.0,261.0,390.0,126.0,225.0,292.0,192.0,262.0,231.0,259.0,184.0,242.0
101.0,92.0,187.0,11.0,15.0,205.0,1.0,47.0,144.0,82.0,57.0,280.0,5.0,28.0,87.0
178.0,225.0,336.0,38.0,208.0,310.0,83.0,738.0,213.0,165.0,245.0,186.0,174.0,491.0,175.0
126.0,131.0,267.0,27.0,157.0,193.0,52.0,186.0,171.0,141.0,200.0,158.0,97.0,145.0,122.0
124.0,129.0,220.0,17.0,85.0,205.0,2.0,90.0,120.0,114.0,129.0,108.0,12.0,65.0,66.0
80.0,41.0,256.0,11.0,150.0,102.0,50.0,285.0,145.0,83.0,187.0,76.0,33.0,202.0,54.0
101.0,63.0,648.0,20.0,86.0,156.0,23.0,490.0,197.0,144.0,582.0,156.0,46.0,339.0,101.0
115.0,103.0,240.0,23.0,128.0,211.0,42.0,140.0,145.0,129.0,160.0,115.0,76.0,458.0,99.0
111.0,47.0,258.0,21.0,100.0,143.0,32.0,146.0,134.0,144.0,188.0,155.0,59.0,96.0,107.0
236.0,320.0,347.0,60.0,255.0,393.0,166.0,363.0,302.0,203.0,249.0,175.0,272.0,291.0,229.0
376.0,718.0,111.0,148.0,75.0,211.0,23.0,346.0,454.0,347.0,8.0,470.0,693.0,259.0,54.0
73.0,55.0,183.0,6.0,208.0,156.0,76.0,39.0,122.0,67.0,152.0,50.0,19.0,21.0,178.0
154.0,306.0,283.0,33.0,191.0,422.0,69.0,168.0,178.0,156.0,208.0,228.0,140.0,107.0,153.0
76.0,48.0,323.0,7.0,37.0,133.0,5.0,232.0,50.0,190.0,238.0,325.0,25.0,180.0,42.0
114.0,92.0,266.0,23.0,128.0,188.0,42.0,476.0,145.0,130.0,201.0,127.0,76.0,305.0,97.0
375.0,694.0,549.0,146.0,131.0,333.0,43.0,420.0,547.0,346.0,468.0,430.0,76.0,308.0,101.0
314.0,348.0,511.0,133.0,229.0,133.0,92.0,391.0,111.0,316.0,411.0,470.0,905.0,328.0,131.0
101.0,48.0,240.0,17.0,89.0,156.0,29.0,109.0,223.0,129.0,157.0,118.0,46.0,137.0,74.0
119.0,63.0,240.0,23.0,89.0,156.0,32.0,146.0,129.0,129.0,160.0,125.0,47.0,96.0,74.0
124.0,130.0,260.0,25.0,157.0,227.0,53.0,148.0,171.0,138.0,189.0,138.0,97.0,96.0,122.0
119.0,103.0,170.0,23.0,168.0,211.0,54.0,168.0,158.0,99.0,57.0,76.0,43.0,116.0,99.0
129.0,135.0,208.0,27.0,312.0,241.0,198.0,61.0,171.0,141.0,123.0,151.0,102.0,34.0,341.0
102.0,71.0,208.0,16.0,100.0,160.0,33.0,273.0,117.0,108.0,108.0,95.0,48.0,185.0,81.0
270.0,409.0,481.0,86.0,310.0,498.0,217.0,342.0,430.0,296.0,387.0,430.0,330.0,258.0,329.0
264.0,310.0,688.0,45.0,234.0,390.0,101.0,493.0,237.0,188.0,27.0,167.0,200.0,477.0,212.0
156.0,182.0,323.0,35.0,112.0,261.0,35.0,204.0,178.0,156.0,244.0,241.0,145.0,158.0,116.0
114.0,95.0,240.0,23.0,118.0,203.0,38.0,103.0,145.0,129.0,157.0,126.0,70.0,72.0,25.0
24.0,41.0,105.0,248.0,104.0,155.0,33.0,16.0,999.0,580.0,458.0,894.0,47.0,16.0,84.0
410.0,756.0,542.0,153.0,601.0,687.0,570.0,280.0,601.0,358.0,465.0,561.0,726.0,201.0,566.0
182.0,306.0,511.0,49.0,229.0,389.0,92.0,391.0,270.0,188.0,414.0,220.0,204.0,303.0,190.0
288.0,461.0,395.0,95.0,218.0,155.0,99.0,297.0,466.0,275.0,321.0,355.0,444.0,217.0,180.0
115.0,103.0,208.0,16.0,75.0,211.0,23.0,82.0,547.0,106.0,139.0,92.0,42.0,57.0,30.0
187.0,253.0,326.0,51.0,234.0,348.0,86.0,225.0,270.0,191.0,182.0,228.0,209.0,34.0,178.0
124.0,130.0,252.0,25.0,217.0,256.0,80.0,137.0,178.0,138.0,175.0,68.0,168.0,87.0,178.0
111.0,89.0,190.0,21.0,112.0,373.0,35.0,51.0,134.0,82.0,88.0,69.0,55.0,999.0,87.0
270.0,372.0,379.0,71.0,211.0,445.0,217.0,292.0,616.0,243.0,309.0,298.0,330.0,208.0,175.0
104.0,78.0,207.0,19.0,104.0,175.0,34.0,83.0,184.0,115.0,119.0,100.0,54.0,72.0,83.0
205.0,276.0,339.0,55.0,261.0,348.0,121.0,216.0,302.0,201.0,236.0,61.0,256.0,617.0,242.0
76.0,37.0,507.0,148.0,165.0,155.0,485.0,384.0,177.0,304.0,465.0,430.0,726.0,331.0,126.0
167.0,221.0,279.0,38.0,176.0,294.0,59.0,158.0,204.0,185.0,203.0,207.0,175.0,305.0,127.0
115.0,95.0,252.0,23.0,145.0,215.0,45.0,198.0,145.0,136.0,154.0,134.0,76.0,145.0,118.0
154.0,188.0,290.0,34.0,197.0,270.0,70.0,176.0,193.0,156.0,210.0,178.0,145.0,129.0,173.0
257.0,348.0,260.0,29.0,175.0,270.0,58.0,322.0,177.0,144.0,189.0,156.0,102.0,246.0,140.0
270.0,205.0,414.0,86.0,258.0,281.0,108.0,306.0,430.0,265.0,326.0,803.0,214.0,218.0,234.0
104.0,82.0,204.0,16.0,102.0,160.0,28.0,62.0,144.0,108.0,366.0,98.0,45.0,303.0,82.0
156.0,221.0,111.0,35.0,237.0,310.0,76.0,26.0,194.0,57.0,154.0,25.0,154.0,16.0,212.0
126.0,130.0,267.0,30.0,176.0,230.0,61.0,403.0,180.0,151.0,200.0,162.0,116.0,305.0,153.0
429.0,128.0,570.0,183.0,237.0,221.0,5.0,469.0,400.0,404.0,500.0,76.0,864.0,305.0,212.0
86.0,48.0,126.0,34.0,137.0,160.0,46.0,29.0,122.0,151.0,29.0,162.0,145.0,21.0,117.0
125.0,137.0,266.0,36.0,200.0,261.0,75.0,154.0,158.0,171.0,214.0,193.0,154.0,81.0,175.0
271.0,403.0,326.0,80.0,310.0,462.0,174.0,312.0,425.0,256.0,245.0,312.0,344.0,219.0,329.0
268.0,372.0,461.0,112.0,174.0,445.0,58.0,327.0,466.0,252.0,187.0,301.0,583.0,248.0,155.0
102.0,71.0,207.0,17.0,138.0,160.0,50.0,65.0,120.0,106.0,120.0,91.0,49.0,65.0,114.0
429.0,718.0,582.0,201.0,176.0,182.0,61.0,476.0,419.0,408.0,508.0,803.0,116.0,269.0,126.0
160.0,182.0,294.0,36.0,229.0,261.0,86.0,251.0,204.0,166.0,214.0,186.0,161.0,173.0,190.0
87.0,37.0,254.0,17.0,85.0,86.0,29.0,141.0,122.0,138.0,207.0,138.0,46.0,92.0,54.0
81.0,43.0,187.0,11.0,191.0,397.0,69.0,47.0,86.0,83.0,87.0,76.0,33.0,27.0,157.0
158.0,205.0,252.0,24.0,112.0,288.0,40.0,140.0,164.0,137.0,176.0,138.0,84.0,91.0,87.0
132.0,137.0,661.0,29.0,176.0,280.0,61.0,509.0,173.0,154.0,239.0,449.0,102.0,408.0,153.0
156.0,185.0,294.0,36.0,75.0,261.0,22.0,459.0,105.0,167.0,218.0,186.0,209.0,314.0,55.0
163.0,227.0,296.0,36.0,216.0,312.0,80.0,183.0,210.0,167.0,210.0,186.0,168.0,145.0,187.0
316.0,515.0,348.0,133.0,723.0,490.0,396.0,240.0,571.0,207.0,272.0,302.0,624.0,184.0,818.0
191.0,89.0,693.0,53.0,403.0,159.0,230.0,565.0,296.0,213.0,658.0,263.0,264.0,409.0,469.0
182.0,207.0,590.0,50.0,227.0,280.0,85.0,476.0,248.0,411.0,508.0,240.0,209.0,321.0,183.0
205.0,292.0,317.0,51.0,117.0,374.0,33.0,201.0,248.0,188.0,220.0,218.0,54.0,149.0,89.0
115.0,95.0,240.0,23.0,322.0,211.0,15.0,109.0,145.0,130.0,164.0,126.0,33.0,409.0,74.0
115.0,106.0,255.0,22.0,100.0,215.0,40.0,141.0,184.0,130.0,176.0,126.0,70.0,92.0,63.0
73.0,21.0,111.0,6.0,216.0,182.0,5.0,293.0,38.0,58.0,5.0,25.0,19.0,202.0,180.0
330.0,585.0,180.0,114.0,723.0,521.0,444.0,10.0,330.0,304.0,63.0,395.0,726.0,16.0,188.0
206.0,284.0,336.0,56.0,277.0,373.0,127.0,206.0,103.0,198.0,245.0,241.0,259.0,158.0,250.0
330.0,590.0,475.0,133.0,126.0,518.0,40.0,327.0,601.0,306.0,307.0,263.0,726.0,218.0,97.0
152.0,718.0,111.0,30.0,157.0,706.0,52.0,16.0,182.0,25.0,5.0,0.0,97.0,16.0,125.0
168.0,225.0,299.0,38.0,226.0,319.0,83.0,186.0,132.0,174.0,389.0,193.0,174.0,132.0,188.0
169.0,225.0,693.0,248.0,312.0,310.0,188.0,565.0,194.0,580.0,152.0,894.0,923.0,333.0,331.0
126.0,133.0,279.0,29.0,155.0,255.0,50.0,160.0,178.0,153.0,200.0,178.0,97.0,106.0,119.0
429.0,844.0,639.0,201.0,310.0,205.0,180.0,273.0,120.0,411.0,527.0,165.0,905.0,193.0,155.0
178.0,231.0,320.0,45.0,234.0,310.0,95.0,490.0,223.0,187.0,241.0,207.0,195.0,208.0,416.0
241.0,316.0,222.0,70.0,312.0,390.0,188.0,62.0,333.0,246.0,120.0,301.0,288.0,41.0,351.0
121.0,317.0,206.0,15.0,28.0,393.0,19.0,65.0,103.0,103.0,286.0,81.0,40.0,41.0,11.0
92.0,56.0,0.0,0.0,104.0,155.0,29.0,0.0,0.0,0.0,0.0,220.0,0.0,0.0,82.0
196.0,259.0,999.0,51.0,569.0,348.0,80.0,999.0,213.0,346.0,658.0,456.0,219.0,999.0,32.0
271.0,141.0,300.0,91.0,191.0,215.0,67.0,98.0,454.0,176.0,208.0,197.0,139.0,71.0,157.0
211.0,284.0,336.0,57.0,277.0,373.0,139.0,341.0,296.0,196.0,245.0,240.0,264.0,458.0,238.0
311.0,423.0,351.0,97.0,257.0,468.0,129.0,241.0,483.0,214.0,290.0,264.0,270.0,184.0,231.0
123.0,115.0,299.0,35.0,238.0,220.0,106.0,205.0,204.0,174.0,222.0,220.0,155.0,158.0,215.0
70.0,21.0,326.0,6.0,32.0,154.0,5.0,197.0,33.0,192.0,243.0,236.0,12.0,145.0,12.0
146.0,173.0,312.0,31.0,176.0,256.0,61.0,197.0,184.0,184.0,238.0,208.0,123.0,180.0,153.0
122.0,306.0,207.0,23.0,131.0,388.0,43.0,80.0,141.0,106.0,152.0,174.0,76.0,58.0,101.0
138.0,188.0,215.0,29.0,161.0,254.0,53.0,84.0,184.0,112.0,128.0,117.0,101.0,64.0,125.0
97.0,316.0,187.0,16.0,85.0,373.0,29.0,47.0,117.0,82.0,87.0,317.0,46.0,27.0,66.0
115.0,95.0,223.0,22.0,105.0,208.0,45.0,94.0,145.0,114.0,152.0,25.0,85.0,68.0,87.0
100.0,63.0,240.0,23.0,131.0,156.0,43.0,109.0,297.0,129.0,157.0,118.0,76.0,87.0,38.0
101.0,106.0,223.0,17.0,86.0,214.0,150.0,94.0,117.0,115.0,148.0,113.0,48.0,71.0,93.0
264.0,372.0,648.0,80.0,344.0,445.0,222.0,493.0,223.0,411.0,527.0,822.0,336.0,72.0,422.0
124.0,130.0,395.0,77.0,329.0,230.0,203.0,83.0,430.0,247.0,320.0,303.0,334.0,64.0,220.0
146.0,235.0,300.0,30.0,208.0,348.0,79.0,189.0,182.0,153.0,226.0,173.0,167.0,133.0,175.0
182.0,238.0,320.0,49.0,261.0,373.0,129.0,202.0,132.0,188.0,240.0,220.0,209.0,148.0,240.0
140.0,169.0,279.0,29.0,165.0,255.0,54.0,160.0,204.0,150.0,203.0,162.0,101.0,133.0,127.0
316.0,515.0,481.0,106.0,445.0,518.0,258.0,342.0,500.0,296.0,387.0,263.0,515.0,258.0,574.0
126.0,133.0,747.0,25.0,47.0,238.0,50.0,620.0,168.0,660.0,833.0,911.0,92.0,458.0,32.0
104.0,82.0,255.0,18.0,100.0,155.0,33.0,146.0,122.0,128.0,191.0,117.0,52.0,96.0,74.0
256.0,332.0,688.0,243.0,134.0,429.0,46.0,572.0,829.0,521.0,658.0,856.0,70.0,328.0,110.0
376.0,717.0,346.0,153.0,322.0,341.0,530.0,73.0,616.0,202.0,238.0,175.0,726.0,24.0,231.0
123.0,109.0,256.0,24.0,58.0,203.0,45.0,144.0,163.0,139.0,187.0,138.0,84.0,95.0,44.0
121.0,108.0,310.0,17.0,80.0,215.0,29.0,195.0,109.0,108.0,234.0,100.0,47.0,87.0,54.0
191.0,301.0,322.0,51.0,230.0,276.0,106.0,205.0,272.0,188.0,241.0,221.0,211.0,156.0,201.0
156.0,135.0,303.0,38.0,200.0,241.0,82.0,195.0,223.0,176.0,226.0,196.0,171.0,107.0,181.0
167.0,232.0,303.0,38.0,228.0,319.0,85.0,189.0,222.0,176.0,215.0,197.0,176.0,131.0,148.0
75.0,56.0,283.0,8.0,47.0,155.0,9.0,168.0,54.0,156.0,208.0,174.0,27.0,131.0,32.0
84.0,173.0,215.0,17.0,277.0,206.0,106.0,84.0,111.0,112.0,128.0,105.0,46.0,64.0,247.0
121.0,129.0,246.0,23.0,132.0,230.0,45.0,31.0,134.0,132.0,139.0,127.0,84.0,20.0,107.0
152.0,210.0,283.0,33.0,126.0,294.0,40.0,168.0,187.0,154.0,207.0,174.0,73.0,201.0,80.0
235.0,317.0,111.0,71.0,329.0,348.0,226.0,26.0,357.0,243.0,8.0,298.0,337.0,16.0,404.0
92.0,48.0,215.0,17.0,100.0,143.0,32.0,84.0,120.0,112.0,128.0,100.0,48.0,186.0,81.0
124.0,187.0,322.0,29.0,86.0,270.0,29.0,204.0,173.0,144.0,241.0,156.0,101.0,150.0,404.0
178.0,231.0,271.0,29.0,174.0,320.0,58.0,156.0,178.0,151.0,200.0,162.0,102.0,57.0,179.0
375.0,43.0,511.0,140.0,403.0,188.0,444.0,363.0,571.0,322.0,419.0,330.0,678.0,292.0,469.0
156.0,194.0,294.0,36.0,189.0,276.0,67.0,181.0,107.0,167.0,210.0,186.0,136.0,131.0,157.0
76.0,306.0,111.0,8.0,28.0,389.0,4.0,26.0,177.0,80.0,8.0,68.0,27.0,16.0,25.0
182.0,235.0,549.0,27.0,102.0,333.0,33.0,342.0,171.0,141.0,468.0,149.0,47.0,16.0,83.0
187.0,253.0,294.0,45.0,234.0,349.0,95.0,180.0,237.0,187.0,215.0,208.0,195.0,130.0,127.0
75.0,36.0,267.0,23.0,131.0,159.0,43.0,155.0,122.0,151.0,201.0,162.0,83.0,106.0,101.0
237.0,320.0,312.0,67.0,331.0,365.0,217.0,195.0,333.0,247.0,238.0,305.0,288.0,134.0,404.0
73.0,27.0,179.0,6.0,85.0,127.0,26.0,32.0,38.0,71.0,218.0,173.0,19.0,21.0,64.0
163.0,215.0,300.0,38.0,212.0,296.0,78.0,204.0,213.0,174.0,245.0,197.0,158.0,149.0,174.0
77.0,41.0,396.0,8.0,45.0,87.0,6.0,297.0,69.0,92.0,238.0,76.0,26.0,218.0,31.0
181.0,234.0,852.0,46.0,234.0,220.0,96.0,885.0,237.0,660.0,310.0,446.0,195.0,583.0,173.0
24.0,43.0,111.0,3.0,32.0,255.0,2.0,26.0,518.0,42.0,78.0,263.0,5.0,16.0,12.0
181.0,234.0,312.0,45.0,216.0,550.0,80.0,204.0,237.0,188.0,238.0,186.0,161.0,150.0,178.0
146.0,135.0,184.0,6.0,208.0,241.0,76.0,31.0,54.0,61.0,165.0,207.0,155.0,20.0,201.0
257.0,188.0,382.0,77.0,206.0,277.0,75.0,476.0,347.0,247.0,309.0,162.0,154.0,328.0,69.0
244.0,323.0,361.0,70.0,229.0,390.0,171.0,251.0,341.0,230.0,299.0,302.0,291.0,184.0,182.0
266.0,434.0,661.0,95.0,476.0,484.0,262.0,509.0,457.0,296.0,298.0,355.0,500.0,390.0,55.0
157.0,205.0,292.0,35.0,203.0,281.0,76.0,176.0,198.0,156.0,210.0,172.0,155.0,133.0,174.0
113.0,90.0,240.0,21.0,117.0,200.0,38.0,109.0,139.0,129.0,157.0,115.0,68.0,76.0,11.0
206.0,278.0,187.0,53.0,303.0,365.0,171.0,49.0,12.0,83.0,87.0,72.0,276.0,169.0,180.0
374.0,693.0,530.0,148.0,176.0,280.0,58.0,403.0,86.0,347.0,419.0,456.0,219.0,331.0,154.0
152.0,179.0,283.0,33.0,175.0,260.0,67.0,168.0,188.0,154.0,207.0,172.0,136.0,119.0,173.0
119.0,103.0,298.0,23.0,134.0,211.0,45.0,186.0,182.0,132.0,164.0,95.0,77.0,132.0,114.0
317.0,523.0,488.0,110.0,639.0,498.0,339.0,353.0,232.0,300.0,400.0,387.0,588.0,308.0,87.0
376.0,718.0,511.0,137.0,168.0,333.0,38.0,738.0,571.0,319.0,411.0,456.0,113.0,343.0,87.0
133.0,141.0,542.0,29.0,168.0,249.0,54.0,420.0,173.0,368.0,465.0,582.0,101.0,319.0,131.0
268.0,372.0,396.0,85.0,503.0,445.0,222.0,285.0,425.0,256.0,321.0,312.0,336.0,202.0,94.0
171.0,227.0,311.0,41.0,202.0,315.0,75.0,197.0,223.0,185.0,236.0,298.0,176.0,133.0,172.0
77.0,40.0,260.0,29.0,89.0,56.0,50.0,148.0,177.0,147.0,199.0,155.0,92.0,174.0,74.0
96.0,55.0,337.0,16.0,106.0,156.0,35.0,264.0,107.0,107.0,248.0,98.0,44.0,192.0,11.0
154.0,185.0,372.0,36.0,229.0,261.0,83.0,205.0,204.0,256.0,321.0,298.0,161.0,152.0,216.0
169.0,225.0,251.0,40.0,89.0,308.0,30.0,137.0,223.0,137.0,164.0,134.0,181.0,88.0,54.0
330.0,618.0,488.0,117.0,257.0,156.0,126.0,363.0,545.0,300.0,400.0,470.0,588.0,271.0,231.0
319.0,523.0,487.0,109.0,191.0,490.0,69.0,353.0,253.0,296.0,394.0,374.0,515.0,269.0,110.0
210.0,284.0,661.0,65.0,310.0,373.0,172.0,509.0,314.0,214.0,139.0,186.0,284.0,343.0,247.0
330.0,118.0,511.0,128.0,229.0,221.0,367.0,363.0,547.0,316.0,411.0,449.0,588.0,271.0,172.0
232.0,36.0,852.0,65.0,229.0,315.0,92.0,885.0,314.0,223.0,108.0,280.0,284.0,503.0,213.0
288.0,461.0,330.0,95.0,191.0,486.0,69.0,205.0,466.0,275.0,244.0,338.0,136.0,158.0,117.0
160.0,225.0,372.0,80.0,0.0,261.0,2.0,292.0,425.0,252.0,215.0,305.0,219.0,208.0,0.0
146.0,173.0,385.0,78.0,28.0,256.0,226.0,704.0,400.0,247.0,419.0,303.0,344.0,493.0,12.0
211.0,185.0,747.0,57.0,446.0,268.0,199.0,718.0,293.0,660.0,297.0,127.0,429.0,503.0,582.0
257.0,338.0,340.0,71.0,341.0,448.0,226.0,222.0,518.0,213.0,214.0,263.0,330.0,169.0,406.0
187.0,253.0,323.0,43.0,446.0,348.0,258.0,297.0,224.0,184.0,286.0,207.0,450.0,217.0,582.0
154.0,182.0,279.0,33.0,191.0,261.0,69.0,146.0,188.0,154.0,203.0,165.0,140.0,96.0,157.0
156.0,179.0,279.0,35.0,253.0,254.0,59.0,264.0,197.0,154.0,222.0,165.0,109.0,192.0,202.0
259.0,409.0,550.0,77.0,344.0,430.0,222.0,403.0,205.0,247.0,470.0,303.0,334.0,305.0,422.0
246.0,325.0,372.0,70.0,216.0,422.0,108.0,285.0,343.0,243.0,179.0,298.0,214.0,245.0,180.0
152.0,179.0,279.0,33.0,112.0,260.0,35.0,160.0,187.0,153.0,203.0,163.0,55.0,55.0,88.0
206.0,212.0,339.0,56.0,258.0,294.0,127.0,353.0,292.0,199.0,208.0,240.0,259.0,269.0,234.0
122.0,108.0,240.0,24.0,89.0,215.0,30.0,104.0,163.0,129.0,160.0,163.0,84.0,72.0,247.0
111.0,90.0,206.0,17.0,73.0,203.0,19.0,65.0,117.0,107.0,117.0,101.0,40.0,55.0,38.0
211.0,292.0,339.0,57.0,206.0,373.0,139.0,214.0,302.0,199.0,250.0,353.0,264.0,162.0,180.0
121.0,103.0,355.0,60.0,233.0,211.0,92.0,205.0,302.0,223.0,286.0,317.0,181.0,132.0,31.0
206.0,301.0,339.0,56.0,260.0,382.0,127.0,292.0,237.0,199.0,261.0,244.0,259.0,208.0,238.0
410.0,756.0,528.0,177.0,54.0,809.0,16.0,202.0,232.0,374.0,200.0,582.0,33.0,146.0,42.0
376.0,717.0,542.0,146.0,118.0,687.0,230.0,440.0,571.0,358.0,325.0,580.0,693.0,312.0,72.0
95.0,55.0,395.0,30.0,86.0,143.0,29.0,297.0,184.0,151.0,320.0,162.0,46.0,218.0,139.0
168.0,225.0,303.0,41.0,262.0,310.0,127.0,194.0,223.0,176.0,232.0,208.0,191.0,193.0,242.0
176.0,229.0,283.0,33.0,224.0,315.0,78.0,160.0,173.0,154.0,207.0,185.0,158.0,305.0,170.0
169.0,225.0,476.0,96.0,104.0,310.0,35.0,341.0,330.0,275.0,176.0,346.0,47.0,235.0,82.0
233.0,27.0,347.0,60.0,277.0,56.0,143.0,225.0,302.0,203.0,264.0,220.0,269.0,174.0,250.0
178.0,232.0,317.0,45.0,188.0,319.0,67.0,202.0,122.0,188.0,240.0,207.0,136.0,148.0,156.0
76.0,21.0,184.0,8.0,89.0,260.0,6.0,45.0,302.0,82.0,238.0,69.0,26.0,25.0,72.0
102.0,72.0,187.0,5.0,161.0,156.0,62.0,32.0,24.0,82.0,129.0,68.0,0.0,21.0,125.0
95.0,55.0,214.0,16.0,47.0,155.0,5.0,83.0,168.0,108.0,128.0,100.0,19.0,496.0,87.0
80.0,41.0,184.0,11.0,174.0,445.0,26.0,59.0,173.0,83.0,84.0,84.0,44.0,35.0,183.0
84.0,115.0,440.0,12.0,89.0,220.0,18.0,316.0,134.0,137.0,402.0,118.0,36.0,241.0,74.0
132.0,137.0,648.0,51.0,261.0,249.0,121.0,509.0,281.0,425.0,243.0,244.0,238.0,408.0,242.0
306.0,78.0,693.0,97.0,75.0,241.0,2.0,572.0,547.0,289.0,200.0,355.0,4.0,256.0,54.0
129.0,137.0,220.0,26.0,100.0,191.0,32.0,90.0,171.0,112.0,129.0,98.0,95.0,34.0,74.0
182.0,235.0,356.0,50.0,310.0,348.0,171.0,222.0,223.0,190.0,321.0,221.0,211.0,184.0,333.0
103.0,72.0,220.0,18.0,83.0,156.0,23.0,90.0,122.0,112.0,129.0,98.0,42.0,193.0,56.0
113.0,90.0,111.0,0.0,134.0,205.0,0.0,26.0,0.0,25.0,5.0,0.0,0.0,16.0,52.0
114.0,95.0,299.0,22.0,237.0,210.0,40.0,228.0,141.0,174.0,222.0,197.0,70.0,248.0,172.0
111.0,78.0,224.0,21.0,50.0,210.0,33.0,92.0,132.0,120.0,160.0,91.0,52.0,66.0,43.0
270.0,45.0,351.0,29.0,260.0,127.0,121.0,292.0,177.0,147.0,333.0,158.0,92.0,218.0,238.0
134.0,145.0,738.0,30.0,160.0,249.0,53.0,280.0,182.0,153.0,241.0,164.0,90.0,173.0,124.0
259.0,234.0,657.0,95.0,448.0,404.0,261.0,969.0,452.0,408.0,597.0,387.0,494.0,617.0,157.0
140.0,182.0,260.0,30.0,188.0,261.0,67.0,148.0,178.0,150.0,189.0,158.0,113.0,134.0,156.0
104.0,82.0,220.0,18.0,100.0,143.0,33.0,15.0,122.0,112.0,129.0,100.0,52.0,16.0,85.0
317.0,515.0,476.0,97.0,524.0,498.0,274.0,331.0,500.0,289.0,295.0,117.0,524.0,255.0,808.0
270.0,376.0,316.0,86.0,17.0,445.0,258.0,201.0,431.0,256.0,252.0,312.0,464.0,149.0,11.0
330.0,87.0,481.0,114.0,410.0,144.0,339.0,342.0,545.0,275.0,387.0,457.0,583.0,258.0,89.0
156.0,203.0,292.0,35.0,200.0,280.0,75.0,130.0,197.0,156.0,210.0,178.0,145.0,82.0,172.0
70.0,21.0,130.0,6.0,157.0,445.0,54.0,31.0,33.0,63.0,27.0,47.0,12.0,21.0,126.0
257.0,323.0,292.0,73.0,258.0,324.0,83.0,90.0,425.0,156.0,210.0,139.0,156.0,68.0,250.0
156.0,203.0,283.0,35.0,200.0,280.0,75.0,168.0,195.0,156.0,208.0,175.0,150.0,119.0,172.0
83.0,40.0,207.0,13.0,228.0,214.0,18.0,83.0,98.0,92.0,120.0,76.0,36.0,64.0,144.0
295.0,488.0,449.0,91.0,446.0,490.0,258.0,322.0,454.0,273.0,382.0,323.0,419.0,256.0,44.0
316.0,515.0,530.0,106.0,313.0,288.0,274.0,403.0,500.0,296.0,419.0,353.0,515.0,296.0,351.0
103.0,72.0,246.0,23.0,165.0,160.0,50.0,0.0,122.0,132.0,108.0,127.0,92.0,0.0,127.0
259.0,310.0,457.0,77.0,313.0,390.0,217.0,323.0,660.0,275.0,366.0,288.0,331.0,247.0,341.0
83.0,43.0,530.0,12.0,45.0,127.0,9.0,392.0,98.0,99.0,419.0,76.0,36.0,88.0,87.0
317.0,304.0,639.0,106.0,117.0,155.0,35.0,493.0,500.0,411.0,386.0,799.0,59.0,241.0,74.0
338.0,214.0,507.0,133.0,112.0,294.0,48.0,160.0,638.0,311.0,410.0,446.0,95.0,107.0,99.0
181.0,232.0,313.0,45.0,238.0,319.0,99.0,29.0,248.0,188.0,238.0,303.0,202.0,21.0,215.0
236.0,320.0,240.0,66.0,312.0,393.0,180.0,39.0,165.0,223.0,164.0,282.0,284.0,25.0,154.0
160.0,225.0,336.0,51.0,157.0,215.0,52.0,206.0,270.0,191.0,245.0,228.0,101.0,158.0,119.0
52.0,72.0,267.0,29.0,161.0,164.0,53.0,297.0,178.0,151.0,200.0,162.0,101.0,217.0,122.0
273.0,409.0,363.0,80.0,344.0,479.0,222.0,277.0,239.0,264.0,310.0,304.0,336.0,196.0,422.0
236.0,323.0,382.0,70.0,123.0,393.0,40.0,292.0,333.0,246.0,309.0,307.0,288.0,208.0,95.0
246.0,331.0,392.0,66.0,311.0,393.0,180.0,285.0,272.0,252.0,320.0,287.0,284.0,202.0,333.0
123.0,109.0,252.0,24.0,138.0,216.0,46.0,140.0,163.0,137.0,188.0,137.0,89.0,90.0,140.0
169.0,225.0,283.0,40.0,229.0,310.0,92.0,718.0,223.0,154.0,208.0,165.0,181.0,496.0,190.0
102.0,278.0,187.0,20.0,100.0,369.0,33.0,49.0,132.0,83.0,88.0,81.0,54.0,491.0,85.0
92.0,40.0,126.0,6.0,15.0,86.0,0.0,29.0,139.0,61.0,5.0,178.0,4.0,311.0,469.0
156.0,193.0,300.0,36.0,216.0,276.0,78.0,189.0,204.0,171.0,234.0,246.0,158.0,130.0,213.0
122.0,235.0,240.0,24.0,132.0,296.0,45.0,109.0,163.0,129.0,387.0,207.0,84.0,71.0,107.0
288.0,461.0,386.0,97.0,141.0,489.0,98.0,16.0,430.0,278.0,320.0,346.0,406.0,16.0,99.0
167.0,259.0,385.0,36.0,262.0,349.0,101.0,293.0,139.0,247.0,287.0,304.0,200.0,196.0,242.0
154.0,188.0,300.0,34.0,262.0,254.0,83.0,192.0,184.0,176.0,230.0,113.0,145.0,122.0,63.0
96.0,55.0,298.0,16.0,83.0,156.0,23.0,186.0,111.0,171.0,468.0,193.0,42.0,132.0,63.0
295.0,103.0,440.0,91.0,410.0,211.0,230.0,315.0,281.0,273.0,320.0,162.0,419.0,193.0,469.0
182.0,89.0,475.0,50.0,175.0,156.0,67.0,331.0,252.0,167.0,414.0,197.0,209.0,628.0,140.0
97.0,55.0,346.0,16.0,86.0,155.0,29.0,225.0,117.0,202.0,225.0,76.0,46.0,173.0,97.0
115.0,95.0,255.0,22.0,234.0,205.0,95.0,130.0,144.0,138.0,177.0,137.0,195.0,82.0,212.0
123.0,104.0,300.0,24.0,145.0,212.0,46.0,186.0,147.0,176.0,203.0,197.0,89.0,179.0,116.0
410.0,718.0,580.0,183.0,310.0,328.0,174.0,481.0,503.0,404.0,508.0,221.0,309.0,333.0,329.0
119.0,92.0,348.0,25.0,98.0,418.0,50.0,251.0,168.0,198.0,272.0,241.0,92.0,184.0,80.0
182.0,241.0,224.0,50.0,55.0,348.0,15.0,98.0,253.0,112.0,139.0,100.0,209.0,72.0,44.0
154.0,188.0,279.0,33.0,200.0,281.0,67.0,163.0,180.0,154.0,201.0,164.0,139.0,123.0,172.0
104.0,78.0,222.0,18.0,100.0,175.0,33.0,83.0,122.0,113.0,130.0,105.0,52.0,30.0,80.0
154.0,185.0,340.0,36.0,112.0,261.0,67.0,296.0,197.0,167.0,252.0,186.0,136.0,185.0,88.0
113.0,90.0,279.0,21.0,117.0,214.0,35.0,160.0,139.0,129.0,203.0,126.0,59.0,107.0,93.0
181.0,234.0,312.0,45.0,243.0,328.0,99.0,197.0,223.0,188.0,238.0,178.0,200.0,180.0,188.0
140.0,169.0,281.0,29.0,85.0,255.0,58.0,31.0,177.0,147.0,204.0,173.0,102.0,20.0,64.0
377.0,756.0,208.0,148.0,145.0,741.0,50.0,83.0,223.0,358.0,239.0,430.0,44.0,64.0,116.0
181.0,235.0,386.0,45.0,228.0,341.0,85.0,293.0,198.0,247.0,320.0,395.0,209.0,208.0,172.0
233.0,316.0,336.0,65.0,257.0,390.0,46.0,205.0,314.0,192.0,245.0,231.0,89.0,158.0,234.0
154.0,194.0,582.0,0.0,0.0,280.0,0.0,572.0,0.0,0.0,509.0,21.0,0.0,455.0,0.0
123.0,764.0,240.0,22.0,227.0,294.0,85.0,110.0,144.0,129.0,164.0,162.0,70.0,77.0,183.0
156.0,194.0,855.0,6.0,47.0,280.0,9.0,940.0,34.0,61.0,999.0,25.0,12.0,25.0,32.0
71.0,62.0,130.0,6.0,175.0,155.0,54.0,31.0,34.0,25.0,29.0,0.0,47.0,130.0,99.0
104.0,78.0,311.0,20.0,118.0,310.0,38.0,198.0,297.0,120.0,236.0,115.0,70.0,129.0,93.0
103.0,72.0,215.0,11.0,200.0,191.0,15.0,84.0,86.0,108.0,129.0,76.0,33.0,57.0,172.0
104.0,78.0,212.0,19.0,117.0,175.0,35.0,83.0,119.0,108.0,170.0,100.0,54.0,64.0,12.0
146.0,173.0,263.0,29.0,106.0,256.0,35.0,155.0,173.0,147.0,176.0,160.0,102.0,111.0,87.0
288.0,461.0,395.0,217.0,313.0,486.0,198.0,297.0,188.0,416.0,321.0,91.0,905.0,218.0,351.0
125.0,130.0,142.0,25.0,189.0,230.0,62.0,31.0,168.0,106.0,57.0,91.0,92.0,20.0,157.0
115.0,95.0,240.0,0.0,0.0,210.0,0.0,109.0,0.0,129.0,157.0,118.0,0.0,133.0,0.0
202.0,323.0,296.0,36.0,211.0,397.0,78.0,183.0,210.0,167.0,222.0,187.0,168.0,180.0,175.0
257.0,346.0,363.0,70.0,43.0,389.0,222.0,313.0,343.0,230.0,295.0,288.0,303.0,247.0,44.0
377.0,693.0,356.0,148.0,98.0,133.0,274.0,292.0,571.0,347.0,290.0,470.0,464.0,208.0,77.0
154.0,320.0,337.0,33.0,191.0,388.0,69.0,250.0,191.0,156.0,249.0,174.0,140.0,180.0,173.0
314.0,274.0,481.0,104.0,206.0,362.0,76.0,342.0,500.0,296.0,387.0,353.0,155.0,258.0,175.0
122.0,108.0,657.0,30.0,176.0,215.0,61.0,508.0,616.0,346.0,597.0,580.0,116.0,493.0,154.0
165.0,221.0,361.0,38.0,229.0,86.0,98.0,273.0,215.0,174.0,402.0,158.0,174.0,196.0,190.0
134.0,145.0,283.0,29.0,208.0,250.0,58.0,168.0,181.0,154.0,207.0,172.0,109.0,192.0,175.0
71.0,21.0,126.0,6.0,203.0,144.0,78.0,29.0,296.0,61.0,120.0,70.0,175.0,17.0,172.0
114.0,103.0,374.0,70.0,262.0,211.0,106.0,293.0,333.0,243.0,234.0,298.0,288.0,82.0,247.0
101.0,89.0,240.0,20.0,735.0,445.0,35.0,110.0,144.0,129.0,222.0,126.0,54.0,76.0,881.0
152.0,182.0,564.0,33.0,191.0,261.0,69.0,459.0,187.0,154.0,408.0,172.0,140.0,319.0,175.0
233.0,316.0,360.0,65.0,311.0,382.0,184.0,363.0,341.0,223.0,299.0,282.0,288.0,88.0,334.0
80.0,41.0,263.0,29.0,161.0,102.0,53.0,149.0,178.0,147.0,189.0,162.0,101.0,96.0,125.0
160.0,325.0,326.0,36.0,131.0,344.0,43.0,45.0,188.0,160.0,243.0,175.0,47.0,25.0,101.0
169.0,222.0,346.0,40.0,229.0,308.0,92.0,223.0,223.0,202.0,232.0,257.0,181.0,179.0,188.0
133.0,141.0,256.0,27.0,218.0,249.0,58.0,144.0,171.0,140.0,187.0,167.0,103.0,95.0,180.0
152.0,187.0,293.0,35.0,161.0,270.0,67.0,205.0,194.0,160.0,211.0,197.0,156.0,152.0,125.0
81.0,41.0,190.0,13.0,102.0,143.0,96.0,49.0,99.0,84.0,91.0,76.0,36.0,27.0,215.0
322.0,585.0,485.0,109.0,503.0,521.0,274.0,384.0,503.0,296.0,394.0,355.0,529.0,303.0,182.0
287.0,423.0,511.0,133.0,174.0,491.0,58.0,342.0,568.0,316.0,402.0,446.0,103.0,258.0,139.0
154.0,185.0,320.0,33.0,217.0,261.0,79.0,16.0,178.0,156.0,239.0,174.0,156.0,16.0,180.0
152.0,227.0,142.0,33.0,189.0,297.0,65.0,31.0,187.0,156.0,322.0,174.0,128.0,24.0,157.0
182.0,241.0,322.0,50.0,176.0,348.0,101.0,204.0,252.0,188.0,241.0,221.0,209.0,122.0,153.0
182.0,276.0,396.0,50.0,253.0,374.0,106.0,297.0,173.0,199.0,320.0,244.0,211.0,218.0,218.0
156.0,434.0,281.0,35.0,228.0,484.0,76.0,165.0,197.0,154.0,201.0,174.0,155.0,116.0,187.0
236.0,323.0,348.0,60.0,128.0,489.0,42.0,232.0,302.0,207.0,272.0,263.0,23.0,180.0,139.0
134.0,145.0,278.0,30.0,174.0,249.0,58.0,141.0,181.0,151.0,201.0,162.0,103.0,92.0,134.0
233.0,317.0,355.0,65.0,311.0,393.0,180.0,251.0,314.0,223.0,287.0,288.0,284.0,331.0,333.0
133.0,141.0,263.0,29.0,238.0,249.0,98.0,149.0,173.0,147.0,658.0,156.0,200.0,96.0,213.0
288.0,474.0,348.0,95.0,174.0,491.0,258.0,232.0,454.0,273.0,272.0,323.0,450.0,162.0,134.0
125.0,130.0,142.0,25.0,186.0,214.0,50.0,31.0,168.0,114.0,108.0,268.0,92.0,12.0,154.0
133.0,141.0,271.0,29.0,100.0,249.0,217.0,163.0,173.0,150.0,200.0,98.0,331.0,146.0,81.0
257.0,322.0,257.0,73.0,341.0,397.0,220.0,146.0,363.0,144.0,182.0,172.0,330.0,133.0,416.0
246.0,284.0,507.0,112.0,329.0,373.0,222.0,377.0,503.0,304.0,410.0,387.0,336.0,296.0,390.0
133.0,141.0,240.0,23.0,128.0,249.0,42.0,110.0,147.0,132.0,158.0,127.0,76.0,96.0,99.0
125.0,131.0,300.0,15.0,292.0,247.0,19.0,189.0,103.0,176.0,245.0,197.0,40.0,133.0,308.0
139.0,154.0,271.0,30.0,175.0,253.0,58.0,39.0,181.0,151.0,200.0,162.0,113.0,41.0,144.0
181.0,234.0,511.0,45.0,229.0,324.0,98.0,384.0,233.0,316.0,414.0,446.0,200.0,409.0,153.0
111.0,115.0,201.0,21.0,117.0,210.0,35.0,61.0,194.0,92.0,100.0,76.0,59.0,34.0,89.0
206.0,278.0,339.0,56.0,55.0,365.0,5.0,216.0,601.0,199.0,250.0,241.0,260.0,145.0,54.0
83.0,78.0,361.0,13.0,174.0,155.0,58.0,470.0,105.0,227.0,307.0,282.0,36.0,319.0,218.0
196.0,320.0,542.0,51.0,117.0,390.0,108.0,469.0,270.0,403.0,414.0,241.0,238.0,409.0,94.0
165.0,188.0,661.0,70.0,313.0,102.0,203.0,509.0,347.0,238.0,582.0,298.0,303.0,390.0,341.0
115.0,95.0,224.0,23.0,128.0,210.0,42.0,459.0,139.0,120.0,148.0,134.0,76.0,328.0,101.0
130.0,137.0,530.0,56.0,176.0,247.0,61.0,403.0,288.0,200.0,419.0,197.0,122.0,305.0,153.0
154.0,185.0,283.0,33.0,191.0,261.0,69.0,168.0,165.0,154.0,207.0,172.0,140.0,72.0,96.0
268.0,373.0,353.0,71.0,311.0,445.0,217.0,250.0,454.0,243.0,286.0,149.0,331.0,159.0,334.0
132.0,137.0,246.0,23.0,117.0,155.0,37.0,469.0,163.0,132.0,170.0,115.0,68.0,196.0,74.0
375.0,694.0,532.0,38.0,191.0,663.0,67.0,406.0,223.0,347.0,402.0,460.0,176.0,305.0,157.0
139.0,173.0,246.0,23.0,47.0,256.0,9.0,124.0,162.0,132.0,176.0,127.0,33.0,173.0,32.0
375.0,694.0,532.0,146.0,229.0,296.0,92.0,406.0,480.0,347.0,414.0,470.0,181.0,305.0,181.0
206.0,185.0,206.0,32.0,168.0,261.0,54.0,65.0,191.0,171.0,5.0,100.0,97.0,27.0,127.0
126.0,137.0,201.0,15.0,28.0,256.0,5.0,92.0,103.0,83.0,91.0,149.0,40.0,35.0,95.0
206.0,284.0,337.0,53.0,37.0,373.0,5.0,212.0,103.0,198.0,250.0,241.0,288.0,167.0,4.0
80.0,42.0,126.0,6.0,75.0,324.0,19.0,285.0,54.0,61.0,27.0,100.0,36.0,202.0,54.0
158.0,205.0,215.0,33.0,206.0,288.0,75.0,98.0,188.0,112.0,128.0,100.0,150.0,68.0,175.0
87.0,27.0,201.0,15.0,73.0,42.0,19.0,84.0,103.0,92.0,100.0,76.0,40.0,64.0,93.0
202.0,274.0,340.0,56.0,55.0,362.0,18.0,266.0,616.0,200.0,250.0,246.0,678.0,241.0,43.0
264.0,373.0,475.0,65.0,191.0,445.0,82.0,331.0,311.0,225.0,214.0,134.0,273.0,247.0,158.0
123.0,95.0,157.0,24.0,100.0,205.0,33.0,154.0,164.0,137.0,57.0,137.0,52.0,102.0,81.0
113.0,90.0,355.0,16.0,105.0,260.0,35.0,251.0,111.0,106.0,286.0,100.0,54.0,184.0,82.0
182.0,249.0,317.0,50.0,174.0,348.0,58.0,202.0,252.0,188.0,240.0,221.0,123.0,134.0,180.0
314.0,87.0,440.0,97.0,176.0,261.0,61.0,316.0,311.0,188.0,345.0,221.0,122.0,241.0,155.0
429.0,42.0,550.0,201.0,141.0,118.0,48.0,297.0,829.0,374.0,465.0,582.0,905.0,218.0,117.0
114.0,323.0,190.0,3.0,0.0,430.0,0.0,51.0,12.0,42.0,91.0,47.0,4.0,96.0,0.0
96.0,55.0,206.0,16.0,117.0,155.0,35.0,83.0,122.0,108.0,94.0,100.0,55.0,64.0,94.0
156.0,219.0,332.0,50.0,102.0,297.0,199.0,205.0,252.0,193.0,245.0,236.0,291.0,159.0,81.0
86.0,48.0,204.0,15.0,73.0,143.0,19.0,0.0,103.0,99.0,129.0,76.0,40.0,0.0,69.0
0.0,0.0,337.0,0.0,415.0,0.0,5.0,206.0,0.0,0.0,249.0,50.0,0.0,158.0,12.0
152.0,180.0,283.0,33.0,202.0,260.0,75.0,180.0,187.0,156.0,208.0,175.0,154.0,130.0,173.0
121.0,106.0,246.0,23.0,85.0,214.0,59.0,155.0,145.0,132.0,170.0,127.0,109.0,116.0,72.0
322.0,585.0,485.0,104.0,112.0,518.0,213.0,363.0,500.0,296.0,389.0,355.0,579.0,271.0,87.0
268.0,373.0,411.0,85.0,341.0,437.0,226.0,306.0,425.0,264.0,325.0,316.0,330.0,247.0,404.0
266.0,372.0,507.0,80.0,252.0,445.0,226.0,364.0,425.0,304.0,408.0,423.0,337.0,291.0,215.0
273.0,409.0,240.0,97.0,243.0,249.0,96.0,111.0,466.0,129.0,160.0,118.0,380.0,81.0,238.0
86.0,47.0,201.0,15.0,73.0,133.0,19.0,61.0,103.0,92.0,100.0,76.0,40.0,107.0,82.0
181.0,234.0,317.0,49.0,238.0,310.0,99.0,200.0,248.0,188.0,240.0,220.0,204.0,145.0,212.0
241.0,325.0,111.0,6.0,188.0,288.0,67.0,26.0,86.0,61.0,8.0,84.0,140.0,68.0,156.0
87.0,48.0,224.0,15.0,75.0,56.0,22.0,156.0,105.0,120.0,148.0,113.0,40.0,24.0,54.0
138.0,145.0,278.0,30.0,255.0,253.0,107.0,158.0,178.0,151.0,201.0,162.0,190.0,132.0,214.0
191.0,219.0,215.0,15.0,80.0,297.0,23.0,83.0,105.0,84.0,128.0,68.0,42.0,64.0,55.0
257.0,53.0,374.0,71.0,331.0,143.0,213.0,285.0,430.0,243.0,307.0,346.0,316.0,312.0,404.0
156.0,194.0,263.0,29.0,131.0,277.0,70.0,149.0,270.0,147.0,206.0,155.0,145.0,296.0,101.0
257.0,367.0,312.0,71.0,45.0,439.0,6.0,198.0,341.0,243.0,238.0,298.0,26.0,145.0,32.0
257.0,346.0,374.0,71.0,275.0,439.0,213.0,290.0,363.0,243.0,240.0,301.0,330.0,159.0,248.0
121.0,104.0,247.0,23.0,138.0,211.0,46.0,124.0,162.0,132.0,165.0,118.0,83.0,81.0,111.0
112.0,104.0,224.0,20.0,112.0,212.0,35.0,83.0,132.0,120.0,286.0,100.0,55.0,57.0,87.0
113.0,90.0,240.0,21.0,105.0,203.0,35.0,111.0,144.0,129.0,157.0,118.0,68.0,77.0,82.0
73.0,37.0,542.0,7.0,112.0,87.0,40.0,364.0,46.0,356.0,465.0,108.0,23.0,271.0,87.0
168.0,225.0,747.0,38.0,83.0,310.0,23.0,440.0,222.0,660.0,122.0,894.0,176.0,555.0,87.0
246.0,145.0,332.0,53.0,261.0,225.0,127.0,205.0,281.0,193.0,245.0,236.0,259.0,156.0,242.0
81.0,43.0,396.0,97.0,224.0,159.0,261.0,297.0,480.0,293.0,322.0,248.0,494.0,218.0,9.0
264.0,367.0,447.0,95.0,275.0,222.0,226.0,306.0,457.0,273.0,173.0,325.0,408.0,256.0,247.0
196.0,259.0,339.0,51.0,89.0,310.0,32.0,214.0,272.0,190.0,241.0,221.0,212.0,82.0,74.0
158.0,207.0,292.0,36.0,234.0,294.0,76.0,292.0,210.0,167.0,210.0,187.0,177.0,208.0,125.0
206.0,278.0,336.0,53.0,227.0,348.0,92.0,206.0,290.0,198.0,245.0,241.0,256.0,158.0,183.0
111.0,89.0,223.0,21.0,132.0,191.0,45.0,94.0,129.0,115.0,204.0,158.0,84.0,71.0,111.0
76.0,41.0,184.0,8.0,89.0,175.0,6.0,45.0,54.0,80.0,310.0,68.0,26.0,25.0,55.0
124.0,128.0,661.0,25.0,150.0,222.0,50.0,509.0,168.0,137.0,468.0,126.0,92.0,339.0,85.0
114.0,95.0,207.0,15.0,73.0,213.0,19.0,73.0,103.0,103.0,128.0,98.0,40.0,184.0,63.0
306.0,461.0,447.0,96.0,229.0,489.0,94.0,315.0,498.0,275.0,230.0,221.0,196.0,240.0,201.0
167.0,221.0,310.0,38.0,248.0,261.0,86.0,198.0,195.0,182.0,234.0,241.0,176.0,145.0,218.0
206.0,281.0,337.0,56.0,277.0,369.0,143.0,212.0,292.0,199.0,249.0,241.0,259.0,180.0,250.0
212.0,292.0,346.0,57.0,277.0,373.0,139.0,223.0,302.0,201.0,257.0,248.0,264.0,149.0,250.0
180.0,233.0,363.0,45.0,211.0,320.0,78.0,277.0,233.0,187.0,298.0,197.0,200.0,196.0,175.0
92.0,36.0,130.0,6.0,228.0,241.0,92.0,31.0,24.0,61.0,13.0,117.0,190.0,20.0,69.0
96.0,55.0,207.0,16.0,83.0,82.0,23.0,82.0,117.0,107.0,119.0,164.0,42.0,58.0,55.0
100.0,64.0,208.0,17.0,89.0,155.0,30.0,83.0,119.0,108.0,200.0,101.0,46.0,477.0,72.0
96.0,55.0,223.0,16.0,242.0,155.0,46.0,94.0,103.0,107.0,165.0,101.0,44.0,65.0,214.0
100.0,62.0,208.0,17.0,88.0,155.0,30.0,83.0,125.0,108.0,117.0,100.0,46.0,122.0,154.0
73.0,21.0,206.0,6.0,168.0,56.0,54.0,62.0,38.0,67.0,87.0,47.0,19.0,35.0,131.0
235.0,317.0,294.0,38.0,229.0,393.0,92.0,154.0,213.0,120.0,214.0,115.0,181.0,102.0,25.0
158.0,205.0,564.0,36.0,157.0,280.0,61.0,440.0,103.0,160.0,187.0,178.0,123.0,331.0,122.0
232.0,62.0,688.0,65.0,279.0,156.0,148.0,565.0,314.0,225.0,658.0,282.0,284.0,442.0,172.0
376.0,717.0,536.0,146.0,429.0,687.0,247.0,392.0,579.0,347.0,458.0,463.0,693.0,296.0,566.0
206.0,219.0,337.0,56.0,257.0,297.0,119.0,285.0,292.0,199.0,249.0,190.0,259.0,202.0,220.0
163.0,215.0,296.0,36.0,128.0,175.0,82.0,181.0,210.0,167.0,220.0,108.0,171.0,131.0,69.0
123.0,115.0,290.0,24.0,174.0,310.0,53.0,61.0,165.0,150.0,207.0,158.0,90.0,34.0,95.0
999.0,999.0,999.0,999.0,999.0,999.0,999.0,969.0,999.0,999.0,640.0,61.0,999.0,583.0,999.0
182.0,234.0,320.0,45.0,242.0,393.0,99.0,176.0,237.0,188.0,508.0,160.0,200.0,68.0,214.0
316.0,515.0,310.0,106.0,313.0,112.0,274.0,195.0,500.0,188.0,240.0,212.0,515.0,134.0,119.0
114.0,95.0,242.0,23.0,128.0,210.0,42.0,115.0,145.0,132.0,165.0,126.0,76.0,81.0,102.0
271.0,109.0,392.0,80.0,360.0,206.0,222.0,297.0,431.0,252.0,321.0,303.0,336.0,219.0,469.0
154.0,188.0,747.0,34.0,160.0,272.0,53.0,718.0,172.0,660.0,527.0,894.0,95.0,510.0,44.0
316.0,515.0,392.0,106.0,476.0,498.0,261.0,154.0,500.0,252.0,320.0,158.0,494.0,57.0,170.0
270.0,406.0,417.0,87.0,184.0,272.0,62.0,438.0,125.0,269.0,402.0,323.0,579.0,312.0,155.0
73.0,135.0,126.0,6.0,28.0,241.0,4.0,31.0,38.0,67.0,508.0,50.0,19.0,21.0,4.0
152.0,180.0,279.0,33.0,150.0,260.0,65.0,163.0,158.0,154.0,203.0,162.0,128.0,111.0,126.0
111.0,108.0,220.0,18.0,75.0,215.0,22.0,94.0,120.0,113.0,129.0,108.0,40.0,65.0,71.0
134.0,145.0,224.0,15.0,75.0,254.0,22.0,97.0,139.0,105.0,148.0,84.0,40.0,72.0,55.0
165.0,210.0,449.0,38.0,117.0,260.0,35.0,572.0,213.0,296.0,210.0,353.0,174.0,458.0,89.0
224.0,304.0,481.0,60.0,288.0,388.0,166.0,342.0,302.0,296.0,345.0,374.0,272.0,258.0,87.0
264.0,367.0,530.0,97.0,138.0,439.0,46.0,32.0,480.0,289.0,419.0,348.0,89.0,21.0,134.0
146.0,154.0,293.0,32.0,176.0,255.0,61.0,176.0,178.0,154.0,211.0,165.0,123.0,125.0,153.0
295.0,284.0,999.0,97.0,85.0,373.0,226.0,999.0,503.0,243.0,658.0,298.0,337.0,999.0,66.0
236.0,323.0,351.0,66.0,310.0,293.0,184.0,222.0,311.0,214.0,286.0,231.0,284.0,173.0,334.0
236.0,423.0,326.0,66.0,310.0,491.0,180.0,83.0,343.0,223.0,240.0,282.0,284.0,256.0,331.0
182.0,130.0,564.0,185.0,54.0,324.0,261.0,476.0,999.0,381.0,449.0,117.0,500.0,321.0,107.0
103.0,62.0,179.0,19.0,104.0,156.0,32.0,39.0,132.0,92.0,164.0,76.0,47.0,25.0,84.0
80.0,41.0,582.0,9.0,47.0,86.0,9.0,364.0,76.0,408.0,509.0,799.0,33.0,269.0,32.0
217.0,40.0,348.0,60.0,410.0,86.0,143.0,232.0,293.0,207.0,275.0,263.0,270.0,180.0,179.0
84.0,47.0,207.0,15.0,47.0,127.0,9.0,80.0,105.0,106.0,139.0,92.0,33.0,57.0,32.0
114.0,95.0,208.0,22.0,168.0,205.0,54.0,83.0,164.0,108.0,154.0,307.0,70.0,64.0,124.0
102.0,64.0,271.0,18.0,112.0,160.0,35.0,297.0,122.0,150.0,201.0,163.0,55.0,65.0,87.0
124.0,128.0,206.0,16.0,200.0,205.0,75.0,62.0,111.0,106.0,110.0,92.0,43.0,41.0,172.0
271.0,406.0,385.0,29.0,89.0,486.0,30.0,293.0,173.0,247.0,345.0,303.0,101.0,12.0,72.0
134.0,164.0,255.0,29.0,161.0,254.0,53.0,140.0,145.0,144.0,157.0,156.0,101.0,91.0,99.0
152.0,40.0,111.0,29.0,168.0,86.0,54.0,26.0,177.0,147.0,13.0,163.0,109.0,17.0,126.0
206.0,278.0,313.0,56.0,476.0,369.0,274.0,316.0,293.0,200.0,238.0,246.0,270.0,218.0,240.0
158.0,205.0,361.0,70.0,288.0,173.0,217.0,266.0,293.0,228.0,298.0,287.0,288.0,193.0,275.0
104.0,89.0,855.0,19.0,112.0,191.0,35.0,940.0,103.0,871.0,999.0,999.0,55.0,613.0,85.0
217.0,304.0,347.0,60.0,278.0,393.0,148.0,195.0,297.0,203.0,274.0,263.0,270.0,159.0,262.0
288.0,461.0,564.0,95.0,445.0,486.0,254.0,481.0,466.0,275.0,483.0,50.0,444.0,328.0,574.0
333.0,618.0,491.0,114.0,161.0,550.0,53.0,358.0,601.0,304.0,402.0,430.0,583.0,477.0,91.0
224.0,304.0,386.0,60.0,292.0,388.0,166.0,296.0,302.0,213.0,320.0,264.0,273.0,184.0,307.0
139.0,164.0,251.0,29.0,137.0,255.0,54.0,186.0,173.0,147.0,173.0,163.0,101.0,134.0,87.0
163.0,212.0,514.0,36.0,216.0,293.0,80.0,391.0,191.0,319.0,208.0,456.0,168.0,255.0,139.0
268.0,373.0,386.0,78.0,227.0,422.0,217.0,297.0,419.0,247.0,320.0,305.0,334.0,72.0,275.0
271.0,406.0,395.0,89.0,322.0,222.0,217.0,297.0,425.0,252.0,321.0,305.0,331.0,217.0,0.0
211.0,179.0,346.0,57.0,227.0,260.0,85.0,469.0,288.0,201.0,203.0,248.0,259.0,328.0,172.0
288.0,769.0,346.0,95.0,134.0,809.0,45.0,214.0,454.0,273.0,240.0,323.0,83.0,133.0,107.0
123.0,106.0,348.0,61.0,310.0,216.0,174.0,280.0,314.0,207.0,210.0,264.0,272.0,134.0,329.0
115.0,95.0,267.0,22.0,117.0,210.0,32.0,158.0,144.0,151.0,200.0,162.0,70.0,107.0,87.0
138.0,203.0,322.0,30.0,229.0,156.0,92.0,264.0,178.0,185.0,241.0,207.0,200.0,458.0,175.0
83.0,43.0,252.0,21.0,104.0,127.0,35.0,140.0,141.0,137.0,176.0,140.0,59.0,90.0,87.0
212.0,215.0,347.0,60.0,280.0,297.0,148.0,222.0,290.0,203.0,264.0,158.0,270.0,169.0,274.0
196.0,212.0,372.0,61.0,279.0,293.0,148.0,82.0,431.0,243.0,295.0,298.0,269.0,58.0,274.0
103.0,63.0,316.0,45.0,157.0,154.0,52.0,200.0,232.0,188.0,218.0,158.0,97.0,145.0,107.0
237.0,323.0,350.0,63.0,310.0,133.0,174.0,240.0,302.0,214.0,274.0,264.0,273.0,184.0,322.0
270.0,376.0,417.0,86.0,280.0,397.0,150.0,313.0,120.0,271.0,91.0,181.0,252.0,235.0,275.0
202.0,346.0,317.0,45.0,238.0,437.0,99.0,176.0,233.0,188.0,240.0,280.0,200.0,129.0,214.0
232.0,325.0,855.0,65.0,197.0,437.0,203.0,940.0,314.0,75.0,999.0,58.0,309.0,617.0,160.0
158.0,207.0,542.0,49.0,238.0,294.0,99.0,420.0,281.0,188.0,465.0,220.0,200.0,311.0,229.0
187.0,249.0,111.0,51.0,238.0,348.0,99.0,26.0,272.0,191.0,236.0,228.0,195.0,17.0,12.0
212.0,316.0,347.0,58.0,100.0,393.0,48.0,232.0,290.0,201.0,236.0,236.0,270.0,159.0,81.0
412.0,764.0,550.0,177.0,966.0,767.0,570.0,431.0,638.0,374.0,470.0,582.0,751.0,308.0,156.0
428.0,219.0,661.0,243.0,238.0,297.0,339.0,469.0,858.0,521.0,245.0,856.0,923.0,318.0,212.0
181.0,235.0,323.0,51.0,403.0,306.0,16.0,290.0,270.0,191.0,241.0,228.0,214.0,66.0,469.0
119.0,104.0,266.0,29.0,175.0,212.0,58.0,154.0,178.0,150.0,201.0,175.0,108.0,76.0,154.0
181.0,233.0,549.0,153.0,476.0,328.0,262.0,420.0,545.0,347.0,468.0,460.0,726.0,311.0,4.0
167.0,222.0,661.0,38.0,226.0,308.0,85.0,509.0,86.0,192.0,307.0,236.0,176.0,408.0,175.0
154.0,187.0,254.0,27.0,128.0,270.0,42.0,115.0,170.0,139.0,214.0,140.0,70.0,81.0,87.0
154.0,188.0,312.0,34.0,131.0,261.0,45.0,200.0,194.0,185.0,238.0,220.0,145.0,146.0,139.0
158.0,205.0,300.0,35.0,229.0,276.0,83.0,189.0,199.0,176.0,226.0,203.0,156.0,133.0,190.0
123.0,128.0,240.0,21.0,100.0,212.0,32.0,109.0,139.0,129.0,157.0,117.0,68.0,76.0,73.0
288.0,461.0,475.0,95.0,73.0,489.0,230.0,415.0,452.0,278.0,597.0,263.0,579.0,308.0,42.0
120.0,105.0,180.0,5.0,15.0,241.0,2.0,32.0,163.0,58.0,64.0,25.0,5.0,21.0,160.0
156.0,225.0,290.0,34.0,75.0,310.0,19.0,176.0,194.0,156.0,366.0,186.0,40.0,169.0,45.0
178.0,316.0,312.0,45.0,229.0,390.0,95.0,327.0,369.0,187.0,238.0,156.0,195.0,248.0,214.0
112.0,90.0,281.0,23.0,118.0,200.0,38.0,175.0,145.0,138.0,200.0,138.0,76.0,308.0,144.0
80.0,41.0,532.0,153.0,313.0,102.0,198.0,509.0,425.0,347.0,465.0,460.0,726.0,312.0,351.0
115.0,95.0,852.0,23.0,85.0,212.0,29.0,885.0,145.0,130.0,240.0,126.0,54.0,72.0,66.0
288.0,434.0,220.0,95.0,429.0,479.0,253.0,90.0,454.0,112.0,128.0,108.0,438.0,55.0,566.0
264.0,212.0,385.0,77.0,88.0,294.0,48.0,315.0,330.0,247.0,309.0,303.0,331.0,241.0,142.0
330.0,590.0,449.0,117.0,292.0,349.0,166.0,322.0,570.0,275.0,338.0,303.0,272.0,246.0,307.0
103.0,72.0,201.0,17.0,237.0,173.0,50.0,83.0,120.0,92.0,100.0,70.0,92.0,82.0,126.0
181.0,234.0,532.0,45.0,227.0,362.0,82.0,406.0,173.0,347.0,248.0,460.0,195.0,305.0,182.0
123.0,115.0,240.0,18.0,47.0,221.0,9.0,0.0,122.0,129.0,157.0,457.0,33.0,0.0,32.0
268.0,391.0,382.0,85.0,445.0,460.0,254.0,296.0,425.0,256.0,309.0,312.0,330.0,213.0,574.0
137.0,87.0,278.0,29.0,161.0,191.0,53.0,158.0,187.0,150.0,201.0,101.0,92.0,130.0,127.0
156.0,185.0,283.0,34.0,234.0,270.0,76.0,168.0,191.0,156.0,207.0,178.0,149.0,122.0,187.0
125.0,130.0,255.0,25.0,131.0,227.0,50.0,391.0,168.0,139.0,182.0,221.0,92.0,116.0,97.0
81.0,42.0,187.0,16.0,86.0,182.0,29.0,32.0,117.0,84.0,94.0,133.0,44.0,17.0,172.0
73.0,27.0,542.0,159.0,175.0,87.0,80.0,299.0,125.0,358.0,640.0,580.0,726.0,218.0,172.0
206.0,461.0,126.0,3.0,177.0,486.0,2.0,27.0,38.0,58.0,20.0,58.0,4.0,17.0,154.0
244.0,323.0,355.0,51.0,83.0,272.0,78.0,251.0,272.0,256.0,286.0,312.0,156.0,184.0,74.0
152.0,179.0,582.0,33.0,174.0,260.0,58.0,481.0,187.0,227.0,509.0,282.0,95.0,613.0,131.0
156.0,215.0,294.0,36.0,212.0,296.0,78.0,176.0,204.0,167.0,218.0,186.0,161.0,125.0,175.0
163.0,259.0,316.0,45.0,230.0,404.0,95.0,204.0,232.0,188.0,238.0,212.0,195.0,150.0,201.0
123.0,43.0,240.0,21.0,131.0,127.0,45.0,83.0,139.0,129.0,157.0,118.0,68.0,17.0,94.0
182.0,212.0,657.0,51.0,117.0,294.0,50.0,214.0,276.0,199.0,414.0,244.0,156.0,169.0,89.0
182.0,233.0,316.0,45.0,243.0,320.0,127.0,201.0,232.0,188.0,240.0,228.0,177.0,64.0,214.0
376.0,717.0,532.0,146.0,206.0,280.0,75.0,398.0,571.0,347.0,170.0,457.0,155.0,291.0,178.0
167.0,221.0,294.0,38.0,275.0,315.0,85.0,180.0,187.0,165.0,214.0,463.0,175.0,193.0,247.0
158.0,205.0,263.0,35.0,202.0,276.0,75.0,149.0,105.0,154.0,200.0,203.0,154.0,81.0,172.0
123.0,21.0,326.0,51.0,237.0,222.0,107.0,204.0,210.0,191.0,252.0,228.0,212.0,150.0,213.0
126.0,135.0,293.0,27.0,175.0,241.0,58.0,176.0,168.0,160.0,211.0,158.0,108.0,131.0,142.0
124.0,130.0,351.0,61.0,292.0,238.0,166.0,266.0,297.0,214.0,275.0,246.0,273.0,186.0,307.0
256.0,332.0,396.0,73.0,341.0,429.0,217.0,297.0,357.0,246.0,298.0,301.0,331.0,208.0,406.0
104.0,261.0,180.0,19.0,117.0,369.0,37.0,290.0,111.0,75.0,154.0,58.0,55.0,205.0,94.0
114.0,95.0,251.0,23.0,54.0,205.0,18.0,137.0,145.0,129.0,173.0,126.0,36.0,90.0,42.0
233.0,316.0,348.0,65.0,313.0,390.0,171.0,251.0,314.0,207.0,272.0,264.0,284.0,111.0,234.0
412.0,764.0,570.0,182.0,45.0,259.0,7.0,440.0,233.0,403.0,500.0,681.0,85.0,259.0,32.0
270.0,274.0,449.0,96.0,243.0,362.0,262.0,469.0,466.0,275.0,320.0,167.0,429.0,318.0,214.0
306.0,474.0,488.0,110.0,228.0,489.0,85.0,358.0,518.0,300.0,400.0,387.0,156.0,235.0,187.0
123.0,109.0,353.0,23.0,132.0,227.0,45.0,251.0,177.0,132.0,287.0,124.0,77.0,162.0,87.0
114.0,92.0,258.0,22.0,279.0,197.0,50.0,225.0,141.0,144.0,188.0,155.0,92.0,184.0,107.0
77.0,41.0,170.0,8.0,117.0,216.0,45.0,32.0,76.0,80.0,582.0,282.0,27.0,275.0,94.0
191.0,261.0,392.0,80.0,313.0,358.0,222.0,493.0,425.0,252.0,322.0,305.0,336.0,331.0,242.0
210.0,284.0,294.0,58.0,197.0,373.0,107.0,180.0,297.0,201.0,215.0,246.0,269.0,130.0,160.0
235.0,461.0,440.0,65.0,151.0,486.0,50.0,312.0,314.0,223.0,387.0,186.0,284.0,219.0,107.0
111.0,89.0,279.0,32.0,89.0,206.0,61.0,186.0,184.0,154.0,203.0,165.0,122.0,132.0,72.0
311.0,306.0,485.0,104.0,226.0,389.0,274.0,358.0,330.0,296.0,400.0,355.0,515.0,269.0,175.0
176.0,235.0,549.0,71.0,229.0,344.0,92.0,420.0,293.0,243.0,470.0,220.0,181.0,291.0,192.0
132.0,137.0,267.0,29.0,202.0,227.0,75.0,154.0,177.0,147.0,200.0,162.0,108.0,68.0,173.0
152.0,179.0,293.0,29.0,161.0,260.0,53.0,197.0,187.0,160.0,211.0,197.0,101.0,146.0,127.0
156.0,163.0,661.0,36.0,227.0,270.0,85.0,509.0,187.0,154.0,658.0,172.0,168.0,408.0,181.0
156.0,194.0,294.0,36.0,313.0,349.0,82.0,202.0,141.0,166.0,218.0,186.0,161.0,271.0,341.0
237.0,322.0,350.0,65.0,310.0,393.0,172.0,241.0,314.0,213.0,274.0,263.0,284.0,192.0,331.0
0.0,0.0,0.0,0.0,257.0,0.0,108.0,0.0,0.0,0.0,0.0,23.0,0.0,0.0,96.0
125.0,130.0,747.0,25.0,151.0,227.0,48.0,718.0,168.0,660.0,509.0,124.0,92.0,493.0,110.0
73.0,45.0,206.0,7.0,80.0,118.0,19.0,73.0,46.0,75.0,110.0,61.0,36.0,57.0,55.0
187.0,253.0,340.0,51.0,260.0,348.0,107.0,216.0,270.0,200.0,240.0,254.0,212.0,159.0,250.0
156.0,203.0,292.0,35.0,175.0,280.0,50.0,176.0,197.0,156.0,210.0,178.0,191.0,173.0,140.0
0.0,0.0,105.0,16.0,86.0,0.0,29.0,32.0,117.0,108.0,0.0,98.0,46.0,24.0,64.0
206.0,281.0,179.0,56.0,150.0,362.0,50.0,39.0,187.0,188.0,63.0,212.0,167.0,57.0,124.0
103.0,76.0,303.0,17.0,47.0,173.0,6.0,192.0,122.0,176.0,232.0,160.0,26.0,88.0,44.0
140.0,194.0,271.0,30.0,106.0,250.0,54.0,155.0,178.0,151.0,200.0,162.0,101.0,192.0,87.0
165.0,219.0,300.0,38.0,260.0,297.0,127.0,392.0,184.0,176.0,225.0,196.0,259.0,300.0,238.0
211.0,276.0,316.0,49.0,248.0,369.0,101.0,180.0,198.0,188.0,238.0,220.0,204.0,130.0,155.0
212.0,238.0,570.0,58.0,261.0,348.0,126.0,490.0,296.0,202.0,500.0,254.0,270.0,331.0,242.0
76.0,41.0,184.0,8.0,32.0,320.0,4.0,45.0,194.0,81.0,170.0,68.0,26.0,25.0,12.0
338.0,36.0,396.0,97.0,446.0,87.0,258.0,297.0,122.0,289.0,321.0,282.0,500.0,218.0,566.0
154.0,227.0,290.0,33.0,100.0,310.0,40.0,16.0,173.0,156.0,203.0,175.0,624.0,16.0,69.0
374.0,693.0,536.0,133.0,524.0,422.0,391.0,403.0,570.0,347.0,465.0,582.0,639.0,328.0,582.0
211.0,235.0,311.0,58.0,310.0,341.0,148.0,197.0,296.0,202.0,238.0,254.0,269.0,184.0,329.0
163.0,200.0,361.0,70.0,258.0,280.0,119.0,266.0,332.0,228.0,302.0,287.0,288.0,184.0,213.0
154.0,188.0,293.0,35.0,211.0,270.0,78.0,176.0,195.0,160.0,210.0,160.0,156.0,111.0,175.0
115.0,95.0,240.0,23.0,117.0,203.0,35.0,115.0,139.0,129.0,157.0,117.0,73.0,79.0,102.0
104.0,82.0,386.0,20.0,100.0,133.0,33.0,296.0,122.0,176.0,320.0,164.0,54.0,213.0,81.0
100.0,64.0,206.0,17.0,89.0,42.0,29.0,296.0,132.0,132.0,120.0,114.0,46.0,218.0,74.0
232.0,515.0,481.0,64.0,277.0,374.0,166.0,342.0,313.0,296.0,387.0,355.0,276.0,258.0,248.0
163.0,193.0,294.0,36.0,100.0,277.0,32.0,180.0,500.0,167.0,286.0,186.0,40.0,134.0,81.0
165.0,95.0,536.0,51.0,260.0,205.0,106.0,403.0,272.0,356.0,458.0,98.0,209.0,328.0,202.0
236.0,320.0,396.0,67.0,217.0,393.0,82.0,296.0,333.0,227.0,206.0,374.0,284.0,269.0,187.0
100.0,63.0,440.0,17.0,89.0,156.0,30.0,312.0,120.0,176.0,299.0,197.0,46.0,245.0,72.0
376.0,717.0,536.0,148.0,310.0,656.0,172.0,415.0,616.0,347.0,458.0,470.0,284.0,308.0,329.0
83.0,41.0,550.0,11.0,229.0,144.0,35.0,431.0,125.0,107.0,470.0,81.0,726.0,72.0,192.0
376.0,717.0,564.0,137.0,723.0,706.0,396.0,440.0,571.0,319.0,310.0,457.0,639.0,312.0,329.0
237.0,323.0,356.0,67.0,303.0,418.0,171.0,259.0,332.0,227.0,262.0,282.0,284.0,184.0,331.0
196.0,259.0,330.0,51.0,723.0,372.0,396.0,202.0,224.0,192.0,244.0,248.0,624.0,148.0,155.0
100.0,64.0,507.0,217.0,228.0,155.0,92.0,391.0,125.0,300.0,410.0,374.0,923.0,305.0,183.0
100.0,205.0,549.0,153.0,601.0,281.0,391.0,420.0,239.0,356.0,470.0,561.0,726.0,255.0,808.0
120.0,105.0,246.0,23.0,122.0,235.0,61.0,124.0,139.0,132.0,0.0,126.0,113.0,134.0,99.0
94.0,48.0,207.0,16.0,75.0,143.0,22.0,132.0,369.0,106.0,120.0,95.0,45.0,82.0,54.0
235.0,205.0,204.0,65.0,310.0,281.0,174.0,62.0,314.0,99.0,108.0,76.0,284.0,35.0,316.0
73.0,27.0,180.0,7.0,15.0,87.0,1.0,39.0,98.0,76.0,63.0,126.0,25.0,25.0,4.0
246.0,325.0,111.0,70.0,230.0,358.0,106.0,26.0,343.0,57.0,152.0,162.0,211.0,17.0,201.0
103.0,71.0,311.0,20.0,112.0,160.0,35.0,197.0,127.0,120.0,152.0,115.0,55.0,145.0,77.0
100.0,62.0,208.0,19.0,128.0,155.0,33.0,80.0,122.0,107.0,123.0,95.0,54.0,62.0,99.0
316.0,515.0,511.0,109.0,569.0,489.0,276.0,493.0,501.0,296.0,411.0,374.0,529.0,333.0,808.0
181.0,234.0,320.0,46.0,176.0,328.0,61.0,202.0,125.0,188.0,240.0,218.0,204.0,152.0,122.0
81.0,45.0,187.0,11.0,123.0,127.0,40.0,49.0,86.0,83.0,91.0,118.0,33.0,64.0,93.0
121.0,72.0,246.0,23.0,151.0,160.0,46.0,124.0,162.0,132.0,239.0,127.0,83.0,107.0,134.0
157.0,203.0,294.0,36.0,303.0,280.0,82.0,183.0,204.0,167.0,170.0,21.0,171.0,131.0,331.0
95.0,55.0,348.0,16.0,89.0,144.0,30.0,264.0,117.0,108.0,419.0,98.0,45.0,185.0,73.0
182.0,194.0,320.0,49.0,242.0,261.0,99.0,195.0,248.0,188.0,239.0,317.0,204.0,493.0,215.0
414.0,769.0,549.0,183.0,280.0,288.0,121.0,601.0,483.0,408.0,468.0,799.0,905.0,219.0,248.0
206.0,276.0,440.0,56.0,28.0,362.0,2.0,316.0,293.0,200.0,222.0,246.0,10.0,241.0,9.0
288.0,461.0,447.0,95.0,448.0,486.0,258.0,322.0,466.0,273.0,325.0,208.0,450.0,241.0,297.0
167.0,249.0,549.0,38.0,174.0,227.0,58.0,738.0,222.0,213.0,189.0,263.0,176.0,503.0,140.0
84.0,37.0,257.0,15.0,47.0,255.0,19.0,104.0,180.0,112.0,215.0,100.0,40.0,312.0,94.0
271.0,403.0,414.0,87.0,252.0,259.0,129.0,59.0,33.0,265.0,326.0,317.0,260.0,81.0,101.0
103.0,42.0,224.0,18.0,105.0,124.0,33.0,97.0,122.0,115.0,207.0,113.0,52.0,106.0,85.0
210.0,284.0,346.0,57.0,277.0,372.0,139.0,223.0,297.0,201.0,249.0,248.0,264.0,173.0,178.0
112.0,90.0,224.0,21.0,123.0,200.0,40.0,969.0,170.0,128.0,164.0,117.0,59.0,889.0,96.0
75.0,36.0,179.0,6.0,279.0,297.0,2.0,285.0,195.0,61.0,87.0,894.0,5.0,185.0,124.0
130.0,137.0,255.0,29.0,161.0,241.0,53.0,154.0,173.0,139.0,182.0,207.0,101.0,72.0,119.0
92.0,43.0,223.0,11.0,175.0,127.0,58.0,92.0,69.0,99.0,148.0,76.0,33.0,66.0,142.0
241.0,323.0,111.0,51.0,258.0,390.0,108.0,26.0,271.0,207.0,187.0,263.0,214.0,16.0,93.0
271.0,403.0,263.0,29.0,176.0,460.0,59.0,149.0,173.0,147.0,222.0,155.0,101.0,101.0,148.0
306.0,461.0,361.0,70.0,102.0,489.0,54.0,280.0,333.0,228.0,170.0,287.0,288.0,292.0,83.0
377.0,222.0,379.0,148.0,137.0,308.0,48.0,322.0,341.0,347.0,302.0,456.0,583.0,246.0,111.0
156.0,259.0,283.0,34.0,322.0,348.0,99.0,168.0,184.0,156.0,240.0,162.0,202.0,122.0,63.0
123.0,115.0,549.0,20.0,102.0,188.0,35.0,509.0,103.0,101.0,468.0,81.0,55.0,300.0,82.0
196.0,257.0,296.0,36.0,200.0,348.0,67.0,183.0,204.0,167.0,182.0,186.0,139.0,133.0,157.0
102.0,253.0,201.0,13.0,50.0,348.0,18.0,61.0,98.0,92.0,100.0,76.0,36.0,30.0,74.0
123.0,105.0,263.0,24.0,174.0,213.0,58.0,149.0,170.0,147.0,187.0,149.0,77.0,192.0,307.0
429.0,844.0,336.0,182.0,429.0,448.0,247.0,39.0,180.0,403.0,245.0,681.0,726.0,21.0,566.0
257.0,130.0,549.0,153.0,137.0,203.0,598.0,420.0,676.0,358.0,468.0,457.0,726.0,271.0,111.0
217.0,301.0,356.0,70.0,134.0,373.0,45.0,228.0,333.0,225.0,286.0,282.0,288.0,496.0,95.0
80.0,41.0,184.0,9.0,47.0,102.0,9.0,45.0,76.0,83.0,57.0,100.0,33.0,25.0,11.0
205.0,276.0,340.0,56.0,161.0,365.0,105.0,214.0,293.0,200.0,236.0,241.0,238.0,247.0,99.0
375.0,694.0,532.0,148.0,188.0,656.0,65.0,391.0,601.0,347.0,468.0,167.0,128.0,305.0,157.0
140.0,300.0,661.0,78.0,262.0,374.0,226.0,509.0,425.0,247.0,160.0,304.0,330.0,412.0,248.0
80.0,42.0,187.0,11.0,197.0,56.0,67.0,47.0,147.0,82.0,5.0,68.0,33.0,26.0,175.0
270.0,376.0,247.0,86.0,410.0,390.0,237.0,187.0,454.0,207.0,173.0,246.0,369.0,145.0,473.0
124.0,130.0,224.0,29.0,157.0,230.0,50.0,97.0,117.0,120.0,189.0,181.0,102.0,65.0,0.0
163.0,185.0,255.0,67.0,310.0,261.0,180.0,299.0,332.0,227.0,199.0,167.0,284.0,305.0,72.0
163.0,214.0,296.0,36.0,216.0,294.0,82.0,183.0,210.0,167.0,214.0,203.0,171.0,169.0,175.0
100.0,63.0,157.0,17.0,89.0,155.0,30.0,32.0,119.0,85.0,157.0,76.0,46.0,26.0,116.0
330.0,693.0,491.0,112.0,117.0,272.0,35.0,358.0,579.0,304.0,465.0,463.0,583.0,269.0,94.0
91.0,89.0,215.0,17.0,104.0,188.0,34.0,84.0,120.0,112.0,87.0,100.0,33.0,58.0,84.0
123.0,109.0,258.0,24.0,137.0,306.0,46.0,146.0,184.0,144.0,188.0,158.0,89.0,96.0,111.0
87.0,48.0,580.0,183.0,966.0,143.0,598.0,470.0,293.0,404.0,508.0,185.0,888.0,319.0,118.0
163.0,205.0,488.0,36.0,313.0,288.0,199.0,398.0,210.0,278.0,400.0,346.0,288.0,314.0,390.0
295.0,320.0,207.0,15.0,292.0,388.0,23.0,73.0,105.0,106.0,126.0,91.0,42.0,65.0,308.0
104.0,78.0,224.0,18.0,100.0,173.0,32.0,476.0,122.0,114.0,149.0,98.0,51.0,328.0,80.0
119.0,104.0,204.0,23.0,106.0,211.0,35.0,62.0,177.0,99.0,108.0,76.0,54.0,35.0,93.0
102.0,71.0,238.0,20.0,104.0,159.0,35.0,103.0,144.0,120.0,152.0,118.0,54.0,72.0,84.0
139.0,164.0,293.0,23.0,150.0,255.0,15.0,176.0,129.0,120.0,211.0,181.0,76.0,125.0,190.0
410.0,717.0,488.0,159.0,966.0,706.0,570.0,353.0,616.0,300.0,128.0,287.0,726.0,491.0,297.0
317.0,200.0,550.0,104.0,639.0,280.0,391.0,420.0,480.0,296.0,470.0,355.0,500.0,305.0,818.0
196.0,261.0,316.0,51.0,255.0,393.0,107.0,201.0,270.0,165.0,239.0,185.0,212.0,133.0,119.0
330.0,612.0,240.0,109.0,723.0,534.0,382.0,110.0,503.0,130.0,160.0,126.0,639.0,76.0,582.0
182.0,261.0,514.0,50.0,252.0,429.0,101.0,438.0,252.0,319.0,414.0,456.0,209.0,312.0,220.0
114.0,82.0,240.0,22.0,83.0,156.0,23.0,111.0,141.0,129.0,157.0,117.0,42.0,111.0,74.0
152.0,219.0,294.0,33.0,723.0,297.0,444.0,186.0,178.0,154.0,215.0,165.0,127.0,132.0,88.0
97.0,56.0,224.0,16.0,88.0,155.0,29.0,316.0,117.0,120.0,149.0,115.0,46.0,312.0,71.0
113.0,90.0,246.0,26.0,75.0,227.0,50.0,130.0,187.0,136.0,170.0,580.0,92.0,184.0,54.0
123.0,109.0,247.0,24.0,206.0,222.0,80.0,130.0,158.0,137.0,173.0,137.0,256.0,82.0,175.0
103.0,41.0,222.0,18.0,310.0,294.0,172.0,92.0,122.0,113.0,129.0,100.0,49.0,66.0,308.0
73.0,0.0,372.0,7.0,83.0,0.0,29.0,292.0,46.0,75.0,309.0,21.0,46.0,202.0,101.0
295.0,461.0,311.0,89.0,261.0,489.0,126.0,197.0,452.0,271.0,236.0,325.0,494.0,71.0,242.0
101.0,55.0,223.0,17.0,28.0,86.0,4.0,160.0,125.0,115.0,129.0,218.0,19.0,107.0,9.0
270.0,62.0,187.0,6.0,47.0,155.0,2.0,47.0,253.0,83.0,87.0,58.0,5.0,24.0,38.0
376.0,709.0,536.0,148.0,601.0,687.0,382.0,415.0,601.0,347.0,458.0,470.0,656.0,309.0,52.0
259.0,373.0,507.0,133.0,217.0,445.0,82.0,738.0,347.0,311.0,410.0,446.0,171.0,503.0,179.0
210.0,284.0,340.0,58.0,277.0,373.0,147.0,296.0,296.0,201.0,252.0,105.0,269.0,247.0,250.0
124.0,128.0,252.0,25.0,117.0,253.0,35.0,481.0,165.0,137.0,238.0,137.0,59.0,328.0,89.0
233.0,316.0,350.0,65.0,275.0,390.0,138.0,240.0,314.0,213.0,248.0,263.0,284.0,184.0,246.0
83.0,43.0,281.0,36.0,102.0,127.0,75.0,165.0,198.0,154.0,206.0,165.0,149.0,111.0,83.0
157.0,203.0,322.0,35.0,206.0,280.0,76.0,204.0,198.0,190.0,241.0,162.0,155.0,218.0,88.0
100.0,95.0,240.0,21.0,104.0,479.0,35.0,111.0,132.0,129.0,157.0,118.0,55.0,79.0,95.0
138.0,193.0,240.0,29.0,175.0,276.0,59.0,110.0,178.0,141.0,160.0,158.0,109.0,95.0,175.0
91.0,48.0,214.0,16.0,100.0,143.0,32.0,97.0,117.0,108.0,128.0,156.0,45.0,71.0,80.0
103.0,43.0,240.0,20.0,112.0,124.0,35.0,115.0,129.0,129.0,182.0,117.0,55.0,72.0,87.0
212.0,320.0,346.0,57.0,229.0,439.0,92.0,223.0,296.0,201.0,239.0,249.0,269.0,170.0,202.0
233.0,229.0,336.0,65.0,248.0,308.0,101.0,16.0,314.0,227.0,245.0,282.0,284.0,16.0,229.0
202.0,261.0,648.0,80.0,322.0,349.0,217.0,490.0,425.0,416.0,275.0,203.0,330.0,339.0,390.0
241.0,323.0,316.0,70.0,288.0,491.0,165.0,192.0,333.0,176.0,248.0,197.0,288.0,145.0,881.0
246.0,323.0,639.0,70.0,415.0,358.0,226.0,509.0,347.0,411.0,199.0,799.0,344.0,442.0,87.0
92.0,55.0,212.0,15.0,73.0,155.0,23.0,32.0,105.0,108.0,128.0,100.0,42.0,185.0,175.0
126.0,225.0,255.0,27.0,176.0,310.0,54.0,111.0,98.0,140.0,182.0,114.0,101.0,116.0,154.0
375.0,694.0,242.0,13.0,86.0,663.0,65.0,111.0,98.0,132.0,165.0,127.0,36.0,66.0,56.0
134.0,145.0,240.0,30.0,277.0,247.0,139.0,111.0,178.0,130.0,211.0,126.0,101.0,77.0,248.0
205.0,276.0,382.0,53.0,261.0,362.0,121.0,290.0,276.0,243.0,309.0,298.0,252.0,205.0,242.0
224.0,332.0,693.0,65.0,85.0,418.0,28.0,565.0,332.0,580.0,658.0,355.0,288.0,491.0,66.0
410.0,89.0,461.0,97.0,331.0,200.0,226.0,470.0,466.0,278.0,345.0,346.0,336.0,319.0,404.0
178.0,232.0,256.0,49.0,188.0,319.0,67.0,141.0,193.0,198.0,187.0,241.0,139.0,81.0,156.0
87.0,48.0,207.0,15.0,176.0,143.0,23.0,65.0,109.0,105.0,120.0,50.0,42.0,41.0,148.0
152.0,180.0,283.0,33.0,218.0,260.0,78.0,168.0,187.0,154.0,207.0,174.0,158.0,129.0,175.0
152.0,188.0,428.0,86.0,186.0,259.0,62.0,200.0,428.0,271.0,338.0,323.0,113.0,146.0,101.0
288.0,461.0,457.0,95.0,445.0,486.0,254.0,323.0,125.0,275.0,366.0,330.0,444.0,247.0,582.0
87.0,48.0,190.0,11.0,47.0,143.0,15.0,51.0,86.0,84.0,91.0,117.0,33.0,303.0,32.0
83.0,43.0,179.0,13.0,131.0,999.0,22.0,47.0,98.0,114.0,122.0,302.0,36.0,26.0,175.0
71.0,27.0,481.0,137.0,310.0,56.0,172.0,342.0,571.0,319.0,387.0,456.0,380.0,292.0,307.0
266.0,376.0,738.0,85.0,211.0,491.0,79.0,572.0,428.0,256.0,366.0,430.0,330.0,458.0,175.0
156.0,203.0,855.0,34.0,200.0,280.0,75.0,940.0,180.0,156.0,999.0,178.0,149.0,628.0,175.0
123.0,63.0,252.0,24.0,138.0,156.0,48.0,140.0,163.0,137.0,176.0,355.0,90.0,88.0,102.0
122.0,108.0,449.0,23.0,15.0,215.0,1.0,0.0,163.0,273.0,408.0,301.0,4.0,0.0,81.0
330.0,717.0,263.0,133.0,83.0,310.0,23.0,149.0,199.0,141.0,203.0,151.0,204.0,96.0,55.0
152.0,185.0,240.0,33.0,237.0,261.0,99.0,148.0,187.0,167.0,262.0,160.0,128.0,96.0,213.0
316.0,515.0,487.0,109.0,32.0,220.0,5.0,353.0,503.0,296.0,386.0,374.0,524.0,269.0,12.0
158.0,205.0,292.0,35.0,303.0,288.0,98.0,176.0,199.0,156.0,210.0,193.0,200.0,158.0,316.0
121.0,109.0,126.0,23.0,216.0,205.0,80.0,31.0,163.0,132.0,29.0,127.0,73.0,193.0,180.0
122.0,90.0,351.0,41.0,123.0,205.0,95.0,280.0,223.0,214.0,400.0,249.0,200.0,201.0,89.0
232.0,300.0,449.0,96.0,83.0,333.0,106.0,322.0,466.0,275.0,321.0,346.0,214.0,247.0,55.0
102.0,72.0,266.0,18.0,85.0,160.0,29.0,154.0,122.0,112.0,199.0,125.0,46.0,102.0,66.0
125.0,129.0,271.0,30.0,253.0,212.0,5.0,144.0,180.0,151.0,200.0,162.0,12.0,95.0,229.0
178.0,227.0,346.0,38.0,227.0,211.0,85.0,31.0,215.0,201.0,261.0,248.0,175.0,218.0,183.0
212.0,323.0,353.0,58.0,255.0,407.0,147.0,31.0,297.0,202.0,274.0,174.0,269.0,17.0,240.0
176.0,229.0,312.0,51.0,255.0,312.0,107.0,200.0,272.0,191.0,238.0,228.0,212.0,148.0,154.0
100.0,28.0,142.0,17.0,128.0,235.0,42.0,31.0,127.0,114.0,50.0,257.0,68.0,20.0,99.0
156.0,274.0,290.0,34.0,202.0,315.0,75.0,176.0,198.0,156.0,218.0,178.0,150.0,125.0,172.0
123.0,182.0,639.0,96.0,200.0,261.0,75.0,508.0,466.0,273.0,373.0,325.0,195.0,409.0,172.0
126.0,131.0,337.0,58.0,280.0,255.0,147.0,313.0,297.0,201.0,249.0,241.0,269.0,240.0,297.0
97.0,56.0,263.0,29.0,200.0,155.0,65.0,149.0,178.0,147.0,200.0,160.0,109.0,96.0,172.0
180.0,233.0,260.0,26.0,237.0,320.0,50.0,148.0,34.0,144.0,139.0,134.0,92.0,96.0,416.0
125.0,130.0,279.0,29.0,176.0,227.0,61.0,62.0,173.0,154.0,204.0,174.0,102.0,35.0,154.0
95.0,48.0,215.0,15.0,98.0,143.0,23.0,16.0,105.0,112.0,128.0,100.0,42.0,16.0,77.0
229.0,76.0,372.0,60.0,344.0,259.0,165.0,285.0,302.0,203.0,509.0,248.0,272.0,202.0,422.0
96.0,55.0,258.0,16.0,89.0,310.0,30.0,158.0,99.0,144.0,187.0,151.0,46.0,107.0,84.0
270.0,306.0,457.0,86.0,230.0,390.0,99.0,440.0,428.0,275.0,366.0,323.0,256.0,312.0,201.0
73.0,63.0,111.0,7.0,160.0,156.0,0.0,26.0,343.0,67.0,295.0,50.0,10.0,16.0,124.0
81.0,43.0,336.0,11.0,126.0,112.0,15.0,212.0,86.0,197.0,245.0,246.0,33.0,167.0,96.0
246.0,105.0,363.0,70.0,208.0,216.0,170.0,481.0,343.0,238.0,299.0,316.0,276.0,328.0,174.0
178.0,129.0,311.0,41.0,601.0,222.0,92.0,197.0,223.0,182.0,63.0,204.0,190.0,333.0,808.0
163.0,210.0,514.0,153.0,262.0,294.0,127.0,738.0,302.0,319.0,57.0,456.0,726.0,510.0,248.0
182.0,241.0,312.0,49.0,218.0,348.0,99.0,297.0,272.0,188.0,238.0,220.0,202.0,303.0,175.0
123.0,108.0,223.0,24.0,45.0,225.0,7.0,316.0,163.0,114.0,149.0,105.0,12.0,241.0,31.0
171.0,229.0,374.0,70.0,248.0,315.0,101.0,285.0,341.0,243.0,307.0,298.0,309.0,248.0,183.0
270.0,90.0,549.0,153.0,255.0,203.0,76.0,420.0,616.0,356.0,468.0,244.0,726.0,311.0,201.0
126.0,130.0,258.0,26.0,203.0,230.0,50.0,323.0,180.0,144.0,240.0,162.0,92.0,247.0,170.0
91.0,48.0,246.0,23.0,128.0,143.0,43.0,290.0,163.0,132.0,191.0,127.0,76.0,169.0,99.0
233.0,316.0,317.0,61.0,233.0,393.0,82.0,201.0,38.0,188.0,240.0,221.0,175.0,146.0,202.0
311.0,515.0,457.0,97.0,175.0,289.0,58.0,323.0,483.0,275.0,366.0,338.0,108.0,247.0,140.0
152.0,180.0,283.0,33.0,176.0,260.0,61.0,168.0,184.0,154.0,207.0,165.0,127.0,119.0,148.0
152.0,95.0,208.0,32.0,175.0,297.0,58.0,149.0,184.0,154.0,120.0,163.0,128.0,90.0,144.0
196.0,261.0,258.0,51.0,186.0,362.0,99.0,146.0,276.0,144.0,187.0,158.0,204.0,96.0,93.0
114.0,89.0,348.0,23.0,128.0,200.0,42.0,228.0,428.0,202.0,272.0,254.0,76.0,134.0,94.0
133.0,141.0,266.0,29.0,65.0,249.0,50.0,154.0,173.0,150.0,88.0,118.0,101.0,102.0,44.0
181.0,234.0,254.0,45.0,242.0,333.0,99.0,94.0,253.0,138.0,179.0,138.0,200.0,71.0,213.0
132.0,137.0,252.0,24.0,132.0,254.0,45.0,140.0,178.0,137.0,175.0,190.0,84.0,90.0,107.0
268.0,373.0,476.0,91.0,365.0,518.0,226.0,341.0,454.0,296.0,214.0,280.0,406.0,256.0,406.0
119.0,43.0,240.0,21.0,98.0,663.0,34.0,110.0,145.0,128.0,160.0,127.0,59.0,55.0,77.0
104.0,78.0,223.0,19.0,104.0,173.0,35.0,94.0,127.0,115.0,238.0,50.0,54.0,408.0,83.0
268.0,301.0,363.0,85.0,217.0,390.0,82.0,327.0,425.0,256.0,299.0,312.0,344.0,145.0,179.0
100.0,62.0,201.0,18.0,100.0,155.0,33.0,508.0,122.0,106.0,128.0,92.0,51.0,409.0,55.0
83.0,48.0,204.0,14.0,100.0,156.0,32.0,92.0,117.0,101.0,108.0,221.0,49.0,66.0,80.0
206.0,281.0,353.0,55.0,277.0,308.0,127.0,250.0,293.0,213.0,275.0,263.0,260.0,184.0,32.0
75.0,36.0,184.0,8.0,229.0,103.0,5.0,45.0,33.0,80.0,210.0,68.0,25.0,17.0,117.0
100.0,62.0,260.0,17.0,100.0,156.0,32.0,149.0,119.0,108.0,189.0,100.0,54.0,96.0,118.0
317.0,515.0,487.0,109.0,503.0,486.0,274.0,353.0,501.0,296.0,394.0,348.0,524.0,269.0,582.0
163.0,215.0,507.0,16.0,138.0,297.0,46.0,364.0,109.0,296.0,408.0,355.0,43.0,96.0,114.0
196.0,219.0,263.0,51.0,310.0,297.0,180.0,62.0,276.0,193.0,200.0,187.0,219.0,35.0,94.0
306.0,45.0,447.0,97.0,365.0,127.0,254.0,509.0,480.0,273.0,333.0,338.0,444.0,408.0,473.0
104.0,82.0,852.0,19.0,112.0,102.0,35.0,885.0,187.0,115.0,999.0,50.0,54.0,583.0,87.0
113.0,90.0,240.0,21.0,341.0,203.0,220.0,132.0,141.0,129.0,160.0,114.0,68.0,62.0,71.0
103.0,72.0,511.0,19.0,131.0,160.0,35.0,392.0,119.0,296.0,411.0,355.0,54.0,305.0,102.0
211.0,391.0,852.0,201.0,723.0,397.0,570.0,885.0,858.0,411.0,222.0,894.0,923.0,583.0,231.0
122.0,317.0,206.0,24.0,132.0,393.0,45.0,78.0,181.0,136.0,394.0,140.0,84.0,58.0,32.0
100.0,62.0,214.0,17.0,89.0,155.0,30.0,83.0,119.0,108.0,128.0,100.0,46.0,292.0,101.0
71.0,27.0,363.0,8.0,45.0,56.0,5.0,277.0,81.0,247.0,295.0,303.0,27.0,240.0,31.0
104.0,78.0,207.0,17.0,45.0,164.0,9.0,78.0,119.0,108.0,165.0,100.0,47.0,57.0,31.0
104.0,78.0,126.0,19.0,100.0,310.0,33.0,29.0,171.0,57.0,27.0,21.0,55.0,17.0,81.0
176.0,225.0,299.0,36.0,157.0,310.0,80.0,187.0,188.0,167.0,264.0,186.0,168.0,131.0,242.0
187.0,320.0,322.0,51.0,237.0,407.0,98.0,204.0,272.0,192.0,241.0,241.0,219.0,133.0,212.0
83.0,36.0,179.0,13.0,88.0,127.0,19.0,39.0,98.0,101.0,158.0,76.0,36.0,179.0,74.0
97.0,373.0,187.0,16.0,86.0,445.0,29.0,47.0,117.0,82.0,87.0,76.0,46.0,26.0,63.0
257.0,259.0,356.0,86.0,313.0,362.0,188.0,266.0,430.0,264.0,290.0,197.0,259.0,185.0,118.0
211.0,323.0,346.0,57.0,313.0,397.0,165.0,292.0,204.0,201.0,222.0,248.0,272.0,208.0,192.0
212.0,253.0,256.0,29.0,206.0,348.0,77.0,140.0,177.0,147.0,187.0,160.0,579.0,27.0,174.0
114.0,64.0,240.0,22.0,122.0,175.0,38.0,111.0,141.0,129.0,158.0,101.0,70.0,72.0,94.0
317.0,515.0,661.0,109.0,55.0,498.0,19.0,509.0,501.0,296.0,654.0,355.0,36.0,390.0,43.0
999.0,999.0,999.0,999.0,999.0,999.0,999.0,999.0,999.0,999.0,210.0,999.0,999.0,999.0,999.0
140.0,133.0,267.0,30.0,150.0,211.0,50.0,154.0,180.0,151.0,200.0,163.0,128.0,102.0,114.0
129.0,163.0,536.0,27.0,161.0,255.0,53.0,420.0,165.0,347.0,458.0,463.0,101.0,309.0,125.0
104.0,95.0,223.0,19.0,134.0,212.0,45.0,94.0,117.0,114.0,152.0,95.0,84.0,82.0,119.0
163.0,214.0,239.0,36.0,174.0,281.0,61.0,97.0,215.0,99.0,158.0,76.0,168.0,71.0,118.0
133.0,182.0,263.0,29.0,174.0,261.0,58.0,149.0,173.0,147.0,176.0,212.0,102.0,96.0,139.0
157.0,205.0,296.0,36.0,216.0,281.0,82.0,176.0,210.0,167.0,5.0,187.0,168.0,159.0,174.0
158.0,219.0,300.0,36.0,303.0,297.0,67.0,187.0,195.0,171.0,400.0,197.0,139.0,132.0,316.0
152.0,188.0,283.0,33.0,85.0,276.0,19.0,168.0,223.0,154.0,208.0,174.0,36.0,180.0,66.0
316.0,210.0,414.0,97.0,200.0,281.0,274.0,312.0,503.0,278.0,326.0,138.0,524.0,201.0,172.0
330.0,322.0,438.0,112.0,279.0,348.0,148.0,313.0,466.0,271.0,338.0,323.0,269.0,219.0,274.0
80.0,41.0,457.0,16.0,83.0,56.0,24.0,323.0,107.0,275.0,366.0,301.0,43.0,245.0,9.0
163.0,214.0,326.0,36.0,200.0,294.0,75.0,205.0,210.0,167.0,243.0,212.0,168.0,149.0,172.0
125.0,130.0,204.0,17.0,100.0,250.0,33.0,31.0,122.0,107.0,108.0,98.0,48.0,17.0,81.0
154.0,188.0,396.0,33.0,188.0,270.0,67.0,297.0,163.0,296.0,322.0,355.0,136.0,218.0,156.0
152.0,194.0,590.0,33.0,186.0,253.0,65.0,476.0,184.0,137.0,236.0,133.0,128.0,321.0,155.0
376.0,717.0,570.0,183.0,288.0,687.0,165.0,469.0,480.0,403.0,470.0,822.0,888.0,343.0,334.0
134.0,36.0,208.0,29.0,175.0,491.0,58.0,83.0,54.0,147.0,122.0,160.0,108.0,58.0,142.0
96.0,55.0,208.0,16.0,89.0,133.0,30.0,82.0,111.0,112.0,122.0,115.0,46.0,311.0,72.0
111.0,41.0,255.0,27.0,202.0,102.0,75.0,146.0,171.0,140.0,182.0,140.0,150.0,134.0,116.0
196.0,259.0,336.0,51.0,43.0,358.0,6.0,205.0,188.0,196.0,245.0,186.0,219.0,152.0,216.0
211.0,281.0,385.0,77.0,277.0,390.0,143.0,297.0,363.0,247.0,322.0,303.0,284.0,17.0,250.0
180.0,233.0,549.0,43.0,202.0,320.0,75.0,420.0,120.0,358.0,458.0,999.0,191.0,309.0,89.0
80.0,41.0,111.0,18.0,100.0,102.0,33.0,175.0,122.0,25.0,5.0,0.0,52.0,123.0,84.0
196.0,306.0,336.0,51.0,257.0,390.0,108.0,206.0,271.0,197.0,250.0,246.0,214.0,158.0,231.0
104.0,82.0,208.0,19.0,89.0,191.0,32.0,620.0,134.0,105.0,123.0,84.0,54.0,503.0,74.0
73.0,27.0,126.0,6.0,184.0,56.0,61.0,601.0,38.0,67.0,225.0,50.0,19.0,458.0,157.0
152.0,238.0,283.0,33.0,174.0,348.0,58.0,168.0,187.0,156.0,207.0,174.0,90.0,101.0,134.0
316.0,515.0,299.0,106.0,100.0,143.0,16.0,206.0,500.0,199.0,222.0,348.0,27.0,201.0,81.0
152.0,173.0,283.0,33.0,123.0,256.0,45.0,168.0,187.0,154.0,207.0,105.0,84.0,159.0,95.0
163.0,372.0,283.0,36.0,288.0,445.0,165.0,168.0,199.0,166.0,208.0,186.0,276.0,122.0,25.0
330.0,590.0,449.0,128.0,310.0,521.0,174.0,322.0,215.0,346.0,117.0,456.0,583.0,218.0,329.0
314.0,693.0,648.0,109.0,288.0,144.0,165.0,756.0,503.0,416.0,582.0,822.0,291.0,510.0,307.0
120.0,105.0,281.0,23.0,132.0,205.0,45.0,140.0,195.0,132.0,208.0,127.0,89.0,91.0,107.0
115.0,103.0,290.0,23.0,106.0,211.0,33.0,440.0,145.0,129.0,210.0,155.0,70.0,291.0,87.0
100.0,62.0,247.0,17.0,89.0,155.0,30.0,83.0,120.0,129.0,110.0,126.0,46.0,62.0,73.0
103.0,205.0,311.0,51.0,253.0,281.0,99.0,197.0,198.0,188.0,234.0,221.0,211.0,145.0,216.0
217.0,304.0,336.0,51.0,229.0,388.0,92.0,222.0,293.0,197.0,248.0,236.0,204.0,137.0,190.0
75.0,37.0,187.0,8.0,54.0,82.0,19.0,47.0,38.0,82.0,87.0,220.0,85.0,24.0,42.0
377.0,693.0,294.0,148.0,176.0,294.0,54.0,176.0,571.0,347.0,201.0,395.0,579.0,129.0,148.0
182.0,235.0,340.0,56.0,310.0,344.0,174.0,292.0,293.0,200.0,272.0,246.0,260.0,149.0,329.0
157.0,212.0,294.0,35.0,202.0,294.0,76.0,180.0,198.0,165.0,215.0,163.0,155.0,169.0,172.0
129.0,135.0,263.0,27.0,137.0,241.0,46.0,148.0,171.0,140.0,234.0,133.0,256.0,111.0,111.0
410.0,756.0,488.0,112.0,55.0,422.0,75.0,313.0,551.0,300.0,400.0,374.0,149.0,240.0,56.0
114.0,95.0,125.0,22.0,89.0,205.0,30.0,205.0,145.0,114.0,419.0,84.0,46.0,131.0,71.0
154.0,188.0,142.0,34.0,126.0,270.0,40.0,31.0,223.0,156.0,20.0,174.0,145.0,20.0,96.0
146.0,109.0,283.0,30.0,176.0,216.0,61.0,168.0,181.0,151.0,207.0,162.0,122.0,119.0,116.0
100.0,62.0,214.0,17.0,89.0,155.0,30.0,969.0,119.0,108.0,128.0,138.0,46.0,617.0,74.0
214.0,300.0,396.0,30.0,341.0,256.0,50.0,285.0,178.0,144.0,322.0,160.0,109.0,240.0,406.0
410.0,764.0,481.0,104.0,188.0,706.0,67.0,297.0,501.0,296.0,527.0,355.0,145.0,217.0,156.0
100.0,173.0,215.0,17.0,89.0,256.0,30.0,83.0,117.0,112.0,128.0,100.0,47.0,72.0,99.0
287.0,212.0,440.0,96.0,446.0,297.0,258.0,316.0,466.0,275.0,345.0,76.0,450.0,241.0,422.0
181.0,235.0,363.0,38.0,248.0,261.0,99.0,277.0,134.0,227.0,298.0,348.0,175.0,202.0,44.0
246.0,325.0,511.0,133.0,104.0,404.0,391.0,391.0,347.0,316.0,27.0,446.0,624.0,292.0,84.0
167.0,221.0,300.0,38.0,228.0,288.0,85.0,189.0,296.0,176.0,225.0,190.0,175.0,133.0,157.0
178.0,233.0,279.0,45.0,226.0,320.0,98.0,160.0,237.0,154.0,204.0,155.0,195.0,107.0,182.0
100.0,62.0,204.0,15.0,224.0,155.0,78.0,62.0,122.0,107.0,120.0,207.0,175.0,34.0,179.0
168.0,225.0,336.0,60.0,86.0,310.0,29.0,206.0,302.0,197.0,248.0,241.0,270.0,159.0,69.0
181.0,214.0,207.0,45.0,189.0,296.0,67.0,969.0,314.0,101.0,119.0,244.0,200.0,628.0,153.0
181.0,709.0,330.0,51.0,252.0,82.0,101.0,90.0,272.0,188.0,241.0,221.0,211.0,269.0,234.0
375.0,709.0,549.0,148.0,230.0,462.0,75.0,420.0,579.0,347.0,468.0,105.0,905.0,331.0,201.0
338.0,515.0,564.0,110.0,89.0,534.0,30.0,508.0,341.0,346.0,500.0,463.0,54.0,343.0,71.0
103.0,76.0,214.0,17.0,104.0,260.0,33.0,45.0,120.0,108.0,128.0,101.0,52.0,25.0,84.0
123.0,104.0,550.0,23.0,128.0,212.0,42.0,431.0,144.0,304.0,470.0,430.0,76.0,308.0,99.0
202.0,261.0,346.0,51.0,100.0,319.0,98.0,223.0,191.0,193.0,241.0,236.0,200.0,129.0,119.0
178.0,249.0,661.0,248.0,37.0,348.0,485.0,481.0,547.0,524.0,681.0,76.0,693.0,328.0,140.0
196.0,145.0,346.0,57.0,277.0,250.0,139.0,223.0,296.0,201.0,175.0,248.0,264.0,170.0,175.0
182.0,232.0,312.0,49.0,261.0,319.0,127.0,205.0,81.0,188.0,241.0,220.0,219.0,79.0,242.0
123.0,145.0,183.0,23.0,131.0,247.0,46.0,197.0,163.0,136.0,389.0,133.0,73.0,137.0,99.0
123.0,92.0,256.0,27.0,735.0,203.0,50.0,130.0,170.0,141.0,187.0,138.0,92.0,55.0,881.0
121.0,105.0,255.0,23.0,132.0,238.0,45.0,141.0,139.0,138.0,245.0,139.0,83.0,92.0,107.0
167.0,221.0,292.0,38.0,233.0,280.0,83.0,176.0,184.0,156.0,210.0,178.0,174.0,123.0,455.0
271.0,409.0,247.0,86.0,310.0,418.0,217.0,130.0,180.0,264.0,182.0,317.0,331.0,241.0,329.0
123.0,108.0,252.0,24.0,150.0,215.0,50.0,140.0,164.0,137.0,177.0,118.0,92.0,81.0,55.0
119.0,89.0,252.0,23.0,117.0,193.0,35.0,141.0,184.0,138.0,297.0,156.0,85.0,92.0,89.0
146.0,227.0,661.0,31.0,176.0,312.0,61.0,481.0,162.0,524.0,400.0,127.0,122.0,333.0,153.0
156.0,200.0,204.0,35.0,200.0,268.0,75.0,62.0,197.0,156.0,108.0,178.0,154.0,35.0,154.0
181.0,235.0,317.0,49.0,331.0,333.0,98.0,201.0,239.0,188.0,240.0,220.0,200.0,145.0,404.0
375.0,693.0,532.0,146.0,37.0,369.0,5.0,406.0,579.0,347.0,449.0,268.0,19.0,292.0,111.0
288.0,461.0,336.0,51.0,227.0,486.0,98.0,206.0,199.0,197.0,248.0,236.0,200.0,169.0,182.0
114.0,95.0,238.0,22.0,138.0,208.0,39.0,205.0,144.0,120.0,152.0,115.0,70.0,150.0,114.0
375.0,709.0,549.0,143.0,735.0,281.0,629.0,392.0,571.0,346.0,468.0,460.0,624.0,303.0,881.0
178.0,231.0,488.0,45.0,233.0,489.0,95.0,353.0,227.0,190.0,411.0,221.0,195.0,269.0,201.0
81.0,40.0,240.0,11.0,80.0,86.0,121.0,205.0,163.0,129.0,157.0,118.0,33.0,159.0,55.0
257.0,154.0,252.0,29.0,310.0,253.0,174.0,140.0,178.0,147.0,176.0,173.0,101.0,296.0,329.0
112.0,95.0,271.0,20.0,88.0,210.0,61.0,148.0,177.0,103.0,199.0,76.0,55.0,96.0,74.0
212.0,292.0,363.0,58.0,277.0,374.0,147.0,277.0,297.0,201.0,322.0,70.0,269.0,314.0,250.0
126.0,131.0,111.0,3.0,15.0,230.0,1.0,26.0,178.0,57.0,27.0,23.0,4.0,16.0,4.0
202.0,185.0,507.0,128.0,112.0,268.0,367.0,377.0,498.0,311.0,410.0,263.0,588.0,296.0,181.0
158.0,205.0,348.0,35.0,208.0,288.0,78.0,232.0,199.0,160.0,272.0,197.0,158.0,186.0,175.0
87.0,48.0,256.0,27.0,132.0,348.0,53.0,144.0,171.0,141.0,187.0,149.0,101.0,95.0,107.0
311.0,461.0,507.0,97.0,310.0,489.0,180.0,364.0,425.0,306.0,408.0,84.0,444.0,275.0,329.0
157.0,182.0,294.0,36.0,202.0,261.0,75.0,187.0,139.0,167.0,222.0,186.0,154.0,111.0,172.0
171.0,249.0,294.0,36.0,410.0,348.0,76.0,180.0,223.0,165.0,200.0,203.0,175.0,130.0,473.0
182.0,238.0,348.0,248.0,999.0,349.0,999.0,322.0,163.0,214.0,272.0,263.0,999.0,245.0,999.0
167.0,221.0,142.0,41.0,229.0,320.0,92.0,31.0,193.0,132.0,64.0,264.0,190.0,28.0,140.0
152.0,193.0,491.0,36.0,203.0,277.0,78.0,146.0,222.0,304.0,214.0,428.0,161.0,96.0,122.0
183.0,214.0,330.0,50.0,238.0,294.0,106.0,718.0,253.0,192.0,241.0,162.0,211.0,496.0,83.0
163.0,215.0,283.0,33.0,161.0,296.0,99.0,168.0,194.0,154.0,207.0,172.0,127.0,503.0,124.0
146.0,173.0,187.0,17.0,89.0,256.0,30.0,47.0,182.0,82.0,87.0,69.0,46.0,458.0,73.0
114.0,92.0,187.0,22.0,126.0,203.0,40.0,49.0,141.0,106.0,122.0,92.0,70.0,27.0,275.0
123.0,128.0,206.0,7.0,132.0,222.0,45.0,82.0,145.0,120.0,274.0,155.0,83.0,57.0,99.0
163.0,212.0,550.0,38.0,191.0,294.0,83.0,431.0,213.0,368.0,470.0,580.0,174.0,312.0,157.0
241.0,323.0,363.0,70.0,322.0,390.0,98.0,277.0,333.0,214.0,297.0,268.0,284.0,201.0,404.0
256.0,332.0,266.0,96.0,128.0,429.0,42.0,73.0,466.0,275.0,200.0,338.0,77.0,72.0,119.0
180.0,233.0,530.0,51.0,261.0,320.0,121.0,323.0,173.0,196.0,419.0,133.0,252.0,247.0,242.0
122.0,104.0,999.0,24.0,85.0,212.0,28.0,999.0,163.0,425.0,408.0,580.0,84.0,628.0,66.0
146.0,137.0,481.0,30.0,177.0,404.0,65.0,342.0,182.0,296.0,389.0,353.0,122.0,131.0,154.0
288.0,434.0,447.0,95.0,224.0,404.0,92.0,273.0,452.0,273.0,351.0,323.0,181.0,305.0,181.0
167.0,221.0,207.0,38.0,229.0,288.0,92.0,80.0,223.0,106.0,120.0,91.0,181.0,180.0,201.0
244.0,317.0,363.0,70.0,313.0,389.0,199.0,364.0,341.0,227.0,298.0,280.0,291.0,131.0,351.0
288.0,461.0,396.0,91.0,341.0,486.0,261.0,297.0,454.0,273.0,297.0,323.0,464.0,217.0,181.0
111.0,37.0,184.0,96.0,601.0,82.0,276.0,45.0,466.0,185.0,158.0,208.0,529.0,25.0,808.0
156.0,95.0,688.0,34.0,200.0,210.0,75.0,292.0,165.0,156.0,207.0,178.0,149.0,208.0,170.0
91.0,78.0,130.0,15.0,206.0,310.0,23.0,32.0,109.0,106.0,152.0,98.0,42.0,21.0,87.0
264.0,367.0,296.0,65.0,310.0,439.0,172.0,183.0,314.0,167.0,208.0,156.0,284.0,111.0,329.0
259.0,278.0,356.0,63.0,238.0,369.0,99.0,259.0,311.0,214.0,241.0,254.0,260.0,496.0,180.0
157.0,253.0,126.0,6.0,75.0,348.0,19.0,29.0,24.0,61.0,182.0,76.0,12.0,17.0,55.0
205.0,109.0,688.0,55.0,229.0,216.0,92.0,565.0,293.0,404.0,654.0,803.0,256.0,442.0,202.0
270.0,367.0,582.0,86.0,476.0,439.0,262.0,470.0,518.0,408.0,509.0,395.0,905.0,319.0,678.0
181.0,235.0,246.0,46.0,524.0,293.0,274.0,84.0,191.0,132.0,226.0,228.0,209.0,64.0,881.0
169.0,225.0,311.0,41.0,344.0,312.0,99.0,187.0,222.0,182.0,322.0,207.0,200.0,133.0,422.0
374.0,693.0,550.0,148.0,212.0,550.0,105.0,431.0,568.0,358.0,470.0,580.0,219.0,312.0,175.0
428.0,108.0,580.0,183.0,175.0,215.0,59.0,306.0,676.0,404.0,483.0,113.0,923.0,889.0,0.0
152.0,179.0,852.0,97.0,175.0,260.0,203.0,756.0,480.0,293.0,470.0,348.0,303.0,510.0,144.0
206.0,281.0,294.0,70.0,312.0,374.0,198.0,181.0,341.0,238.0,170.0,303.0,291.0,88.0,341.0
288.0,461.0,580.0,95.0,446.0,479.0,258.0,470.0,466.0,404.0,508.0,264.0,444.0,319.0,566.0
288.0,423.0,351.0,153.0,106.0,479.0,35.0,250.0,454.0,356.0,264.0,323.0,726.0,628.0,87.0
80.0,41.0,224.0,20.0,174.0,102.0,58.0,176.0,170.0,120.0,239.0,115.0,103.0,192.0,91.0
129.0,135.0,187.0,23.0,132.0,241.0,45.0,49.0,341.0,82.0,87.0,72.0,84.0,27.0,107.0
211.0,278.0,530.0,60.0,277.0,372.0,143.0,420.0,571.0,207.0,419.0,264.0,269.0,308.0,250.0
182.0,241.0,300.0,45.0,238.0,348.0,98.0,186.0,233.0,176.0,230.0,203.0,196.0,583.0,212.0
288.0,769.0,111.0,96.0,503.0,143.0,274.0,26.0,466.0,247.0,5.0,305.0,444.0,16.0,406.0
157.0,207.0,294.0,35.0,191.0,261.0,61.0,180.0,198.0,165.0,236.0,186.0,174.0,130.0,160.0
125.0,130.0,747.0,26.0,403.0,227.0,170.0,718.0,170.0,660.0,275.0,304.0,101.0,503.0,469.0
134.0,145.0,254.0,27.0,73.0,249.0,19.0,140.0,168.0,139.0,170.0,138.0,40.0,91.0,44.0
376.0,718.0,688.0,137.0,310.0,220.0,391.0,508.0,570.0,319.0,200.0,456.0,639.0,196.0,473.0
77.0,40.0,184.0,8.0,106.0,86.0,35.0,39.0,69.0,80.0,309.0,72.0,27.0,25.0,87.0
181.0,235.0,313.0,45.0,230.0,260.0,94.0,206.0,232.0,188.0,240.0,257.0,191.0,158.0,201.0
317.0,515.0,487.0,109.0,415.0,373.0,254.0,273.0,571.0,296.0,394.0,374.0,444.0,185.0,175.0
165.0,320.0,326.0,51.0,175.0,390.0,59.0,205.0,270.0,191.0,244.0,228.0,219.0,156.0,88.0
273.0,434.0,488.0,109.0,242.0,425.0,276.0,353.0,503.0,300.0,400.0,323.0,529.0,88.0,160.0
211.0,346.0,336.0,58.0,238.0,437.0,172.0,206.0,296.0,201.0,245.0,298.0,270.0,158.0,124.0
156.0,200.0,701.0,36.0,211.0,280.0,78.0,704.0,199.0,595.0,411.0,911.0,161.0,311.0,175.0
114.0,92.0,206.0,22.0,237.0,203.0,38.0,65.0,141.0,129.0,117.0,126.0,70.0,57.0,212.0
73.0,89.0,130.0,6.0,17.0,193.0,2.0,31.0,34.0,71.0,29.0,76.0,10.0,17.0,198.0
167.0,221.0,267.0,38.0,117.0,288.0,35.0,163.0,210.0,150.0,200.0,126.0,161.0,132.0,64.0
80.0,41.0,215.0,11.0,32.0,102.0,5.0,83.0,103.0,185.0,128.0,204.0,33.0,64.0,12.0
317.0,515.0,590.0,97.0,365.0,422.0,226.0,509.0,457.0,408.0,483.0,799.0,337.0,308.0,469.0
158.0,207.0,180.0,20.0,15.0,297.0,35.0,32.0,95.0,128.0,64.0,117.0,55.0,27.0,32.0
137.0,135.0,255.0,29.0,104.0,241.0,58.0,158.0,431.0,138.0,152.0,138.0,108.0,107.0,84.0
160.0,212.0,363.0,23.0,723.0,430.0,396.0,280.0,197.0,132.0,298.0,214.0,76.0,132.0,307.0
187.0,253.0,312.0,51.0,229.0,348.0,99.0,201.0,270.0,191.0,238.0,228.0,200.0,146.0,142.0
235.0,320.0,350.0,65.0,311.0,393.0,172.0,316.0,314.0,213.0,274.0,264.0,284.0,245.0,333.0
271.0,409.0,417.0,89.0,275.0,489.0,92.0,205.0,452.0,271.0,333.0,220.0,693.0,133.0,250.0
80.0,41.0,220.0,11.0,58.0,101.0,18.0,59.0,86.0,113.0,129.0,101.0,35.0,34.0,44.0
156.0,219.0,290.0,34.0,188.0,297.0,67.0,141.0,194.0,156.0,210.0,162.0,136.0,92.0,156.0
121.0,133.0,246.0,23.0,313.0,241.0,170.0,130.0,162.0,132.0,170.0,124.0,209.0,76.0,107.0
81.0,43.0,222.0,11.0,102.0,156.0,33.0,92.0,86.0,83.0,157.0,68.0,33.0,65.0,114.0
156.0,194.0,326.0,34.0,322.0,280.0,184.0,204.0,194.0,165.0,244.0,197.0,264.0,55.0,574.0
100.0,62.0,475.0,17.0,28.0,156.0,2.0,296.0,271.0,108.0,382.0,100.0,47.0,213.0,11.0
138.0,27.0,271.0,30.0,83.0,56.0,23.0,156.0,545.0,151.0,200.0,162.0,42.0,107.0,55.0
121.0,278.0,252.0,24.0,117.0,373.0,46.0,140.0,69.0,137.0,160.0,137.0,89.0,90.0,71.0
316.0,515.0,530.0,104.0,292.0,144.0,274.0,481.0,498.0,300.0,419.0,387.0,524.0,328.0,699.0
140.0,179.0,271.0,30.0,138.0,260.0,43.0,363.0,191.0,151.0,201.0,162.0,76.0,269.0,119.0
123.0,145.0,252.0,23.0,89.0,294.0,30.0,141.0,425.0,136.0,176.0,125.0,54.0,90.0,91.0
176.0,261.0,475.0,97.0,277.0,358.0,261.0,202.0,296.0,289.0,382.0,348.0,494.0,133.0,248.0
181.0,229.0,337.0,45.0,202.0,344.0,99.0,216.0,239.0,188.0,252.0,248.0,200.0,76.0,172.0
101.0,64.0,223.0,11.0,75.0,216.0,22.0,92.0,81.0,83.0,139.0,69.0,33.0,62.0,55.0
115.0,95.0,311.0,23.0,117.0,216.0,40.0,197.0,145.0,190.0,240.0,220.0,73.0,235.0,83.0
146.0,169.0,279.0,31.0,157.0,255.0,61.0,160.0,129.0,154.0,203.0,117.0,122.0,111.0,124.0
202.0,261.0,346.0,51.0,322.0,348.0,213.0,192.0,281.0,201.0,264.0,241.0,316.0,133.0,329.0
147.0,41.0,507.0,133.0,277.0,102.0,150.0,391.0,568.0,311.0,410.0,449.0,270.0,292.0,250.0
115.0,95.0,353.0,23.0,117.0,210.0,35.0,250.0,144.0,306.0,286.0,355.0,55.0,184.0,89.0
24.0,76.0,488.0,128.0,601.0,203.0,391.0,316.0,194.0,300.0,400.0,395.0,588.0,240.0,55.0
140.0,164.0,267.0,30.0,102.0,254.0,70.0,155.0,181.0,151.0,200.0,162.0,145.0,159.0,80.0
202.0,316.0,336.0,51.0,184.0,393.0,62.0,204.0,296.0,196.0,250.0,240.0,209.0,79.0,154.0
414.0,769.0,590.0,183.0,0.0,809.0,0.0,431.0,676.0,411.0,275.0,457.0,888.0,312.0,0.0
287.0,423.0,316.0,95.0,123.0,479.0,32.0,200.0,454.0,188.0,240.0,207.0,438.0,158.0,95.0
181.0,225.0,313.0,45.0,176.0,310.0,98.0,201.0,165.0,188.0,238.0,133.0,202.0,158.0,155.0
102.0,71.0,322.0,18.0,106.0,159.0,35.0,187.0,122.0,188.0,240.0,221.0,55.0,133.0,87.0
146.0,185.0,281.0,32.0,189.0,268.0,67.0,165.0,184.0,154.0,200.0,186.0,136.0,111.0,155.0
130.0,137.0,252.0,29.0,175.0,247.0,58.0,158.0,170.0,137.0,176.0,133.0,108.0,107.0,134.0
81.0,48.0,190.0,6.0,15.0,87.0,2.0,51.0,210.0,82.0,173.0,69.0,5.0,129.0,4.0
140.0,164.0,263.0,29.0,174.0,255.0,58.0,146.0,177.0,147.0,200.0,193.0,103.0,96.0,139.0
104.0,78.0,223.0,19.0,100.0,333.0,35.0,94.0,119.0,115.0,128.0,124.0,55.0,68.0,80.0
114.0,104.0,224.0,22.0,85.0,294.0,38.0,98.0,178.0,120.0,149.0,113.0,70.0,68.0,63.0
206.0,284.0,311.0,57.0,277.0,374.0,139.0,197.0,227.0,202.0,240.0,456.0,264.0,96.0,250.0
152.0,182.0,300.0,33.0,65.0,261.0,19.0,192.0,178.0,154.0,274.0,174.0,128.0,159.0,45.0
257.0,376.0,385.0,77.0,200.0,448.0,75.0,296.0,272.0,247.0,310.0,298.0,149.0,269.0,175.0
101.0,42.0,542.0,18.0,75.0,144.0,32.0,420.0,122.0,346.0,338.0,395.0,49.0,312.0,54.0
338.0,284.0,126.0,128.0,313.0,333.0,184.0,29.0,571.0,311.0,13.0,446.0,588.0,291.0,333.0
211.0,222.0,283.0,57.0,278.0,308.0,143.0,168.0,293.0,201.0,509.0,248.0,264.0,116.0,246.0
103.0,55.0,224.0,23.0,128.0,144.0,42.0,98.0,117.0,130.0,152.0,126.0,76.0,72.0,99.0
202.0,274.0,532.0,33.0,184.0,362.0,61.0,297.0,184.0,347.0,176.0,374.0,122.0,217.0,155.0
202.0,249.0,337.0,51.0,311.0,348.0,180.0,201.0,215.0,196.0,249.0,58.0,238.0,219.0,331.0
123.0,108.0,550.0,24.0,131.0,215.0,45.0,438.0,163.0,137.0,470.0,134.0,84.0,503.0,101.0
146.0,173.0,125.0,30.0,175.0,256.0,59.0,27.0,184.0,58.0,20.0,23.0,113.0,28.0,83.0
113.0,90.0,247.0,24.0,191.0,468.0,61.0,130.0,163.0,120.0,182.0,115.0,122.0,87.0,157.0
156.0,194.0,360.0,35.0,230.0,280.0,77.0,266.0,199.0,156.0,257.0,395.0,154.0,180.0,201.0
157.0,205.0,157.0,5.0,137.0,288.0,2.0,32.0,0.0,57.0,286.0,98.0,5.0,17.0,111.0
165.0,235.0,299.0,38.0,217.0,341.0,82.0,181.0,302.0,174.0,222.0,193.0,174.0,169.0,179.0
77.0,41.0,184.0,8.0,131.0,87.0,43.0,39.0,69.0,81.0,389.0,68.0,27.0,25.0,101.0
180.0,233.0,855.0,45.0,233.0,319.0,95.0,940.0,271.0,187.0,999.0,208.0,196.0,503.0,201.0
270.0,590.0,428.0,86.0,434.0,372.0,230.0,431.0,428.0,264.0,322.0,316.0,369.0,312.0,566.0
288.0,461.0,487.0,109.0,43.0,486.0,274.0,323.0,501.0,296.0,394.0,374.0,529.0,184.0,198.0
210.0,235.0,322.0,57.0,248.0,333.0,126.0,0.0,281.0,201.0,241.0,248.0,238.0,17.0,155.0
181.0,235.0,316.0,45.0,258.0,333.0,99.0,201.0,237.0,188.0,241.0,218.0,200.0,218.0,234.0
103.0,72.0,215.0,18.0,43.0,160.0,29.0,84.0,122.0,112.0,128.0,101.0,51.0,24.0,83.0
100.0,55.0,279.0,7.0,138.0,143.0,5.0,160.0,50.0,154.0,203.0,101.0,25.0,111.0,114.0
205.0,276.0,346.0,55.0,322.0,382.0,170.0,223.0,288.0,193.0,262.0,236.0,256.0,158.0,390.0
75.0,27.0,201.0,14.0,89.0,56.0,32.0,61.0,76.0,92.0,100.0,76.0,44.0,34.0,56.0
80.0,41.0,179.0,9.0,47.0,102.0,9.0,176.0,76.0,85.0,297.0,76.0,33.0,125.0,25.0
233.0,323.0,353.0,65.0,503.0,407.0,274.0,251.0,314.0,214.0,286.0,254.0,524.0,186.0,131.0
256.0,332.0,661.0,243.0,999.0,429.0,999.0,509.0,330.0,521.0,322.0,856.0,923.0,442.0,999.0
122.0,108.0,267.0,24.0,445.0,215.0,243.0,165.0,163.0,151.0,200.0,162.0,84.0,184.0,574.0
214.0,300.0,379.0,71.0,313.0,373.0,184.0,266.0,419.0,243.0,321.0,298.0,288.0,271.0,275.0
147.0,173.0,279.0,30.0,176.0,256.0,62.0,158.0,182.0,153.0,203.0,163.0,123.0,107.0,153.0
288.0,461.0,457.0,95.0,434.0,489.0,253.0,323.0,466.0,275.0,366.0,312.0,444.0,25.0,566.0
52.0,43.0,0.0,0.0,261.0,127.0,127.0,0.0,0.0,0.0,0.0,23.0,0.0,0.0,242.0
167.0,194.0,299.0,38.0,258.0,250.0,108.0,187.0,222.0,174.0,222.0,173.0,214.0,133.0,229.0
126.0,131.0,247.0,25.0,100.0,238.0,32.0,194.0,168.0,138.0,222.0,138.0,92.0,169.0,80.0
158.0,205.0,353.0,35.0,126.0,280.0,19.0,251.0,198.0,160.0,290.0,163.0,36.0,186.0,95.0
105.0,62.0,580.0,182.0,229.0,156.0,86.0,440.0,431.0,403.0,509.0,681.0,288.0,65.0,190.0
178.0,234.0,363.0,45.0,233.0,160.0,95.0,277.0,227.0,187.0,298.0,98.0,195.0,300.0,202.0
375.0,718.0,536.0,140.0,723.0,254.0,396.0,415.0,571.0,347.0,458.0,470.0,656.0,201.0,190.0
241.0,323.0,363.0,70.0,157.0,404.0,50.0,277.0,333.0,228.0,298.0,186.0,288.0,196.0,122.0
311.0,515.0,348.0,65.0,224.0,373.0,82.0,290.0,313.0,207.0,272.0,264.0,171.0,205.0,181.0
158.0,434.0,271.0,30.0,176.0,490.0,61.0,299.0,177.0,151.0,200.0,138.0,122.0,218.0,154.0
86.0,47.0,207.0,15.0,47.0,197.0,9.0,80.0,252.0,106.0,57.0,91.0,33.0,57.0,42.0
124.0,129.0,657.0,23.0,128.0,220.0,42.0,508.0,145.0,425.0,302.0,911.0,76.0,343.0,99.0
165.0,284.0,507.0,133.0,310.0,373.0,172.0,391.0,570.0,306.0,408.0,430.0,284.0,300.0,118.0
178.0,231.0,316.0,49.0,242.0,203.0,99.0,201.0,178.0,188.0,239.0,220.0,204.0,133.0,214.0
111.0,89.0,224.0,21.0,126.0,143.0,35.0,98.0,210.0,120.0,152.0,117.0,59.0,71.0,96.0
120.0,106.0,300.0,36.0,277.0,214.0,147.0,97.0,205.0,176.0,230.0,197.0,161.0,28.0,238.0
95.0,64.0,223.0,16.0,86.0,293.0,28.0,90.0,117.0,115.0,243.0,114.0,45.0,21.0,69.0
271.0,403.0,530.0,86.0,216.0,437.0,230.0,313.0,431.0,408.0,419.0,799.0,380.0,201.0,175.0
236.0,317.0,360.0,66.0,303.0,333.0,43.0,232.0,332.0,223.0,286.0,282.0,284.0,76.0,316.0
87.0,47.0,208.0,16.0,50.0,124.0,15.0,82.0,103.0,107.0,5.0,172.0,33.0,62.0,45.0
322.0,585.0,190.0,0.0,15.0,348.0,1.0,51.0,34.0,0.0,110.0,68.0,0.0,26.0,12.0
288.0,461.0,532.0,112.0,145.0,491.0,50.0,406.0,204.0,346.0,449.0,457.0,579.0,72.0,114.0
91.0,48.0,215.0,15.0,89.0,155.0,32.0,83.0,139.0,106.0,128.0,91.0,42.0,64.0,74.0
244.0,249.0,207.0,6.0,15.0,348.0,2.0,78.0,12.0,106.0,120.0,91.0,5.0,26.0,118.0
154.0,185.0,283.0,33.0,200.0,268.0,69.0,175.0,184.0,156.0,207.0,172.0,140.0,125.0,178.0
270.0,391.0,461.0,86.0,445.0,460.0,254.0,358.0,430.0,296.0,366.0,303.0,444.0,269.0,574.0
191.0,320.0,313.0,45.0,234.0,382.0,95.0,296.0,239.0,187.0,240.0,248.0,195.0,208.0,84.0
124.0,137.0,252.0,25.0,145.0,203.0,50.0,137.0,164.0,138.0,187.0,138.0,92.0,55.0,85.0
96.0,55.0,187.0,11.0,175.0,154.0,6.0,49.0,122.0,82.0,87.0,68.0,26.0,17.0,678.0
271.0,403.0,385.0,77.0,331.0,462.0,217.0,293.0,313.0,247.0,244.0,303.0,331.0,185.0,188.0
122.0,118.0,550.0,96.0,410.0,221.0,247.0,431.0,466.0,275.0,470.0,298.0,419.0,311.0,469.0
287.0,332.0,485.0,95.0,175.0,429.0,61.0,346.0,457.0,296.0,261.0,355.0,864.0,259.0,144.0
96.0,55.0,449.0,95.0,429.0,154.0,247.0,490.0,454.0,273.0,295.0,325.0,429.0,613.0,566.0
123.0,109.0,251.0,24.0,134.0,203.0,45.0,132.0,163.0,136.0,173.0,139.0,85.0,245.0,114.0
122.0,89.0,183.0,24.0,168.0,197.0,54.0,45.0,163.0,132.0,50.0,127.0,83.0,25.0,122.0
163.0,215.0,350.0,36.0,217.0,310.0,82.0,251.0,210.0,213.0,274.0,263.0,171.0,184.0,179.0
100.0,62.0,260.0,17.0,89.0,156.0,30.0,16.0,103.0,147.0,238.0,156.0,46.0,192.0,158.0
212.0,225.0,346.0,58.0,288.0,310.0,165.0,266.0,296.0,201.0,232.0,303.0,272.0,180.0,275.0
257.0,367.0,374.0,71.0,131.0,462.0,213.0,204.0,248.0,243.0,290.0,298.0,331.0,169.0,101.0
191.0,292.0,336.0,51.0,257.0,373.0,119.0,297.0,163.0,196.0,245.0,101.0,238.0,217.0,231.0
112.0,90.0,580.0,183.0,262.0,261.0,107.0,470.0,568.0,404.0,366.0,151.0,888.0,319.0,246.0
259.0,235.0,355.0,80.0,365.0,341.0,226.0,280.0,419.0,252.0,321.0,561.0,337.0,201.0,473.0
104.0,131.0,201.0,19.0,89.0,164.0,30.0,32.0,125.0,92.0,188.0,68.0,46.0,24.0,74.0
113.0,90.0,240.0,23.0,123.0,203.0,40.0,110.0,191.0,129.0,286.0,175.0,76.0,77.0,117.0
178.0,187.0,323.0,45.0,189.0,270.0,94.0,204.0,227.0,187.0,203.0,207.0,191.0,150.0,157.0
233.0,316.0,330.0,65.0,202.0,390.0,119.0,90.0,314.0,192.0,244.0,221.0,175.0,65.0,172.0
206.0,276.0,339.0,56.0,261.0,358.0,127.0,228.0,292.0,202.0,252.0,246.0,259.0,179.0,38.0
73.0,28.0,346.0,6.0,123.0,56.0,19.0,232.0,38.0,67.0,262.0,208.0,19.0,477.0,94.0
257.0,348.0,374.0,71.0,212.0,439.0,121.0,290.0,357.0,243.0,154.0,298.0,239.0,205.0,144.0
181.0,235.0,312.0,45.0,117.0,333.0,129.0,197.0,119.0,187.0,240.0,212.0,195.0,291.0,93.0
97.0,62.0,481.0,12.0,28.0,155.0,5.0,342.0,95.0,296.0,387.0,355.0,25.0,258.0,12.0
156.0,179.0,491.0,34.0,176.0,220.0,61.0,358.0,239.0,304.0,128.0,456.0,149.0,269.0,170.0
178.0,284.0,170.0,6.0,134.0,373.0,45.0,39.0,34.0,63.0,63.0,47.0,83.0,25.0,999.0
100.0,40.0,212.0,17.0,55.0,86.0,19.0,470.0,119.0,108.0,126.0,100.0,46.0,319.0,64.0
152.0,179.0,283.0,33.0,184.0,260.0,61.0,168.0,187.0,156.0,249.0,186.0,127.0,119.0,155.0
319.0,515.0,392.0,104.0,45.0,550.0,262.0,327.0,483.0,225.0,320.0,280.0,515.0,208.0,30.0
140.0,163.0,346.0,38.0,228.0,254.0,83.0,223.0,210.0,174.0,261.0,197.0,174.0,170.0,160.0
270.0,409.0,507.0,110.0,310.0,260.0,172.0,384.0,457.0,247.0,410.0,304.0,276.0,292.0,97.0
156.0,89.0,511.0,35.0,197.0,212.0,75.0,384.0,199.0,225.0,394.0,282.0,156.0,179.0,107.0
235.0,300.0,353.0,60.0,229.0,462.0,92.0,194.0,302.0,223.0,286.0,282.0,272.0,180.0,72.0
80.0,41.0,855.0,248.0,503.0,86.0,274.0,940.0,425.0,524.0,999.0,220.0,529.0,617.0,157.0
76.0,40.0,258.0,27.0,165.0,86.0,54.0,158.0,168.0,144.0,188.0,162.0,101.0,107.0,127.0
191.0,55.0,336.0,51.0,176.0,154.0,61.0,212.0,276.0,197.0,248.0,241.0,116.0,55.0,154.0
202.0,274.0,326.0,51.0,257.0,362.0,107.0,204.0,271.0,191.0,245.0,228.0,212.0,150.0,231.0
168.0,225.0,481.0,38.0,226.0,310.0,85.0,493.0,120.0,296.0,387.0,355.0,175.0,333.0,179.0
306.0,461.0,475.0,97.0,258.0,489.0,46.0,327.0,483.0,289.0,387.0,348.0,90.0,269.0,238.0
374.0,693.0,747.0,133.0,117.0,365.0,37.0,704.0,570.0,304.0,402.0,430.0,639.0,409.0,99.0
273.0,515.0,386.0,78.0,524.0,498.0,217.0,297.0,452.0,247.0,320.0,301.0,330.0,217.0,156.0
96.0,53.0,224.0,16.0,160.0,143.0,50.0,59.0,170.0,120.0,152.0,114.0,46.0,30.0,124.0
81.0,42.0,111.0,6.0,86.0,297.0,29.0,26.0,33.0,63.0,8.0,47.0,44.0,16.0,69.0
112.0,90.0,266.0,21.0,28.0,253.0,1.0,154.0,139.0,150.0,408.0,140.0,4.0,111.0,11.0
322.0,585.0,481.0,110.0,410.0,518.0,382.0,342.0,122.0,296.0,389.0,303.0,588.0,291.0,473.0
287.0,590.0,347.0,58.0,278.0,521.0,147.0,225.0,297.0,202.0,243.0,263.0,269.0,180.0,247.0
224.0,304.0,553.0,60.0,258.0,389.0,170.0,10.0,302.0,203.0,321.0,241.0,276.0,16.0,234.0
212.0,300.0,346.0,58.0,260.0,374.0,121.0,223.0,293.0,201.0,261.0,264.0,219.0,170.0,250.0
114.0,95.0,330.0,23.0,112.0,154.0,35.0,756.0,145.0,192.0,244.0,236.0,76.0,583.0,87.0
163.0,249.0,363.0,36.0,313.0,348.0,83.0,204.0,198.0,165.0,298.0,163.0,161.0,150.0,183.0
104.0,78.0,223.0,19.0,262.0,173.0,32.0,94.0,119.0,114.0,119.0,101.0,49.0,68.0,246.0
317.0,515.0,457.0,96.0,280.0,489.0,226.0,322.0,466.0,275.0,366.0,338.0,337.0,245.0,240.0
181.0,234.0,347.0,46.0,58.0,479.0,19.0,228.0,858.0,192.0,264.0,221.0,36.0,331.0,44.0
271.0,406.0,142.0,58.0,277.0,320.0,143.0,31.0,313.0,58.0,411.0,139.0,269.0,21.0,250.0
414.0,769.0,688.0,5.0,203.0,809.0,79.0,738.0,281.0,58.0,658.0,21.0,4.0,503.0,144.0
241.0,323.0,363.0,70.0,415.0,479.0,243.0,264.0,332.0,228.0,299.0,287.0,288.0,202.0,119.0
115.0,95.0,281.0,33.0,181.0,225.0,61.0,31.0,182.0,154.0,201.0,138.0,171.0,21.0,156.0
84.0,41.0,240.0,21.0,131.0,214.0,43.0,141.0,139.0,129.0,157.0,117.0,68.0,92.0,101.0
268.0,372.0,396.0,85.0,280.0,445.0,150.0,415.0,425.0,256.0,322.0,312.0,270.0,269.0,96.0
80.0,45.0,207.0,15.0,75.0,127.0,22.0,83.0,105.0,106.0,110.0,91.0,40.0,64.0,54.0
236.0,320.0,350.0,65.0,243.0,390.0,171.0,205.0,314.0,223.0,275.0,288.0,284.0,156.0,216.0
306.0,474.0,661.0,97.0,735.0,490.0,217.0,565.0,480.0,289.0,261.0,307.0,369.0,442.0,881.0
103.0,72.0,111.0,3.0,43.0,160.0,1.0,16.0,601.0,42.0,128.0,21.0,4.0,16.0,9.0
104.0,78.0,255.0,25.0,131.0,143.0,43.0,141.0,168.0,138.0,182.0,127.0,92.0,92.0,101.0
182.0,90.0,346.0,46.0,132.0,203.0,99.0,223.0,232.0,188.0,252.0,228.0,202.0,170.0,107.0
270.0,225.0,414.0,86.0,410.0,306.0,230.0,312.0,430.0,265.0,326.0,348.0,380.0,208.0,469.0
103.0,72.0,215.0,18.0,106.0,155.0,35.0,264.0,122.0,112.0,128.0,101.0,55.0,186.0,87.0
322.0,612.0,511.0,133.0,288.0,490.0,444.0,391.0,501.0,316.0,411.0,449.0,590.0,308.0,234.0
187.0,253.0,693.0,243.0,161.0,348.0,230.0,565.0,829.0,580.0,658.0,894.0,500.0,496.0,122.0
158.0,219.0,372.0,36.0,155.0,297.0,32.0,290.0,210.0,167.0,302.0,186.0,154.0,218.0,119.0
217.0,300.0,347.0,60.0,278.0,373.0,147.0,216.0,293.0,201.0,264.0,248.0,269.0,613.0,127.0
163.0,137.0,300.0,36.0,112.0,249.0,35.0,103.0,213.0,167.0,222.0,187.0,128.0,179.0,87.0
182.0,235.0,476.0,49.0,277.0,206.0,129.0,363.0,120.0,188.0,297.0,220.0,260.0,271.0,250.0
270.0,372.0,411.0,86.0,123.0,445.0,39.0,183.0,428.0,265.0,126.0,316.0,70.0,131.0,96.0
126.0,129.0,279.0,32.0,104.0,241.0,61.0,266.0,86.0,154.0,203.0,165.0,122.0,184.0,87.0
86.0,28.0,72.0,0.0,0.0,249.0,0.0,0.0,46.0,0.0,5.0,61.0,0.0,116.0,0.0
167.0,203.0,481.0,109.0,80.0,260.0,6.0,0.0,503.0,296.0,387.0,374.0,26.0,0.0,55.0
83.0,41.0,201.0,14.0,253.0,203.0,45.0,312.0,98.0,85.0,94.0,76.0,85.0,255.0,214.0
154.0,188.0,283.0,33.0,331.0,270.0,108.0,156.0,188.0,156.0,204.0,175.0,214.0,107.0,406.0
182.0,188.0,386.0,51.0,365.0,272.0,79.0,296.0,292.0,213.0,320.0,244.0,167.0,213.0,45.0
104.0,78.0,224.0,19.0,176.0,175.0,58.0,97.0,122.0,115.0,148.0,214.0,54.0,72.0,71.0
202.0,259.0,336.0,51.0,255.0,344.0,226.0,212.0,302.0,196.0,245.0,305.0,337.0,169.0,242.0
73.0,41.0,183.0,7.0,17.0,310.0,5.0,39.0,46.0,75.0,63.0,61.0,23.0,25.0,0.0
156.0,115.0,293.0,35.0,28.0,211.0,2.0,194.0,120.0,160.0,182.0,181.0,154.0,134.0,4.0
244.0,103.0,363.0,70.0,312.0,197.0,198.0,277.0,341.0,230.0,250.0,263.0,291.0,196.0,341.0
103.0,41.0,220.0,18.0,128.0,118.0,42.0,176.0,122.0,112.0,130.0,100.0,54.0,129.0,187.0
182.0,215.0,260.0,50.0,128.0,296.0,42.0,146.0,145.0,192.0,222.0,241.0,209.0,96.0,101.0
114.0,95.0,310.0,41.0,229.0,215.0,92.0,195.0,223.0,182.0,234.0,178.0,219.0,17.0,74.0
377.0,844.0,570.0,60.0,261.0,310.0,107.0,459.0,302.0,404.0,500.0,463.0,270.0,314.0,242.0
139.0,163.0,283.0,33.0,191.0,225.0,65.0,155.0,184.0,154.0,207.0,151.0,127.0,106.0,157.0
154.0,188.0,283.0,34.0,45.0,215.0,18.0,156.0,193.0,156.0,199.0,174.0,145.0,24.0,31.0
115.0,95.0,240.0,22.0,100.0,212.0,33.0,110.0,144.0,129.0,230.0,125.0,70.0,77.0,80.0
152.0,179.0,283.0,33.0,188.0,260.0,67.0,168.0,188.0,154.0,207.0,197.0,140.0,119.0,156.0
152.0,193.0,346.0,51.0,257.0,277.0,108.0,223.0,272.0,202.0,264.0,263.0,214.0,134.0,134.0
232.0,310.0,356.0,65.0,191.0,390.0,69.0,297.0,314.0,223.0,297.0,280.0,284.0,217.0,148.0
163.0,215.0,296.0,36.0,234.0,238.0,82.0,183.0,210.0,167.0,214.0,203.0,171.0,169.0,94.0
125.0,130.0,224.0,26.0,145.0,225.0,50.0,98.0,125.0,120.0,128.0,114.0,92.0,72.0,114.0
126.0,129.0,255.0,27.0,165.0,272.0,54.0,141.0,171.0,141.0,175.0,207.0,101.0,92.0,38.0
288.0,403.0,457.0,95.0,106.0,462.0,50.0,323.0,454.0,275.0,366.0,307.0,92.0,192.0,87.0
113.0,90.0,266.0,25.0,157.0,200.0,50.0,155.0,168.0,138.0,188.0,139.0,92.0,87.0,117.0
160.0,235.0,157.0,36.0,85.0,348.0,82.0,32.0,193.0,144.0,139.0,156.0,161.0,503.0,74.0
130.0,137.0,570.0,25.0,117.0,261.0,38.0,470.0,168.0,404.0,509.0,705.0,92.0,328.0,94.0
160.0,200.0,190.0,27.0,175.0,280.0,58.0,51.0,184.0,83.0,91.0,50.0,108.0,26.0,140.0
333.0,612.0,582.0,133.0,278.0,534.0,143.0,470.0,193.0,408.0,509.0,799.0,269.0,319.0,262.0
316.0,515.0,487.0,109.0,242.0,489.0,99.0,363.0,0.0,296.0,394.0,374.0,200.0,131.0,9.0
214.0,301.0,336.0,58.0,253.0,382.0,147.0,206.0,297.0,197.0,245.0,241.0,269.0,185.0,170.0
138.0,173.0,240.0,18.0,100.0,256.0,33.0,59.0,122.0,112.0,208.0,100.0,52.0,17.0,154.0
232.0,212.0,350.0,64.0,310.0,294.0,172.0,240.0,313.0,214.0,274.0,264.0,276.0,149.0,94.0
377.0,515.0,336.0,16.0,75.0,341.0,22.0,509.0,103.0,197.0,248.0,240.0,43.0,496.0,0.0
158.0,205.0,204.0,29.0,234.0,306.0,43.0,62.0,178.0,129.0,91.0,181.0,85.0,35.0,124.0
181.0,234.0,283.0,45.0,238.0,324.0,99.0,176.0,239.0,154.0,207.0,173.0,200.0,125.0,74.0
81.0,43.0,184.0,11.0,83.0,272.0,5.0,45.0,111.0,83.0,94.0,70.0,33.0,25.0,107.0
73.0,41.0,180.0,7.0,89.0,203.0,32.0,39.0,24.0,75.0,63.0,207.0,47.0,25.0,74.0
217.0,301.0,353.0,60.0,279.0,382.0,150.0,205.0,302.0,214.0,286.0,282.0,270.0,156.0,274.0
288.0,474.0,438.0,91.0,476.0,491.0,247.0,316.0,454.0,271.0,338.0,323.0,419.0,241.0,246.0
217.0,45.0,346.0,60.0,104.0,127.0,34.0,297.0,302.0,203.0,252.0,175.0,270.0,217.0,84.0
232.0,109.0,487.0,109.0,311.0,404.0,274.0,353.0,500.0,296.0,411.0,374.0,529.0,269.0,334.0
115.0,95.0,254.0,22.0,131.0,210.0,43.0,137.0,145.0,138.0,176.0,139.0,70.0,111.0,101.0
83.0,43.0,207.0,15.0,50.0,127.0,18.0,78.0,105.0,105.0,148.0,151.0,40.0,179.0,44.0
123.0,207.0,361.0,70.0,310.0,362.0,184.0,285.0,357.0,228.0,297.0,287.0,288.0,202.0,333.0
270.0,284.0,206.0,30.0,176.0,397.0,61.0,92.0,272.0,151.0,129.0,162.0,116.0,68.0,148.0
152.0,233.0,300.0,33.0,165.0,293.0,54.0,192.0,187.0,154.0,226.0,167.0,101.0,218.0,84.0
244.0,325.0,447.0,70.0,313.0,437.0,199.0,322.0,333.0,273.0,50.0,323.0,291.0,246.0,574.0
182.0,238.0,312.0,45.0,175.0,348.0,61.0,198.0,237.0,188.0,238.0,221.0,122.0,169.0,333.0
306.0,135.0,507.0,104.0,117.0,241.0,33.0,364.0,501.0,311.0,410.0,446.0,52.0,296.0,94.0
114.0,92.0,242.0,23.0,85.0,197.0,32.0,115.0,144.0,132.0,165.0,127.0,76.0,12.0,64.0
180.0,233.0,260.0,30.0,303.0,348.0,79.0,156.0,181.0,151.0,298.0,162.0,161.0,81.0,699.0
122.0,90.0,693.0,80.0,341.0,124.0,222.0,565.0,419.0,580.0,307.0,894.0,336.0,442.0,404.0
237.0,322.0,339.0,67.0,150.0,468.0,50.0,214.0,38.0,199.0,483.0,241.0,272.0,169.0,107.0
181.0,235.0,356.0,46.0,242.0,272.0,99.0,280.0,237.0,223.0,287.0,280.0,211.0,193.0,214.0
97.0,55.0,224.0,16.0,73.0,155.0,29.0,97.0,117.0,112.0,110.0,101.0,46.0,81.0,127.0
181.0,235.0,320.0,51.0,237.0,296.0,99.0,202.0,272.0,188.0,241.0,220.0,200.0,148.0,215.0
160.0,210.0,310.0,36.0,131.0,293.0,42.0,195.0,198.0,167.0,264.0,186.0,161.0,134.0,99.0
70.0,21.0,130.0,6.0,104.0,155.0,19.0,31.0,34.0,61.0,63.0,21.0,36.0,17.0,87.0
87.0,332.0,208.0,15.0,86.0,429.0,23.0,82.0,107.0,106.0,120.0,91.0,42.0,296.0,69.0
217.0,301.0,347.0,60.0,253.0,389.0,150.0,212.0,302.0,203.0,252.0,264.0,270.0,137.0,45.0
241.0,322.0,382.0,71.0,32.0,397.0,4.0,292.0,199.0,246.0,309.0,298.0,19.0,208.0,12.0
264.0,372.0,485.0,78.0,89.0,445.0,226.0,327.0,500.0,296.0,189.0,355.0,337.0,248.0,74.0
125.0,130.0,240.0,25.0,37.0,227.0,46.0,313.0,184.0,129.0,157.0,101.0,92.0,235.0,55.0
236.0,322.0,564.0,66.0,341.0,374.0,220.0,440.0,343.0,214.0,449.0,212.0,284.0,312.0,406.0
158.0,205.0,491.0,36.0,202.0,281.0,78.0,353.0,168.0,167.0,414.0,186.0,156.0,179.0,154.0
126.0,130.0,224.0,27.0,160.0,268.0,53.0,98.0,171.0,271.0,139.0,323.0,101.0,28.0,124.0
233.0,317.0,351.0,65.0,131.0,393.0,138.0,251.0,314.0,214.0,274.0,282.0,284.0,184.0,101.0
105.0,89.0,278.0,30.0,104.0,193.0,35.0,146.0,181.0,151.0,201.0,162.0,95.0,72.0,84.0
317.0,523.0,491.0,110.0,230.0,479.0,598.0,322.0,400.0,304.0,419.0,430.0,588.0,246.0,201.0
123.0,174.0,252.0,25.0,47.0,260.0,46.0,140.0,168.0,138.0,176.0,138.0,92.0,90.0,32.0
288.0,461.0,457.0,95.0,55.0,489.0,19.0,323.0,483.0,275.0,366.0,76.0,46.0,247.0,44.0
268.0,372.0,440.0,91.0,303.0,445.0,254.0,31.0,139.0,273.0,122.0,323.0,419.0,17.0,107.0
217.0,461.0,347.0,60.0,89.0,486.0,32.0,228.0,302.0,203.0,264.0,185.0,270.0,179.0,74.0
115.0,95.0,550.0,183.0,410.0,294.0,247.0,440.0,660.0,368.0,470.0,580.0,624.0,314.0,89.0
115.0,95.0,246.0,23.0,128.0,175.0,42.0,140.0,145.0,130.0,177.0,126.0,73.0,88.0,99.0
113.0,90.0,240.0,21.0,83.0,103.0,38.0,137.0,139.0,129.0,157.0,257.0,70.0,87.0,127.0
257.0,200.0,360.0,80.0,735.0,280.0,485.0,132.0,425.0,252.0,286.0,268.0,334.0,72.0,881.0
374.0,693.0,648.0,143.0,228.0,225.0,570.0,490.0,571.0,404.0,597.0,799.0,678.0,409.0,201.0
224.0,304.0,511.0,60.0,243.0,390.0,99.0,459.0,302.0,316.0,411.0,449.0,273.0,328.0,216.0
154.0,188.0,392.0,80.0,117.0,270.0,226.0,313.0,419.0,252.0,287.0,317.0,337.0,219.0,96.0
97.0,40.0,530.0,15.0,197.0,86.0,75.0,392.0,103.0,356.0,419.0,395.0,150.0,305.0,119.0
163.0,225.0,582.0,36.0,218.0,103.0,82.0,469.0,210.0,416.0,509.0,894.0,171.0,318.0,180.0
178.0,231.0,311.0,45.0,228.0,324.0,92.0,197.0,223.0,187.0,222.0,241.0,195.0,145.0,190.0
140.0,154.0,126.0,6.0,188.0,253.0,82.0,144.0,34.0,63.0,27.0,47.0,171.0,95.0,156.0
71.0,27.0,130.0,6.0,410.0,306.0,5.0,27.0,38.0,63.0,29.0,69.0,10.0,477.0,574.0
244.0,241.0,350.0,70.0,313.0,348.0,180.0,250.0,333.0,228.0,274.0,287.0,288.0,185.0,56.0
229.0,306.0,346.0,56.0,261.0,407.0,127.0,223.0,223.0,200.0,208.0,139.0,260.0,170.0,242.0
232.0,317.0,351.0,64.0,310.0,393.0,170.0,241.0,313.0,214.0,320.0,803.0,276.0,193.0,322.0
314.0,488.0,491.0,97.0,434.0,430.0,261.0,358.0,457.0,304.0,402.0,460.0,464.0,275.0,566.0
0.0,0.0,201.0,0.0,0.0,0.0,0.0,61.0,0.0,92.0,100.0,76.0,0.0,34.0,0.0
202.0,225.0,311.0,51.0,277.0,310.0,96.0,202.0,290.0,193.0,264.0,282.0,219.0,148.0,250.0
206.0,253.0,337.0,56.0,260.0,348.0,126.0,214.0,292.0,199.0,249.0,348.0,259.0,162.0,238.0
105.0,90.0,298.0,20.0,112.0,205.0,35.0,186.0,120.0,151.0,182.0,162.0,55.0,133.0,87.0
429.0,320.0,999.0,248.0,966.0,393.0,598.0,999.0,105.0,580.0,597.0,68.0,905.0,491.0,231.0
96.0,55.0,111.0,16.0,131.0,127.0,61.0,26.0,50.0,107.0,5.0,118.0,44.0,16.0,101.0
140.0,174.0,293.0,30.0,132.0,259.0,50.0,509.0,181.0,154.0,204.0,167.0,92.0,408.0,101.0
270.0,376.0,395.0,80.0,132.0,460.0,45.0,299.0,570.0,252.0,321.0,307.0,284.0,218.0,127.0
236.0,292.0,355.0,65.0,117.0,373.0,35.0,251.0,314.0,223.0,286.0,280.0,284.0,201.0,89.0
333.0,618.0,528.0,133.0,150.0,373.0,50.0,398.0,676.0,311.0,238.0,446.0,90.0,305.0,118.0
103.0,76.0,312.0,20.0,100.0,164.0,32.0,198.0,127.0,103.0,215.0,84.0,55.0,145.0,81.0
152.0,179.0,294.0,36.0,197.0,260.0,82.0,509.0,210.0,165.0,215.0,186.0,171.0,331.0,32.0
167.0,225.0,300.0,38.0,226.0,297.0,99.0,189.0,222.0,176.0,226.0,197.0,200.0,133.0,183.0
181.0,234.0,257.0,24.0,151.0,362.0,50.0,322.0,164.0,132.0,187.0,127.0,92.0,259.0,119.0
81.0,43.0,475.0,22.0,89.0,124.0,38.0,331.0,141.0,136.0,320.0,105.0,70.0,255.0,74.0
80.0,41.0,184.0,11.0,174.0,143.0,9.0,45.0,50.0,83.0,87.0,70.0,33.0,25.0,63.0
168.0,225.0,298.0,38.0,238.0,310.0,99.0,440.0,215.0,174.0,208.0,190.0,190.0,312.0,216.0
95.0,55.0,549.0,15.0,86.0,143.0,26.0,440.0,103.0,114.0,248.0,316.0,43.0,314.0,69.0
125.0,130.0,184.0,24.0,17.0,230.0,54.0,45.0,163.0,137.0,5.0,137.0,113.0,477.0,31.0
376.0,717.0,488.0,148.0,229.0,706.0,444.0,323.0,419.0,300.0,400.0,98.0,590.0,247.0,202.0
196.0,259.0,313.0,45.0,117.0,310.0,35.0,204.0,233.0,188.0,236.0,208.0,59.0,150.0,89.0
163.0,212.0,294.0,36.0,186.0,294.0,80.0,180.0,210.0,167.0,78.0,181.0,168.0,131.0,155.0
75.0,43.0,126.0,6.0,188.0,127.0,67.0,141.0,103.0,61.0,20.0,21.0,136.0,96.0,154.0
73.0,21.0,179.0,7.0,138.0,211.0,32.0,470.0,46.0,75.0,20.0,58.0,54.0,321.0,155.0
154.0,188.0,661.0,243.0,310.0,270.0,33.0,490.0,314.0,521.0,458.0,856.0,48.0,339.0,334.0
178.0,232.0,316.0,45.0,237.0,319.0,99.0,175.0,227.0,188.0,211.0,207.0,190.0,145.0,215.0
196.0,259.0,283.0,29.0,216.0,369.0,79.0,175.0,178.0,154.0,207.0,172.0,161.0,122.0,170.0
183.0,253.0,481.0,50.0,257.0,348.0,108.0,327.0,253.0,296.0,387.0,348.0,211.0,248.0,234.0
114.0,95.0,240.0,22.0,80.0,293.0,32.0,110.0,120.0,129.0,160.0,125.0,70.0,79.0,55.0
156.0,193.0,212.0,34.0,176.0,407.0,61.0,155.0,431.0,156.0,126.0,248.0,149.0,106.0,153.0
73.0,27.0,326.0,51.0,331.0,56.0,203.0,83.0,270.0,191.0,243.0,228.0,209.0,57.0,404.0
176.0,229.0,372.0,43.0,258.0,310.0,99.0,202.0,224.0,185.0,320.0,207.0,196.0,185.0,234.0
233.0,316.0,351.0,65.0,278.0,390.0,150.0,251.0,302.0,214.0,275.0,257.0,270.0,184.0,238.0
83.0,42.0,201.0,13.0,58.0,112.0,19.0,61.0,99.0,92.0,100.0,76.0,36.0,17.0,44.0
152.0,182.0,688.0,33.0,211.0,261.0,78.0,565.0,170.0,524.0,654.0,126.0,158.0,442.0,175.0
158.0,205.0,293.0,36.0,104.0,288.0,34.0,176.0,498.0,160.0,211.0,173.0,46.0,131.0,84.0
205.0,367.0,337.0,55.0,89.0,418.0,15.0,212.0,297.0,200.0,249.0,246.0,264.0,180.0,72.0
264.0,367.0,507.0,71.0,128.0,425.0,203.0,364.0,332.0,306.0,408.0,463.0,309.0,491.0,101.0
103.0,76.0,320.0,49.0,242.0,160.0,99.0,204.0,168.0,188.0,238.0,220.0,204.0,134.0,216.0
91.0,48.0,240.0,16.0,47.0,144.0,220.0,111.0,296.0,129.0,157.0,178.0,316.0,77.0,55.0
171.0,212.0,747.0,36.0,145.0,294.0,45.0,718.0,204.0,660.0,758.0,457.0,156.0,503.0,117.0
114.0,42.0,348.0,23.0,128.0,203.0,45.0,232.0,163.0,207.0,272.0,263.0,84.0,159.0,101.0
270.0,367.0,411.0,86.0,262.0,430.0,243.0,342.0,518.0,264.0,128.0,325.0,429.0,258.0,246.0
134.0,145.0,317.0,29.0,165.0,250.0,54.0,202.0,178.0,188.0,241.0,218.0,108.0,148.0,71.0
167.0,222.0,299.0,38.0,229.0,308.0,92.0,187.0,223.0,176.0,222.0,207.0,177.0,65.0,188.0
115.0,95.0,240.0,23.0,126.0,205.0,40.0,110.0,145.0,129.0,154.0,126.0,73.0,76.0,101.0
257.0,338.0,336.0,71.0,310.0,365.0,174.0,280.0,343.0,214.0,245.0,263.0,284.0,169.0,329.0
256.0,332.0,382.0,77.0,403.0,429.0,226.0,292.0,347.0,247.0,148.0,303.0,334.0,208.0,469.0
158.0,205.0,125.0,35.0,206.0,230.0,76.0,31.0,199.0,138.0,20.0,139.0,155.0,71.0,212.0
206.0,233.0,336.0,56.0,257.0,310.0,127.0,206.0,292.0,198.0,248.0,240.0,256.0,158.0,32.0
317.0,515.0,485.0,109.0,138.0,489.0,48.0,346.0,503.0,296.0,338.0,355.0,583.0,259.0,118.0
96.0,55.0,125.0,6.0,229.0,154.0,92.0,27.0,457.0,61.0,298.0,23.0,181.0,202.0,116.0
154.0,187.0,283.0,33.0,191.0,324.0,69.0,148.0,191.0,156.0,208.0,174.0,140.0,96.0,44.0
24.0,72.0,126.0,6.0,83.0,159.0,24.0,29.0,173.0,61.0,20.0,248.0,43.0,24.0,56.0
206.0,284.0,339.0,56.0,260.0,373.0,127.0,214.0,293.0,199.0,470.0,244.0,259.0,458.0,242.0
154.0,188.0,201.0,33.0,203.0,296.0,77.0,61.0,193.0,92.0,100.0,76.0,127.0,34.0,175.0
163.0,214.0,326.0,51.0,252.0,215.0,105.0,205.0,271.0,191.0,244.0,228.0,209.0,150.0,218.0
103.0,205.0,183.0,18.0,104.0,349.0,33.0,39.0,122.0,75.0,123.0,47.0,54.0,25.0,72.0
163.0,225.0,661.0,36.0,131.0,310.0,45.0,509.0,141.0,167.0,152.0,257.0,168.0,343.0,94.0
104.0,78.0,208.0,19.0,89.0,86.0,30.0,94.0,134.0,115.0,119.0,138.0,54.0,477.0,64.0
271.0,406.0,440.0,80.0,85.0,270.0,28.0,316.0,425.0,275.0,468.0,346.0,92.0,134.0,64.0
412.0,764.0,580.0,177.0,288.0,437.0,396.0,470.0,616.0,404.0,483.0,355.0,656.0,319.0,297.0
176.0,229.0,363.0,60.0,262.0,315.0,127.0,277.0,302.0,203.0,299.0,322.0,270.0,196.0,178.0
311.0,193.0,0.0,0.0,176.0,277.0,61.0,0.0,0.0,0.0,0.0,249.0,0.0,0.0,156.0
306.0,474.0,532.0,146.0,569.0,490.0,226.0,406.0,579.0,346.0,449.0,456.0,678.0,493.0,808.0
264.0,219.0,507.0,97.0,434.0,297.0,253.0,756.0,281.0,293.0,410.0,374.0,693.0,628.0,566.0
311.0,64.0,488.0,112.0,228.0,221.0,85.0,384.0,483.0,300.0,400.0,387.0,579.0,291.0,187.0
196.0,235.0,283.0,51.0,277.0,197.0,143.0,168.0,276.0,188.0,207.0,221.0,269.0,119.0,248.0
138.0,169.0,411.0,87.0,410.0,272.0,237.0,313.0,168.0,264.0,325.0,305.0,406.0,339.0,469.0
169.0,227.0,263.0,29.0,161.0,260.0,53.0,149.0,172.0,147.0,191.0,114.0,101.0,617.0,126.0
257.0,461.0,207.0,71.0,176.0,296.0,61.0,0.0,296.0,108.0,119.0,100.0,122.0,0.0,154.0
171.0,229.0,299.0,41.0,229.0,315.0,95.0,187.0,223.0,176.0,222.0,181.0,195.0,133.0,198.0
97.0,55.0,208.0,16.0,89.0,155.0,30.0,83.0,117.0,108.0,123.0,98.0,46.0,312.0,73.0
212.0,320.0,396.0,60.0,117.0,389.0,35.0,292.0,302.0,207.0,307.0,263.0,272.0,208.0,84.0
104.0,82.0,570.0,20.0,100.0,182.0,33.0,469.0,132.0,416.0,500.0,84.0,54.0,318.0,80.0
187.0,261.0,661.0,70.0,312.0,297.0,198.0,508.0,341.0,230.0,309.0,288.0,291.0,409.0,316.0
288.0,434.0,396.0,95.0,446.0,479.0,258.0,297.0,452.0,275.0,322.0,208.0,450.0,218.0,322.0
158.0,207.0,292.0,35.0,243.0,276.0,96.0,16.0,198.0,156.0,210.0,178.0,154.0,16.0,42.0
97.0,55.0,303.0,23.0,234.0,155.0,78.0,313.0,95.0,176.0,230.0,203.0,158.0,258.0,242.0
182.0,235.0,320.0,49.0,230.0,344.0,99.0,202.0,248.0,188.0,225.0,220.0,196.0,170.0,201.0
429.0,281.0,385.0,201.0,277.0,372.0,121.0,296.0,638.0,247.0,320.0,303.0,239.0,174.0,250.0
97.0,48.0,212.0,16.0,85.0,289.0,29.0,83.0,117.0,108.0,177.0,98.0,46.0,64.0,64.0
115.0,95.0,267.0,21.0,123.0,222.0,39.0,154.0,139.0,144.0,191.0,185.0,70.0,130.0,101.0
152.0,179.0,252.0,33.0,360.0,260.0,199.0,130.0,181.0,137.0,211.0,137.0,123.0,122.0,473.0
999.0,999.0,999.0,999.0,999.0,999.0,999.0,999.0,999.0,999.0,658.0,463.0,999.0,999.0,999.0
114.0,92.0,355.0,22.0,118.0,203.0,38.0,251.0,141.0,129.0,287.0,125.0,70.0,184.0,94.0
100.0,43.0,223.0,17.0,89.0,112.0,30.0,97.0,125.0,106.0,160.0,68.0,46.0,55.0,74.0
