73.0,27.0,204.0,6.0,28.0,60.0,4.0,83.0,38.0,67.0,108.0,47.0,19.0,55.0,25.0
86.0,47.0,223.0,15.0,55.0,133.0,18.0,83.0,125.0,105.0,139.0,84.0,35.0,62.0,45.0
158.0,210.0,255.0,23.0,128.0,294.0,42.0,144.0,145.0,132.0,215.0,127.0,76.0,95.0,84.0
129.0,104.0,254.0,27.0,176.0,212.0,61.0,140.0,170.0,138.0,182.0,139.0,101.0,87.0,153.0
206.0,276.0,346.0,51.0,262.0,373.0,121.0,223.0,281.0,196.0,295.0,249.0,239.0,169.0,246.0
104.0,82.0,351.0,29.0,216.0,215.0,80.0,264.0,172.0,214.0,286.0,322.0,101.0,185.0,178.0
95.0,55.0,240.0,19.0,104.0,144.0,35.0,111.0,122.0,129.0,201.0,126.0,55.0,72.0,84.0
214.0,300.0,311.0,51.0,261.0,365.0,121.0,137.0,297.0,193.0,240.0,236.0,252.0,88.0,238.0
270.0,434.0,411.0,86.0,117.0,310.0,230.0,299.0,430.0,264.0,410.0,137.0,380.0,296.0,89.0
125.0,130.0,279.0,26.0,145.0,210.0,50.0,158.0,170.0,154.0,207.0,165.0,95.0,111.0,117.0
152.0,200.0,298.0,35.0,105.0,280.0,32.0,187.0,194.0,171.0,220.0,186.0,158.0,133.0,85.0
154.0,187.0,260.0,33.0,168.0,270.0,67.0,148.0,109.0,144.0,189.0,138.0,139.0,72.0,122.0
163.0,281.0,564.0,36.0,206.0,373.0,77.0,440.0,210.0,416.0,470.0,164.0,171.0,314.0,173.0
314.0,137.0,475.0,97.0,445.0,143.0,254.0,392.0,503.0,296.0,382.0,181.0,429.0,186.0,153.0
114.0,95.0,257.0,22.0,122.0,206.0,39.0,78.0,144.0,129.0,117.0,127.0,70.0,57.0,179.0
268.0,373.0,411.0,85.0,310.0,430.0,226.0,312.0,425.0,256.0,243.0,312.0,337.0,240.0,329.0
236.0,322.0,239.0,58.0,279.0,397.0,147.0,104.0,297.0,129.0,154.0,117.0,269.0,72.0,274.0
156.0,194.0,386.0,34.0,260.0,260.0,79.0,296.0,178.0,223.0,320.0,280.0,167.0,208.0,238.0
214.0,301.0,648.0,60.0,288.0,382.0,165.0,493.0,302.0,416.0,758.0,822.0,272.0,331.0,175.0
412.0,764.0,570.0,182.0,104.0,490.0,262.0,469.0,660.0,403.0,410.0,681.0,500.0,328.0,80.0
112.0,90.0,183.0,13.0,503.0,213.0,65.0,45.0,54.0,92.0,207.0,76.0,127.0,24.0,111.0
97.0,43.0,507.0,133.0,117.0,86.0,35.0,392.0,570.0,306.0,408.0,127.0,464.0,303.0,107.0
212.0,317.0,461.0,91.0,188.0,393.0,65.0,327.0,454.0,273.0,382.0,323.0,128.0,248.0,156.0
103.0,76.0,256.0,18.0,47.0,348.0,13.0,144.0,122.0,138.0,187.0,139.0,54.0,107.0,25.0
111.0,89.0,488.0,6.0,131.0,193.0,45.0,353.0,33.0,67.0,400.0,118.0,4.0,218.0,101.0
123.0,118.0,204.0,29.0,174.0,221.0,58.0,62.0,120.0,151.0,108.0,162.0,103.0,30.0,142.0
132.0,137.0,238.0,5.0,157.0,310.0,2.0,532.0,38.0,120.0,149.0,115.0,5.0,309.0,179.0
266.0,372.0,500.0,80.0,341.0,445.0,220.0,363.0,425.0,304.0,408.0,316.0,334.0,491.0,229.0
158.0,205.0,296.0,35.0,189.0,281.0,62.0,183.0,46.0,167.0,220.0,236.0,156.0,134.0,250.0
126.0,133.0,256.0,27.0,89.0,241.0,30.0,15.0,119.0,141.0,187.0,151.0,284.0,16.0,82.0
156.0,106.0,293.0,34.0,200.0,214.0,75.0,175.0,205.0,156.0,211.0,174.0,149.0,159.0,172.0
205.0,278.0,337.0,55.0,310.0,362.0,138.0,251.0,288.0,198.0,244.0,241.0,256.0,184.0,322.0
165.0,219.0,298.0,38.0,403.0,297.0,230.0,187.0,213.0,171.0,366.0,196.0,303.0,133.0,473.0
171.0,232.0,283.0,36.0,50.0,319.0,50.0,168.0,213.0,154.0,208.0,185.0,92.0,119.0,81.0
114.0,95.0,224.0,21.0,128.0,235.0,42.0,98.0,139.0,120.0,154.0,117.0,59.0,72.0,114.0
146.0,205.0,224.0,24.0,255.0,288.0,46.0,97.0,170.0,114.0,148.0,0.0,89.0,65.0,154.0
375.0,717.0,507.0,143.0,723.0,521.0,444.0,509.0,571.0,346.0,408.0,456.0,678.0,408.0,250.0
92.0,53.0,207.0,15.0,294.0,143.0,23.0,78.0,103.0,106.0,120.0,160.0,42.0,458.0,307.0
270.0,409.0,411.0,86.0,524.0,484.0,274.0,306.0,430.0,265.0,325.0,322.0,450.0,583.0,808.0
70.0,28.0,170.0,6.0,200.0,60.0,23.0,83.0,34.0,63.0,182.0,47.0,42.0,62.0,172.0
176.0,229.0,310.0,38.0,208.0,310.0,78.0,241.0,24.0,174.0,234.0,186.0,176.0,613.0,175.0
154.0,188.0,283.0,33.0,191.0,270.0,69.0,175.0,199.0,156.0,226.0,105.0,140.0,123.0,157.0
244.0,325.0,208.0,15.0,83.0,425.0,24.0,27.0,103.0,105.0,299.0,92.0,43.0,27.0,55.0
311.0,474.0,530.0,80.0,415.0,491.0,226.0,403.0,425.0,252.0,419.0,305.0,344.0,305.0,216.0
178.0,231.0,322.0,45.0,230.0,261.0,95.0,204.0,227.0,187.0,244.0,257.0,195.0,150.0,201.0
205.0,276.0,336.0,51.0,344.0,365.0,222.0,398.0,272.0,197.0,248.0,241.0,238.0,27.0,422.0
123.0,118.0,564.0,26.0,157.0,221.0,50.0,469.0,193.0,184.0,295.0,207.0,92.0,318.0,119.0
114.0,95.0,222.0,22.0,118.0,203.0,39.0,92.0,145.0,112.0,130.0,100.0,70.0,65.0,96.0
96.0,55.0,271.0,16.0,89.0,143.0,30.0,403.0,119.0,150.0,201.0,160.0,45.0,312.0,74.0
178.0,231.0,582.0,45.0,145.0,319.0,50.0,392.0,237.0,408.0,508.0,799.0,195.0,300.0,117.0
288.0,461.0,346.0,45.0,260.0,489.0,121.0,223.0,163.0,188.0,164.0,212.0,264.0,173.0,142.0
97.0,48.0,999.0,16.0,85.0,102.0,29.0,999.0,117.0,108.0,681.0,98.0,46.0,999.0,63.0
156.0,133.0,257.0,34.0,200.0,241.0,75.0,144.0,198.0,156.0,152.0,174.0,150.0,95.0,175.0
73.0,56.0,207.0,7.0,174.0,155.0,2.0,78.0,46.0,120.0,117.0,126.0,25.0,57.0,72.0
182.0,227.0,313.0,45.0,234.0,310.0,95.0,225.0,227.0,187.0,387.0,197.0,195.0,179.0,213.0
241.0,323.0,385.0,70.0,310.0,393.0,180.0,293.0,333.0,247.0,321.0,303.0,288.0,218.0,422.0
134.0,133.0,266.0,29.0,174.0,101.0,58.0,144.0,177.0,147.0,200.0,214.0,103.0,72.0,134.0
122.0,104.0,208.0,24.0,32.0,212.0,38.0,316.0,163.0,108.0,128.0,100.0,84.0,241.0,12.0
75.0,37.0,111.0,7.0,123.0,212.0,78.0,756.0,46.0,85.0,13.0,76.0,155.0,245.0,96.0
123.0,76.0,536.0,24.0,75.0,160.0,45.0,415.0,162.0,347.0,386.0,470.0,85.0,308.0,55.0
266.0,48.0,363.0,70.0,277.0,60.0,139.0,299.0,347.0,238.0,320.0,298.0,264.0,205.0,247.0
287.0,423.0,507.0,128.0,313.0,479.0,217.0,322.0,239.0,306.0,408.0,101.0,590.0,245.0,297.0
271.0,145.0,449.0,89.0,310.0,250.0,174.0,322.0,454.0,275.0,249.0,69.0,408.0,247.0,329.0
246.0,320.0,488.0,70.0,313.0,404.0,199.0,353.0,343.0,296.0,400.0,355.0,303.0,269.0,55.0
167.0,221.0,283.0,38.0,229.0,297.0,86.0,168.0,210.0,154.0,207.0,172.0,176.0,119.0,190.0
171.0,225.0,564.0,45.0,150.0,310.0,50.0,476.0,232.0,188.0,302.0,246.0,92.0,321.0,118.0
121.0,106.0,303.0,23.0,132.0,214.0,40.0,194.0,171.0,176.0,236.0,208.0,83.0,16.0,155.0
268.0,373.0,396.0,85.0,45.0,445.0,367.0,297.0,425.0,300.0,325.0,346.0,588.0,192.0,32.0
73.0,27.0,294.0,7.0,105.0,429.0,33.0,180.0,54.0,165.0,189.0,172.0,54.0,129.0,238.0
237.0,323.0,530.0,112.0,434.0,397.0,261.0,398.0,568.0,304.0,419.0,325.0,579.0,583.0,566.0
137.0,64.0,279.0,30.0,58.0,155.0,18.0,115.0,181.0,151.0,203.0,162.0,36.0,68.0,44.0
182.0,231.0,313.0,50.0,83.0,319.0,26.0,200.0,252.0,188.0,238.0,221.0,209.0,133.0,52.0
235.0,316.0,339.0,63.0,243.0,390.0,99.0,204.0,311.0,198.0,252.0,241.0,202.0,150.0,215.0
103.0,72.0,294.0,18.0,83.0,160.0,32.0,181.0,122.0,113.0,207.0,158.0,51.0,131.0,63.0
103.0,71.0,223.0,16.0,100.0,159.0,32.0,92.0,107.0,115.0,126.0,174.0,48.0,72.0,87.0
217.0,301.0,428.0,96.0,86.0,294.0,26.0,313.0,466.0,275.0,326.0,330.0,450.0,240.0,12.0
270.0,372.0,396.0,86.0,85.0,445.0,28.0,297.0,430.0,265.0,320.0,114.0,46.0,218.0,64.0
316.0,515.0,542.0,112.0,234.0,374.0,96.0,490.0,224.0,356.0,465.0,463.0,579.0,331.0,156.0
330.0,612.0,507.0,128.0,723.0,534.0,396.0,364.0,431.0,306.0,408.0,430.0,588.0,275.0,218.0
121.0,90.0,238.0,20.0,112.0,200.0,35.0,103.0,129.0,120.0,152.0,108.0,55.0,79.0,87.0
75.0,43.0,170.0,8.0,45.0,124.0,5.0,204.0,330.0,80.0,57.0,68.0,25.0,145.0,31.0
180.0,233.0,528.0,16.0,83.0,372.0,24.0,363.0,98.0,106.0,419.0,95.0,42.0,271.0,56.0
146.0,301.0,278.0,30.0,175.0,404.0,58.0,158.0,199.0,151.0,201.0,162.0,108.0,107.0,31.0
191.0,253.0,395.0,24.0,128.0,348.0,42.0,297.0,165.0,228.0,414.0,305.0,84.0,213.0,99.0
165.0,203.0,528.0,38.0,128.0,280.0,46.0,0.0,223.0,150.0,419.0,160.0,89.0,0.0,83.0
112.0,137.0,251.0,21.0,117.0,241.0,35.0,222.0,233.0,114.0,175.0,139.0,59.0,159.0,93.0
104.0,78.0,224.0,19.0,104.0,203.0,34.0,98.0,168.0,120.0,236.0,125.0,54.0,71.0,84.0
126.0,131.0,126.0,17.0,117.0,296.0,203.0,29.0,120.0,107.0,264.0,330.0,303.0,17.0,89.0
212.0,274.0,310.0,61.0,217.0,397.0,166.0,195.0,248.0,213.0,234.0,264.0,273.0,137.0,172.0
73.0,27.0,179.0,6.0,258.0,56.0,119.0,39.0,95.0,71.0,64.0,61.0,19.0,25.0,234.0
52.0,48.0,157.0,6.0,55.0,182.0,19.0,415.0,178.0,67.0,27.0,50.0,36.0,308.0,43.0
237.0,317.0,361.0,70.0,54.0,393.0,18.0,198.0,332.0,228.0,298.0,298.0,284.0,145.0,56.0
52.0,76.0,224.0,6.0,0.0,154.0,0.0,97.0,333.0,76.0,326.0,69.0,0.0,25.0,0.0
133.0,109.0,257.0,29.0,176.0,216.0,61.0,204.0,173.0,144.0,188.0,155.0,102.0,137.0,114.0
376.0,718.0,532.0,146.0,132.0,254.0,45.0,406.0,165.0,347.0,157.0,463.0,84.0,305.0,110.0
83.0,43.0,507.0,12.0,28.0,103.0,2.0,470.0,109.0,304.0,408.0,387.0,36.0,319.0,11.0
259.0,323.0,999.0,114.0,253.0,333.0,99.0,999.0,452.0,304.0,239.0,423.0,583.0,999.0,274.0
257.0,21.0,481.0,77.0,341.0,103.0,217.0,342.0,178.0,300.0,387.0,428.0,331.0,311.0,404.0
157.0,203.0,485.0,35.0,155.0,280.0,39.0,470.0,198.0,296.0,387.0,355.0,155.0,319.0,118.0
429.0,694.0,530.0,201.0,131.0,687.0,43.0,31.0,501.0,368.0,419.0,582.0,579.0,12.0,341.0
311.0,474.0,488.0,97.0,176.0,490.0,61.0,353.0,483.0,296.0,400.0,353.0,116.0,269.0,126.0
268.0,372.0,457.0,91.0,524.0,445.0,274.0,323.0,454.0,273.0,366.0,323.0,303.0,255.0,110.0
257.0,338.0,372.0,70.0,344.0,270.0,222.0,241.0,333.0,238.0,299.0,298.0,656.0,184.0,250.0
182.0,612.0,323.0,49.0,248.0,534.0,101.0,202.0,188.0,188.0,241.0,220.0,204.0,167.0,240.0
81.0,42.0,661.0,248.0,176.0,188.0,61.0,509.0,545.0,524.0,658.0,158.0,25.0,408.0,153.0
330.0,585.0,350.0,63.0,227.0,425.0,85.0,240.0,311.0,213.0,274.0,460.0,175.0,28.0,182.0
137.0,133.0,298.0,30.0,275.0,238.0,165.0,187.0,500.0,151.0,222.0,162.0,272.0,133.0,248.0
104.0,82.0,300.0,19.0,104.0,188.0,34.0,187.0,431.0,115.0,149.0,114.0,54.0,134.0,82.0
287.0,488.0,447.0,95.0,258.0,479.0,243.0,322.0,452.0,273.0,189.0,323.0,408.0,246.0,234.0
167.0,222.0,347.0,38.0,212.0,308.0,19.0,296.0,215.0,174.0,244.0,196.0,36.0,218.0,216.0
140.0,164.0,0.0,0.0,17.0,250.0,2.0,0.0,0.0,0.0,5.0,23.0,0.0,12.0,55.0
165.0,219.0,481.0,36.0,228.0,297.0,82.0,342.0,210.0,296.0,386.0,355.0,171.0,258.0,201.0
156.0,193.0,294.0,35.0,117.0,277.0,39.0,180.0,163.0,165.0,215.0,137.0,76.0,130.0,94.0
999.0,999.0,999.0,999.0,175.0,999.0,59.0,999.0,999.0,999.0,177.0,911.0,999.0,999.0,114.0
156.0,193.0,239.0,36.0,131.0,270.0,83.0,204.0,171.0,160.0,130.0,203.0,174.0,149.0,99.0
114.0,95.0,738.0,17.0,28.0,205.0,2.0,738.0,122.0,112.0,310.0,100.0,48.0,496.0,102.0
102.0,71.0,240.0,17.0,89.0,160.0,30.0,111.0,120.0,112.0,165.0,197.0,46.0,72.0,77.0
270.0,372.0,639.0,128.0,253.0,445.0,382.0,459.0,547.0,411.0,419.0,803.0,588.0,458.0,0.0
333.0,618.0,550.0,133.0,445.0,216.0,261.0,431.0,545.0,311.0,470.0,446.0,464.0,303.0,212.0
138.0,235.0,283.0,29.0,157.0,333.0,52.0,363.0,145.0,156.0,215.0,174.0,92.0,305.0,119.0
100.0,63.0,179.0,16.0,37.0,156.0,23.0,16.0,177.0,106.0,128.0,115.0,44.0,16.0,175.0
126.0,130.0,294.0,26.0,150.0,230.0,50.0,280.0,170.0,144.0,203.0,151.0,92.0,196.0,117.0
87.0,48.0,201.0,12.0,141.0,143.0,18.0,61.0,95.0,85.0,91.0,91.0,36.0,34.0,111.0
271.0,406.0,438.0,86.0,243.0,491.0,226.0,292.0,431.0,271.0,338.0,323.0,344.0,208.0,215.0
165.0,300.0,852.0,38.0,191.0,372.0,69.0,885.0,213.0,184.0,63.0,207.0,140.0,312.0,148.0
71.0,27.0,126.0,6.0,55.0,230.0,2.0,29.0,33.0,61.0,27.0,50.0,10.0,21.0,43.0
206.0,281.0,417.0,97.0,331.0,372.0,217.0,565.0,210.0,278.0,333.0,338.0,438.0,442.0,404.0
158.0,185.0,294.0,36.0,212.0,259.0,79.0,181.0,117.0,166.0,214.0,186.0,161.0,131.0,175.0
123.0,109.0,294.0,26.0,123.0,216.0,50.0,312.0,177.0,165.0,218.0,178.0,92.0,240.0,95.0
270.0,474.0,999.0,86.0,344.0,425.0,222.0,999.0,430.0,264.0,57.0,355.0,316.0,617.0,422.0
97.0,56.0,208.0,16.0,117.0,155.0,29.0,82.0,117.0,108.0,119.0,100.0,46.0,62.0,89.0
429.0,769.0,564.0,201.0,137.0,159.0,485.0,440.0,829.0,356.0,240.0,561.0,583.0,312.0,111.0
96.0,55.0,142.0,6.0,230.0,155.0,106.0,31.0,34.0,67.0,8.0,50.0,211.0,20.0,201.0
264.0,391.0,346.0,67.0,310.0,460.0,180.0,223.0,343.0,201.0,321.0,248.0,284.0,167.0,158.0
181.0,233.0,330.0,51.0,189.0,319.0,226.0,293.0,452.0,192.0,244.0,304.0,303.0,208.0,157.0
91.0,48.0,240.0,15.0,83.0,133.0,23.0,109.0,105.0,129.0,157.0,118.0,42.0,76.0,247.0
244.0,323.0,258.0,70.0,312.0,294.0,198.0,176.0,341.0,144.0,188.0,155.0,291.0,132.0,188.0
80.0,41.0,126.0,9.0,47.0,112.0,9.0,27.0,103.0,57.0,287.0,23.0,33.0,17.0,54.0
271.0,323.0,438.0,89.0,75.0,418.0,22.0,885.0,452.0,271.0,338.0,323.0,408.0,613.0,55.0
167.0,205.0,316.0,38.0,258.0,281.0,108.0,200.0,187.0,187.0,232.0,212.0,190.0,145.0,234.0
429.0,182.0,582.0,201.0,261.0,261.0,33.0,481.0,223.0,404.0,509.0,582.0,888.0,328.0,242.0
182.0,221.0,999.0,50.0,28.0,280.0,4.0,999.0,313.0,188.0,582.0,221.0,174.0,999.0,12.0
235.0,317.0,536.0,182.0,134.0,393.0,274.0,490.0,579.0,347.0,458.0,457.0,419.0,156.0,93.0
158.0,205.0,311.0,41.0,186.0,220.0,62.0,509.0,223.0,185.0,320.0,207.0,101.0,308.0,155.0
122.0,109.0,240.0,24.0,132.0,0.0,45.0,292.0,141.0,129.0,158.0,118.0,84.0,208.0,101.0
122.0,87.0,170.0,24.0,132.0,182.0,45.0,39.0,163.0,120.0,57.0,70.0,84.0,25.0,107.0
152.0,182.0,312.0,30.0,176.0,261.0,61.0,204.0,182.0,151.0,50.0,162.0,122.0,150.0,153.0
229.0,257.0,639.0,201.0,202.0,348.0,75.0,490.0,638.0,408.0,261.0,894.0,905.0,331.0,172.0
257.0,376.0,385.0,71.0,344.0,191.0,217.0,293.0,293.0,243.0,483.0,298.0,331.0,208.0,422.0
206.0,278.0,661.0,56.0,261.0,425.0,121.0,509.0,292.0,200.0,241.0,84.0,260.0,408.0,240.0
115.0,95.0,440.0,95.0,150.0,203.0,274.0,476.0,454.0,273.0,214.0,330.0,524.0,321.0,118.0
167.0,221.0,298.0,41.0,191.0,261.0,75.0,187.0,145.0,171.0,222.0,127.0,150.0,179.0,156.0
333.0,612.0,639.0,183.0,174.0,534.0,58.0,222.0,676.0,404.0,419.0,705.0,864.0,170.0,142.0
288.0,137.0,356.0,95.0,524.0,247.0,274.0,251.0,466.0,256.0,248.0,312.0,524.0,184.0,699.0
236.0,320.0,355.0,133.0,255.0,518.0,107.0,403.0,568.0,316.0,290.0,470.0,177.0,314.0,240.0
123.0,109.0,208.0,15.0,104.0,221.0,23.0,82.0,105.0,106.0,120.0,91.0,42.0,62.0,82.0
114.0,95.0,242.0,22.0,83.0,212.0,34.0,146.0,145.0,132.0,165.0,304.0,70.0,96.0,84.0
73.0,36.0,294.0,7.0,85.0,60.0,5.0,176.0,46.0,150.0,215.0,207.0,23.0,125.0,64.0
154.0,188.0,204.0,33.0,227.0,247.0,85.0,115.0,210.0,114.0,108.0,117.0,256.0,81.0,183.0
104.0,76.0,239.0,20.0,112.0,155.0,35.0,31.0,129.0,132.0,154.0,124.0,55.0,21.0,157.0
112.0,90.0,440.0,182.0,176.0,200.0,147.0,322.0,638.0,381.0,345.0,190.0,269.0,246.0,153.0
80.0,41.0,142.0,8.0,28.0,102.0,4.0,392.0,46.0,61.0,129.0,98.0,19.0,303.0,12.0
314.0,488.0,457.0,97.0,476.0,490.0,262.0,156.0,676.0,275.0,366.0,323.0,494.0,477.0,678.0
233.0,188.0,386.0,65.0,310.0,308.0,174.0,297.0,314.0,223.0,320.0,231.0,284.0,217.0,329.0
268.0,372.0,386.0,85.0,174.0,445.0,58.0,296.0,425.0,256.0,320.0,312.0,113.0,213.0,119.0
168.0,225.0,396.0,71.0,344.0,310.0,222.0,297.0,363.0,243.0,322.0,197.0,336.0,218.0,422.0
111.0,89.0,279.0,21.0,117.0,0.0,37.0,160.0,134.0,156.0,201.0,174.0,59.0,107.0,154.0
169.0,225.0,310.0,41.0,262.0,310.0,147.0,183.0,222.0,182.0,234.0,207.0,264.0,122.0,246.0
137.0,89.0,311.0,29.0,128.0,238.0,45.0,202.0,177.0,147.0,236.0,158.0,85.0,170.0,101.0
154.0,187.0,283.0,33.0,104.0,270.0,34.0,168.0,297.0,156.0,189.0,174.0,177.0,119.0,83.0
252.0,210.0,386.0,70.0,445.0,294.0,254.0,297.0,178.0,230.0,320.0,173.0,303.0,218.0,566.0
152.0,180.0,350.0,33.0,176.0,260.0,59.0,251.0,194.0,213.0,274.0,264.0,127.0,81.0,148.0
196.0,235.0,204.0,51.0,277.0,328.0,148.0,62.0,276.0,192.0,351.0,228.0,219.0,35.0,248.0
71.0,27.0,125.0,6.0,0.0,56.0,0.0,15.0,34.0,58.0,13.0,25.0,4.0,41.0,0.0
126.0,131.0,300.0,27.0,184.0,238.0,58.0,189.0,172.0,140.0,226.0,174.0,102.0,133.0,155.0
119.0,105.0,224.0,20.0,104.0,212.0,33.0,103.0,127.0,120.0,149.0,115.0,54.0,72.0,83.0
316.0,515.0,485.0,104.0,211.0,484.0,80.0,342.0,498.0,296.0,389.0,125.0,529.0,256.0,175.0
105.0,87.0,312.0,20.0,106.0,197.0,35.0,32.0,193.0,190.0,238.0,282.0,55.0,617.0,87.0
112.0,222.0,300.0,21.0,28.0,308.0,35.0,187.0,139.0,176.0,230.0,197.0,59.0,134.0,9.0
132.0,141.0,852.0,27.0,137.0,249.0,42.0,885.0,171.0,141.0,310.0,127.0,101.0,583.0,110.0
73.0,27.0,179.0,6.0,47.0,56.0,5.0,83.0,38.0,71.0,64.0,156.0,19.0,68.0,158.0
156.0,188.0,417.0,34.0,200.0,249.0,75.0,299.0,194.0,264.0,200.0,316.0,149.0,218.0,172.0
124.0,135.0,220.0,25.0,151.0,241.0,50.0,90.0,168.0,138.0,128.0,138.0,92.0,185.0,119.0
202.0,261.0,336.0,51.0,112.0,344.0,35.0,206.0,165.0,196.0,245.0,240.0,55.0,180.0,87.0
104.0,78.0,190.0,19.0,255.0,173.0,107.0,51.0,122.0,85.0,91.0,76.0,276.0,24.0,38.0
270.0,200.0,530.0,86.0,238.0,277.0,99.0,403.0,457.0,275.0,414.0,330.0,200.0,305.0,192.0
235.0,317.0,353.0,60.0,280.0,393.0,148.0,358.0,297.0,203.0,286.0,257.0,269.0,305.0,170.0
244.0,322.0,157.0,70.0,277.0,143.0,199.0,327.0,341.0,230.0,226.0,288.0,291.0,248.0,247.0
163.0,215.0,299.0,36.0,202.0,297.0,75.0,187.0,210.0,174.0,222.0,196.0,171.0,628.0,172.0
196.0,259.0,238.0,23.0,128.0,349.0,42.0,103.0,120.0,120.0,152.0,127.0,76.0,72.0,99.0
124.0,129.0,257.0,25.0,89.0,227.0,30.0,155.0,232.0,139.0,187.0,138.0,102.0,106.0,74.0
100.0,64.0,266.0,17.0,88.0,156.0,30.0,154.0,120.0,150.0,200.0,163.0,47.0,145.0,71.0
114.0,87.0,240.0,22.0,104.0,188.0,34.0,110.0,144.0,129.0,160.0,125.0,59.0,77.0,83.0
235.0,300.0,356.0,65.0,310.0,373.0,188.0,259.0,314.0,223.0,286.0,282.0,284.0,179.0,329.0
160.0,210.0,481.0,49.0,189.0,220.0,70.0,346.0,38.0,296.0,387.0,355.0,161.0,259.0,181.0
288.0,461.0,449.0,95.0,45.0,462.0,6.0,322.0,466.0,275.0,200.0,353.0,26.0,246.0,566.0
375.0,694.0,475.0,140.0,226.0,663.0,83.0,331.0,571.0,322.0,177.0,457.0,656.0,255.0,180.0
330.0,185.0,500.0,117.0,75.0,261.0,382.0,481.0,547.0,304.0,408.0,428.0,590.0,328.0,56.0
126.0,133.0,256.0,27.0,262.0,241.0,99.0,83.0,171.0,140.0,187.0,155.0,177.0,64.0,250.0
115.0,95.0,224.0,22.0,211.0,203.0,61.0,98.0,144.0,128.0,449.0,117.0,70.0,72.0,175.0
163.0,205.0,332.0,51.0,258.0,320.0,121.0,205.0,178.0,193.0,225.0,236.0,239.0,156.0,247.0
114.0,95.0,201.0,7.0,106.0,205.0,29.0,202.0,50.0,92.0,100.0,76.0,48.0,148.0,77.0
429.0,764.0,507.0,185.0,55.0,809.0,18.0,377.0,302.0,316.0,410.0,457.0,36.0,111.0,110.0
121.0,108.0,252.0,24.0,248.0,215.0,46.0,140.0,164.0,137.0,173.0,137.0,89.0,131.0,201.0
115.0,95.0,256.0,23.0,132.0,205.0,46.0,144.0,172.0,132.0,187.0,127.0,89.0,96.0,107.0
377.0,461.0,536.0,148.0,341.0,489.0,220.0,420.0,568.0,347.0,0.0,463.0,693.0,309.0,85.0
83.0,42.0,507.0,97.0,448.0,268.0,261.0,297.0,676.0,293.0,410.0,348.0,494.0,218.0,144.0
270.0,310.0,396.0,85.0,446.0,390.0,226.0,280.0,425.0,256.0,402.0,304.0,344.0,185.0,213.0
156.0,179.0,293.0,35.0,188.0,260.0,67.0,176.0,198.0,160.0,211.0,163.0,136.0,125.0,178.0
154.0,188.0,170.0,34.0,160.0,270.0,53.0,10.0,193.0,156.0,64.0,160.0,101.0,491.0,118.0
485.0,169.0,688.0,243.0,50.0,247.0,570.0,532.0,187.0,524.0,658.0,214.0,888.0,202.0,42.0
183.0,222.0,316.0,49.0,243.0,308.0,99.0,83.0,213.0,188.0,239.0,220.0,204.0,64.0,12.0
176.0,229.0,536.0,96.0,446.0,315.0,254.0,440.0,466.0,346.0,458.0,456.0,444.0,314.0,119.0
181.0,234.0,382.0,45.0,260.0,310.0,226.0,292.0,204.0,246.0,310.0,301.0,200.0,208.0,238.0
81.0,42.0,293.0,11.0,75.0,256.0,18.0,264.0,86.0,83.0,211.0,23.0,33.0,275.0,54.0
211.0,300.0,337.0,57.0,229.0,362.0,98.0,293.0,293.0,198.0,248.0,241.0,196.0,213.0,174.0
410.0,756.0,549.0,183.0,131.0,333.0,43.0,420.0,676.0,374.0,468.0,582.0,583.0,308.0,97.0
183.0,284.0,323.0,51.0,234.0,389.0,98.0,39.0,270.0,191.0,207.0,228.0,200.0,25.0,213.0
410.0,131.0,511.0,159.0,122.0,238.0,530.0,391.0,616.0,316.0,238.0,449.0,726.0,613.0,307.0
111.0,53.0,207.0,16.0,88.0,143.0,32.0,84.0,117.0,108.0,123.0,98.0,46.0,184.0,9.0
81.0,42.0,507.0,15.0,83.0,272.0,24.0,377.0,34.0,347.0,411.0,330.0,43.0,292.0,198.0
103.0,72.0,536.0,148.0,735.0,429.0,485.0,391.0,132.0,347.0,458.0,470.0,726.0,300.0,12.0
113.0,90.0,223.0,21.0,176.0,213.0,61.0,92.0,141.0,129.0,154.0,430.0,156.0,66.0,153.0
156.0,194.0,447.0,34.0,200.0,280.0,75.0,322.0,163.0,273.0,200.0,325.0,150.0,245.0,172.0
180.0,233.0,260.0,97.0,262.0,320.0,121.0,111.0,430.0,129.0,188.0,117.0,656.0,72.0,242.0
126.0,130.0,294.0,61.0,261.0,221.0,127.0,146.0,302.0,167.0,236.0,100.0,259.0,96.0,242.0
206.0,36.0,356.0,53.0,131.0,56.0,274.0,259.0,290.0,199.0,290.0,244.0,264.0,303.0,89.0
100.0,41.0,447.0,17.0,28.0,155.0,19.0,293.0,122.0,273.0,189.0,323.0,36.0,208.0,12.0
157.0,205.0,293.0,35.0,203.0,281.0,76.0,176.0,198.0,160.0,211.0,190.0,155.0,129.0,190.0
375.0,694.0,747.0,153.0,176.0,656.0,530.0,718.0,601.0,660.0,833.0,137.0,726.0,503.0,148.0
154.0,193.0,111.0,33.0,186.0,277.0,65.0,292.0,178.0,154.0,654.0,174.0,140.0,208.0,155.0
80.0,41.0,201.0,11.0,47.0,102.0,13.0,83.0,103.0,85.0,94.0,76.0,33.0,64.0,422.0
126.0,130.0,311.0,27.0,134.0,230.0,45.0,205.0,170.0,184.0,248.0,208.0,95.0,159.0,144.0
103.0,36.0,224.0,19.0,104.0,82.0,34.0,97.0,178.0,128.0,149.0,117.0,52.0,71.0,64.0
237.0,590.0,214.0,65.0,310.0,208.0,174.0,202.0,314.0,108.0,129.0,100.0,284.0,137.0,329.0
81.0,42.0,549.0,11.0,54.0,144.0,18.0,259.0,125.0,358.0,468.0,338.0,33.0,130.0,38.0
77.0,41.0,550.0,91.0,237.0,87.0,98.0,470.0,454.0,374.0,470.0,582.0,419.0,318.0,231.0
139.0,163.0,336.0,51.0,122.0,173.0,119.0,206.0,276.0,196.0,245.0,162.0,238.0,149.0,126.0
168.0,225.0,323.0,38.0,228.0,206.0,85.0,204.0,223.0,176.0,240.0,196.0,176.0,159.0,192.0
100.0,62.0,246.0,17.0,176.0,156.0,61.0,216.0,120.0,101.0,160.0,125.0,51.0,167.0,157.0
232.0,306.0,661.0,64.0,131.0,389.0,45.0,493.0,313.0,214.0,400.0,76.0,276.0,312.0,102.0
97.0,55.0,207.0,16.0,150.0,155.0,50.0,78.0,38.0,106.0,119.0,115.0,92.0,27.0,125.0
330.0,718.0,476.0,97.0,277.0,156.0,261.0,341.0,498.0,293.0,394.0,353.0,500.0,271.0,250.0
100.0,48.0,204.0,15.0,83.0,255.0,28.0,49.0,103.0,106.0,100.0,92.0,45.0,27.0,55.0
183.0,259.0,348.0,50.0,257.0,344.0,106.0,292.0,253.0,188.0,272.0,221.0,211.0,328.0,153.0
146.0,180.0,294.0,36.0,217.0,260.0,80.0,181.0,224.0,167.0,148.0,186.0,161.0,201.0,202.0
163.0,214.0,300.0,36.0,174.0,315.0,217.0,176.0,210.0,167.0,226.0,140.0,259.0,129.0,118.0
410.0,756.0,639.0,159.0,212.0,216.0,170.0,481.0,616.0,411.0,527.0,23.0,284.0,328.0,183.0
114.0,89.0,240.0,22.0,128.0,216.0,40.0,110.0,144.0,129.0,158.0,76.0,70.0,79.0,99.0
114.0,95.0,224.0,21.0,88.0,210.0,33.0,98.0,139.0,120.0,91.0,115.0,59.0,72.0,71.0
181.0,233.0,330.0,43.0,233.0,320.0,99.0,205.0,184.0,192.0,244.0,167.0,196.0,152.0,202.0
100.0,63.0,438.0,89.0,292.0,241.0,243.0,322.0,431.0,271.0,338.0,323.0,408.0,241.0,248.0
111.0,82.0,204.0,20.0,106.0,191.0,35.0,62.0,145.0,147.0,110.0,174.0,55.0,81.0,87.0
257.0,348.0,347.0,80.0,445.0,348.0,226.0,285.0,144.0,202.0,245.0,305.0,337.0,312.0,574.0
214.0,130.0,347.0,60.0,279.0,212.0,150.0,225.0,302.0,203.0,264.0,236.0,270.0,174.0,242.0
152.0,423.0,283.0,33.0,15.0,429.0,1.0,168.0,290.0,154.0,207.0,167.0,4.0,169.0,4.0
111.0,89.0,238.0,21.0,117.0,418.0,35.0,103.0,134.0,120.0,170.0,117.0,59.0,96.0,89.0
133.0,141.0,251.0,24.0,206.0,133.0,46.0,148.0,171.0,137.0,173.0,140.0,89.0,96.0,175.0
104.0,78.0,294.0,19.0,126.0,238.0,40.0,176.0,163.0,165.0,215.0,185.0,77.0,125.0,96.0
152.0,182.0,278.0,30.0,176.0,261.0,58.0,205.0,180.0,151.0,201.0,162.0,109.0,152.0,153.0
319.0,515.0,485.0,106.0,47.0,373.0,9.0,313.0,500.0,296.0,387.0,355.0,33.0,218.0,44.0
73.0,27.0,157.0,8.0,176.0,56.0,32.0,32.0,69.0,67.0,148.0,81.0,48.0,21.0,107.0
156.0,331.0,336.0,35.0,128.0,422.0,42.0,212.0,173.0,197.0,248.0,241.0,77.0,583.0,95.0
273.0,348.0,491.0,80.0,344.0,127.0,222.0,175.0,425.0,304.0,200.0,160.0,336.0,146.0,422.0
233.0,316.0,550.0,65.0,313.0,390.0,199.0,420.0,314.0,346.0,470.0,50.0,288.0,491.0,153.0
246.0,300.0,278.0,60.0,157.0,288.0,52.0,97.0,302.0,151.0,201.0,162.0,145.0,72.0,119.0
104.0,78.0,449.0,87.0,445.0,112.0,274.0,315.0,452.0,256.0,244.0,312.0,408.0,218.0,574.0
126.0,129.0,256.0,27.0,157.0,328.0,50.0,144.0,172.0,141.0,187.0,151.0,92.0,96.0,119.0
176.0,229.0,661.0,51.0,258.0,315.0,119.0,508.0,204.0,411.0,170.0,323.0,238.0,339.0,234.0
176.0,229.0,379.0,45.0,230.0,315.0,99.0,322.0,233.0,188.0,191.0,212.0,202.0,246.0,201.0
115.0,103.0,263.0,27.0,175.0,211.0,61.0,149.0,171.0,141.0,188.0,155.0,102.0,79.0,107.0
126.0,133.0,258.0,29.0,161.0,241.0,53.0,509.0,173.0,144.0,157.0,156.0,101.0,408.0,125.0
158.0,207.0,852.0,49.0,258.0,261.0,82.0,885.0,237.0,595.0,382.0,894.0,171.0,149.0,201.0
259.0,331.0,461.0,97.0,410.0,439.0,247.0,420.0,182.0,278.0,240.0,277.0,419.0,309.0,473.0
73.0,27.0,180.0,6.0,176.0,56.0,62.0,16.0,38.0,67.0,63.0,50.0,19.0,107.0,154.0
71.0,27.0,111.0,6.0,28.0,156.0,2.0,26.0,34.0,63.0,8.0,47.0,5.0,16.0,12.0
97.0,90.0,208.0,16.0,85.0,230.0,29.0,62.0,117.0,108.0,175.0,98.0,46.0,34.0,43.0
270.0,376.0,507.0,133.0,735.0,490.0,222.0,384.0,601.0,311.0,410.0,446.0,380.0,296.0,881.0
130.0,137.0,215.0,17.0,89.0,250.0,30.0,84.0,122.0,112.0,128.0,100.0,46.0,64.0,71.0
156.0,182.0,283.0,34.0,258.0,261.0,75.0,168.0,194.0,156.0,208.0,178.0,149.0,119.0,242.0
102.0,71.0,590.0,67.0,279.0,159.0,138.0,476.0,332.0,411.0,240.0,822.0,284.0,321.0,469.0
241.0,323.0,363.0,70.0,243.0,341.0,99.0,292.0,341.0,230.0,297.0,288.0,196.0,219.0,214.0
233.0,316.0,299.0,65.0,303.0,390.0,171.0,738.0,314.0,223.0,222.0,114.0,284.0,503.0,322.0
129.0,130.0,251.0,23.0,128.0,225.0,42.0,137.0,170.0,136.0,173.0,113.0,76.0,90.0,118.0
233.0,316.0,260.0,65.0,429.0,390.0,67.0,601.0,314.0,144.0,239.0,156.0,139.0,458.0,566.0
123.0,135.0,542.0,56.0,258.0,155.0,139.0,420.0,293.0,200.0,286.0,244.0,264.0,409.0,334.0
167.0,221.0,204.0,11.0,218.0,348.0,19.0,82.0,98.0,99.0,245.0,76.0,33.0,583.0,604.0
81.0,42.0,183.0,7.0,83.0,261.0,23.0,39.0,122.0,76.0,94.0,108.0,42.0,25.0,9.0
152.0,185.0,300.0,60.0,85.0,268.0,147.0,189.0,313.0,203.0,215.0,582.0,269.0,134.0,66.0
214.0,235.0,417.0,58.0,280.0,333.0,148.0,0.0,343.0,264.0,215.0,316.0,269.0,0.0,247.0
182.0,238.0,320.0,49.0,50.0,344.0,15.0,205.0,227.0,188.0,240.0,221.0,33.0,152.0,44.0
123.0,62.0,222.0,23.0,128.0,156.0,39.0,97.0,125.0,132.0,139.0,108.0,68.0,72.0,101.0
156.0,194.0,507.0,114.0,445.0,276.0,254.0,316.0,545.0,306.0,408.0,430.0,524.0,241.0,574.0
252.0,331.0,385.0,77.0,228.0,373.0,222.0,293.0,452.0,247.0,310.0,303.0,336.0,208.0,198.0
160.0,210.0,111.0,3.0,137.0,293.0,46.0,26.0,12.0,42.0,27.0,47.0,89.0,20.0,111.0
73.0,64.0,255.0,25.0,117.0,280.0,45.0,141.0,168.0,139.0,188.0,117.0,92.0,92.0,94.0
375.0,709.0,240.0,21.0,117.0,308.0,37.0,110.0,139.0,129.0,160.0,118.0,68.0,71.0,240.0
124.0,115.0,252.0,25.0,117.0,259.0,35.0,132.0,170.0,138.0,206.0,138.0,92.0,96.0,89.0
181.0,234.0,317.0,49.0,106.0,324.0,35.0,205.0,222.0,188.0,240.0,220.0,204.0,133.0,87.0
77.0,41.0,279.0,8.0,28.0,155.0,6.0,160.0,109.0,153.0,203.0,117.0,26.0,107.0,9.0
287.0,423.0,447.0,95.0,434.0,479.0,253.0,315.0,425.0,273.0,351.0,126.0,438.0,248.0,566.0
156.0,135.0,283.0,34.0,145.0,293.0,50.0,168.0,199.0,154.0,207.0,175.0,149.0,186.0,117.0
104.0,87.0,240.0,21.0,117.0,221.0,35.0,31.0,129.0,129.0,157.0,118.0,59.0,21.0,95.0
264.0,373.0,553.0,80.0,344.0,445.0,222.0,440.0,205.0,247.0,465.0,304.0,336.0,331.0,422.0
111.0,109.0,240.0,15.0,100.0,214.0,23.0,104.0,103.0,105.0,139.0,84.0,42.0,555.0,81.0
133.0,145.0,263.0,29.0,735.0,276.0,65.0,149.0,173.0,147.0,210.0,174.0,102.0,101.0,566.0
86.0,48.0,252.0,45.0,237.0,306.0,107.0,140.0,233.0,144.0,176.0,162.0,176.0,90.0,96.0
139.0,163.0,279.0,30.0,54.0,249.0,18.0,176.0,182.0,154.0,200.0,165.0,36.0,125.0,43.0
156.0,219.0,279.0,35.0,275.0,297.0,82.0,163.0,199.0,156.0,203.0,178.0,158.0,111.0,247.0
140.0,227.0,206.0,16.0,83.0,310.0,23.0,80.0,54.0,106.0,122.0,98.0,42.0,57.0,55.0
202.0,219.0,528.0,57.0,310.0,297.0,165.0,280.0,99.0,306.0,220.0,204.0,259.0,477.0,329.0
84.0,43.0,207.0,14.0,75.0,127.0,19.0,80.0,103.0,106.0,120.0,92.0,40.0,65.0,55.0
115.0,95.0,208.0,23.0,200.0,372.0,70.0,59.0,145.0,101.0,117.0,197.0,76.0,30.0,172.0
112.0,90.0,224.0,21.0,203.0,203.0,35.0,98.0,191.0,120.0,148.0,151.0,59.0,72.0,174.0
92.0,48.0,187.0,15.0,80.0,203.0,23.0,47.0,168.0,82.0,87.0,70.0,42.0,26.0,55.0
104.0,78.0,206.0,19.0,85.0,143.0,40.0,73.0,162.0,106.0,110.0,101.0,92.0,27.0,87.0
206.0,278.0,332.0,51.0,176.0,656.0,61.0,205.0,483.0,193.0,245.0,240.0,238.0,156.0,153.0
156.0,188.0,279.0,32.0,54.0,268.0,18.0,158.0,184.0,154.0,203.0,165.0,108.0,107.0,56.0
182.0,241.0,317.0,49.0,181.0,213.0,65.0,202.0,248.0,188.0,238.0,220.0,92.0,16.0,157.0
154.0,185.0,238.0,33.0,191.0,268.0,69.0,103.0,184.0,120.0,110.0,263.0,140.0,57.0,158.0
100.0,64.0,238.0,17.0,89.0,261.0,30.0,103.0,120.0,129.0,152.0,151.0,47.0,62.0,74.0
163.0,278.0,72.0,35.0,100.0,397.0,46.0,97.0,198.0,156.0,176.0,196.0,102.0,90.0,81.0
212.0,284.0,350.0,63.0,344.0,374.0,222.0,240.0,313.0,213.0,274.0,264.0,336.0,170.0,422.0
264.0,376.0,392.0,80.0,344.0,445.0,222.0,346.0,428.0,252.0,322.0,301.0,336.0,305.0,422.0
95.0,55.0,570.0,15.0,83.0,490.0,23.0,469.0,109.0,403.0,500.0,0.0,42.0,510.0,56.0
182.0,232.0,661.0,45.0,243.0,319.0,95.0,509.0,239.0,188.0,187.0,218.0,195.0,390.0,216.0
257.0,338.0,385.0,73.0,344.0,430.0,222.0,297.0,177.0,247.0,640.0,303.0,336.0,218.0,422.0
81.0,41.0,350.0,11.0,47.0,112.0,13.0,240.0,145.0,197.0,245.0,240.0,33.0,184.0,32.0
124.0,131.0,363.0,25.0,104.0,238.0,33.0,277.0,168.0,120.0,214.0,115.0,92.0,196.0,84.0
273.0,231.0,278.0,30.0,176.0,315.0,61.0,158.0,178.0,151.0,201.0,162.0,116.0,218.0,157.0
257.0,346.0,382.0,73.0,341.0,437.0,220.0,297.0,363.0,246.0,309.0,301.0,334.0,217.0,416.0
154.0,188.0,311.0,34.0,206.0,344.0,75.0,195.0,197.0,184.0,236.0,207.0,145.0,185.0,175.0
147.0,174.0,330.0,51.0,255.0,260.0,107.0,241.0,158.0,193.0,243.0,241.0,238.0,173.0,220.0
84.0,72.0,738.0,15.0,17.0,155.0,19.0,704.0,103.0,103.0,298.0,81.0,40.0,493.0,0.0
152.0,179.0,336.0,33.0,203.0,260.0,76.0,415.0,171.0,199.0,245.0,301.0,149.0,311.0,172.0
125.0,130.0,553.0,27.0,105.0,225.0,48.0,438.0,171.0,154.0,128.0,167.0,90.0,314.0,119.0
212.0,300.0,355.0,65.0,255.0,373.0,99.0,155.0,314.0,223.0,286.0,282.0,284.0,72.0,213.0
83.0,43.0,240.0,15.0,54.0,127.0,16.0,109.0,168.0,129.0,157.0,117.0,40.0,72.0,42.0
152.0,185.0,240.0,30.0,197.0,270.0,58.0,509.0,182.0,129.0,157.0,118.0,102.0,343.0,153.0
152.0,182.0,350.0,70.0,313.0,261.0,188.0,250.0,333.0,214.0,274.0,197.0,288.0,193.0,231.0
163.0,214.0,360.0,307.0,999.0,294.0,999.0,264.0,999.0,225.0,302.0,282.0,999.0,186.0,999.0
154.0,187.0,283.0,33.0,104.0,270.0,33.0,168.0,191.0,156.0,208.0,175.0,52.0,409.0,83.0
257.0,323.0,396.0,77.0,341.0,393.0,220.0,297.0,239.0,247.0,351.0,303.0,334.0,217.0,416.0
428.0,585.0,580.0,185.0,55.0,534.0,5.0,470.0,293.0,404.0,508.0,705.0,888.0,55.0,43.0
163.0,215.0,396.0,36.0,197.0,82.0,76.0,297.0,210.0,252.0,321.0,248.0,171.0,219.0,81.0
126.0,276.0,283.0,27.0,229.0,281.0,92.0,186.0,172.0,154.0,207.0,172.0,181.0,55.0,192.0
126.0,131.0,105.0,27.0,155.0,249.0,50.0,15.0,173.0,144.0,27.0,178.0,92.0,16.0,175.0
429.0,844.0,396.0,217.0,28.0,369.0,0.0,297.0,195.0,416.0,321.0,322.0,10.0,218.0,12.0
211.0,474.0,553.0,57.0,145.0,490.0,50.0,469.0,276.0,425.0,470.0,134.0,95.0,319.0,117.0
376.0,717.0,528.0,140.0,524.0,741.0,274.0,398.0,571.0,322.0,419.0,457.0,419.0,300.0,246.0
375.0,709.0,532.0,143.0,118.0,687.0,444.0,406.0,571.0,347.0,232.0,460.0,678.0,308.0,88.0
233.0,316.0,337.0,65.0,294.0,390.0,166.0,212.0,314.0,201.0,249.0,246.0,273.0,173.0,275.0
167.0,221.0,293.0,38.0,310.0,439.0,184.0,176.0,223.0,167.0,211.0,186.0,175.0,101.0,322.0
111.0,92.0,238.0,20.0,104.0,60.0,35.0,15.0,132.0,120.0,160.0,115.0,55.0,16.0,83.0
91.0,48.0,201.0,14.0,43.0,143.0,6.0,61.0,369.0,92.0,100.0,76.0,26.0,34.0,31.0
152.0,180.0,204.0,33.0,47.0,260.0,9.0,62.0,193.0,154.0,119.0,167.0,128.0,35.0,32.0
103.0,104.0,215.0,19.0,202.0,212.0,75.0,84.0,103.0,114.0,128.0,108.0,155.0,64.0,172.0
163.0,234.0,246.0,23.0,161.0,260.0,45.0,137.0,187.0,132.0,187.0,127.0,76.0,107.0,139.0
270.0,325.0,396.0,86.0,248.0,430.0,101.0,297.0,430.0,269.0,321.0,298.0,369.0,218.0,215.0
105.0,109.0,252.0,22.0,211.0,214.0,78.0,140.0,158.0,129.0,176.0,125.0,70.0,91.0,175.0
322.0,694.0,481.0,109.0,503.0,663.0,274.0,363.0,518.0,296.0,275.0,374.0,524.0,312.0,111.0
140.0,185.0,475.0,29.0,157.0,261.0,52.0,331.0,173.0,300.0,387.0,69.0,97.0,240.0,122.0
114.0,95.0,126.0,22.0,118.0,211.0,38.0,29.0,191.0,129.0,20.0,125.0,70.0,17.0,158.0
81.0,43.0,351.0,11.0,54.0,241.0,18.0,241.0,76.0,227.0,274.0,268.0,35.0,71.0,44.0
181.0,234.0,361.0,46.0,341.0,324.0,99.0,273.0,271.0,227.0,345.0,214.0,200.0,193.0,406.0
244.0,323.0,360.0,70.0,313.0,429.0,198.0,205.0,139.0,227.0,290.0,282.0,291.0,152.0,351.0
187.0,233.0,488.0,51.0,257.0,310.0,121.0,363.0,248.0,300.0,366.0,162.0,252.0,269.0,238.0
233.0,316.0,351.0,65.0,200.0,319.0,75.0,222.0,314.0,214.0,234.0,322.0,284.0,180.0,172.0
123.0,131.0,240.0,24.0,117.0,235.0,35.0,111.0,117.0,137.0,164.0,137.0,77.0,442.0,89.0
77.0,40.0,180.0,8.0,45.0,86.0,6.0,39.0,69.0,81.0,64.0,68.0,26.0,21.0,32.0
311.0,461.0,447.0,91.0,28.0,489.0,4.0,322.0,454.0,273.0,248.0,323.0,19.0,246.0,12.0
206.0,276.0,395.0,56.0,54.0,407.0,18.0,297.0,292.0,199.0,321.0,174.0,259.0,217.0,42.0
80.0,41.0,212.0,11.0,216.0,102.0,16.0,83.0,50.0,108.0,214.0,100.0,33.0,64.0,125.0
196.0,259.0,330.0,51.0,117.0,197.0,99.0,206.0,272.0,192.0,244.0,236.0,200.0,65.0,94.0
180.0,233.0,311.0,49.0,131.0,320.0,101.0,197.0,237.0,184.0,236.0,204.0,200.0,16.0,101.0
295.0,64.0,363.0,95.0,303.0,156.0,170.0,277.0,466.0,273.0,243.0,323.0,276.0,196.0,316.0
138.0,164.0,379.0,70.0,303.0,255.0,188.0,205.0,332.0,252.0,310.0,330.0,288.0,150.0,114.0
111.0,89.0,204.0,21.0,106.0,205.0,35.0,62.0,134.0,99.0,241.0,76.0,59.0,57.0,87.0
256.0,332.0,590.0,182.0,476.0,389.0,262.0,296.0,302.0,403.0,470.0,681.0,726.0,106.0,117.0
133.0,141.0,130.0,6.0,45.0,249.0,7.0,601.0,125.0,61.0,27.0,187.0,25.0,458.0,31.0
70.0,42.0,130.0,6.0,28.0,118.0,4.0,31.0,34.0,61.0,29.0,23.0,12.0,17.0,12.0
257.0,348.0,485.0,80.0,341.0,437.0,220.0,363.0,431.0,296.0,394.0,355.0,334.0,296.0,157.0
205.0,276.0,312.0,55.0,275.0,310.0,139.0,200.0,290.0,185.0,238.0,181.0,264.0,617.0,242.0
147.0,222.0,293.0,32.0,188.0,310.0,61.0,176.0,172.0,154.0,211.0,165.0,123.0,169.0,156.0
100.0,71.0,224.0,17.0,104.0,159.0,34.0,97.0,233.0,112.0,154.0,101.0,47.0,71.0,84.0
183.0,253.0,323.0,50.0,234.0,348.0,106.0,222.0,253.0,176.0,262.0,127.0,211.0,218.0,93.0
103.0,76.0,223.0,18.0,168.0,389.0,50.0,97.0,117.0,113.0,129.0,105.0,92.0,493.0,127.0
485.0,222.0,530.0,183.0,735.0,308.0,444.0,0.0,210.0,358.0,419.0,561.0,923.0,0.0,43.0
206.0,284.0,330.0,51.0,255.0,281.0,107.0,205.0,272.0,192.0,244.0,241.0,214.0,158.0,229.0
83.0,47.0,201.0,13.0,134.0,155.0,45.0,59.0,98.0,92.0,100.0,76.0,35.0,55.0,93.0
244.0,301.0,361.0,70.0,313.0,382.0,199.0,493.0,341.0,230.0,298.0,288.0,291.0,185.0,351.0
181.0,235.0,316.0,45.0,176.0,348.0,95.0,201.0,239.0,188.0,241.0,302.0,200.0,149.0,153.0
126.0,131.0,256.0,25.0,131.0,235.0,50.0,146.0,168.0,137.0,187.0,133.0,92.0,96.0,102.0
196.0,257.0,542.0,51.0,261.0,349.0,121.0,420.0,125.0,193.0,449.0,236.0,239.0,309.0,242.0
375.0,129.0,532.0,143.0,226.0,225.0,48.0,406.0,571.0,347.0,382.0,395.0,678.0,303.0,182.0
314.0,281.0,481.0,97.0,233.0,425.0,5.0,342.0,500.0,296.0,387.0,353.0,464.0,258.0,175.0
271.0,316.0,582.0,86.0,188.0,390.0,76.0,470.0,431.0,408.0,509.0,799.0,190.0,319.0,114.0
212.0,348.0,313.0,97.0,122.0,445.0,39.0,198.0,195.0,278.0,245.0,348.0,59.0,145.0,94.0
266.0,373.0,661.0,80.0,292.0,445.0,138.0,490.0,425.0,374.0,287.0,582.0,238.0,331.0,308.0
178.0,231.0,294.0,45.0,229.0,315.0,94.0,180.0,223.0,165.0,470.0,185.0,195.0,218.0,85.0
167.0,221.0,299.0,38.0,228.0,315.0,85.0,163.0,199.0,174.0,222.0,348.0,176.0,111.0,183.0
96.0,55.0,208.0,16.0,54.0,144.0,4.0,94.0,425.0,107.0,148.0,105.0,45.0,68.0,42.0
271.0,409.0,428.0,87.0,410.0,460.0,237.0,290.0,199.0,271.0,389.0,323.0,406.0,111.0,473.0
257.0,304.0,111.0,38.0,224.0,388.0,85.0,16.0,223.0,25.0,29.0,0.0,175.0,16.0,202.0
154.0,185.0,283.0,33.0,191.0,261.0,69.0,83.0,117.0,156.0,208.0,173.0,140.0,57.0,157.0
232.0,304.0,346.0,57.0,175.0,389.0,139.0,223.0,288.0,201.0,250.0,248.0,264.0,170.0,142.0
330.0,164.0,500.0,117.0,403.0,255.0,367.0,469.0,547.0,304.0,408.0,302.0,588.0,318.0,469.0
205.0,274.0,457.0,96.0,446.0,362.0,258.0,323.0,466.0,275.0,366.0,338.0,450.0,412.0,574.0
154.0,188.0,290.0,34.0,200.0,276.0,62.0,176.0,193.0,156.0,310.0,172.0,145.0,129.0,180.0
0.0,0.0,72.0,0.0,85.0,0.0,30.0,738.0,69.0,0.0,0.0,254.0,46.0,493.0,66.0
311.0,185.0,485.0,97.0,174.0,261.0,274.0,481.0,454.0,296.0,400.0,126.0,515.0,328.0,97.0
139.0,164.0,204.0,16.0,73.0,254.0,19.0,65.0,12.0,107.0,128.0,138.0,42.0,72.0,55.0
100.0,62.0,184.0,16.0,83.0,155.0,24.0,104.0,117.0,107.0,128.0,282.0,43.0,72.0,64.0
181.0,234.0,299.0,38.0,224.0,382.0,83.0,148.0,213.0,174.0,241.0,178.0,174.0,87.0,181.0
103.0,76.0,224.0,20.0,112.0,173.0,35.0,98.0,314.0,120.0,152.0,115.0,54.0,72.0,87.0
256.0,332.0,372.0,70.0,445.0,429.0,254.0,285.0,343.0,230.0,302.0,288.0,444.0,202.0,574.0
241.0,323.0,417.0,96.0,157.0,373.0,52.0,364.0,466.0,275.0,250.0,353.0,97.0,291.0,134.0
73.0,310.0,190.0,7.0,524.0,390.0,5.0,51.0,46.0,84.0,88.0,126.0,23.0,26.0,678.0
104.0,78.0,339.0,17.0,89.0,175.0,32.0,214.0,120.0,115.0,245.0,113.0,49.0,134.0,74.0
212.0,92.0,294.0,29.0,176.0,390.0,59.0,181.0,191.0,167.0,252.0,186.0,109.0,131.0,153.0
81.0,42.0,187.0,11.0,75.0,0.0,16.0,32.0,184.0,85.0,139.0,76.0,33.0,17.0,56.0
273.0,423.0,392.0,80.0,341.0,372.0,220.0,250.0,341.0,252.0,320.0,282.0,334.0,58.0,334.0
375.0,694.0,511.0,140.0,47.0,486.0,13.0,251.0,571.0,319.0,410.0,456.0,656.0,167.0,74.0
123.0,95.0,204.0,16.0,0.0,208.0,26.0,62.0,109.0,99.0,108.0,76.0,44.0,35.0,0.0
111.0,105.0,240.0,21.0,117.0,215.0,35.0,104.0,139.0,129.0,157.0,118.0,59.0,122.0,94.0
157.0,207.0,336.0,45.0,230.0,288.0,86.0,250.0,233.0,197.0,248.0,228.0,176.0,184.0,201.0
102.0,71.0,215.0,17.0,226.0,159.0,83.0,84.0,122.0,112.0,128.0,98.0,174.0,81.0,181.0
154.0,185.0,312.0,51.0,275.0,268.0,107.0,204.0,253.0,187.0,238.0,207.0,212.0,149.0,72.0
183.0,179.0,339.0,50.0,255.0,260.0,107.0,104.0,253.0,198.0,250.0,348.0,212.0,72.0,220.0
157.0,205.0,255.0,35.0,208.0,281.0,75.0,39.0,198.0,156.0,182.0,178.0,155.0,17.0,175.0
163.0,227.0,661.0,38.0,233.0,362.0,92.0,509.0,213.0,176.0,84.0,197.0,181.0,343.0,201.0
314.0,769.0,487.0,109.0,226.0,809.0,276.0,353.0,503.0,296.0,394.0,160.0,529.0,269.0,179.0
71.0,27.0,125.0,6.0,188.0,42.0,80.0,27.0,34.0,58.0,64.0,50.0,33.0,17.0,156.0
181.0,234.0,320.0,46.0,228.0,253.0,80.0,620.0,237.0,188.0,208.0,186.0,196.0,442.0,198.0
123.0,109.0,279.0,33.0,117.0,216.0,45.0,175.0,182.0,154.0,203.0,117.0,73.0,123.0,89.0
377.0,694.0,564.0,182.0,157.0,656.0,48.0,440.0,660.0,403.0,458.0,681.0,70.0,255.0,119.0
156.0,193.0,293.0,34.0,176.0,277.0,70.0,155.0,184.0,156.0,211.0,178.0,145.0,106.0,172.0
206.0,257.0,313.0,56.0,260.0,348.0,99.0,176.0,302.0,199.0,239.0,218.0,204.0,132.0,242.0
139.0,207.0,180.0,29.0,212.0,294.0,62.0,32.0,177.0,147.0,64.0,155.0,83.0,26.0,187.0
244.0,323.0,363.0,70.0,331.0,407.0,217.0,290.0,341.0,230.0,298.0,282.0,291.0,17.0,406.0
211.0,317.0,372.0,77.0,310.0,393.0,217.0,285.0,363.0,247.0,299.0,303.0,331.0,202.0,341.0
236.0,323.0,386.0,70.0,310.0,297.0,174.0,296.0,333.0,246.0,320.0,302.0,288.0,202.0,329.0
156.0,40.0,294.0,36.0,216.0,86.0,78.0,180.0,210.0,165.0,222.0,185.0,158.0,131.0,178.0
157.0,205.0,532.0,35.0,106.0,281.0,35.0,83.0,198.0,347.0,400.0,463.0,155.0,64.0,87.0
205.0,276.0,311.0,51.0,365.0,369.0,217.0,197.0,271.0,188.0,210.0,221.0,331.0,159.0,455.0
73.0,53.0,530.0,7.0,277.0,143.0,5.0,403.0,147.0,71.0,410.0,70.0,23.0,219.0,248.0
232.0,301.0,361.0,67.0,313.0,320.0,199.0,315.0,333.0,227.0,295.0,282.0,288.0,241.0,351.0
111.0,89.0,224.0,20.0,122.0,193.0,39.0,98.0,132.0,120.0,200.0,118.0,55.0,72.0,110.0
70.0,21.0,372.0,6.0,55.0,348.0,16.0,292.0,103.0,67.0,299.0,50.0,10.0,208.0,45.0
160.0,215.0,294.0,36.0,211.0,296.0,78.0,181.0,184.0,167.0,243.0,187.0,161.0,628.0,175.0
100.0,62.0,214.0,17.0,47.0,155.0,9.0,83.0,119.0,108.0,128.0,100.0,33.0,58.0,32.0
171.0,225.0,310.0,41.0,233.0,310.0,75.0,195.0,223.0,182.0,234.0,221.0,127.0,81.0,201.0
146.0,169.0,855.0,51.0,168.0,255.0,54.0,940.0,281.0,871.0,999.0,999.0,238.0,583.0,32.0
81.0,42.0,111.0,16.0,89.0,296.0,32.0,26.0,139.0,106.0,8.0,101.0,47.0,16.0,74.0
105.0,87.0,240.0,20.0,104.0,706.0,33.0,103.0,145.0,129.0,157.0,58.0,54.0,72.0,84.0
270.0,169.0,481.0,86.0,174.0,255.0,58.0,342.0,430.0,296.0,387.0,330.0,406.0,258.0,142.0
125.0,130.0,130.0,15.0,341.0,225.0,217.0,31.0,103.0,85.0,29.0,76.0,331.0,16.0,416.0
288.0,461.0,447.0,95.0,569.0,484.0,276.0,297.0,466.0,273.0,326.0,428.0,444.0,217.0,808.0
233.0,300.0,511.0,60.0,117.0,365.0,98.0,392.0,302.0,316.0,411.0,449.0,273.0,184.0,94.0
259.0,193.0,385.0,78.0,105.0,277.0,99.0,293.0,170.0,247.0,321.0,304.0,380.0,208.0,87.0
86.0,43.0,207.0,14.0,253.0,124.0,19.0,65.0,99.0,92.0,236.0,76.0,36.0,72.0,220.0
270.0,235.0,417.0,86.0,341.0,341.0,220.0,312.0,430.0,264.0,325.0,316.0,334.0,235.0,469.0
271.0,409.0,363.0,56.0,86.0,486.0,129.0,277.0,293.0,243.0,299.0,298.0,260.0,219.0,83.0
114.0,92.0,346.0,30.0,255.0,208.0,79.0,130.0,182.0,202.0,262.0,257.0,161.0,82.0,229.0
202.0,261.0,549.0,183.0,257.0,210.0,119.0,438.0,676.0,381.0,468.0,228.0,260.0,312.0,262.0
163.0,207.0,279.0,36.0,218.0,288.0,82.0,273.0,204.0,154.0,203.0,165.0,156.0,193.0,140.0
428.0,304.0,207.0,183.0,191.0,388.0,67.0,73.0,571.0,374.0,200.0,582.0,136.0,64.0,157.0
76.0,27.0,240.0,23.0,128.0,56.0,42.0,104.0,107.0,130.0,158.0,126.0,76.0,81.0,127.0
156.0,194.0,317.0,29.0,341.0,280.0,220.0,201.0,168.0,188.0,200.0,204.0,334.0,146.0,416.0
182.0,238.0,530.0,50.0,344.0,349.0,222.0,403.0,252.0,82.0,419.0,68.0,209.0,296.0,422.0
104.0,78.0,207.0,19.0,45.0,182.0,7.0,83.0,111.0,112.0,119.0,101.0,54.0,64.0,31.0
206.0,284.0,440.0,56.0,258.0,373.0,127.0,316.0,292.0,275.0,345.0,338.0,259.0,291.0,234.0
375.0,694.0,528.0,140.0,344.0,663.0,222.0,403.0,571.0,322.0,419.0,457.0,336.0,305.0,422.0
156.0,180.0,283.0,34.0,197.0,260.0,75.0,163.0,194.0,154.0,207.0,196.0,150.0,111.0,231.0
95.0,62.0,648.0,217.0,310.0,156.0,171.0,493.0,570.0,416.0,582.0,803.0,726.0,309.0,216.0
229.0,304.0,336.0,63.0,294.0,388.0,166.0,206.0,313.0,197.0,248.0,91.0,273.0,158.0,124.0
999.0,130.0,999.0,999.0,999.0,82.0,999.0,999.0,999.0,999.0,366.0,999.0,999.0,555.0,999.0
160.0,212.0,332.0,36.0,186.0,294.0,78.0,204.0,210.0,165.0,245.0,212.0,158.0,150.0,156.0
181.0,235.0,392.0,46.0,243.0,333.0,99.0,205.0,425.0,252.0,320.0,305.0,200.0,152.0,214.0
178.0,221.0,688.0,50.0,261.0,60.0,107.0,384.0,252.0,247.0,640.0,298.0,209.0,296.0,242.0
146.0,174.0,266.0,31.0,176.0,249.0,61.0,155.0,184.0,154.0,200.0,167.0,122.0,123.0,155.0
103.0,78.0,223.0,19.0,102.0,241.0,35.0,94.0,127.0,114.0,152.0,108.0,55.0,68.0,82.0
156.0,229.0,350.0,41.0,175.0,315.0,61.0,232.0,223.0,182.0,274.0,196.0,116.0,24.0,140.0
123.0,179.0,125.0,16.0,112.0,260.0,33.0,27.0,107.0,58.0,176.0,163.0,52.0,17.0,87.0
233.0,317.0,356.0,65.0,303.0,393.0,171.0,251.0,314.0,223.0,287.0,282.0,284.0,184.0,334.0
156.0,207.0,322.0,35.0,89.0,294.0,32.0,198.0,197.0,185.0,241.0,207.0,128.0,145.0,72.0
196.0,257.0,105.0,33.0,186.0,348.0,18.0,15.0,184.0,154.0,5.0,167.0,123.0,16.0,155.0
156.0,194.0,507.0,51.0,200.0,255.0,75.0,377.0,270.0,191.0,408.0,228.0,150.0,201.0,172.0
130.0,40.0,488.0,112.0,88.0,86.0,29.0,353.0,122.0,300.0,400.0,463.0,264.0,269.0,71.0
91.0,43.0,247.0,16.0,128.0,127.0,45.0,146.0,24.0,112.0,29.0,101.0,47.0,186.0,101.0
126.0,131.0,252.0,27.0,157.0,235.0,53.0,140.0,132.0,140.0,177.0,149.0,101.0,91.0,119.0
256.0,332.0,392.0,80.0,118.0,429.0,38.0,297.0,425.0,252.0,310.0,305.0,70.0,82.0,93.0
181.0,234.0,320.0,46.0,227.0,397.0,85.0,206.0,483.0,188.0,241.0,221.0,190.0,158.0,183.0
111.0,87.0,239.0,21.0,126.0,203.0,35.0,202.0,134.0,128.0,309.0,117.0,55.0,173.0,81.0
115.0,257.0,351.0,20.0,112.0,349.0,35.0,250.0,129.0,120.0,274.0,114.0,55.0,184.0,87.0
232.0,310.0,313.0,45.0,243.0,390.0,99.0,201.0,222.0,188.0,238.0,212.0,204.0,146.0,215.0
132.0,137.0,281.0,29.0,55.0,255.0,75.0,165.0,177.0,153.0,238.0,163.0,103.0,111.0,43.0
181.0,234.0,363.0,51.0,100.0,315.0,32.0,280.0,293.0,228.0,299.0,287.0,238.0,458.0,97.0
237.0,323.0,350.0,63.0,261.0,390.0,126.0,241.0,204.0,213.0,175.0,298.0,273.0,184.0,238.0
112.0,90.0,260.0,22.0,128.0,348.0,42.0,154.0,144.0,129.0,189.0,126.0,70.0,102.0,99.0
156.0,92.0,266.0,35.0,191.0,203.0,78.0,154.0,194.0,156.0,200.0,178.0,156.0,107.0,154.0
114.0,95.0,283.0,22.0,168.0,205.0,54.0,168.0,193.0,156.0,208.0,174.0,70.0,116.0,99.0
257.0,225.0,461.0,71.0,104.0,310.0,33.0,323.0,357.0,243.0,366.0,303.0,27.0,291.0,83.0
84.0,48.0,222.0,14.0,75.0,156.0,22.0,94.0,99.0,112.0,139.0,100.0,43.0,256.0,55.0
129.0,135.0,252.0,25.0,150.0,247.0,50.0,144.0,168.0,138.0,176.0,139.0,92.0,72.0,119.0
123.0,109.0,310.0,24.0,137.0,216.0,46.0,195.0,164.0,137.0,234.0,137.0,89.0,27.0,148.0
236.0,322.0,336.0,51.0,277.0,159.0,119.0,205.0,297.0,196.0,245.0,241.0,238.0,158.0,246.0
206.0,281.0,476.0,87.0,341.0,372.0,237.0,341.0,454.0,269.0,201.0,302.0,406.0,312.0,406.0
104.0,53.0,238.0,20.0,85.0,143.0,28.0,146.0,223.0,120.0,139.0,114.0,45.0,96.0,63.0
80.0,41.0,204.0,11.0,45.0,0.0,0.0,62.0,95.0,25.0,177.0,0.0,36.0,35.0,180.0
154.0,188.0,688.0,35.0,208.0,280.0,78.0,565.0,194.0,160.0,320.0,174.0,156.0,442.0,175.0
75.0,133.0,187.0,7.0,238.0,241.0,7.0,47.0,50.0,82.0,110.0,72.0,25.0,628.0,322.0
125.0,130.0,339.0,97.0,216.0,203.0,82.0,214.0,483.0,296.0,249.0,353.0,177.0,169.0,175.0
105.0,87.0,222.0,20.0,131.0,221.0,43.0,92.0,105.0,120.0,128.0,117.0,54.0,66.0,118.0
182.0,141.0,312.0,50.0,243.0,249.0,99.0,195.0,237.0,188.0,240.0,221.0,202.0,134.0,215.0
374.0,693.0,204.0,7.0,122.0,418.0,5.0,141.0,54.0,57.0,245.0,21.0,25.0,617.0,107.0
181.0,234.0,350.0,56.0,134.0,445.0,45.0,156.0,293.0,213.0,274.0,263.0,84.0,107.0,110.0
212.0,174.0,207.0,58.0,230.0,293.0,188.0,59.0,288.0,106.0,128.0,76.0,288.0,41.0,201.0
104.0,78.0,222.0,18.0,117.0,175.0,35.0,92.0,122.0,113.0,129.0,124.0,59.0,34.0,94.0
103.0,129.0,142.0,18.0,73.0,222.0,19.0,31.0,122.0,113.0,57.0,101.0,40.0,20.0,52.0
288.0,461.0,481.0,109.0,503.0,809.0,274.0,342.0,302.0,300.0,387.0,387.0,524.0,258.0,699.0
288.0,461.0,447.0,95.0,310.0,486.0,253.0,322.0,466.0,273.0,290.0,330.0,444.0,246.0,329.0
241.0,323.0,661.0,153.0,322.0,404.0,213.0,509.0,46.0,358.0,658.0,185.0,726.0,408.0,275.0
154.0,187.0,323.0,51.0,262.0,288.0,121.0,204.0,252.0,196.0,236.0,58.0,239.0,72.0,262.0
288.0,461.0,72.0,95.0,341.0,490.0,213.0,15.0,466.0,25.0,0.0,0.0,316.0,296.0,89.0
157.0,257.0,303.0,35.0,175.0,348.0,58.0,194.0,198.0,176.0,234.0,172.0,155.0,133.0,139.0
146.0,300.0,283.0,30.0,288.0,490.0,217.0,168.0,182.0,153.0,207.0,163.0,331.0,122.0,322.0
122.0,90.0,111.0,6.0,723.0,200.0,444.0,26.0,33.0,58.0,8.0,70.0,12.0,16.0,455.0
246.0,348.0,353.0,97.0,312.0,445.0,253.0,280.0,480.0,278.0,286.0,98.0,500.0,477.0,329.0
330.0,612.0,396.0,133.0,503.0,534.0,274.0,297.0,547.0,311.0,239.0,449.0,726.0,303.0,455.0
114.0,284.0,396.0,36.0,211.0,373.0,78.0,297.0,194.0,269.0,321.0,323.0,158.0,218.0,175.0
123.0,128.0,363.0,70.0,280.0,297.0,148.0,277.0,341.0,238.0,299.0,303.0,269.0,65.0,155.0
139.0,163.0,852.0,97.0,476.0,374.0,262.0,756.0,454.0,275.0,173.0,138.0,464.0,493.0,699.0
83.0,43.0,208.0,15.0,75.0,127.0,23.0,82.0,144.0,105.0,119.0,228.0,42.0,58.0,87.0
102.0,71.0,187.0,18.0,100.0,159.0,32.0,47.0,122.0,82.0,87.0,68.0,51.0,26.0,56.0
134.0,145.0,278.0,29.0,105.0,200.0,35.0,160.0,178.0,151.0,201.0,162.0,113.0,131.0,183.0
232.0,310.0,300.0,64.0,200.0,390.0,78.0,200.0,313.0,176.0,226.0,203.0,276.0,134.0,155.0
333.0,618.0,487.0,128.0,310.0,550.0,180.0,353.0,551.0,296.0,394.0,355.0,590.0,245.0,158.0
268.0,372.0,347.0,85.0,344.0,445.0,222.0,251.0,454.0,197.0,264.0,240.0,344.0,184.0,422.0
140.0,154.0,267.0,33.0,257.0,270.0,121.0,155.0,184.0,154.0,200.0,164.0,239.0,91.0,192.0
156.0,193.0,206.0,16.0,176.0,276.0,18.0,45.0,107.0,107.0,120.0,101.0,35.0,24.0,91.0
319.0,523.0,481.0,109.0,255.0,518.0,276.0,342.0,503.0,296.0,387.0,323.0,529.0,258.0,242.0
205.0,276.0,267.0,53.0,261.0,362.0,121.0,155.0,290.0,199.0,201.0,257.0,252.0,111.0,242.0
266.0,367.0,661.0,243.0,105.0,439.0,35.0,718.0,829.0,521.0,411.0,856.0,923.0,493.0,80.0
375.0,709.0,428.0,140.0,448.0,656.0,261.0,204.0,570.0,322.0,320.0,457.0,656.0,150.0,192.0
237.0,317.0,340.0,70.0,329.0,393.0,217.0,216.0,311.0,214.0,241.0,193.0,288.0,167.0,246.0
244.0,434.0,330.0,70.0,288.0,486.0,170.0,232.0,341.0,214.0,244.0,204.0,284.0,149.0,0.0
214.0,300.0,215.0,58.0,277.0,373.0,143.0,84.0,297.0,112.0,139.0,100.0,269.0,62.0,250.0
244.0,323.0,363.0,70.0,310.0,518.0,213.0,277.0,601.0,238.0,299.0,304.0,316.0,247.0,329.0
124.0,130.0,582.0,33.0,175.0,160.0,58.0,293.0,184.0,411.0,509.0,803.0,108.0,208.0,142.0
167.0,219.0,299.0,38.0,229.0,297.0,86.0,65.0,222.0,174.0,222.0,196.0,176.0,62.0,190.0
103.0,205.0,220.0,19.0,47.0,281.0,9.0,78.0,125.0,115.0,130.0,115.0,26.0,64.0,32.0
129.0,137.0,204.0,29.0,176.0,687.0,58.0,62.0,181.0,176.0,108.0,197.0,101.0,72.0,153.0
157.0,235.0,294.0,35.0,200.0,306.0,78.0,176.0,205.0,156.0,203.0,186.0,156.0,122.0,173.0
146.0,173.0,457.0,30.0,174.0,256.0,58.0,323.0,168.0,275.0,366.0,346.0,109.0,248.0,157.0
206.0,225.0,507.0,56.0,279.0,310.0,147.0,377.0,296.0,213.0,410.0,263.0,269.0,321.0,142.0
121.0,104.0,252.0,23.0,131.0,215.0,43.0,141.0,127.0,137.0,175.0,133.0,77.0,180.0,101.0
120.0,105.0,549.0,97.0,288.0,212.0,261.0,420.0,483.0,356.0,468.0,138.0,494.0,131.0,297.0
80.0,41.0,738.0,36.0,145.0,103.0,35.0,620.0,314.0,660.0,758.0,799.0,256.0,491.0,119.0
176.0,229.0,580.0,183.0,175.0,308.0,59.0,420.0,676.0,404.0,508.0,803.0,109.0,309.0,198.0
147.0,185.0,72.0,32.0,184.0,254.0,61.0,83.0,184.0,25.0,0.0,0.0,122.0,64.0,155.0
73.0,41.0,179.0,7.0,28.0,86.0,5.0,39.0,313.0,75.0,63.0,81.0,23.0,16.0,12.0
224.0,304.0,648.0,80.0,344.0,388.0,222.0,493.0,363.0,411.0,681.0,799.0,336.0,333.0,422.0
259.0,338.0,457.0,97.0,446.0,430.0,261.0,323.0,103.0,275.0,366.0,162.0,450.0,314.0,678.0
70.0,89.0,142.0,6.0,132.0,294.0,35.0,31.0,197.0,58.0,91.0,25.0,59.0,17.0,111.0
104.0,89.0,224.0,19.0,117.0,191.0,35.0,481.0,127.0,120.0,149.0,115.0,55.0,328.0,89.0
232.0,488.0,126.0,64.0,277.0,490.0,143.0,29.0,313.0,137.0,27.0,138.0,276.0,68.0,247.0
92.0,36.0,212.0,16.0,73.0,56.0,19.0,83.0,117.0,108.0,126.0,98.0,40.0,12.0,134.0
71.0,27.0,126.0,6.0,151.0,56.0,2.0,29.0,34.0,63.0,27.0,47.0,5.0,21.0,119.0
212.0,323.0,339.0,58.0,277.0,425.0,143.0,197.0,296.0,201.0,222.0,264.0,269.0,145.0,250.0
270.0,376.0,438.0,86.0,262.0,445.0,230.0,315.0,425.0,271.0,338.0,323.0,369.0,137.0,246.0
428.0,756.0,530.0,96.0,174.0,362.0,261.0,403.0,466.0,275.0,402.0,298.0,444.0,305.0,178.0
167.0,212.0,300.0,38.0,0.0,294.0,2.0,187.0,222.0,174.0,222.0,197.0,175.0,133.0,0.0
270.0,391.0,550.0,67.0,310.0,460.0,172.0,392.0,127.0,223.0,470.0,280.0,284.0,107.0,329.0
83.0,27.0,414.0,14.0,176.0,56.0,19.0,306.0,103.0,265.0,326.0,185.0,36.0,218.0,153.0
167.0,219.0,336.0,38.0,212.0,297.0,78.0,214.0,194.0,199.0,249.0,244.0,174.0,186.0,175.0
156.0,200.0,111.0,35.0,203.0,280.0,82.0,130.0,197.0,156.0,5.0,178.0,168.0,87.0,175.0
102.0,71.0,351.0,21.0,117.0,160.0,35.0,241.0,271.0,213.0,310.0,126.0,59.0,173.0,91.0
156.0,709.0,290.0,34.0,216.0,288.0,80.0,176.0,193.0,156.0,210.0,178.0,168.0,125.0,131.0
113.0,90.0,300.0,21.0,102.0,210.0,38.0,187.0,139.0,129.0,230.0,118.0,51.0,133.0,81.0
121.0,154.0,240.0,23.0,131.0,253.0,43.0,111.0,158.0,140.0,164.0,149.0,77.0,77.0,102.0
124.0,131.0,339.0,185.0,344.0,220.0,203.0,216.0,400.0,381.0,250.0,105.0,303.0,167.0,422.0
246.0,317.0,657.0,70.0,312.0,393.0,198.0,493.0,332.0,228.0,597.0,280.0,288.0,333.0,334.0
104.0,78.0,488.0,18.0,117.0,155.0,38.0,353.0,122.0,300.0,234.0,374.0,70.0,269.0,93.0
124.0,129.0,438.0,25.0,131.0,238.0,43.0,316.0,184.0,271.0,338.0,323.0,92.0,218.0,111.0
205.0,276.0,336.0,51.0,253.0,341.0,119.0,206.0,281.0,197.0,241.0,241.0,238.0,158.0,11.0
163.0,214.0,142.0,5.0,174.0,297.0,58.0,31.0,46.0,67.0,63.0,70.0,92.0,21.0,131.0
113.0,90.0,240.0,21.0,123.0,203.0,32.0,109.0,139.0,129.0,157.0,72.0,54.0,81.0,97.0
122.0,106.0,251.0,24.0,155.0,214.0,45.0,78.0,210.0,137.0,175.0,126.0,85.0,81.0,119.0
126.0,131.0,111.0,6.0,0.0,235.0,0.0,27.0,213.0,165.0,13.0,165.0,0.0,510.0,0.0
256.0,332.0,382.0,77.0,176.0,429.0,58.0,481.0,425.0,246.0,309.0,302.0,108.0,331.0,153.0
104.0,78.0,738.0,19.0,161.0,188.0,33.0,738.0,127.0,153.0,758.0,163.0,54.0,496.0,125.0
241.0,338.0,336.0,70.0,105.0,429.0,33.0,206.0,333.0,197.0,654.0,241.0,288.0,158.0,87.0
126.0,130.0,208.0,27.0,174.0,277.0,58.0,73.0,171.0,137.0,122.0,133.0,103.0,55.0,140.0
97.0,21.0,224.0,16.0,73.0,143.0,19.0,98.0,117.0,120.0,152.0,115.0,46.0,131.0,54.0
130.0,137.0,340.0,27.0,145.0,235.0,50.0,137.0,170.0,200.0,257.0,231.0,97.0,186.0,142.0
287.0,423.0,449.0,95.0,176.0,491.0,61.0,322.0,518.0,275.0,408.0,338.0,122.0,62.0,148.0
256.0,332.0,374.0,71.0,569.0,429.0,45.0,290.0,357.0,243.0,307.0,304.0,85.0,205.0,808.0
160.0,207.0,449.0,36.0,228.0,297.0,61.0,363.0,210.0,275.0,321.0,387.0,122.0,269.0,183.0
158.0,207.0,657.0,41.0,188.0,281.0,67.0,493.0,222.0,182.0,449.0,124.0,136.0,333.0,156.0
270.0,376.0,411.0,86.0,446.0,460.0,261.0,509.0,425.0,264.0,325.0,178.0,369.0,271.0,574.0
152.0,187.0,256.0,29.0,177.0,270.0,61.0,155.0,193.0,139.0,207.0,140.0,128.0,106.0,154.0
115.0,104.0,223.0,15.0,75.0,212.0,22.0,490.0,158.0,105.0,129.0,84.0,40.0,318.0,242.0
271.0,403.0,507.0,87.0,446.0,521.0,237.0,377.0,296.0,271.0,410.0,322.0,406.0,292.0,574.0
111.0,78.0,361.0,21.0,54.0,175.0,16.0,175.0,198.0,106.0,302.0,92.0,33.0,123.0,42.0
168.0,225.0,240.0,38.0,226.0,310.0,83.0,200.0,223.0,176.0,176.0,204.0,174.0,145.0,181.0
271.0,403.0,447.0,91.0,410.0,460.0,237.0,154.0,454.0,273.0,351.0,323.0,429.0,88.0,469.0
196.0,233.0,317.0,51.0,344.0,328.0,106.0,83.0,271.0,190.0,240.0,221.0,211.0,68.0,422.0
206.0,278.0,688.0,56.0,257.0,373.0,121.0,532.0,292.0,144.0,654.0,164.0,259.0,408.0,173.0
241.0,323.0,353.0,66.0,83.0,280.0,19.0,205.0,139.0,199.0,257.0,249.0,288.0,150.0,87.0
129.0,135.0,256.0,27.0,126.0,241.0,40.0,141.0,171.0,141.0,187.0,158.0,101.0,92.0,99.0
158.0,205.0,238.0,20.0,112.0,254.0,35.0,459.0,232.0,120.0,152.0,115.0,55.0,408.0,87.0
167.0,219.0,330.0,51.0,260.0,297.0,126.0,32.0,271.0,192.0,244.0,304.0,214.0,21.0,240.0
295.0,225.0,457.0,97.0,217.0,310.0,80.0,290.0,270.0,275.0,366.0,323.0,408.0,193.0,175.0
206.0,284.0,312.0,45.0,233.0,373.0,95.0,738.0,227.0,187.0,238.0,178.0,195.0,205.0,247.0
410.0,756.0,657.0,217.0,999.0,491.0,598.0,509.0,184.0,425.0,640.0,115.0,905.0,241.0,999.0
146.0,180.0,582.0,30.0,176.0,260.0,61.0,470.0,182.0,408.0,286.0,428.0,122.0,319.0,153.0
158.0,207.0,111.0,6.0,83.0,288.0,0.0,26.0,33.0,25.0,5.0,0.0,0.0,16.0,246.0
212.0,300.0,126.0,58.0,277.0,293.0,147.0,29.0,296.0,58.0,179.0,50.0,269.0,17.0,238.0
104.0,78.0,223.0,19.0,54.0,182.0,18.0,94.0,120.0,114.0,88.0,108.0,54.0,71.0,44.0
316.0,515.0,348.0,58.0,278.0,491.0,147.0,141.0,297.0,202.0,272.0,190.0,269.0,90.0,262.0
137.0,284.0,278.0,30.0,218.0,373.0,78.0,175.0,168.0,151.0,201.0,162.0,158.0,123.0,180.0
126.0,131.0,105.0,3.0,202.0,255.0,5.0,32.0,425.0,42.0,5.0,124.0,36.0,17.0,172.0
100.0,62.0,299.0,17.0,88.0,156.0,23.0,187.0,69.0,156.0,222.0,181.0,47.0,133.0,71.0
205.0,276.0,532.0,55.0,128.0,382.0,45.0,406.0,293.0,347.0,158.0,446.0,92.0,305.0,158.0
330.0,585.0,500.0,117.0,228.0,706.0,94.0,476.0,545.0,304.0,408.0,423.0,177.0,314.0,190.0
338.0,367.0,500.0,117.0,157.0,221.0,52.0,490.0,545.0,304.0,408.0,582.0,583.0,331.0,187.0
73.0,27.0,190.0,6.0,45.0,82.0,6.0,62.0,38.0,61.0,179.0,25.0,19.0,35.0,32.0
146.0,174.0,311.0,41.0,47.0,259.0,5.0,197.0,223.0,184.0,236.0,204.0,19.0,131.0,187.0
100.0,323.0,214.0,17.0,89.0,430.0,32.0,84.0,119.0,108.0,128.0,98.0,47.0,65.0,74.0
123.0,71.0,701.0,24.0,137.0,160.0,39.0,572.0,163.0,275.0,758.0,470.0,73.0,442.0,93.0
205.0,276.0,346.0,57.0,524.0,372.0,274.0,392.0,302.0,201.0,203.0,248.0,264.0,303.0,574.0
91.0,48.0,142.0,6.0,248.0,143.0,99.0,31.0,33.0,63.0,57.0,47.0,202.0,21.0,218.0
288.0,461.0,461.0,95.0,429.0,486.0,254.0,327.0,466.0,275.0,465.0,330.0,444.0,248.0,566.0
132.0,131.0,207.0,29.0,260.0,235.0,121.0,80.0,178.0,106.0,117.0,92.0,252.0,81.0,238.0
104.0,78.0,550.0,19.0,83.0,159.0,35.0,15.0,120.0,368.0,470.0,582.0,55.0,72.0,77.0
104.0,78.0,223.0,19.0,105.0,255.0,35.0,94.0,122.0,114.0,139.0,108.0,59.0,88.0,89.0
104.0,182.0,251.0,19.0,88.0,261.0,33.0,144.0,134.0,115.0,149.0,705.0,52.0,95.0,190.0
178.0,241.0,353.0,45.0,226.0,362.0,83.0,299.0,222.0,185.0,286.0,133.0,204.0,555.0,182.0
122.0,89.0,246.0,24.0,131.0,197.0,45.0,130.0,270.0,132.0,170.0,98.0,84.0,82.0,32.0
124.0,128.0,252.0,25.0,155.0,154.0,50.0,144.0,168.0,138.0,176.0,175.0,92.0,95.0,119.0
232.0,300.0,356.0,51.0,253.0,382.0,107.0,363.0,272.0,191.0,310.0,228.0,212.0,271.0,216.0
100.0,64.0,214.0,17.0,104.0,160.0,35.0,115.0,122.0,108.0,128.0,101.0,55.0,57.0,80.0
182.0,229.0,323.0,50.0,217.0,308.0,82.0,204.0,302.0,190.0,241.0,221.0,209.0,167.0,192.0
71.0,27.0,356.0,6.0,28.0,56.0,2.0,259.0,33.0,223.0,230.0,348.0,12.0,510.0,11.0
126.0,131.0,260.0,25.0,112.0,247.0,35.0,148.0,168.0,138.0,188.0,138.0,92.0,96.0,101.0
241.0,325.0,440.0,91.0,277.0,422.0,139.0,316.0,454.0,273.0,351.0,323.0,264.0,179.0,248.0
122.0,106.0,240.0,24.0,132.0,214.0,46.0,90.0,164.0,129.0,164.0,126.0,83.0,65.0,107.0
77.0,41.0,126.0,6.0,17.0,193.0,2.0,29.0,34.0,61.0,29.0,92.0,5.0,17.0,87.0
202.0,284.0,385.0,53.0,278.0,373.0,143.0,296.0,290.0,214.0,187.0,240.0,269.0,218.0,126.0
182.0,222.0,317.0,49.0,117.0,308.0,86.0,225.0,239.0,188.0,238.0,173.0,204.0,275.0,94.0
160.0,115.0,263.0,36.0,252.0,220.0,106.0,160.0,199.0,167.0,165.0,186.0,168.0,134.0,215.0
102.0,64.0,252.0,20.0,106.0,159.0,35.0,132.0,147.0,137.0,177.0,323.0,55.0,412.0,87.0
146.0,174.0,300.0,30.0,344.0,260.0,121.0,146.0,54.0,153.0,225.0,163.0,239.0,96.0,422.0
160.0,235.0,507.0,41.0,237.0,324.0,98.0,384.0,223.0,306.0,408.0,457.0,196.0,305.0,25.0
257.0,323.0,385.0,77.0,341.0,407.0,220.0,293.0,400.0,247.0,182.0,303.0,334.0,208.0,25.0
306.0,95.0,447.0,91.0,275.0,241.0,147.0,322.0,454.0,273.0,203.0,323.0,269.0,256.0,341.0
156.0,173.0,240.0,20.0,112.0,256.0,35.0,110.0,132.0,129.0,154.0,125.0,55.0,76.0,74.0
412.0,764.0,550.0,159.0,211.0,255.0,78.0,420.0,601.0,358.0,298.0,580.0,158.0,271.0,175.0
154.0,185.0,294.0,36.0,257.0,268.0,119.0,180.0,195.0,166.0,275.0,186.0,259.0,130.0,88.0
196.0,63.0,326.0,51.0,212.0,155.0,82.0,508.0,270.0,192.0,243.0,236.0,171.0,331.0,175.0
157.0,203.0,661.0,13.0,73.0,281.0,19.0,509.0,103.0,524.0,640.0,856.0,40.0,408.0,127.0
330.0,590.0,224.0,117.0,132.0,479.0,45.0,15.0,547.0,304.0,120.0,323.0,583.0,256.0,107.0
235.0,320.0,311.0,65.0,226.0,362.0,33.0,206.0,314.0,223.0,232.0,277.0,284.0,193.0,175.0
319.0,200.0,507.0,109.0,403.0,280.0,276.0,363.0,547.0,300.0,408.0,387.0,529.0,271.0,469.0
129.0,55.0,283.0,65.0,310.0,143.0,172.0,168.0,314.0,223.0,187.0,282.0,284.0,131.0,329.0
146.0,173.0,105.0,248.0,261.0,256.0,121.0,16.0,829.0,524.0,8.0,561.0,238.0,16.0,242.0
485.0,115.0,661.0,243.0,524.0,216.0,274.0,509.0,858.0,521.0,658.0,856.0,464.0,408.0,574.0
191.0,253.0,330.0,51.0,257.0,348.0,107.0,205.0,270.0,190.0,244.0,221.0,212.0,152.0,231.0
123.0,109.0,251.0,24.0,137.0,221.0,46.0,39.0,139.0,137.0,173.0,137.0,89.0,24.0,111.0
154.0,188.0,283.0,33.0,191.0,259.0,69.0,885.0,194.0,154.0,207.0,172.0,140.0,491.0,183.0
137.0,130.0,263.0,29.0,175.0,241.0,58.0,149.0,178.0,147.0,188.0,151.0,108.0,96.0,155.0
271.0,406.0,417.0,86.0,75.0,468.0,226.0,312.0,518.0,265.0,298.0,317.0,369.0,240.0,54.0
224.0,304.0,346.0,57.0,277.0,388.0,139.0,223.0,270.0,201.0,257.0,248.0,264.0,159.0,238.0
202.0,284.0,298.0,51.0,261.0,358.0,121.0,192.0,288.0,167.0,225.0,186.0,252.0,185.0,246.0
102.0,71.0,214.0,17.0,86.0,160.0,29.0,323.0,98.0,108.0,128.0,100.0,46.0,255.0,69.0
156.0,188.0,283.0,34.0,248.0,270.0,75.0,168.0,187.0,156.0,207.0,178.0,149.0,122.0,216.0
76.0,78.0,184.0,8.0,313.0,175.0,247.0,45.0,54.0,80.0,84.0,105.0,419.0,292.0,331.0
270.0,423.0,414.0,86.0,243.0,479.0,39.0,620.0,431.0,265.0,326.0,317.0,161.0,628.0,218.0
182.0,235.0,267.0,30.0,168.0,333.0,54.0,156.0,177.0,151.0,200.0,162.0,109.0,107.0,127.0
241.0,323.0,379.0,70.0,200.0,404.0,106.0,225.0,333.0,243.0,175.0,298.0,288.0,170.0,172.0
126.0,130.0,347.0,23.0,98.0,230.0,32.0,214.0,168.0,130.0,264.0,126.0,76.0,296.0,77.0
120.0,105.0,348.0,67.0,262.0,213.0,127.0,232.0,204.0,207.0,272.0,323.0,288.0,241.0,250.0
125.0,130.0,530.0,36.0,211.0,213.0,78.0,403.0,204.0,223.0,419.0,212.0,161.0,390.0,175.0
257.0,179.0,382.0,73.0,191.0,260.0,217.0,704.0,330.0,246.0,309.0,301.0,330.0,503.0,134.0
154.0,188.0,240.0,34.0,191.0,319.0,70.0,109.0,193.0,129.0,157.0,118.0,145.0,213.0,160.0
80.0,41.0,224.0,11.0,45.0,101.0,9.0,98.0,109.0,120.0,320.0,117.0,33.0,72.0,69.0
152.0,182.0,316.0,33.0,189.0,261.0,67.0,202.0,187.0,185.0,248.0,220.0,139.0,148.0,157.0
338.0,618.0,549.0,133.0,312.0,490.0,171.0,469.0,292.0,311.0,468.0,446.0,284.0,318.0,331.0
103.0,76.0,738.0,18.0,100.0,154.0,33.0,620.0,129.0,113.0,298.0,105.0,52.0,555.0,80.0
257.0,323.0,661.0,71.0,341.0,259.0,217.0,509.0,341.0,408.0,250.0,175.0,331.0,412.0,334.0
103.0,63.0,281.0,36.0,216.0,156.0,80.0,299.0,204.0,166.0,225.0,186.0,168.0,218.0,178.0
182.0,257.0,0.0,0.0,168.0,348.0,54.0,0.0,0.0,0.0,0.0,428.0,97.0,0.0,131.0
202.0,261.0,511.0,133.0,43.0,362.0,274.0,391.0,570.0,316.0,411.0,446.0,524.0,300.0,25.0
133.0,141.0,294.0,29.0,211.0,249.0,78.0,181.0,173.0,165.0,215.0,133.0,102.0,131.0,175.0
101.0,64.0,350.0,17.0,83.0,312.0,24.0,241.0,173.0,112.0,274.0,100.0,44.0,291.0,55.0
246.0,325.0,356.0,70.0,278.0,439.0,226.0,259.0,330.0,223.0,286.0,298.0,303.0,72.0,201.0
158.0,205.0,207.0,35.0,212.0,289.0,62.0,16.0,197.0,165.0,117.0,186.0,195.0,16.0,107.0
138.0,130.0,215.0,17.0,98.0,225.0,32.0,83.0,122.0,112.0,128.0,165.0,48.0,25.0,77.0
210.0,284.0,326.0,51.0,257.0,362.0,107.0,32.0,676.0,191.0,243.0,228.0,212.0,21.0,201.0
181.0,233.0,351.0,45.0,197.0,320.0,99.0,250.0,0.0,214.0,286.0,288.0,200.0,186.0,30.0
87.0,48.0,208.0,15.0,188.0,143.0,67.0,59.0,292.0,105.0,122.0,84.0,136.0,41.0,74.0
81.0,42.0,187.0,11.0,45.0,103.0,15.0,51.0,122.0,83.0,94.0,72.0,33.0,30.0,30.0
333.0,372.0,570.0,128.0,429.0,445.0,530.0,469.0,551.0,411.0,500.0,705.0,624.0,305.0,566.0
115.0,103.0,386.0,78.0,415.0,211.0,198.0,293.0,178.0,247.0,320.0,302.0,330.0,208.0,158.0
202.0,261.0,855.0,51.0,258.0,373.0,121.0,940.0,281.0,196.0,999.0,236.0,239.0,57.0,234.0
113.0,90.0,240.0,21.0,202.0,203.0,75.0,205.0,139.0,129.0,157.0,118.0,150.0,152.0,173.0
100.0,63.0,246.0,23.0,128.0,156.0,38.0,124.0,163.0,132.0,154.0,92.0,83.0,193.0,99.0
211.0,188.0,346.0,57.0,275.0,277.0,139.0,155.0,313.0,201.0,261.0,248.0,264.0,64.0,250.0
330.0,278.0,488.0,112.0,242.0,369.0,99.0,358.0,457.0,304.0,400.0,280.0,200.0,312.0,215.0
154.0,188.0,256.0,34.0,165.0,281.0,53.0,144.0,193.0,156.0,187.0,186.0,101.0,95.0,126.0
100.0,62.0,224.0,20.0,122.0,155.0,39.0,98.0,120.0,120.0,200.0,114.0,54.0,71.0,94.0
205.0,276.0,322.0,53.0,112.0,362.0,50.0,197.0,292.0,202.0,241.0,257.0,49.0,145.0,190.0
338.0,693.0,580.0,114.0,45.0,486.0,367.0,470.0,311.0,403.0,483.0,799.0,583.0,318.0,31.0
100.0,62.0,311.0,14.0,47.0,156.0,13.0,572.0,99.0,184.0,366.0,207.0,36.0,269.0,42.0
100.0,62.0,207.0,17.0,104.0,156.0,34.0,62.0,120.0,114.0,119.0,114.0,47.0,35.0,84.0
205.0,276.0,336.0,53.0,261.0,498.0,119.0,206.0,288.0,202.0,248.0,254.0,256.0,185.0,240.0
375.0,694.0,461.0,140.0,312.0,534.0,188.0,327.0,571.0,322.0,290.0,457.0,656.0,248.0,331.0
157.0,205.0,336.0,51.0,253.0,281.0,119.0,206.0,270.0,197.0,245.0,241.0,219.0,158.0,220.0
316.0,515.0,550.0,133.0,89.0,491.0,237.0,431.0,158.0,311.0,483.0,456.0,406.0,218.0,74.0
333.0,618.0,337.0,104.0,341.0,484.0,217.0,313.0,601.0,198.0,249.0,241.0,330.0,240.0,404.0
139.0,163.0,278.0,30.0,262.0,253.0,82.0,160.0,184.0,151.0,201.0,162.0,174.0,101.0,240.0
235.0,317.0,528.0,60.0,47.0,393.0,148.0,353.0,302.0,247.0,408.0,304.0,270.0,256.0,31.0
114.0,89.0,311.0,80.0,344.0,193.0,222.0,197.0,425.0,246.0,208.0,301.0,336.0,145.0,422.0
288.0,434.0,440.0,95.0,161.0,484.0,258.0,315.0,457.0,278.0,299.0,353.0,450.0,309.0,160.0
97.0,56.0,208.0,16.0,86.0,155.0,29.0,82.0,117.0,106.0,122.0,95.0,46.0,58.0,122.0
156.0,187.0,283.0,34.0,176.0,270.0,75.0,198.0,195.0,156.0,208.0,178.0,149.0,169.0,153.0
154.0,0.0,283.0,33.0,197.0,0.0,75.0,168.0,184.0,156.0,208.0,173.0,149.0,111.0,153.0
167.0,221.0,298.0,38.0,227.0,296.0,85.0,198.0,195.0,174.0,286.0,193.0,175.0,137.0,157.0
169.0,141.0,386.0,41.0,229.0,249.0,92.0,296.0,222.0,176.0,320.0,197.0,190.0,208.0,198.0
196.0,257.0,330.0,51.0,228.0,390.0,85.0,202.0,163.0,193.0,244.0,236.0,155.0,62.0,183.0
0.0,0.0,267.0,0.0,216.0,0.0,40.0,97.0,111.0,150.0,200.0,160.0,0.0,65.0,180.0
77.0,41.0,111.0,3.0,15.0,220.0,1.0,26.0,12.0,42.0,0.0,282.0,4.0,17.0,4.0
268.0,372.0,351.0,78.0,243.0,445.0,5.0,232.0,425.0,214.0,249.0,303.0,284.0,158.0,187.0
105.0,55.0,355.0,20.0,83.0,143.0,24.0,214.0,129.0,223.0,286.0,164.0,54.0,167.0,63.0
113.0,90.0,240.0,21.0,253.0,118.0,105.0,124.0,139.0,129.0,157.0,118.0,309.0,107.0,247.0
115.0,90.0,239.0,23.0,126.0,212.0,35.0,104.0,144.0,129.0,154.0,125.0,73.0,72.0,97.0
377.0,709.0,536.0,148.0,258.0,741.0,99.0,885.0,660.0,347.0,458.0,470.0,200.0,510.0,234.0
183.0,253.0,355.0,65.0,216.0,348.0,170.0,251.0,314.0,223.0,307.0,277.0,284.0,184.0,182.0
182.0,253.0,299.0,46.0,258.0,348.0,108.0,187.0,239.0,174.0,222.0,196.0,196.0,133.0,566.0
156.0,21.0,312.0,36.0,218.0,87.0,79.0,200.0,98.0,167.0,239.0,186.0,154.0,145.0,181.0
306.0,423.0,294.0,36.0,310.0,227.0,174.0,181.0,158.0,166.0,199.0,186.0,158.0,131.0,329.0
210.0,284.0,300.0,57.0,131.0,373.0,139.0,194.0,302.0,201.0,226.0,248.0,264.0,145.0,101.0
252.0,338.0,385.0,77.0,331.0,425.0,217.0,293.0,347.0,247.0,298.0,305.0,331.0,208.0,404.0
273.0,185.0,223.0,15.0,128.0,261.0,42.0,94.0,103.0,101.0,252.0,125.0,40.0,68.0,64.0
160.0,212.0,298.0,36.0,89.0,294.0,83.0,192.0,195.0,167.0,211.0,705.0,167.0,134.0,72.0
134.0,145.0,204.0,29.0,174.0,250.0,58.0,73.0,199.0,156.0,110.0,172.0,108.0,57.0,126.0
330.0,612.0,491.0,112.0,253.0,143.0,106.0,358.0,480.0,304.0,400.0,257.0,238.0,269.0,220.0
152.0,179.0,457.0,104.0,89.0,238.0,276.0,323.0,501.0,275.0,366.0,178.0,529.0,247.0,71.0
100.0,42.0,215.0,17.0,80.0,118.0,23.0,84.0,127.0,112.0,126.0,100.0,47.0,58.0,55.0
202.0,261.0,353.0,51.0,261.0,460.0,121.0,508.0,145.0,193.0,250.0,236.0,252.0,71.0,247.0
311.0,423.0,476.0,97.0,15.0,468.0,1.0,341.0,503.0,293.0,382.0,346.0,25.0,107.0,11.0
330.0,403.0,476.0,117.0,429.0,491.0,339.0,341.0,103.0,304.0,389.0,325.0,583.0,256.0,566.0
92.0,43.0,208.0,15.0,310.0,127.0,148.0,83.0,109.0,106.0,122.0,236.0,68.0,64.0,331.0
114.0,92.0,240.0,23.0,117.0,203.0,43.0,115.0,163.0,129.0,160.0,126.0,76.0,81.0,89.0
104.0,461.0,223.0,20.0,174.0,486.0,58.0,94.0,109.0,114.0,158.0,138.0,156.0,68.0,156.0
113.0,90.0,240.0,21.0,73.0,203.0,19.0,109.0,139.0,129.0,157.0,133.0,40.0,62.0,43.0
115.0,95.0,240.0,23.0,176.0,155.0,61.0,110.0,144.0,129.0,160.0,108.0,73.0,72.0,153.0
86.0,47.0,271.0,12.0,47.0,133.0,15.0,141.0,233.0,150.0,250.0,156.0,36.0,91.0,32.0
133.0,141.0,348.0,29.0,174.0,249.0,58.0,259.0,173.0,147.0,272.0,158.0,102.0,185.0,119.0
123.0,103.0,240.0,25.0,112.0,213.0,35.0,103.0,144.0,138.0,170.0,138.0,55.0,149.0,87.0
126.0,131.0,252.0,27.0,80.0,220.0,23.0,176.0,171.0,141.0,177.0,323.0,42.0,129.0,55.0
115.0,95.0,549.0,23.0,105.0,211.0,45.0,420.0,103.0,130.0,468.0,127.0,92.0,311.0,85.0
237.0,89.0,514.0,153.0,446.0,191.0,237.0,384.0,638.0,319.0,414.0,241.0,726.0,196.0,574.0
126.0,135.0,999.0,43.0,191.0,241.0,67.0,999.0,120.0,184.0,654.0,207.0,136.0,999.0,157.0
102.0,71.0,337.0,8.0,0.0,159.0,0.0,206.0,69.0,198.0,250.0,241.0,27.0,149.0,0.0
77.0,41.0,346.0,36.0,434.0,102.0,171.0,223.0,33.0,165.0,243.0,228.0,309.0,170.0,566.0
202.0,249.0,316.0,45.0,83.0,348.0,23.0,201.0,232.0,188.0,240.0,197.0,42.0,148.0,55.0
183.0,249.0,348.0,50.0,233.0,521.0,106.0,232.0,213.0,190.0,272.0,240.0,211.0,184.0,201.0
156.0,205.0,290.0,34.0,202.0,288.0,75.0,280.0,194.0,156.0,208.0,162.0,150.0,201.0,172.0
152.0,185.0,303.0,33.0,188.0,270.0,67.0,194.0,180.0,176.0,222.0,203.0,136.0,133.0,156.0
187.0,219.0,323.0,51.0,252.0,297.0,105.0,204.0,122.0,192.0,245.0,228.0,211.0,134.0,218.0
154.0,188.0,257.0,27.0,165.0,341.0,54.0,148.0,171.0,141.0,187.0,162.0,101.0,101.0,126.0
266.0,229.0,396.0,97.0,112.0,315.0,35.0,297.0,500.0,275.0,322.0,322.0,450.0,218.0,55.0
375.0,709.0,536.0,137.0,344.0,663.0,261.0,403.0,568.0,347.0,458.0,463.0,500.0,303.0,422.0
211.0,259.0,255.0,58.0,278.0,293.0,147.0,141.0,296.0,139.0,389.0,140.0,269.0,95.0,215.0
202.0,261.0,336.0,51.0,257.0,306.0,150.0,206.0,292.0,196.0,245.0,241.0,273.0,292.0,238.0
338.0,62.0,215.0,17.0,117.0,155.0,33.0,84.0,119.0,112.0,128.0,100.0,54.0,27.0,93.0
317.0,284.0,487.0,109.0,258.0,373.0,274.0,341.0,503.0,296.0,394.0,374.0,524.0,256.0,234.0
206.0,232.0,350.0,56.0,255.0,319.0,127.0,216.0,293.0,213.0,274.0,263.0,259.0,167.0,238.0
412.0,764.0,570.0,182.0,28.0,741.0,7.0,103.0,24.0,403.0,419.0,681.0,26.0,71.0,4.0
182.0,229.0,428.0,182.0,446.0,315.0,258.0,315.0,428.0,304.0,208.0,423.0,726.0,339.0,582.0
154.0,188.0,532.0,34.0,260.0,272.0,82.0,406.0,193.0,347.0,239.0,456.0,171.0,305.0,238.0
183.0,234.0,322.0,50.0,189.0,102.0,65.0,204.0,223.0,188.0,241.0,221.0,209.0,131.0,154.0
80.0,41.0,187.0,11.0,117.0,422.0,35.0,47.0,95.0,82.0,87.0,95.0,59.0,26.0,89.0
130.0,137.0,258.0,29.0,229.0,42.0,53.0,103.0,172.0,144.0,188.0,156.0,101.0,72.0,201.0
206.0,284.0,346.0,58.0,131.0,393.0,43.0,205.0,297.0,202.0,208.0,257.0,90.0,152.0,101.0
266.0,235.0,392.0,80.0,344.0,521.0,222.0,297.0,454.0,252.0,320.0,305.0,336.0,217.0,422.0
73.0,28.0,224.0,6.0,54.0,60.0,50.0,155.0,38.0,67.0,148.0,21.0,19.0,106.0,42.0
295.0,523.0,648.0,248.0,999.0,249.0,999.0,493.0,430.0,425.0,230.0,856.0,999.0,339.0,999.0
183.0,241.0,339.0,50.0,277.0,348.0,105.0,214.0,253.0,190.0,286.0,193.0,209.0,170.0,248.0
111.0,92.0,252.0,30.0,176.0,193.0,61.0,115.0,173.0,138.0,210.0,138.0,122.0,79.0,148.0
183.0,169.0,339.0,50.0,217.0,261.0,106.0,264.0,253.0,184.0,243.0,207.0,211.0,202.0,179.0
146.0,135.0,279.0,31.0,181.0,241.0,61.0,160.0,181.0,154.0,203.0,165.0,122.0,106.0,155.0
163.0,212.0,292.0,36.0,200.0,288.0,75.0,176.0,213.0,156.0,203.0,178.0,149.0,72.0,172.0
80.0,41.0,201.0,9.0,50.0,101.0,15.0,83.0,76.0,92.0,100.0,76.0,33.0,64.0,56.0
214.0,300.0,323.0,51.0,181.0,358.0,105.0,204.0,271.0,191.0,152.0,228.0,211.0,149.0,155.0
86.0,48.0,346.0,15.0,55.0,521.0,19.0,223.0,103.0,201.0,261.0,307.0,40.0,173.0,44.0
156.0,205.0,207.0,35.0,208.0,281.0,75.0,78.0,197.0,156.0,126.0,91.0,154.0,305.0,175.0
158.0,207.0,283.0,35.0,212.0,333.0,78.0,168.0,197.0,154.0,207.0,214.0,156.0,132.0,198.0
237.0,322.0,361.0,67.0,310.0,250.0,184.0,718.0,332.0,227.0,387.0,282.0,288.0,57.0,329.0
196.0,292.0,330.0,51.0,73.0,374.0,0.0,205.0,271.0,193.0,244.0,236.0,0.0,158.0,119.0
123.0,109.0,252.0,24.0,137.0,208.0,46.0,140.0,163.0,137.0,177.0,134.0,89.0,458.0,111.0
270.0,403.0,417.0,86.0,216.0,445.0,79.0,313.0,430.0,265.0,200.0,317.0,380.0,245.0,192.0
244.0,323.0,385.0,70.0,161.0,235.0,53.0,293.0,347.0,247.0,321.0,298.0,101.0,217.0,126.0
244.0,323.0,438.0,70.0,310.0,315.0,171.0,327.0,333.0,271.0,338.0,325.0,288.0,248.0,316.0
182.0,238.0,312.0,49.0,89.0,222.0,30.0,206.0,223.0,188.0,238.0,220.0,46.0,158.0,55.0
191.0,259.0,332.0,51.0,237.0,365.0,98.0,225.0,290.0,193.0,245.0,236.0,168.0,180.0,218.0
165.0,214.0,299.0,38.0,229.0,293.0,92.0,187.0,224.0,174.0,222.0,190.0,181.0,503.0,181.0
211.0,257.0,339.0,307.0,999.0,348.0,999.0,306.0,999.0,347.0,249.0,894.0,999.0,218.0,999.0
259.0,346.0,346.0,80.0,344.0,393.0,222.0,223.0,290.0,202.0,262.0,186.0,336.0,170.0,422.0
257.0,348.0,379.0,73.0,310.0,439.0,174.0,293.0,363.0,246.0,307.0,302.0,330.0,218.0,329.0
268.0,373.0,511.0,85.0,344.0,445.0,222.0,377.0,419.0,256.0,414.0,70.0,336.0,292.0,422.0
270.0,461.0,476.0,128.0,37.0,484.0,5.0,341.0,545.0,306.0,387.0,428.0,33.0,256.0,4.0
154.0,188.0,340.0,56.0,292.0,272.0,166.0,205.0,293.0,200.0,220.0,246.0,273.0,170.0,307.0
114.0,238.0,240.0,22.0,117.0,324.0,38.0,103.0,141.0,129.0,157.0,124.0,70.0,72.0,94.0
114.0,90.0,240.0,15.0,73.0,205.0,19.0,175.0,103.0,129.0,164.0,126.0,40.0,106.0,44.0
187.0,253.0,511.0,51.0,255.0,348.0,107.0,508.0,270.0,304.0,410.0,298.0,212.0,343.0,231.0
330.0,590.0,385.0,77.0,365.0,534.0,226.0,293.0,400.0,247.0,310.0,303.0,337.0,208.0,473.0
124.0,130.0,252.0,24.0,83.0,175.0,24.0,140.0,163.0,137.0,214.0,137.0,42.0,96.0,56.0
211.0,241.0,111.0,56.0,313.0,341.0,199.0,26.0,293.0,200.0,8.0,236.0,291.0,16.0,351.0
158.0,205.0,300.0,35.0,228.0,288.0,78.0,189.0,177.0,176.0,230.0,197.0,156.0,133.0,157.0
126.0,131.0,395.0,27.0,229.0,235.0,92.0,241.0,170.0,138.0,321.0,138.0,190.0,72.0,187.0
125.0,129.0,252.0,25.0,230.0,241.0,50.0,140.0,168.0,137.0,176.0,133.0,92.0,88.0,201.0
152.0,182.0,661.0,33.0,476.0,261.0,262.0,509.0,184.0,296.0,449.0,323.0,464.0,408.0,231.0
91.0,43.0,215.0,15.0,80.0,127.0,23.0,92.0,117.0,112.0,128.0,98.0,42.0,79.0,55.0
146.0,164.0,279.0,30.0,176.0,260.0,61.0,160.0,180.0,151.0,200.0,162.0,122.0,106.0,153.0
322.0,322.0,485.0,97.0,503.0,397.0,274.0,346.0,483.0,296.0,394.0,186.0,515.0,256.0,699.0
246.0,320.0,385.0,77.0,260.0,393.0,367.0,290.0,452.0,247.0,366.0,303.0,923.0,218.0,234.0
333.0,618.0,507.0,128.0,258.0,550.0,139.0,403.0,272.0,306.0,408.0,449.0,264.0,72.0,307.0
134.0,145.0,428.0,97.0,229.0,382.0,86.0,316.0,638.0,275.0,257.0,338.0,176.0,291.0,190.0
139.0,163.0,111.0,29.0,161.0,253.0,53.0,26.0,181.0,147.0,8.0,353.0,95.0,17.0,125.0
152.0,200.0,346.0,33.0,260.0,281.0,99.0,223.0,182.0,154.0,222.0,81.0,202.0,179.0,156.0
257.0,348.0,374.0,71.0,131.0,437.0,43.0,285.0,347.0,243.0,286.0,301.0,291.0,202.0,101.0
169.0,232.0,111.0,40.0,75.0,418.0,22.0,26.0,223.0,85.0,310.0,76.0,181.0,16.0,54.0
165.0,182.0,296.0,38.0,233.0,261.0,96.0,183.0,215.0,174.0,211.0,196.0,174.0,81.0,201.0
257.0,346.0,105.0,5.0,252.0,460.0,2.0,16.0,95.0,71.0,20.0,50.0,5.0,16.0,218.0
375.0,709.0,536.0,146.0,279.0,259.0,150.0,415.0,601.0,346.0,458.0,460.0,678.0,292.0,274.0
212.0,261.0,283.0,33.0,141.0,259.0,46.0,168.0,184.0,154.0,207.0,173.0,128.0,134.0,119.0
100.0,62.0,126.0,17.0,89.0,156.0,30.0,29.0,139.0,25.0,8.0,0.0,48.0,17.0,30.0
316.0,515.0,487.0,109.0,569.0,491.0,530.0,358.0,503.0,296.0,394.0,323.0,529.0,269.0,88.0
120.0,104.0,190.0,23.0,131.0,212.0,43.0,51.0,144.0,85.0,88.0,76.0,76.0,71.0,87.0
154.0,188.0,330.0,51.0,255.0,268.0,105.0,205.0,272.0,192.0,244.0,207.0,219.0,159.0,63.0
115.0,95.0,247.0,23.0,118.0,203.0,40.0,130.0,145.0,136.0,175.0,151.0,73.0,107.0,94.0
156.0,194.0,142.0,33.0,157.0,277.0,52.0,31.0,184.0,75.0,57.0,58.0,101.0,21.0,122.0
317.0,325.0,648.0,109.0,445.0,348.0,254.0,493.0,503.0,416.0,408.0,203.0,529.0,331.0,881.0
236.0,316.0,348.0,66.0,216.0,390.0,139.0,232.0,330.0,207.0,272.0,263.0,284.0,174.0,175.0
319.0,40.0,661.0,96.0,252.0,86.0,148.0,509.0,466.0,273.0,681.0,330.0,260.0,409.0,216.0
214.0,310.0,346.0,60.0,277.0,390.0,143.0,223.0,302.0,203.0,173.0,257.0,270.0,180.0,247.0
376.0,718.0,530.0,148.0,446.0,362.0,75.0,403.0,518.0,347.0,419.0,322.0,150.0,305.0,566.0
76.0,42.0,361.0,8.0,131.0,112.0,45.0,273.0,24.0,80.0,286.0,68.0,84.0,192.0,84.0
113.0,90.0,256.0,21.0,118.0,200.0,35.0,144.0,139.0,129.0,187.0,140.0,54.0,95.0,89.0
196.0,261.0,332.0,51.0,28.0,213.0,2.0,205.0,271.0,191.0,243.0,218.0,10.0,133.0,9.0
287.0,474.0,447.0,95.0,446.0,489.0,254.0,322.0,177.0,273.0,345.0,323.0,444.0,184.0,153.0
268.0,373.0,414.0,86.0,365.0,460.0,226.0,312.0,430.0,265.0,326.0,317.0,344.0,235.0,87.0
52.0,27.0,491.0,153.0,322.0,56.0,203.0,342.0,503.0,304.0,211.0,348.0,693.0,179.0,455.0
81.0,41.0,179.0,11.0,112.0,112.0,5.0,39.0,103.0,83.0,84.0,72.0,33.0,24.0,87.0
374.0,693.0,488.0,183.0,188.0,393.0,67.0,353.0,616.0,300.0,400.0,58.0,309.0,308.0,156.0
270.0,461.0,500.0,86.0,75.0,489.0,2.0,363.0,430.0,304.0,408.0,428.0,5.0,291.0,55.0
171.0,229.0,310.0,38.0,206.0,315.0,77.0,195.0,197.0,184.0,234.0,207.0,175.0,137.0,178.0
154.0,188.0,582.0,34.0,229.0,270.0,92.0,470.0,193.0,408.0,508.0,803.0,145.0,319.0,201.0
73.0,27.0,491.0,7.0,37.0,56.0,6.0,299.0,46.0,304.0,402.0,561.0,26.0,184.0,11.0
134.0,145.0,279.0,29.0,278.0,250.0,143.0,160.0,180.0,147.0,203.0,155.0,269.0,111.0,188.0
114.0,105.0,590.0,22.0,85.0,212.0,38.0,476.0,141.0,411.0,527.0,348.0,70.0,321.0,66.0
80.0,71.0,208.0,11.0,89.0,160.0,23.0,82.0,81.0,82.0,122.0,69.0,35.0,64.0,72.0
152.0,182.0,293.0,29.0,54.0,261.0,18.0,738.0,178.0,147.0,208.0,160.0,83.0,496.0,56.0
271.0,409.0,440.0,91.0,344.0,462.0,253.0,315.0,454.0,273.0,232.0,323.0,419.0,241.0,422.0
115.0,115.0,279.0,23.0,128.0,296.0,42.0,155.0,145.0,154.0,187.0,127.0,76.0,55.0,114.0
295.0,461.0,580.0,96.0,446.0,489.0,258.0,470.0,466.0,404.0,508.0,316.0,450.0,319.0,566.0
92.0,55.0,461.0,24.0,255.0,155.0,108.0,327.0,162.0,136.0,175.0,288.0,195.0,248.0,155.0
114.0,92.0,240.0,23.0,128.0,348.0,42.0,110.0,145.0,129.0,160.0,126.0,76.0,72.0,110.0
244.0,323.0,693.0,70.0,310.0,407.0,199.0,572.0,343.0,243.0,245.0,298.0,291.0,442.0,215.0
271.0,103.0,414.0,86.0,15.0,215.0,1.0,312.0,430.0,265.0,326.0,317.0,10.0,218.0,4.0
152.0,179.0,281.0,33.0,168.0,260.0,59.0,165.0,271.0,154.0,204.0,167.0,127.0,107.0,134.0
152.0,214.0,281.0,33.0,161.0,294.0,65.0,165.0,188.0,154.0,164.0,167.0,128.0,111.0,155.0
97.0,55.0,222.0,16.0,117.0,155.0,58.0,92.0,117.0,113.0,130.0,105.0,46.0,66.0,87.0
126.0,131.0,255.0,27.0,150.0,235.0,50.0,141.0,170.0,140.0,220.0,140.0,95.0,92.0,117.0
105.0,90.0,240.0,17.0,117.0,193.0,37.0,132.0,111.0,129.0,160.0,76.0,47.0,87.0,94.0
236.0,322.0,336.0,65.0,227.0,397.0,85.0,206.0,314.0,198.0,248.0,241.0,284.0,158.0,182.0
171.0,227.0,386.0,77.0,365.0,261.0,226.0,292.0,210.0,247.0,320.0,298.0,344.0,208.0,473.0
288.0,461.0,457.0,95.0,168.0,484.0,165.0,323.0,466.0,275.0,366.0,457.0,284.0,247.0,85.0
288.0,461.0,457.0,95.0,434.0,489.0,254.0,315.0,466.0,275.0,366.0,346.0,444.0,245.0,566.0
147.0,188.0,294.0,36.0,203.0,276.0,75.0,186.0,195.0,167.0,218.0,186.0,161.0,132.0,170.0
100.0,64.0,283.0,17.0,89.0,160.0,30.0,130.0,120.0,156.0,110.0,178.0,46.0,82.0,74.0
111.0,55.0,224.0,20.0,45.0,144.0,7.0,97.0,127.0,120.0,199.0,139.0,55.0,71.0,31.0
316.0,515.0,457.0,109.0,524.0,491.0,274.0,323.0,500.0,275.0,366.0,317.0,529.0,218.0,102.0
134.0,145.0,283.0,33.0,191.0,241.0,67.0,168.0,95.0,154.0,207.0,76.0,139.0,119.0,127.0
314.0,474.0,363.0,97.0,150.0,491.0,274.0,273.0,466.0,278.0,290.0,127.0,500.0,179.0,117.0
167.0,235.0,207.0,38.0,176.0,348.0,171.0,130.0,163.0,176.0,120.0,197.0,171.0,16.0,198.0
232.0,131.0,475.0,70.0,202.0,241.0,82.0,331.0,333.0,228.0,236.0,287.0,288.0,255.0,172.0
270.0,391.0,386.0,86.0,165.0,460.0,54.0,296.0,430.0,256.0,320.0,312.0,270.0,208.0,126.0
268.0,71.0,395.0,85.0,262.0,159.0,217.0,315.0,425.0,228.0,321.0,287.0,330.0,219.0,242.0
86.0,47.0,207.0,14.0,117.0,155.0,53.0,78.0,311.0,101.0,123.0,81.0,101.0,57.0,157.0
246.0,207.0,361.0,70.0,310.0,294.0,143.0,266.0,292.0,230.0,297.0,288.0,269.0,208.0,333.0
163.0,212.0,356.0,70.0,165.0,294.0,53.0,323.0,357.0,223.0,287.0,305.0,109.0,247.0,94.0
256.0,332.0,386.0,77.0,341.0,491.0,217.0,296.0,425.0,247.0,302.0,303.0,331.0,202.0,406.0
271.0,406.0,411.0,86.0,415.0,372.0,230.0,83.0,430.0,264.0,325.0,317.0,380.0,64.0,82.0
115.0,95.0,240.0,22.0,341.0,210.0,220.0,32.0,81.0,153.0,160.0,163.0,70.0,21.0,97.0
212.0,90.0,215.0,51.0,253.0,197.0,75.0,84.0,314.0,112.0,128.0,101.0,168.0,64.0,220.0
121.0,105.0,252.0,24.0,137.0,213.0,46.0,140.0,163.0,137.0,126.0,137.0,89.0,91.0,111.0
167.0,221.0,300.0,38.0,228.0,296.0,85.0,189.0,222.0,176.0,230.0,197.0,175.0,133.0,192.0
126.0,128.0,179.0,27.0,54.0,288.0,7.0,39.0,171.0,140.0,508.0,163.0,264.0,26.0,52.0
114.0,95.0,247.0,22.0,112.0,205.0,35.0,115.0,119.0,129.0,203.0,68.0,70.0,132.0,87.0
167.0,219.0,293.0,36.0,191.0,297.0,69.0,175.0,215.0,171.0,208.0,190.0,175.0,130.0,158.0
333.0,612.0,223.0,128.0,344.0,534.0,367.0,285.0,547.0,174.0,128.0,196.0,588.0,202.0,422.0
288.0,461.0,481.0,95.0,137.0,490.0,61.0,342.0,498.0,296.0,387.0,355.0,116.0,258.0,124.0
241.0,323.0,363.0,70.0,311.0,241.0,184.0,280.0,333.0,228.0,298.0,288.0,288.0,179.0,333.0
100.0,64.0,215.0,17.0,89.0,156.0,30.0,84.0,333.0,112.0,208.0,305.0,46.0,64.0,77.0
169.0,225.0,252.0,24.0,45.0,310.0,35.0,140.0,168.0,137.0,176.0,137.0,55.0,90.0,31.0
104.0,90.0,449.0,18.0,83.0,191.0,23.0,322.0,122.0,113.0,333.0,100.0,54.0,617.0,55.0
156.0,194.0,550.0,34.0,200.0,270.0,76.0,420.0,182.0,156.0,470.0,178.0,149.0,300.0,118.0
287.0,406.0,440.0,95.0,277.0,310.0,274.0,315.0,466.0,273.0,208.0,325.0,429.0,256.0,248.0
123.0,109.0,251.0,24.0,134.0,249.0,45.0,140.0,163.0,137.0,230.0,117.0,85.0,496.0,110.0
134.0,145.0,283.0,33.0,88.0,250.0,33.0,168.0,184.0,154.0,207.0,193.0,127.0,119.0,74.0
206.0,276.0,336.0,56.0,234.0,348.0,129.0,214.0,293.0,198.0,245.0,241.0,260.0,159.0,179.0
52.0,63.0,542.0,6.0,189.0,156.0,67.0,420.0,24.0,61.0,408.0,70.0,136.0,311.0,155.0
270.0,391.0,395.0,97.0,476.0,460.0,262.0,297.0,503.0,252.0,322.0,304.0,500.0,218.0,699.0
130.0,137.0,553.0,29.0,160.0,241.0,53.0,969.0,187.0,381.0,366.0,151.0,101.0,617.0,124.0
377.0,90.0,536.0,148.0,200.0,216.0,75.0,469.0,163.0,347.0,458.0,470.0,154.0,318.0,172.0
119.0,103.0,385.0,29.0,184.0,212.0,53.0,293.0,171.0,247.0,307.0,303.0,101.0,162.0,155.0
160.0,203.0,661.0,36.0,208.0,216.0,75.0,493.0,168.0,171.0,8.0,207.0,154.0,333.0,175.0
158.0,205.0,294.0,35.0,234.0,407.0,96.0,176.0,199.0,165.0,414.0,187.0,196.0,158.0,190.0
182.0,238.0,350.0,51.0,237.0,393.0,99.0,240.0,171.0,213.0,274.0,264.0,214.0,184.0,212.0
80.0,40.0,852.0,11.0,89.0,86.0,32.0,756.0,311.0,185.0,640.0,208.0,33.0,555.0,74.0
181.0,234.0,294.0,38.0,228.0,324.0,86.0,32.0,233.0,167.0,222.0,214.0,175.0,21.0,187.0
268.0,585.0,488.0,86.0,83.0,518.0,23.0,353.0,425.0,300.0,408.0,705.0,42.0,269.0,4.0
156.0,193.0,263.0,29.0,208.0,277.0,78.0,154.0,184.0,147.0,189.0,174.0,97.0,102.0,173.0
314.0,403.0,488.0,112.0,360.0,390.0,226.0,240.0,270.0,300.0,400.0,280.0,330.0,613.0,248.0
123.0,214.0,256.0,24.0,341.0,296.0,99.0,141.0,171.0,137.0,187.0,428.0,90.0,91.0,31.0
206.0,322.0,337.0,56.0,257.0,241.0,129.0,470.0,293.0,198.0,250.0,241.0,260.0,318.0,231.0
132.0,137.0,340.0,27.0,174.0,255.0,58.0,290.0,171.0,136.0,250.0,117.0,103.0,201.0,139.0
322.0,515.0,386.0,110.0,186.0,296.0,65.0,293.0,545.0,271.0,309.0,323.0,128.0,208.0,156.0
115.0,103.0,279.0,30.0,184.0,211.0,61.0,16.0,197.0,154.0,208.0,165.0,122.0,16.0,155.0
182.0,235.0,361.0,70.0,257.0,348.0,226.0,266.0,332.0,228.0,295.0,91.0,288.0,186.0,240.0
120.0,141.0,246.0,23.0,100.0,249.0,33.0,205.0,145.0,132.0,170.0,127.0,52.0,152.0,80.0
103.0,72.0,206.0,18.0,85.0,154.0,46.0,65.0,122.0,113.0,126.0,115.0,45.0,55.0,64.0
73.0,105.0,183.0,7.0,258.0,210.0,5.0,39.0,46.0,82.0,5.0,203.0,23.0,25.0,234.0
191.0,259.0,330.0,51.0,253.0,259.0,107.0,205.0,271.0,192.0,244.0,101.0,211.0,158.0,220.0
123.0,109.0,252.0,24.0,137.0,206.0,46.0,140.0,163.0,137.0,176.0,137.0,89.0,95.0,111.0
133.0,137.0,111.0,36.0,230.0,241.0,83.0,16.0,210.0,171.0,8.0,190.0,171.0,132.0,201.0
236.0,316.0,507.0,66.0,303.0,390.0,170.0,364.0,330.0,227.0,410.0,282.0,284.0,291.0,322.0
182.0,55.0,111.0,51.0,58.0,155.0,99.0,26.0,272.0,25.0,0.0,0.0,202.0,17.0,56.0
156.0,219.0,300.0,35.0,89.0,297.0,30.0,189.0,197.0,176.0,234.0,197.0,46.0,133.0,72.0
165.0,221.0,340.0,38.0,128.0,320.0,82.0,205.0,213.0,174.0,252.0,197.0,174.0,156.0,97.0
257.0,348.0,322.0,51.0,262.0,365.0,107.0,155.0,271.0,191.0,240.0,228.0,212.0,102.0,422.0
233.0,306.0,355.0,65.0,310.0,389.0,174.0,251.0,314.0,223.0,286.0,181.0,284.0,184.0,308.0
168.0,225.0,386.0,32.0,174.0,310.0,61.0,392.0,184.0,252.0,320.0,307.0,123.0,408.0,126.0
86.0,90.0,223.0,16.0,189.0,200.0,18.0,285.0,109.0,108.0,129.0,98.0,44.0,269.0,157.0
160.0,36.0,293.0,36.0,200.0,103.0,78.0,176.0,197.0,160.0,211.0,220.0,161.0,123.0,87.0
139.0,163.0,257.0,27.0,131.0,254.0,46.0,156.0,171.0,141.0,187.0,158.0,89.0,111.0,101.0
126.0,222.0,201.0,23.0,45.0,308.0,6.0,195.0,168.0,132.0,94.0,127.0,26.0,134.0,190.0
165.0,194.0,157.0,38.0,227.0,259.0,85.0,32.0,288.0,176.0,84.0,208.0,175.0,55.0,192.0
115.0,89.0,215.0,23.0,128.0,203.0,42.0,84.0,162.0,112.0,128.0,101.0,76.0,64.0,81.0
317.0,515.0,530.0,97.0,228.0,418.0,86.0,403.0,0.0,273.0,419.0,127.0,176.0,305.0,160.0
163.0,215.0,300.0,36.0,80.0,297.0,82.0,204.0,210.0,150.0,226.0,162.0,171.0,133.0,55.0
233.0,274.0,348.0,65.0,191.0,362.0,217.0,205.0,314.0,252.0,272.0,323.0,330.0,152.0,157.0
114.0,95.0,317.0,45.0,137.0,256.0,82.0,73.0,193.0,188.0,240.0,127.0,200.0,57.0,111.0
314.0,523.0,351.0,97.0,312.0,479.0,180.0,250.0,54.0,278.0,244.0,346.0,500.0,491.0,69.0
158.0,207.0,336.0,26.0,145.0,281.0,50.0,363.0,139.0,196.0,222.0,162.0,92.0,305.0,116.0
146.0,182.0,549.0,31.0,174.0,261.0,59.0,420.0,184.0,153.0,402.0,163.0,122.0,311.0,154.0
330.0,164.0,500.0,117.0,723.0,254.0,396.0,481.0,547.0,304.0,408.0,446.0,590.0,314.0,107.0
156.0,200.0,360.0,133.0,155.0,280.0,67.0,297.0,568.0,311.0,286.0,374.0,139.0,218.0,119.0
171.0,205.0,298.0,41.0,234.0,289.0,96.0,176.0,223.0,184.0,222.0,208.0,191.0,180.0,154.0
73.0,27.0,528.0,6.0,37.0,56.0,5.0,403.0,69.0,67.0,414.0,21.0,19.0,305.0,12.0
181.0,234.0,260.0,65.0,310.0,324.0,172.0,137.0,314.0,214.0,189.0,268.0,284.0,305.0,329.0
168.0,225.0,298.0,38.0,228.0,310.0,85.0,187.0,210.0,176.0,187.0,151.0,176.0,613.0,125.0
176.0,225.0,247.0,45.0,229.0,310.0,92.0,146.0,227.0,187.0,170.0,212.0,190.0,101.0,215.0
103.0,21.0,240.0,19.0,126.0,333.0,40.0,111.0,215.0,136.0,158.0,231.0,73.0,72.0,102.0
139.0,163.0,481.0,109.0,503.0,349.0,274.0,342.0,503.0,296.0,387.0,298.0,529.0,258.0,74.0
178.0,232.0,661.0,45.0,280.0,319.0,94.0,509.0,271.0,524.0,5.0,241.0,195.0,390.0,175.0
114.0,42.0,240.0,22.0,138.0,203.0,43.0,104.0,122.0,129.0,158.0,118.0,76.0,72.0,94.0
119.0,92.0,252.0,23.0,218.0,203.0,80.0,15.0,158.0,132.0,176.0,127.0,168.0,16.0,175.0
316.0,515.0,411.0,128.0,601.0,422.0,367.0,313.0,452.0,347.0,325.0,456.0,588.0,245.0,55.0
202.0,367.0,582.0,51.0,242.0,445.0,99.0,470.0,271.0,411.0,509.0,822.0,202.0,314.0,213.0
115.0,95.0,240.0,23.0,112.0,208.0,40.0,83.0,145.0,129.0,126.0,125.0,73.0,64.0,87.0
152.0,179.0,530.0,109.0,329.0,260.0,253.0,481.0,501.0,346.0,419.0,463.0,529.0,328.0,316.0
102.0,43.0,266.0,18.0,100.0,127.0,33.0,156.0,122.0,130.0,240.0,126.0,52.0,107.0,81.0
120.0,104.0,223.0,23.0,128.0,212.0,42.0,222.0,147.0,115.0,139.0,158.0,76.0,133.0,94.0
75.0,36.0,207.0,15.0,83.0,82.0,23.0,59.0,103.0,106.0,120.0,91.0,42.0,26.0,118.0
257.0,338.0,350.0,71.0,312.0,425.0,226.0,241.0,302.0,243.0,274.0,303.0,344.0,202.0,329.0
121.0,37.0,242.0,23.0,181.0,86.0,45.0,92.0,177.0,132.0,165.0,126.0,85.0,66.0,101.0
330.0,590.0,105.0,117.0,313.0,425.0,171.0,155.0,579.0,306.0,208.0,803.0,284.0,55.0,95.0
314.0,406.0,580.0,185.0,226.0,214.0,598.0,470.0,296.0,404.0,582.0,449.0,888.0,319.0,240.0
375.0,284.0,491.0,143.0,233.0,373.0,226.0,297.0,571.0,304.0,333.0,449.0,693.0,58.0,202.0
167.0,104.0,257.0,38.0,365.0,212.0,85.0,144.0,215.0,137.0,241.0,139.0,175.0,130.0,341.0
252.0,332.0,360.0,65.0,310.0,429.0,174.0,198.0,314.0,223.0,238.0,325.0,284.0,145.0,158.0
212.0,221.0,311.0,58.0,277.0,280.0,148.0,240.0,296.0,184.0,261.0,207.0,269.0,184.0,262.0
210.0,284.0,322.0,57.0,168.0,374.0,70.0,204.0,296.0,197.0,241.0,257.0,145.0,150.0,201.0
75.0,115.0,206.0,7.0,122.0,221.0,39.0,176.0,119.0,106.0,110.0,95.0,68.0,125.0,275.0
152.0,316.0,582.0,30.0,175.0,390.0,58.0,163.0,180.0,408.0,128.0,803.0,109.0,111.0,155.0
237.0,322.0,353.0,65.0,310.0,56.0,174.0,205.0,314.0,223.0,286.0,282.0,284.0,192.0,329.0
77.0,40.0,183.0,8.0,45.0,86.0,9.0,297.0,69.0,81.0,322.0,68.0,27.0,218.0,124.0
316.0,515.0,485.0,104.0,155.0,518.0,50.0,165.0,500.0,296.0,389.0,355.0,303.0,65.0,119.0
374.0,693.0,570.0,146.0,277.0,373.0,147.0,493.0,579.0,347.0,500.0,463.0,269.0,331.0,250.0
183.0,238.0,363.0,70.0,229.0,344.0,92.0,290.0,341.0,230.0,298.0,288.0,291.0,617.0,190.0
73.0,36.0,142.0,6.0,28.0,60.0,5.0,476.0,38.0,67.0,126.0,50.0,19.0,303.0,12.0
157.0,182.0,283.0,35.0,203.0,261.0,76.0,176.0,198.0,154.0,207.0,207.0,155.0,125.0,174.0
264.0,137.0,363.0,61.0,258.0,200.0,166.0,277.0,425.0,223.0,298.0,277.0,273.0,477.0,73.0
154.0,187.0,283.0,33.0,191.0,272.0,69.0,222.0,191.0,156.0,208.0,174.0,140.0,169.0,157.0
96.0,55.0,215.0,16.0,89.0,155.0,30.0,83.0,333.0,108.0,128.0,98.0,46.0,185.0,72.0
156.0,203.0,310.0,35.0,161.0,280.0,78.0,201.0,199.0,184.0,238.0,207.0,158.0,146.0,127.0
101.0,64.0,392.0,70.0,47.0,156.0,9.0,297.0,333.0,252.0,320.0,305.0,288.0,217.0,32.0
152.0,179.0,281.0,33.0,191.0,260.0,67.0,165.0,197.0,154.0,211.0,117.0,136.0,111.0,160.0
271.0,372.0,438.0,85.0,446.0,445.0,247.0,440.0,425.0,271.0,338.0,323.0,309.0,491.0,190.0
111.0,89.0,224.0,21.0,32.0,341.0,4.0,97.0,139.0,120.0,152.0,115.0,33.0,82.0,12.0
163.0,331.0,507.0,133.0,723.0,260.0,396.0,353.0,237.0,311.0,410.0,463.0,656.0,269.0,242.0
147.0,182.0,279.0,32.0,47.0,260.0,61.0,175.0,177.0,154.0,203.0,167.0,122.0,123.0,678.0
73.0,27.0,239.0,6.0,89.0,86.0,5.0,104.0,38.0,67.0,157.0,50.0,19.0,57.0,73.0
171.0,348.0,111.0,51.0,98.0,445.0,23.0,26.0,271.0,129.0,158.0,117.0,48.0,17.0,77.0
224.0,304.0,214.0,16.0,175.0,389.0,61.0,115.0,188.0,107.0,128.0,105.0,43.0,79.0,144.0
125.0,130.0,240.0,7.0,176.0,289.0,61.0,92.0,86.0,57.0,175.0,58.0,122.0,66.0,148.0
202.0,163.0,316.0,51.0,227.0,261.0,85.0,280.0,341.0,193.0,241.0,236.0,529.0,149.0,183.0
232.0,325.0,396.0,64.0,228.0,498.0,78.0,297.0,313.0,227.0,322.0,282.0,288.0,201.0,215.0
146.0,164.0,206.0,30.0,184.0,254.0,50.0,83.0,182.0,154.0,160.0,165.0,122.0,24.0,155.0
333.0,618.0,852.0,128.0,177.0,211.0,367.0,885.0,457.0,425.0,226.0,822.0,588.0,583.0,154.0
273.0,130.0,440.0,97.0,445.0,241.0,254.0,572.0,454.0,278.0,654.0,241.0,429.0,455.0,574.0
126.0,137.0,255.0,26.0,150.0,261.0,50.0,146.0,181.0,139.0,387.0,137.0,92.0,96.0,107.0
120.0,105.0,320.0,49.0,238.0,191.0,99.0,201.0,252.0,188.0,240.0,220.0,204.0,167.0,63.0
157.0,205.0,283.0,35.0,212.0,288.0,79.0,10.0,198.0,156.0,309.0,207.0,155.0,16.0,148.0
100.0,62.0,125.0,17.0,86.0,155.0,29.0,27.0,105.0,58.0,13.0,25.0,46.0,174.0,69.0
244.0,325.0,379.0,70.0,434.0,422.0,253.0,205.0,341.0,228.0,299.0,287.0,291.0,156.0,566.0
101.0,63.0,240.0,17.0,85.0,213.0,29.0,124.0,120.0,129.0,164.0,118.0,45.0,82.0,66.0
103.0,205.0,157.0,6.0,966.0,288.0,598.0,476.0,184.0,61.0,119.0,25.0,4.0,321.0,390.0
202.0,179.0,332.0,51.0,312.0,260.0,198.0,206.0,215.0,193.0,245.0,236.0,291.0,158.0,157.0
205.0,276.0,348.0,58.0,312.0,365.0,166.0,240.0,297.0,207.0,272.0,263.0,270.0,184.0,175.0
134.0,145.0,240.0,38.0,242.0,249.0,83.0,62.0,213.0,129.0,149.0,125.0,175.0,35.0,216.0
130.0,137.0,300.0,24.0,132.0,241.0,46.0,189.0,164.0,137.0,241.0,172.0,89.0,145.0,102.0
70.0,28.0,125.0,6.0,54.0,241.0,5.0,27.0,34.0,58.0,20.0,21.0,19.0,186.0,43.0
241.0,323.0,379.0,70.0,117.0,143.0,222.0,306.0,332.0,228.0,345.0,287.0,288.0,218.0,93.0
211.0,292.0,507.0,58.0,85.0,373.0,29.0,45.0,293.0,306.0,410.0,430.0,76.0,25.0,91.0
237.0,323.0,528.0,67.0,288.0,407.0,171.0,398.0,330.0,322.0,414.0,457.0,284.0,149.0,333.0
73.0,48.0,111.0,6.0,248.0,124.0,0.0,26.0,38.0,63.0,13.0,47.0,19.0,55.0,170.0
999.0,999.0,999.0,999.0,999.0,999.0,999.0,999.0,999.0,999.0,164.0,999.0,999.0,999.0,999.0
158.0,205.0,283.0,33.0,188.0,288.0,67.0,969.0,297.0,156.0,208.0,174.0,139.0,628.0,156.0
181.0,235.0,313.0,45.0,261.0,365.0,121.0,200.0,232.0,188.0,240.0,218.0,195.0,196.0,242.0
114.0,95.0,240.0,22.0,137.0,205.0,46.0,109.0,144.0,129.0,157.0,125.0,70.0,72.0,102.0
167.0,221.0,299.0,38.0,227.0,294.0,85.0,216.0,223.0,167.0,222.0,187.0,176.0,57.0,125.0
94.0,53.0,201.0,15.0,85.0,143.0,23.0,61.0,107.0,92.0,100.0,76.0,42.0,57.0,66.0
330.0,128.0,440.0,95.0,445.0,214.0,254.0,316.0,480.0,273.0,345.0,323.0,444.0,247.0,574.0
158.0,205.0,283.0,33.0,191.0,270.0,67.0,59.0,187.0,154.0,207.0,173.0,136.0,57.0,157.0
146.0,261.0,126.0,6.0,28.0,365.0,4.0,29.0,103.0,58.0,29.0,21.0,19.0,17.0,55.0
178.0,232.0,316.0,45.0,175.0,319.0,99.0,481.0,223.0,188.0,240.0,221.0,200.0,309.0,144.0
270.0,434.0,414.0,86.0,47.0,486.0,67.0,306.0,428.0,265.0,326.0,323.0,369.0,218.0,32.0
316.0,515.0,487.0,109.0,279.0,418.0,148.0,353.0,498.0,296.0,394.0,374.0,269.0,269.0,12.0
217.0,325.0,346.0,60.0,280.0,365.0,150.0,228.0,302.0,203.0,262.0,204.0,270.0,167.0,142.0
157.0,205.0,207.0,36.0,45.0,281.0,15.0,73.0,193.0,306.0,117.0,470.0,176.0,72.0,31.0
77.0,41.0,184.0,8.0,89.0,86.0,32.0,45.0,178.0,81.0,241.0,68.0,51.0,25.0,74.0
338.0,590.0,530.0,133.0,176.0,489.0,61.0,403.0,551.0,311.0,419.0,330.0,113.0,477.0,582.0
210.0,284.0,488.0,104.0,117.0,373.0,37.0,353.0,500.0,296.0,400.0,355.0,44.0,312.0,96.0
160.0,205.0,385.0,50.0,341.0,259.0,217.0,306.0,224.0,247.0,325.0,304.0,212.0,218.0,416.0
237.0,325.0,582.0,182.0,999.0,418.0,570.0,470.0,571.0,408.0,509.0,803.0,888.0,319.0,999.0
191.0,261.0,316.0,45.0,242.0,448.0,99.0,201.0,233.0,188.0,240.0,212.0,202.0,148.0,153.0
288.0,461.0,475.0,95.0,132.0,486.0,40.0,438.0,457.0,275.0,366.0,423.0,444.0,314.0,45.0
375.0,238.0,542.0,137.0,329.0,344.0,217.0,476.0,570.0,346.0,465.0,457.0,331.0,321.0,404.0
178.0,231.0,313.0,45.0,228.0,319.0,92.0,323.0,227.0,187.0,238.0,138.0,195.0,458.0,183.0
273.0,346.0,447.0,91.0,32.0,439.0,5.0,315.0,454.0,273.0,239.0,323.0,0.0,240.0,12.0
237.0,323.0,379.0,67.0,292.0,349.0,166.0,718.0,332.0,187.0,203.0,249.0,288.0,496.0,308.0
181.0,235.0,187.0,11.0,43.0,333.0,16.0,459.0,117.0,83.0,110.0,68.0,33.0,477.0,30.0
123.0,109.0,251.0,29.0,157.0,216.0,52.0,146.0,173.0,144.0,177.0,156.0,97.0,95.0,122.0
414.0,95.0,661.0,177.0,446.0,310.0,258.0,509.0,638.0,381.0,272.0,355.0,429.0,390.0,574.0
133.0,141.0,570.0,183.0,277.0,249.0,391.0,469.0,601.0,404.0,500.0,353.0,923.0,318.0,242.0
202.0,434.0,487.0,109.0,54.0,489.0,6.0,353.0,86.0,296.0,394.0,457.0,26.0,312.0,107.0
205.0,276.0,215.0,15.0,73.0,349.0,19.0,84.0,103.0,112.0,128.0,101.0,40.0,64.0,93.0
330.0,225.0,481.0,117.0,100.0,297.0,33.0,342.0,551.0,304.0,387.0,423.0,195.0,258.0,82.0
163.0,215.0,294.0,36.0,224.0,296.0,82.0,180.0,210.0,165.0,222.0,178.0,171.0,131.0,181.0
91.0,48.0,208.0,16.0,175.0,143.0,58.0,144.0,95.0,106.0,122.0,92.0,204.0,79.0,144.0
76.0,37.0,855.0,8.0,32.0,82.0,5.0,415.0,54.0,101.0,999.0,70.0,25.0,169.0,12.0
123.0,109.0,252.0,24.0,137.0,216.0,46.0,140.0,163.0,137.0,177.0,137.0,89.0,91.0,111.0
314.0,317.0,481.0,97.0,279.0,393.0,148.0,342.0,483.0,296.0,286.0,355.0,500.0,258.0,274.0
115.0,95.0,392.0,80.0,448.0,159.0,253.0,292.0,178.0,252.0,320.0,307.0,334.0,296.0,97.0
429.0,259.0,351.0,185.0,601.0,249.0,570.0,241.0,999.0,214.0,320.0,263.0,905.0,185.0,881.0
182.0,233.0,317.0,49.0,229.0,333.0,92.0,201.0,139.0,188.0,262.0,220.0,204.0,145.0,190.0
264.0,203.0,488.0,51.0,248.0,280.0,101.0,342.0,271.0,192.0,400.0,221.0,214.0,303.0,216.0
375.0,709.0,536.0,148.0,260.0,425.0,121.0,406.0,518.0,347.0,470.0,470.0,252.0,305.0,238.0
83.0,45.0,252.0,12.0,131.0,127.0,43.0,140.0,98.0,136.0,287.0,95.0,45.0,91.0,95.0
330.0,281.0,491.0,114.0,476.0,372.0,261.0,358.0,551.0,304.0,366.0,208.0,583.0,291.0,678.0
100.0,62.0,215.0,17.0,112.0,155.0,35.0,83.0,117.0,112.0,128.0,100.0,55.0,72.0,87.0
104.0,78.0,417.0,183.0,83.0,250.0,570.0,756.0,676.0,271.0,250.0,323.0,905.0,510.0,81.0
152.0,182.0,553.0,33.0,260.0,261.0,65.0,377.0,187.0,154.0,470.0,156.0,128.0,303.0,238.0
171.0,227.0,661.0,85.0,360.0,393.0,226.0,565.0,425.0,524.0,654.0,162.0,344.0,491.0,455.0
295.0,461.0,257.0,133.0,966.0,486.0,598.0,83.0,568.0,196.0,189.0,221.0,888.0,57.0,881.0
181.0,234.0,279.0,33.0,177.0,127.0,65.0,158.0,163.0,154.0,203.0,164.0,128.0,82.0,154.0
156.0,193.0,476.0,36.0,131.0,277.0,78.0,341.0,184.0,167.0,394.0,186.0,161.0,259.0,101.0
152.0,222.0,293.0,35.0,217.0,308.0,77.0,176.0,198.0,160.0,211.0,181.0,155.0,130.0,180.0
217.0,300.0,580.0,60.0,278.0,374.0,147.0,470.0,302.0,404.0,508.0,803.0,269.0,319.0,216.0
206.0,284.0,491.0,60.0,310.0,374.0,174.0,420.0,302.0,304.0,408.0,302.0,284.0,309.0,329.0
211.0,173.0,346.0,57.0,141.0,297.0,139.0,232.0,290.0,201.0,262.0,61.0,264.0,185.0,116.0
257.0,346.0,657.0,71.0,47.0,445.0,106.0,508.0,400.0,416.0,338.0,856.0,211.0,409.0,32.0
244.0,323.0,313.0,70.0,280.0,445.0,217.0,214.0,341.0,238.0,238.0,263.0,291.0,186.0,238.0
120.0,105.0,242.0,23.0,128.0,213.0,42.0,90.0,144.0,132.0,165.0,127.0,76.0,159.0,111.0
146.0,173.0,212.0,16.0,131.0,256.0,85.0,83.0,158.0,108.0,154.0,100.0,42.0,64.0,101.0
137.0,261.0,206.0,24.0,132.0,362.0,45.0,65.0,122.0,120.0,117.0,280.0,84.0,30.0,107.0
105.0,89.0,514.0,14.0,58.0,193.0,19.0,391.0,69.0,76.0,414.0,68.0,40.0,300.0,43.0
256.0,332.0,207.0,71.0,312.0,429.0,198.0,78.0,363.0,107.0,120.0,100.0,214.0,64.0,341.0
246.0,331.0,379.0,70.0,117.0,422.0,35.0,322.0,302.0,243.0,310.0,298.0,54.0,246.0,89.0
205.0,274.0,336.0,55.0,261.0,362.0,121.0,205.0,290.0,197.0,248.0,240.0,256.0,150.0,242.0
156.0,205.0,260.0,35.0,229.0,288.0,92.0,148.0,187.0,156.0,189.0,178.0,177.0,92.0,175.0
244.0,325.0,363.0,70.0,313.0,422.0,199.0,277.0,223.0,230.0,297.0,288.0,291.0,122.0,351.0
126.0,210.0,258.0,27.0,100.0,255.0,54.0,156.0,171.0,144.0,188.0,133.0,97.0,62.0,80.0
83.0,27.0,214.0,14.0,65.0,56.0,19.0,490.0,223.0,108.0,128.0,100.0,36.0,331.0,44.0
182.0,241.0,323.0,49.0,237.0,348.0,217.0,168.0,292.0,190.0,241.0,221.0,200.0,111.0,214.0
181.0,232.0,257.0,36.0,224.0,319.0,80.0,144.0,215.0,151.0,189.0,254.0,161.0,95.0,181.0
316.0,515.0,590.0,106.0,217.0,491.0,54.0,481.0,500.0,411.0,508.0,822.0,127.0,328.0,181.0
264.0,200.0,350.0,41.0,200.0,280.0,76.0,240.0,184.0,182.0,274.0,203.0,156.0,510.0,175.0
206.0,234.0,348.0,56.0,237.0,328.0,121.0,232.0,292.0,199.0,272.0,249.0,252.0,458.0,214.0
71.0,27.0,311.0,8.0,28.0,206.0,9.0,280.0,69.0,81.0,234.0,68.0,27.0,201.0,12.0
191.0,284.0,303.0,46.0,216.0,373.0,82.0,205.0,98.0,176.0,252.0,197.0,174.0,152.0,190.0
999.0,999.0,999.0,999.0,999.0,999.0,999.0,999.0,999.0,999.0,999.0,999.0,999.0,617.0,999.0
73.0,28.0,179.0,6.0,28.0,60.0,4.0,39.0,34.0,75.0,222.0,125.0,19.0,57.0,0.0
377.0,717.0,252.0,140.0,112.0,373.0,35.0,140.0,571.0,137.0,176.0,133.0,55.0,91.0,87.0
126.0,130.0,279.0,26.0,155.0,197.0,50.0,163.0,170.0,154.0,203.0,167.0,92.0,111.0,118.0
126.0,130.0,339.0,63.0,292.0,230.0,166.0,214.0,311.0,199.0,250.0,231.0,273.0,162.0,307.0
134.0,999.0,267.0,29.0,89.0,999.0,30.0,156.0,177.0,151.0,200.0,162.0,55.0,107.0,73.0
429.0,376.0,542.0,153.0,112.0,297.0,598.0,415.0,145.0,356.0,338.0,449.0,726.0,305.0,87.0
196.0,257.0,317.0,51.0,253.0,349.0,106.0,205.0,270.0,188.0,241.0,220.0,209.0,149.0,218.0
80.0,41.0,299.0,9.0,47.0,102.0,9.0,148.0,103.0,174.0,222.0,193.0,33.0,184.0,32.0
114.0,95.0,507.0,22.0,126.0,191.0,40.0,392.0,144.0,304.0,408.0,395.0,70.0,174.0,93.0
322.0,585.0,688.0,110.0,262.0,255.0,101.0,565.0,466.0,296.0,658.0,355.0,190.0,491.0,250.0
123.0,128.0,438.0,24.0,138.0,144.0,46.0,322.0,163.0,271.0,338.0,207.0,89.0,248.0,172.0
115.0,53.0,257.0,22.0,212.0,143.0,80.0,144.0,144.0,129.0,188.0,115.0,123.0,95.0,175.0
288.0,325.0,111.0,95.0,202.0,422.0,77.0,26.0,454.0,273.0,13.0,58.0,154.0,24.0,173.0
211.0,238.0,299.0,57.0,275.0,348.0,139.0,32.0,296.0,201.0,238.0,248.0,264.0,21.0,247.0
316.0,515.0,488.0,106.0,446.0,489.0,258.0,346.0,501.0,316.0,400.0,446.0,500.0,259.0,329.0
77.0,41.0,126.0,8.0,157.0,103.0,50.0,29.0,69.0,81.0,187.0,68.0,27.0,17.0,122.0
412.0,764.0,208.0,177.0,277.0,430.0,139.0,83.0,660.0,403.0,128.0,127.0,751.0,64.0,250.0
375.0,717.0,528.0,140.0,476.0,706.0,258.0,420.0,571.0,322.0,387.0,456.0,583.0,311.0,134.0
120.0,104.0,550.0,182.0,329.0,212.0,382.0,431.0,313.0,381.0,470.0,72.0,639.0,493.0,247.0
181.0,235.0,313.0,45.0,237.0,333.0,99.0,296.0,210.0,187.0,232.0,430.0,195.0,131.0,213.0
115.0,95.0,240.0,23.0,89.0,281.0,32.0,110.0,145.0,129.0,152.0,126.0,92.0,66.0,74.0
311.0,40.0,507.0,128.0,216.0,86.0,79.0,364.0,188.0,306.0,408.0,287.0,590.0,275.0,178.0
167.0,222.0,271.0,30.0,174.0,310.0,58.0,200.0,184.0,151.0,200.0,162.0,103.0,146.0,12.0
311.0,317.0,417.0,97.0,503.0,393.0,274.0,313.0,122.0,252.0,345.0,353.0,529.0,240.0,42.0
163.0,215.0,283.0,36.0,229.0,297.0,82.0,572.0,210.0,156.0,208.0,178.0,171.0,455.0,187.0
229.0,310.0,353.0,67.0,261.0,390.0,129.0,620.0,330.0,214.0,286.0,287.0,260.0,477.0,242.0
139.0,163.0,278.0,30.0,118.0,213.0,38.0,201.0,172.0,151.0,201.0,162.0,70.0,146.0,101.0
146.0,221.0,215.0,31.0,105.0,294.0,32.0,84.0,184.0,129.0,128.0,125.0,33.0,64.0,122.0
287.0,461.0,701.0,86.0,312.0,489.0,184.0,572.0,431.0,595.0,210.0,911.0,380.0,442.0,331.0
168.0,225.0,283.0,38.0,227.0,310.0,85.0,168.0,213.0,154.0,208.0,190.0,175.0,119.0,180.0
104.0,78.0,224.0,19.0,104.0,333.0,34.0,98.0,122.0,120.0,149.0,139.0,54.0,16.0,331.0
217.0,300.0,347.0,60.0,279.0,205.0,148.0,222.0,290.0,203.0,225.0,264.0,270.0,162.0,55.0
181.0,234.0,201.0,45.0,161.0,328.0,53.0,61.0,233.0,92.0,100.0,76.0,101.0,30.0,126.0
187.0,612.0,323.0,51.0,262.0,534.0,127.0,204.0,270.0,191.0,241.0,236.0,256.0,305.0,180.0
104.0,78.0,0.0,0.0,168.0,173.0,0.0,0.0,0.0,0.0,0.0,70.0,0.0,0.0,117.0
377.0,310.0,549.0,148.0,999.0,390.0,444.0,392.0,213.0,347.0,468.0,470.0,726.0,303.0,999.0
154.0,188.0,701.0,248.0,75.0,315.0,26.0,572.0,616.0,580.0,414.0,894.0,588.0,455.0,71.0
165.0,219.0,395.0,58.0,280.0,297.0,148.0,315.0,297.0,228.0,321.0,463.0,269.0,184.0,275.0
182.0,233.0,346.0,57.0,258.0,320.0,119.0,223.0,293.0,201.0,257.0,248.0,256.0,145.0,188.0
317.0,515.0,481.0,109.0,503.0,490.0,274.0,342.0,503.0,296.0,386.0,374.0,524.0,258.0,699.0
169.0,225.0,258.0,40.0,131.0,310.0,43.0,146.0,223.0,144.0,189.0,374.0,256.0,96.0,102.0
103.0,47.0,215.0,17.0,104.0,133.0,35.0,572.0,144.0,112.0,128.0,100.0,48.0,412.0,84.0
211.0,257.0,346.0,57.0,310.0,348.0,226.0,223.0,296.0,201.0,120.0,248.0,344.0,170.0,250.0
182.0,225.0,320.0,49.0,212.0,310.0,99.0,202.0,570.0,188.0,240.0,220.0,200.0,107.0,175.0
322.0,718.0,487.0,109.0,229.0,741.0,92.0,358.0,501.0,296.0,408.0,374.0,181.0,269.0,188.0
102.0,215.0,379.0,23.0,277.0,206.0,43.0,148.0,145.0,138.0,320.0,138.0,76.0,96.0,250.0
113.0,90.0,487.0,97.0,118.0,212.0,230.0,358.0,483.0,296.0,394.0,374.0,369.0,269.0,93.0
124.0,129.0,252.0,25.0,100.0,222.0,32.0,140.0,164.0,138.0,187.0,138.0,54.0,90.0,74.0
158.0,207.0,320.0,49.0,226.0,277.0,106.0,204.0,227.0,188.0,238.0,220.0,190.0,149.0,183.0
211.0,292.0,346.0,57.0,238.0,374.0,39.0,228.0,178.0,201.0,248.0,248.0,264.0,179.0,96.0
167.0,212.0,348.0,29.0,55.0,280.0,18.0,273.0,178.0,147.0,272.0,156.0,109.0,193.0,44.0
311.0,338.0,323.0,97.0,277.0,430.0,262.0,204.0,498.0,293.0,222.0,353.0,494.0,146.0,248.0
178.0,231.0,330.0,51.0,150.0,348.0,50.0,205.0,270.0,192.0,238.0,353.0,92.0,152.0,97.0
103.0,71.0,222.0,18.0,134.0,159.0,45.0,97.0,117.0,113.0,261.0,117.0,85.0,72.0,99.0
182.0,235.0,322.0,50.0,212.0,348.0,83.0,273.0,252.0,188.0,241.0,221.0,209.0,496.0,175.0
176.0,233.0,363.0,70.0,155.0,320.0,226.0,280.0,341.0,238.0,333.0,282.0,344.0,186.0,119.0
414.0,434.0,570.0,182.0,735.0,484.0,485.0,440.0,616.0,403.0,419.0,681.0,693.0,312.0,52.0
113.0,90.0,240.0,21.0,278.0,143.0,79.0,109.0,139.0,129.0,157.0,118.0,174.0,65.0,212.0
182.0,235.0,283.0,53.0,226.0,241.0,150.0,175.0,288.0,154.0,207.0,197.0,256.0,123.0,201.0
271.0,409.0,550.0,86.0,257.0,448.0,107.0,214.0,430.0,271.0,470.0,323.0,256.0,184.0,246.0
257.0,284.0,316.0,63.0,184.0,373.0,166.0,201.0,311.0,184.0,236.0,207.0,273.0,146.0,155.0
137.0,95.0,271.0,29.0,175.0,208.0,58.0,154.0,178.0,151.0,200.0,162.0,108.0,102.0,118.0
316.0,515.0,252.0,106.0,238.0,216.0,99.0,572.0,500.0,136.0,176.0,178.0,515.0,455.0,214.0
104.0,78.0,372.0,19.0,89.0,175.0,26.0,273.0,125.0,264.0,286.0,312.0,54.0,192.0,91.0
100.0,45.0,183.0,15.0,89.0,127.0,16.0,32.0,103.0,105.0,201.0,84.0,33.0,21.0,74.0
333.0,474.0,350.0,109.0,100.0,490.0,276.0,240.0,430.0,213.0,274.0,264.0,583.0,219.0,80.0
158.0,231.0,440.0,91.0,228.0,344.0,85.0,322.0,454.0,273.0,338.0,323.0,168.0,173.0,188.0
229.0,284.0,336.0,61.0,100.0,373.0,32.0,206.0,54.0,197.0,248.0,167.0,51.0,158.0,80.0
316.0,515.0,481.0,104.0,229.0,489.0,92.0,346.0,501.0,296.0,387.0,355.0,212.0,259.0,175.0
94.0,53.0,223.0,17.0,191.0,143.0,69.0,83.0,117.0,112.0,29.0,101.0,48.0,64.0,173.0
374.0,694.0,511.0,137.0,723.0,656.0,396.0,313.0,571.0,316.0,414.0,449.0,624.0,240.0,107.0
270.0,229.0,414.0,86.0,73.0,315.0,19.0,313.0,430.0,265.0,326.0,317.0,44.0,235.0,107.0
181.0,233.0,326.0,45.0,248.0,348.0,99.0,205.0,237.0,188.0,241.0,374.0,200.0,150.0,218.0
999.0,999.0,999.0,999.0,999.0,999.0,999.0,999.0,999.0,999.0,257.0,221.0,999.0,999.0,999.0
156.0,200.0,142.0,35.0,229.0,280.0,86.0,31.0,271.0,165.0,20.0,187.0,176.0,17.0,192.0
156.0,194.0,290.0,34.0,168.0,261.0,76.0,176.0,191.0,156.0,208.0,178.0,149.0,129.0,127.0
130.0,137.0,239.0,27.0,175.0,241.0,50.0,103.0,171.0,141.0,94.0,72.0,95.0,72.0,142.0
375.0,694.0,511.0,140.0,117.0,663.0,35.0,490.0,571.0,319.0,366.0,456.0,656.0,333.0,96.0
94.0,53.0,215.0,17.0,85.0,143.0,28.0,84.0,69.0,112.0,130.0,95.0,45.0,64.0,142.0
156.0,194.0,290.0,34.0,200.0,281.0,75.0,481.0,252.0,156.0,152.0,304.0,149.0,179.0,172.0
270.0,373.0,693.0,117.0,601.0,460.0,367.0,565.0,551.0,580.0,130.0,287.0,588.0,442.0,808.0
163.0,89.0,475.0,97.0,445.0,550.0,254.0,331.0,430.0,278.0,394.0,346.0,444.0,292.0,574.0
182.0,193.0,316.0,49.0,258.0,86.0,98.0,296.0,222.0,188.0,239.0,220.0,204.0,213.0,234.0
374.0,693.0,514.0,137.0,128.0,310.0,2.0,704.0,571.0,319.0,414.0,456.0,5.0,613.0,99.0
123.0,95.0,252.0,24.0,137.0,277.0,46.0,140.0,163.0,137.0,176.0,137.0,84.0,90.0,80.0
273.0,474.0,355.0,80.0,313.0,491.0,198.0,280.0,425.0,223.0,286.0,277.0,269.0,185.0,390.0
103.0,72.0,215.0,17.0,128.0,249.0,42.0,84.0,125.0,112.0,264.0,100.0,47.0,26.0,99.0
80.0,41.0,184.0,9.0,43.0,256.0,9.0,45.0,76.0,80.0,122.0,68.0,33.0,25.0,25.0
163.0,210.0,340.0,36.0,228.0,294.0,80.0,316.0,210.0,154.0,252.0,162.0,168.0,241.0,188.0
102.0,76.0,311.0,17.0,98.0,294.0,32.0,197.0,120.0,184.0,239.0,207.0,51.0,555.0,77.0
76.0,590.0,204.0,8.0,43.0,362.0,6.0,200.0,164.0,76.0,128.0,76.0,33.0,458.0,25.0
152.0,276.0,281.0,33.0,260.0,390.0,99.0,165.0,187.0,154.0,240.0,124.0,145.0,107.0,240.0
211.0,281.0,326.0,58.0,279.0,221.0,148.0,228.0,296.0,201.0,243.0,317.0,269.0,328.0,175.0
178.0,185.0,316.0,45.0,233.0,261.0,96.0,103.0,239.0,188.0,238.0,244.0,195.0,72.0,173.0
114.0,95.0,240.0,22.0,89.0,221.0,30.0,110.0,144.0,129.0,160.0,124.0,46.0,77.0,72.0
130.0,137.0,263.0,29.0,174.0,200.0,54.0,149.0,170.0,147.0,236.0,162.0,101.0,96.0,73.0
375.0,694.0,661.0,217.0,999.0,663.0,570.0,509.0,347.0,416.0,5.0,72.0,888.0,390.0,999.0
330.0,590.0,491.0,114.0,106.0,280.0,35.0,358.0,518.0,304.0,252.0,799.0,583.0,269.0,87.0
256.0,332.0,363.0,71.0,104.0,429.0,217.0,277.0,276.0,246.0,299.0,302.0,330.0,196.0,83.0
83.0,42.0,111.0,11.0,45.0,315.0,7.0,26.0,233.0,83.0,152.0,81.0,25.0,17.0,187.0
146.0,154.0,532.0,30.0,217.0,270.0,58.0,384.0,188.0,346.0,419.0,460.0,122.0,96.0,180.0
217.0,261.0,310.0,43.0,17.0,372.0,2.0,195.0,223.0,182.0,234.0,207.0,5.0,65.0,89.0
212.0,403.0,356.0,57.0,203.0,462.0,76.0,264.0,296.0,176.0,262.0,287.0,264.0,186.0,101.0
257.0,28.0,550.0,71.0,294.0,60.0,170.0,431.0,314.0,368.0,470.0,582.0,276.0,312.0,307.0
113.0,90.0,240.0,21.0,100.0,211.0,32.0,109.0,139.0,129.0,157.0,114.0,68.0,81.0,80.0
71.0,27.0,207.0,6.0,310.0,60.0,172.0,65.0,24.0,61.0,117.0,580.0,238.0,41.0,329.0
410.0,200.0,639.0,182.0,228.0,280.0,85.0,476.0,676.0,403.0,394.0,395.0,176.0,493.0,173.0
412.0,764.0,511.0,177.0,446.0,767.0,367.0,392.0,431.0,368.0,410.0,582.0,726.0,292.0,119.0
24.0,48.0,281.0,43.0,117.0,86.0,92.0,165.0,545.0,154.0,5.0,68.0,158.0,111.0,94.0
73.0,27.0,142.0,6.0,45.0,56.0,4.0,31.0,38.0,67.0,13.0,50.0,19.0,17.0,43.0
104.0,78.0,220.0,16.0,75.0,348.0,22.0,92.0,105.0,106.0,130.0,138.0,40.0,28.0,52.0
333.0,618.0,487.0,109.0,524.0,373.0,274.0,353.0,503.0,296.0,394.0,374.0,524.0,269.0,158.0
146.0,174.0,310.0,30.0,45.0,270.0,32.0,97.0,187.0,156.0,191.0,164.0,51.0,71.0,44.0
102.0,71.0,300.0,17.0,188.0,159.0,67.0,189.0,125.0,176.0,238.0,197.0,136.0,68.0,156.0
206.0,278.0,316.0,51.0,89.0,249.0,32.0,204.0,271.0,188.0,239.0,212.0,44.0,167.0,74.0
176.0,229.0,303.0,41.0,131.0,448.0,45.0,194.0,222.0,176.0,238.0,208.0,191.0,145.0,101.0
236.0,322.0,693.0,30.0,188.0,397.0,67.0,718.0,184.0,151.0,382.0,162.0,139.0,496.0,156.0
156.0,222.0,323.0,34.0,45.0,280.0,7.0,200.0,195.0,185.0,241.0,207.0,19.0,145.0,118.0
152.0,179.0,279.0,32.0,176.0,260.0,61.0,163.0,187.0,154.0,203.0,165.0,122.0,308.0,215.0
80.0,41.0,187.0,9.0,47.0,102.0,9.0,84.0,0.0,82.0,88.0,69.0,33.0,64.0,56.0
84.0,40.0,111.0,14.0,176.0,86.0,53.0,26.0,98.0,101.0,241.0,100.0,101.0,16.0,139.0
83.0,41.0,224.0,20.0,238.0,102.0,99.0,98.0,125.0,120.0,108.0,115.0,200.0,130.0,180.0
73.0,28.0,142.0,6.0,255.0,56.0,107.0,438.0,173.0,67.0,91.0,47.0,19.0,312.0,231.0
214.0,300.0,346.0,57.0,174.0,382.0,139.0,296.0,296.0,201.0,240.0,248.0,264.0,213.0,179.0
157.0,227.0,323.0,35.0,203.0,203.0,76.0,200.0,198.0,188.0,234.0,214.0,155.0,146.0,174.0
94.0,53.0,238.0,20.0,89.0,143.0,30.0,103.0,127.0,120.0,152.0,186.0,46.0,72.0,72.0
129.0,135.0,125.0,29.0,165.0,241.0,54.0,15.0,173.0,144.0,248.0,155.0,101.0,17.0,127.0
196.0,259.0,313.0,51.0,206.0,349.0,61.0,202.0,272.0,192.0,239.0,236.0,68.0,275.0,73.0
259.0,82.0,386.0,86.0,312.0,212.0,198.0,296.0,431.0,265.0,320.0,323.0,291.0,213.0,246.0
163.0,221.0,300.0,38.0,227.0,479.0,85.0,189.0,213.0,176.0,220.0,822.0,175.0,133.0,455.0
154.0,188.0,279.0,34.0,168.0,270.0,75.0,163.0,193.0,154.0,203.0,165.0,145.0,555.0,126.0
130.0,137.0,260.0,29.0,203.0,250.0,76.0,313.0,173.0,144.0,189.0,100.0,101.0,241.0,174.0
133.0,47.0,271.0,29.0,174.0,127.0,58.0,322.0,122.0,151.0,200.0,162.0,103.0,247.0,139.0
165.0,210.0,267.0,29.0,174.0,293.0,58.0,155.0,178.0,147.0,201.0,140.0,103.0,493.0,192.0
178.0,233.0,313.0,41.0,104.0,320.0,274.0,192.0,223.0,184.0,238.0,207.0,524.0,145.0,80.0
156.0,194.0,323.0,35.0,17.0,280.0,0.0,148.0,197.0,176.0,214.0,197.0,0.0,96.0,81.0
206.0,323.0,356.0,56.0,83.0,407.0,26.0,259.0,292.0,214.0,262.0,268.0,48.0,185.0,116.0
210.0,284.0,298.0,57.0,229.0,373.0,99.0,186.0,293.0,201.0,222.0,248.0,204.0,116.0,153.0
91.0,48.0,208.0,15.0,131.0,143.0,43.0,32.0,109.0,106.0,154.0,190.0,42.0,21.0,102.0
183.0,257.0,507.0,133.0,329.0,348.0,213.0,358.0,571.0,306.0,408.0,338.0,316.0,269.0,469.0
71.0,27.0,353.0,6.0,28.0,56.0,4.0,240.0,34.0,82.0,299.0,70.0,12.0,184.0,12.0
316.0,515.0,661.0,97.0,410.0,445.0,274.0,508.0,858.0,289.0,238.0,113.0,500.0,111.0,31.0
165.0,221.0,142.0,38.0,252.0,310.0,108.0,31.0,213.0,84.0,419.0,231.0,214.0,21.0,218.0
271.0,406.0,360.0,67.0,104.0,468.0,34.0,241.0,330.0,227.0,345.0,288.0,288.0,184.0,84.0
271.0,406.0,266.0,78.0,202.0,498.0,79.0,155.0,430.0,247.0,200.0,301.0,161.0,134.0,173.0
77.0,64.0,550.0,51.0,243.0,197.0,99.0,431.0,272.0,192.0,470.0,240.0,202.0,496.0,212.0
270.0,182.0,438.0,86.0,117.0,261.0,35.0,316.0,430.0,271.0,338.0,323.0,309.0,218.0,89.0
288.0,461.0,440.0,95.0,261.0,254.0,253.0,316.0,466.0,273.0,345.0,248.0,444.0,240.0,242.0
124.0,129.0,299.0,25.0,174.0,210.0,50.0,313.0,184.0,137.0,222.0,134.0,127.0,184.0,134.0
244.0,325.0,346.0,70.0,310.0,418.0,188.0,225.0,341.0,230.0,210.0,288.0,288.0,179.0,274.0
183.0,249.0,346.0,50.0,243.0,348.0,106.0,223.0,253.0,207.0,220.0,263.0,211.0,167.0,215.0
0.0,0.0,207.0,0.0,0.0,0.0,0.0,59.0,24.0,190.0,117.0,241.0,0.0,30.0,0.0
375.0,693.0,507.0,133.0,341.0,484.0,78.0,509.0,288.0,311.0,410.0,460.0,168.0,408.0,416.0
156.0,187.0,240.0,27.0,157.0,221.0,52.0,110.0,171.0,129.0,160.0,126.0,101.0,72.0,122.0
129.0,135.0,279.0,27.0,100.0,241.0,33.0,158.0,171.0,140.0,130.0,140.0,19.0,107.0,74.0
210.0,284.0,346.0,57.0,132.0,374.0,139.0,214.0,311.0,201.0,402.0,248.0,264.0,162.0,107.0
154.0,188.0,283.0,33.0,191.0,213.0,67.0,175.0,188.0,156.0,207.0,197.0,139.0,27.0,153.0
114.0,95.0,240.0,23.0,126.0,206.0,40.0,110.0,145.0,129.0,310.0,125.0,73.0,131.0,95.0
100.0,71.0,214.0,17.0,89.0,159.0,30.0,39.0,119.0,108.0,128.0,165.0,47.0,25.0,81.0
122.0,194.0,240.0,24.0,212.0,280.0,76.0,110.0,163.0,129.0,160.0,114.0,84.0,72.0,182.0
206.0,188.0,300.0,58.0,322.0,272.0,147.0,509.0,296.0,201.0,225.0,248.0,269.0,493.0,117.0
123.0,115.0,252.0,24.0,131.0,220.0,46.0,140.0,168.0,137.0,164.0,68.0,89.0,88.0,170.0
295.0,129.0,661.0,248.0,175.0,222.0,58.0,509.0,616.0,524.0,654.0,428.0,693.0,291.0,144.0
114.0,95.0,300.0,22.0,47.0,203.0,7.0,194.0,144.0,176.0,249.0,193.0,70.0,134.0,32.0
160.0,188.0,292.0,35.0,212.0,276.0,78.0,176.0,198.0,156.0,210.0,178.0,156.0,145.0,174.0
114.0,95.0,294.0,22.0,117.0,276.0,37.0,180.0,144.0,165.0,245.0,187.0,68.0,130.0,94.0
414.0,717.0,570.0,183.0,243.0,296.0,138.0,469.0,660.0,403.0,500.0,681.0,864.0,318.0,215.0
102.0,71.0,255.0,18.0,102.0,159.0,33.0,148.0,122.0,139.0,182.0,139.0,52.0,248.0,82.0
270.0,376.0,414.0,86.0,197.0,489.0,213.0,312.0,431.0,265.0,326.0,304.0,380.0,240.0,122.0
73.0,28.0,111.0,6.0,132.0,156.0,45.0,26.0,38.0,58.0,63.0,23.0,84.0,17.0,107.0
178.0,233.0,320.0,49.0,191.0,320.0,69.0,205.0,296.0,188.0,240.0,212.0,204.0,152.0,157.0
73.0,55.0,142.0,6.0,89.0,155.0,2.0,31.0,290.0,63.0,88.0,91.0,10.0,17.0,72.0
233.0,316.0,348.0,65.0,28.0,390.0,2.0,232.0,314.0,185.0,226.0,208.0,288.0,303.0,12.0
196.0,259.0,347.0,51.0,261.0,390.0,119.0,222.0,288.0,193.0,264.0,236.0,158.0,170.0,242.0
125.0,130.0,252.0,24.0,131.0,200.0,46.0,140.0,168.0,137.0,206.0,133.0,89.0,96.0,183.0
83.0,43.0,126.0,13.0,238.0,124.0,19.0,29.0,173.0,99.0,29.0,76.0,36.0,17.0,212.0
181.0,234.0,311.0,45.0,344.0,203.0,222.0,180.0,237.0,184.0,238.0,220.0,336.0,130.0,422.0
322.0,474.0,351.0,86.0,415.0,220.0,230.0,83.0,302.0,214.0,338.0,264.0,369.0,79.0,89.0
168.0,225.0,507.0,80.0,227.0,310.0,222.0,377.0,139.0,252.0,408.0,305.0,336.0,303.0,148.0
264.0,323.0,363.0,80.0,216.0,550.0,46.0,313.0,425.0,252.0,290.0,302.0,276.0,235.0,178.0
181.0,234.0,316.0,45.0,237.0,328.0,98.0,201.0,223.0,188.0,245.0,212.0,196.0,134.0,212.0
83.0,56.0,206.0,13.0,73.0,155.0,19.0,406.0,98.0,101.0,27.0,316.0,36.0,149.0,74.0
152.0,185.0,290.0,33.0,176.0,261.0,61.0,176.0,187.0,156.0,210.0,178.0,128.0,123.0,148.0
236.0,322.0,353.0,66.0,112.0,388.0,35.0,251.0,332.0,214.0,286.0,268.0,284.0,184.0,111.0
103.0,72.0,215.0,19.0,102.0,159.0,35.0,186.0,127.0,112.0,128.0,100.0,54.0,133.0,82.0
375.0,694.0,511.0,137.0,229.0,656.0,92.0,493.0,452.0,319.0,411.0,456.0,181.0,339.0,160.0
257.0,346.0,396.0,80.0,446.0,437.0,258.0,296.0,99.0,252.0,322.0,305.0,438.0,213.0,566.0
412.0,764.0,580.0,182.0,15.0,358.0,1.0,470.0,601.0,403.0,508.0,681.0,4.0,319.0,4.0
83.0,41.0,530.0,12.0,50.0,82.0,18.0,403.0,98.0,25.0,419.0,0.0,36.0,305.0,38.0
167.0,222.0,207.0,38.0,228.0,308.0,85.0,78.0,222.0,106.0,120.0,95.0,175.0,57.0,183.0
119.0,104.0,246.0,23.0,157.0,212.0,52.0,181.0,144.0,132.0,206.0,127.0,76.0,131.0,110.0
114.0,41.0,353.0,22.0,177.0,82.0,61.0,508.0,141.0,99.0,286.0,76.0,101.0,339.0,154.0
103.0,72.0,208.0,22.0,102.0,156.0,33.0,62.0,144.0,107.0,100.0,100.0,70.0,35.0,82.0
0.0,0.0,487.0,109.0,503.0,0.0,274.0,391.0,501.0,296.0,394.0,212.0,529.0,218.0,678.0
330.0,590.0,507.0,117.0,446.0,227.0,367.0,377.0,547.0,304.0,408.0,428.0,588.0,311.0,131.0
264.0,221.0,126.0,86.0,176.0,319.0,61.0,29.0,457.0,265.0,27.0,561.0,369.0,17.0,154.0
130.0,137.0,255.0,29.0,165.0,225.0,54.0,146.0,172.0,139.0,122.0,138.0,101.0,96.0,127.0
163.0,215.0,240.0,36.0,216.0,289.0,82.0,111.0,210.0,167.0,164.0,178.0,171.0,77.0,180.0
180.0,233.0,313.0,45.0,248.0,320.0,101.0,200.0,227.0,188.0,245.0,114.0,200.0,146.0,190.0
271.0,461.0,411.0,87.0,28.0,489.0,19.0,440.0,430.0,264.0,187.0,303.0,59.0,312.0,91.0
130.0,137.0,263.0,29.0,161.0,235.0,53.0,149.0,173.0,147.0,238.0,158.0,101.0,192.0,131.0
202.0,219.0,507.0,51.0,252.0,297.0,126.0,364.0,281.0,316.0,410.0,449.0,239.0,275.0,157.0
181.0,235.0,386.0,70.0,311.0,393.0,184.0,296.0,333.0,228.0,189.0,287.0,288.0,213.0,334.0
87.0,48.0,170.0,15.0,88.0,143.0,19.0,39.0,103.0,99.0,128.0,76.0,40.0,30.0,71.0
130.0,141.0,386.0,29.0,161.0,249.0,53.0,292.0,173.0,243.0,310.0,298.0,101.0,208.0,74.0
154.0,203.0,222.0,33.0,191.0,280.0,69.0,92.0,178.0,120.0,123.0,118.0,140.0,129.0,153.0
165.0,215.0,201.0,38.0,131.0,306.0,83.0,83.0,213.0,85.0,91.0,76.0,174.0,64.0,99.0
126.0,131.0,278.0,27.0,157.0,214.0,50.0,175.0,170.0,151.0,201.0,162.0,92.0,129.0,119.0
182.0,238.0,317.0,45.0,230.0,324.0,95.0,201.0,227.0,187.0,236.0,207.0,195.0,133.0,202.0
126.0,310.0,311.0,27.0,54.0,390.0,18.0,197.0,171.0,141.0,236.0,149.0,43.0,145.0,54.0
237.0,322.0,582.0,67.0,229.0,397.0,86.0,476.0,204.0,411.0,509.0,582.0,284.0,202.0,172.0
111.0,89.0,355.0,21.0,157.0,191.0,50.0,292.0,127.0,223.0,286.0,149.0,59.0,185.0,119.0
212.0,338.0,346.0,57.0,112.0,429.0,35.0,223.0,292.0,201.0,264.0,248.0,259.0,170.0,87.0
237.0,317.0,326.0,67.0,174.0,393.0,58.0,204.0,333.0,269.0,243.0,463.0,288.0,256.0,111.0
156.0,203.0,283.0,34.0,168.0,280.0,19.0,168.0,194.0,156.0,208.0,178.0,139.0,101.0,69.0
167.0,238.0,183.0,40.0,228.0,369.0,92.0,39.0,223.0,67.0,0.0,50.0,181.0,25.0,160.0
319.0,474.0,481.0,109.0,176.0,491.0,61.0,342.0,501.0,296.0,387.0,374.0,116.0,256.0,74.0
206.0,227.0,340.0,56.0,257.0,312.0,101.0,205.0,293.0,200.0,509.0,248.0,196.0,133.0,215.0
244.0,323.0,475.0,70.0,242.0,448.0,222.0,327.0,341.0,230.0,382.0,288.0,291.0,219.0,201.0
112.0,40.0,240.0,21.0,242.0,86.0,99.0,115.0,139.0,129.0,252.0,118.0,68.0,291.0,214.0
158.0,205.0,293.0,29.0,145.0,289.0,50.0,176.0,173.0,160.0,211.0,185.0,102.0,184.0,116.0
137.0,229.0,204.0,18.0,58.0,315.0,18.0,62.0,122.0,99.0,108.0,76.0,35.0,34.0,44.0
147.0,174.0,281.0,32.0,175.0,175.0,61.0,16.0,187.0,154.0,199.0,172.0,123.0,218.0,181.0
314.0,130.0,701.0,97.0,226.0,227.0,166.0,572.0,81.0,595.0,394.0,911.0,273.0,496.0,175.0
252.0,331.0,379.0,86.0,89.0,439.0,171.0,297.0,430.0,264.0,307.0,307.0,284.0,213.0,74.0
257.0,323.0,374.0,71.0,310.0,407.0,172.0,290.0,122.0,243.0,310.0,248.0,276.0,205.0,322.0
429.0,235.0,582.0,201.0,723.0,333.0,396.0,469.0,177.0,408.0,509.0,246.0,905.0,477.0,808.0
94.0,53.0,207.0,16.0,216.0,143.0,80.0,32.0,120.0,106.0,120.0,92.0,43.0,21.0,181.0
182.0,235.0,320.0,50.0,117.0,341.0,35.0,83.0,253.0,190.0,373.0,208.0,214.0,64.0,157.0
374.0,693.0,507.0,137.0,260.0,60.0,121.0,403.0,568.0,319.0,410.0,457.0,260.0,309.0,238.0
92.0,55.0,247.0,20.0,88.0,154.0,29.0,31.0,302.0,120.0,188.0,117.0,46.0,20.0,73.0
96.0,78.0,207.0,17.0,100.0,175.0,32.0,83.0,120.0,108.0,210.0,100.0,51.0,57.0,63.0
241.0,322.0,550.0,70.0,229.0,397.0,92.0,431.0,333.0,228.0,470.0,287.0,288.0,312.0,202.0
206.0,278.0,657.0,56.0,211.0,369.0,52.0,572.0,292.0,198.0,658.0,241.0,259.0,57.0,175.0
257.0,338.0,661.0,71.0,227.0,430.0,94.0,509.0,253.0,243.0,658.0,312.0,204.0,408.0,182.0
96.0,55.0,207.0,16.0,85.0,193.0,28.0,80.0,119.0,106.0,117.0,185.0,45.0,57.0,110.0
999.0,999.0,999.0,999.0,999.0,999.0,999.0,999.0,999.0,999.0,208.0,822.0,999.0,999.0,999.0
83.0,42.0,224.0,16.0,37.0,143.0,16.0,97.0,122.0,107.0,128.0,228.0,44.0,88.0,32.0
83.0,43.0,208.0,16.0,112.0,124.0,39.0,82.0,125.0,108.0,232.0,98.0,43.0,58.0,87.0
429.0,104.0,582.0,201.0,279.0,212.0,147.0,470.0,288.0,408.0,509.0,799.0,905.0,319.0,213.0
111.0,41.0,206.0,15.0,75.0,143.0,19.0,65.0,105.0,101.0,110.0,76.0,40.0,71.0,45.0
114.0,90.0,701.0,22.0,122.0,253.0,39.0,470.0,147.0,595.0,758.0,894.0,70.0,319.0,93.0
115.0,95.0,251.0,23.0,126.0,206.0,40.0,285.0,145.0,137.0,191.0,133.0,73.0,208.0,97.0
244.0,323.0,361.0,70.0,312.0,445.0,198.0,250.0,172.0,227.0,295.0,282.0,291.0,303.0,351.0
182.0,235.0,207.0,50.0,157.0,328.0,53.0,65.0,252.0,106.0,122.0,81.0,209.0,41.0,119.0
163.0,214.0,303.0,36.0,224.0,373.0,82.0,83.0,210.0,176.0,245.0,203.0,171.0,62.0,182.0
259.0,106.0,385.0,77.0,341.0,214.0,220.0,293.0,129.0,247.0,295.0,303.0,334.0,208.0,416.0
232.0,348.0,361.0,64.0,294.0,429.0,166.0,322.0,313.0,228.0,309.0,298.0,276.0,246.0,308.0
156.0,185.0,313.0,34.0,203.0,324.0,75.0,202.0,171.0,144.0,240.0,151.0,150.0,148.0,174.0
126.0,133.0,255.0,26.0,145.0,390.0,50.0,140.0,54.0,139.0,182.0,140.0,92.0,91.0,126.0
158.0,461.0,294.0,36.0,288.0,486.0,150.0,176.0,184.0,167.0,211.0,186.0,380.0,131.0,297.0
322.0,612.0,570.0,185.0,310.0,534.0,166.0,459.0,330.0,404.0,509.0,681.0,273.0,245.0,331.0
229.0,322.0,337.0,60.0,288.0,430.0,165.0,214.0,302.0,203.0,250.0,264.0,272.0,167.0,297.0
152.0,180.0,258.0,33.0,177.0,260.0,61.0,148.0,187.0,144.0,188.0,118.0,122.0,96.0,154.0
83.0,43.0,125.0,12.0,28.0,124.0,19.0,27.0,171.0,57.0,20.0,207.0,36.0,17.0,11.0
206.0,292.0,330.0,51.0,161.0,374.0,53.0,322.0,296.0,192.0,244.0,231.0,136.0,247.0,140.0
129.0,135.0,363.0,61.0,226.0,241.0,171.0,277.0,313.0,213.0,298.0,263.0,273.0,219.0,77.0
156.0,180.0,298.0,34.0,126.0,260.0,40.0,194.0,431.0,174.0,222.0,197.0,68.0,134.0,96.0
80.0,36.0,190.0,11.0,45.0,86.0,15.0,51.0,271.0,84.0,94.0,76.0,33.0,17.0,94.0
232.0,306.0,351.0,63.0,257.0,389.0,108.0,240.0,311.0,214.0,264.0,240.0,214.0,184.0,316.0
205.0,274.0,337.0,55.0,261.0,362.0,127.0,212.0,292.0,197.0,249.0,241.0,259.0,193.0,242.0
414.0,769.0,491.0,159.0,262.0,155.0,99.0,322.0,999.0,304.0,387.0,355.0,751.0,617.0,246.0
139.0,348.0,356.0,30.0,175.0,439.0,58.0,264.0,177.0,223.0,290.0,282.0,108.0,186.0,140.0
316.0,515.0,481.0,104.0,85.0,341.0,247.0,342.0,500.0,296.0,387.0,355.0,419.0,258.0,64.0
83.0,43.0,183.0,19.0,188.0,127.0,67.0,45.0,107.0,105.0,218.0,84.0,54.0,25.0,89.0
257.0,346.0,372.0,71.0,292.0,341.0,226.0,285.0,357.0,243.0,298.0,302.0,337.0,57.0,307.0
181.0,234.0,283.0,33.0,132.0,191.0,46.0,601.0,187.0,154.0,207.0,178.0,90.0,493.0,93.0
80.0,41.0,201.0,11.0,157.0,56.0,53.0,61.0,330.0,85.0,94.0,76.0,54.0,34.0,122.0
114.0,92.0,240.0,22.0,112.0,203.0,38.0,111.0,141.0,129.0,157.0,218.0,70.0,77.0,93.0
111.0,89.0,238.0,21.0,104.0,220.0,35.0,103.0,139.0,120.0,176.0,108.0,55.0,72.0,83.0
158.0,205.0,294.0,36.0,45.0,281.0,7.0,180.0,171.0,167.0,214.0,186.0,27.0,130.0,31.0
257.0,346.0,386.0,77.0,226.0,407.0,217.0,296.0,184.0,247.0,320.0,303.0,331.0,213.0,87.0
123.0,108.0,311.0,41.0,230.0,215.0,94.0,197.0,223.0,185.0,250.0,207.0,191.0,146.0,201.0
111.0,89.0,476.0,128.0,312.0,191.0,198.0,363.0,551.0,306.0,386.0,430.0,524.0,271.0,341.0
205.0,276.0,283.0,33.0,177.0,362.0,67.0,168.0,188.0,156.0,200.0,220.0,139.0,119.0,154.0
123.0,109.0,254.0,24.0,177.0,220.0,61.0,144.0,168.0,137.0,177.0,137.0,122.0,57.0,154.0
206.0,257.0,339.0,56.0,191.0,348.0,69.0,565.0,419.0,199.0,250.0,160.0,259.0,442.0,156.0
105.0,87.0,247.0,20.0,131.0,188.0,32.0,130.0,199.0,120.0,173.0,115.0,54.0,496.0,101.0
111.0,89.0,215.0,17.0,45.0,133.0,9.0,83.0,120.0,112.0,179.0,100.0,48.0,62.0,31.0
137.0,154.0,267.0,29.0,175.0,253.0,58.0,146.0,177.0,147.0,200.0,162.0,108.0,16.0,182.0
214.0,320.0,215.0,36.0,218.0,397.0,82.0,84.0,213.0,167.0,128.0,303.0,171.0,64.0,181.0
146.0,179.0,263.0,29.0,28.0,259.0,2.0,200.0,177.0,147.0,310.0,174.0,12.0,148.0,12.0
232.0,316.0,550.0,64.0,311.0,390.0,170.0,431.0,313.0,203.0,470.0,280.0,276.0,311.0,333.0
163.0,163.0,661.0,117.0,112.0,256.0,35.0,509.0,547.0,358.0,387.0,580.0,590.0,390.0,84.0
233.0,316.0,351.0,65.0,303.0,390.0,171.0,241.0,314.0,214.0,298.0,288.0,284.0,185.0,404.0
236.0,325.0,351.0,66.0,310.0,422.0,180.0,202.0,330.0,214.0,297.0,280.0,284.0,137.0,329.0
81.0,43.0,187.0,11.0,105.0,127.0,9.0,47.0,117.0,83.0,84.0,101.0,33.0,26.0,74.0
196.0,278.0,323.0,51.0,229.0,369.0,92.0,204.0,224.0,193.0,241.0,236.0,181.0,255.0,192.0
100.0,64.0,657.0,35.0,202.0,156.0,75.0,508.0,171.0,182.0,226.0,127.0,154.0,343.0,172.0
111.0,89.0,187.0,21.0,224.0,156.0,95.0,49.0,271.0,82.0,215.0,190.0,191.0,28.0,181.0
94.0,55.0,240.0,23.0,128.0,143.0,42.0,111.0,147.0,132.0,165.0,127.0,76.0,77.0,95.0
154.0,182.0,283.0,33.0,188.0,261.0,67.0,202.0,187.0,154.0,208.0,167.0,136.0,148.0,156.0
130.0,82.0,220.0,16.0,47.0,188.0,18.0,90.0,99.0,107.0,129.0,302.0,43.0,82.0,31.0
71.0,27.0,130.0,6.0,37.0,250.0,5.0,31.0,171.0,63.0,78.0,137.0,12.0,131.0,32.0
270.0,406.0,346.0,91.0,415.0,462.0,243.0,251.0,500.0,273.0,261.0,323.0,408.0,184.0,95.0
163.0,154.0,532.0,38.0,227.0,249.0,85.0,459.0,205.0,347.0,449.0,561.0,175.0,314.0,183.0
322.0,585.0,553.0,153.0,310.0,521.0,180.0,438.0,616.0,356.0,468.0,167.0,726.0,308.0,331.0
134.0,145.0,223.0,29.0,224.0,249.0,58.0,78.0,171.0,151.0,152.0,162.0,108.0,65.0,213.0
129.0,131.0,852.0,27.0,174.0,238.0,58.0,940.0,171.0,140.0,833.0,114.0,102.0,617.0,142.0
103.0,72.0,126.0,20.0,80.0,235.0,19.0,327.0,129.0,67.0,29.0,23.0,51.0,248.0,97.0
375.0,709.0,570.0,143.0,73.0,310.0,391.0,469.0,545.0,408.0,500.0,803.0,678.0,314.0,91.0
114.0,95.0,240.0,22.0,75.0,197.0,22.0,130.0,144.0,129.0,160.0,125.0,70.0,493.0,54.0
0.0,0.0,111.0,0.0,0.0,0.0,0.0,26.0,0.0,0.0,87.0,163.0,0.0,16.0,0.0
168.0,225.0,507.0,133.0,277.0,249.0,382.0,377.0,95.0,311.0,410.0,446.0,656.0,331.0,250.0
182.0,233.0,313.0,50.0,208.0,320.0,78.0,156.0,333.0,190.0,218.0,330.0,155.0,57.0,175.0
169.0,227.0,240.0,27.0,234.0,312.0,53.0,315.0,171.0,129.0,157.0,118.0,101.0,240.0,231.0
80.0,41.0,125.0,12.0,104.0,687.0,19.0,27.0,95.0,58.0,20.0,58.0,36.0,17.0,81.0
171.0,238.0,206.0,11.0,253.0,369.0,16.0,65.0,81.0,101.0,110.0,81.0,33.0,41.0,220.0
75.0,41.0,207.0,15.0,47.0,348.0,9.0,80.0,302.0,106.0,128.0,91.0,42.0,82.0,32.0
182.0,238.0,300.0,49.0,242.0,210.0,99.0,205.0,199.0,176.0,210.0,187.0,204.0,152.0,212.0
156.0,182.0,290.0,34.0,200.0,261.0,75.0,176.0,199.0,156.0,214.0,248.0,150.0,125.0,174.0
126.0,130.0,256.0,27.0,233.0,230.0,50.0,322.0,168.0,141.0,187.0,23.0,92.0,246.0,127.0
205.0,235.0,346.0,58.0,203.0,341.0,78.0,204.0,296.0,201.0,257.0,430.0,269.0,150.0,174.0
154.0,188.0,283.0,33.0,191.0,281.0,69.0,176.0,164.0,156.0,211.0,173.0,140.0,125.0,87.0
214.0,284.0,340.0,58.0,277.0,373.0,143.0,313.0,296.0,201.0,249.0,282.0,269.0,235.0,250.0
171.0,225.0,300.0,38.0,229.0,310.0,92.0,187.0,223.0,176.0,222.0,197.0,190.0,133.0,190.0
181.0,234.0,330.0,45.0,243.0,324.0,99.0,163.0,239.0,188.0,239.0,208.0,202.0,218.0,216.0
257.0,348.0,360.0,77.0,54.0,297.0,2.0,266.0,270.0,213.0,295.0,264.0,259.0,245.0,42.0
114.0,95.0,258.0,22.0,117.0,205.0,35.0,212.0,205.0,144.0,310.0,162.0,70.0,131.0,89.0
252.0,332.0,353.0,70.0,200.0,297.0,75.0,251.0,313.0,243.0,286.0,298.0,150.0,185.0,175.0
333.0,590.0,507.0,114.0,434.0,521.0,276.0,364.0,457.0,304.0,410.0,446.0,583.0,275.0,566.0
71.0,241.0,111.0,6.0,83.0,348.0,23.0,26.0,34.0,63.0,13.0,47.0,42.0,16.0,55.0
322.0,590.0,491.0,112.0,253.0,276.0,226.0,358.0,341.0,304.0,410.0,423.0,344.0,269.0,218.0
410.0,756.0,590.0,185.0,288.0,741.0,108.0,476.0,141.0,408.0,527.0,803.0,200.0,314.0,329.0
92.0,55.0,224.0,20.0,112.0,143.0,35.0,98.0,120.0,120.0,222.0,115.0,55.0,95.0,87.0
182.0,231.0,322.0,50.0,105.0,319.0,19.0,204.0,252.0,188.0,241.0,221.0,209.0,150.0,87.0
152.0,179.0,332.0,51.0,243.0,260.0,99.0,206.0,281.0,191.0,210.0,228.0,219.0,158.0,215.0
311.0,406.0,657.0,97.0,89.0,288.0,261.0,969.0,483.0,278.0,252.0,346.0,494.0,628.0,74.0
158.0,210.0,855.0,32.0,175.0,294.0,61.0,738.0,184.0,185.0,999.0,208.0,123.0,130.0,142.0
76.0,40.0,553.0,6.0,176.0,86.0,38.0,969.0,369.0,61.0,468.0,190.0,70.0,628.0,175.0
163.0,72.0,294.0,36.0,117.0,159.0,37.0,205.0,205.0,167.0,218.0,186.0,68.0,617.0,99.0
210.0,284.0,346.0,57.0,277.0,362.0,166.0,223.0,288.0,201.0,261.0,248.0,200.0,174.0,250.0
81.0,42.0,201.0,58.0,242.0,156.0,99.0,61.0,296.0,92.0,78.0,76.0,269.0,28.0,216.0
111.0,89.0,500.0,21.0,117.0,203.0,35.0,363.0,127.0,304.0,408.0,428.0,59.0,271.0,89.0
140.0,163.0,278.0,30.0,176.0,247.0,61.0,205.0,180.0,151.0,201.0,162.0,116.0,152.0,153.0
114.0,95.0,294.0,22.0,138.0,358.0,40.0,180.0,141.0,81.0,188.0,68.0,73.0,123.0,119.0
80.0,41.0,179.0,9.0,50.0,102.0,9.0,176.0,76.0,75.0,63.0,58.0,33.0,125.0,4.0
140.0,163.0,372.0,30.0,176.0,253.0,61.0,342.0,187.0,243.0,240.0,298.0,116.0,24.0,220.0
115.0,95.0,251.0,23.0,100.0,205.0,32.0,137.0,145.0,132.0,149.0,127.0,33.0,82.0,80.0
156.0,180.0,300.0,34.0,191.0,260.0,67.0,189.0,193.0,156.0,222.0,178.0,139.0,174.0,155.0
288.0,461.0,449.0,95.0,188.0,489.0,247.0,322.0,457.0,273.0,307.0,236.0,429.0,255.0,156.0
126.0,130.0,361.0,53.0,252.0,230.0,105.0,277.0,290.0,228.0,286.0,287.0,212.0,192.0,218.0
316.0,515.0,346.0,56.0,261.0,498.0,129.0,222.0,293.0,199.0,261.0,244.0,260.0,169.0,242.0
429.0,488.0,570.0,182.0,0.0,490.0,0.0,469.0,430.0,403.0,500.0,681.0,726.0,321.0,0.0
152.0,180.0,279.0,33.0,202.0,260.0,75.0,0.0,187.0,153.0,203.0,163.0,128.0,0.0,173.0
73.0,221.0,179.0,7.0,28.0,310.0,4.0,45.0,194.0,75.0,8.0,61.0,23.0,90.0,12.0
83.0,137.0,190.0,11.0,200.0,247.0,65.0,508.0,81.0,84.0,91.0,185.0,45.0,333.0,172.0
121.0,105.0,251.0,23.0,261.0,206.0,70.0,140.0,163.0,137.0,175.0,138.0,51.0,91.0,242.0
191.0,257.0,323.0,51.0,288.0,349.0,166.0,204.0,272.0,192.0,240.0,231.0,273.0,149.0,74.0
104.0,78.0,238.0,20.0,104.0,160.0,35.0,103.0,132.0,120.0,152.0,115.0,55.0,107.0,331.0
119.0,104.0,337.0,51.0,255.0,212.0,107.0,205.0,272.0,191.0,250.0,228.0,212.0,149.0,240.0
114.0,95.0,240.0,22.0,89.0,203.0,32.0,109.0,145.0,129.0,157.0,125.0,70.0,17.0,74.0
206.0,278.0,346.0,51.0,112.0,261.0,35.0,285.0,363.0,202.0,286.0,257.0,55.0,170.0,87.0
375.0,709.0,201.0,137.0,229.0,388.0,339.0,62.0,570.0,82.0,88.0,50.0,583.0,35.0,192.0
77.0,48.0,184.0,8.0,55.0,143.0,15.0,45.0,69.0,81.0,119.0,68.0,27.0,55.0,74.0
375.0,694.0,507.0,133.0,104.0,297.0,276.0,384.0,288.0,311.0,410.0,446.0,590.0,503.0,82.0
181.0,235.0,320.0,45.0,238.0,333.0,105.0,493.0,233.0,188.0,240.0,212.0,200.0,331.0,144.0
73.0,27.0,187.0,12.0,145.0,56.0,50.0,49.0,99.0,84.0,87.0,76.0,36.0,28.0,172.0
244.0,323.0,212.0,70.0,344.0,407.0,226.0,83.0,341.0,108.0,126.0,98.0,291.0,57.0,422.0
83.0,253.0,298.0,12.0,242.0,348.0,19.0,192.0,98.0,176.0,222.0,197.0,36.0,133.0,213.0
163.0,210.0,142.0,17.0,73.0,254.0,19.0,32.0,120.0,112.0,232.0,101.0,40.0,111.0,54.0
377.0,718.0,532.0,146.0,312.0,296.0,171.0,406.0,579.0,347.0,204.0,463.0,693.0,314.0,160.0
295.0,367.0,487.0,110.0,278.0,439.0,147.0,346.0,452.0,296.0,408.0,374.0,579.0,256.0,25.0
256.0,323.0,207.0,15.0,85.0,407.0,28.0,83.0,103.0,106.0,120.0,92.0,45.0,64.0,64.0
182.0,234.0,323.0,50.0,258.0,328.0,121.0,204.0,253.0,190.0,241.0,236.0,288.0,150.0,242.0
114.0,95.0,661.0,96.0,175.0,112.0,58.0,508.0,466.0,524.0,414.0,312.0,450.0,339.0,89.0
77.0,41.0,311.0,6.0,165.0,193.0,58.0,155.0,54.0,185.0,373.0,208.0,101.0,106.0,88.0
205.0,163.0,661.0,56.0,260.0,308.0,92.0,292.0,296.0,198.0,244.0,241.0,259.0,255.0,240.0
81.0,43.0,126.0,11.0,55.0,127.0,18.0,29.0,81.0,83.0,87.0,72.0,33.0,255.0,43.0
322.0,89.0,564.0,91.0,28.0,191.0,5.0,459.0,457.0,304.0,500.0,428.0,309.0,312.0,12.0
104.0,82.0,223.0,19.0,128.0,253.0,33.0,94.0,122.0,114.0,239.0,108.0,54.0,79.0,215.0
414.0,769.0,511.0,133.0,639.0,362.0,391.0,384.0,571.0,316.0,410.0,460.0,590.0,442.0,818.0
485.0,999.0,661.0,243.0,310.0,999.0,174.0,130.0,858.0,521.0,654.0,856.0,219.0,292.0,322.0
317.0,373.0,481.0,109.0,524.0,445.0,274.0,322.0,296.0,296.0,387.0,374.0,524.0,292.0,334.0
319.0,179.0,475.0,97.0,117.0,260.0,35.0,364.0,480.0,278.0,382.0,317.0,579.0,256.0,124.0
123.0,130.0,326.0,51.0,123.0,230.0,40.0,204.0,270.0,191.0,243.0,228.0,211.0,150.0,96.0
104.0,78.0,271.0,29.0,175.0,203.0,58.0,384.0,194.0,151.0,200.0,162.0,102.0,28.0,144.0
123.0,89.0,266.0,29.0,150.0,362.0,50.0,149.0,173.0,151.0,199.0,162.0,102.0,106.0,142.0
196.0,205.0,382.0,71.0,310.0,281.0,184.0,232.0,297.0,246.0,309.0,302.0,288.0,240.0,329.0
212.0,276.0,346.0,60.0,310.0,155.0,174.0,223.0,302.0,203.0,154.0,241.0,272.0,170.0,329.0
0.0,0.0,190.0,0.0,55.0,0.0,18.0,51.0,369.0,57.0,100.0,178.0,36.0,88.0,110.0
202.0,261.0,536.0,248.0,184.0,362.0,6.0,493.0,343.0,346.0,458.0,460.0,168.0,333.0,155.0
152.0,219.0,283.0,33.0,184.0,297.0,62.0,168.0,38.0,154.0,207.0,178.0,123.0,119.0,155.0
160.0,129.0,852.0,36.0,258.0,214.0,108.0,885.0,158.0,167.0,295.0,186.0,161.0,66.0,234.0
999.0,999.0,999.0,999.0,999.0,999.0,999.0,999.0,999.0,999.0,681.0,999.0,999.0,613.0,999.0
83.0,43.0,688.0,11.0,102.0,127.0,35.0,565.0,210.0,92.0,658.0,76.0,35.0,442.0,82.0
120.0,108.0,256.0,23.0,131.0,215.0,43.0,144.0,162.0,132.0,187.0,127.0,83.0,95.0,99.0
154.0,188.0,290.0,29.0,174.0,276.0,58.0,97.0,173.0,147.0,210.0,196.0,102.0,57.0,153.0
428.0,317.0,580.0,183.0,98.0,404.0,367.0,470.0,139.0,404.0,508.0,705.0,693.0,319.0,77.0
210.0,284.0,417.0,57.0,310.0,348.0,138.0,296.0,296.0,201.0,408.0,248.0,264.0,213.0,77.0
178.0,182.0,855.0,45.0,100.0,261.0,95.0,940.0,222.0,187.0,999.0,208.0,195.0,555.0,73.0
229.0,306.0,337.0,58.0,277.0,389.0,143.0,214.0,297.0,202.0,250.0,257.0,269.0,162.0,250.0
311.0,693.0,488.0,97.0,165.0,216.0,237.0,346.0,111.0,300.0,400.0,151.0,588.0,134.0,127.0
87.0,48.0,111.0,3.0,216.0,143.0,80.0,39.0,12.0,25.0,5.0,0.0,4.0,25.0,178.0
414.0,764.0,570.0,183.0,277.0,767.0,127.0,10.0,676.0,404.0,500.0,705.0,256.0,101.0,247.0
375.0,756.0,491.0,143.0,341.0,767.0,121.0,78.0,571.0,304.0,400.0,207.0,639.0,57.0,216.0
112.0,92.0,142.0,21.0,117.0,210.0,35.0,31.0,139.0,120.0,252.0,117.0,59.0,21.0,89.0
114.0,95.0,260.0,29.0,176.0,205.0,18.0,148.0,177.0,147.0,408.0,317.0,43.0,133.0,153.0
154.0,185.0,283.0,33.0,54.0,261.0,18.0,168.0,188.0,156.0,208.0,263.0,140.0,145.0,45.0
140.0,164.0,278.0,30.0,176.0,260.0,61.0,158.0,181.0,151.0,201.0,162.0,116.0,132.0,154.0
152.0,180.0,283.0,33.0,176.0,260.0,61.0,115.0,187.0,160.0,206.0,218.0,122.0,79.0,148.0
429.0,55.0,738.0,185.0,639.0,144.0,570.0,572.0,858.0,660.0,152.0,705.0,888.0,455.0,818.0
86.0,590.0,204.0,15.0,224.0,521.0,19.0,62.0,103.0,103.0,108.0,76.0,40.0,41.0,181.0
76.0,48.0,183.0,8.0,28.0,82.0,2.0,32.0,54.0,80.0,122.0,68.0,26.0,24.0,11.0
123.0,115.0,180.0,24.0,150.0,220.0,46.0,32.0,163.0,137.0,63.0,207.0,89.0,21.0,118.0
169.0,225.0,303.0,40.0,229.0,280.0,92.0,144.0,223.0,176.0,226.0,203.0,181.0,95.0,220.0
246.0,332.0,449.0,91.0,415.0,319.0,243.0,266.0,454.0,273.0,299.0,323.0,419.0,493.0,160.0
133.0,109.0,263.0,29.0,403.0,215.0,46.0,149.0,173.0,147.0,199.0,162.0,101.0,305.0,469.0
123.0,109.0,254.0,24.0,137.0,203.0,46.0,148.0,164.0,138.0,203.0,139.0,90.0,96.0,148.0
257.0,235.0,379.0,71.0,360.0,341.0,226.0,296.0,483.0,243.0,310.0,301.0,337.0,217.0,89.0
429.0,406.0,590.0,201.0,155.0,382.0,629.0,438.0,452.0,411.0,298.0,799.0,905.0,312.0,119.0
257.0,346.0,180.0,15.0,89.0,188.0,23.0,620.0,419.0,76.0,64.0,61.0,42.0,218.0,74.0
206.0,284.0,447.0,91.0,310.0,373.0,172.0,327.0,454.0,273.0,286.0,323.0,406.0,101.0,308.0
273.0,434.0,348.0,89.0,446.0,489.0,226.0,251.0,454.0,207.0,272.0,263.0,344.0,184.0,582.0
102.0,71.0,476.0,29.0,85.0,159.0,30.0,331.0,172.0,144.0,389.0,156.0,97.0,255.0,64.0
77.0,40.0,126.0,5.0,89.0,86.0,2.0,29.0,171.0,57.0,29.0,21.0,5.0,20.0,73.0
119.0,55.0,260.0,23.0,47.0,155.0,9.0,148.0,168.0,130.0,187.0,126.0,33.0,96.0,32.0
77.0,41.0,476.0,3.0,0.0,102.0,0.0,341.0,24.0,871.0,387.0,999.0,0.0,314.0,0.0
306.0,474.0,457.0,97.0,569.0,490.0,276.0,323.0,454.0,275.0,366.0,338.0,500.0,208.0,250.0
236.0,323.0,330.0,53.0,55.0,214.0,16.0,206.0,302.0,192.0,244.0,231.0,264.0,167.0,44.0
152.0,182.0,239.0,32.0,176.0,261.0,61.0,103.0,184.0,154.0,158.0,165.0,116.0,72.0,148.0
105.0,89.0,266.0,45.0,243.0,230.0,98.0,154.0,227.0,187.0,200.0,207.0,195.0,106.0,214.0
375.0,694.0,855.0,137.0,601.0,656.0,367.0,885.0,570.0,346.0,999.0,463.0,588.0,503.0,808.0
104.0,78.0,246.0,23.0,131.0,155.0,45.0,130.0,162.0,132.0,175.0,126.0,84.0,79.0,95.0
178.0,231.0,316.0,45.0,229.0,315.0,94.0,201.0,223.0,188.0,243.0,212.0,195.0,148.0,178.0
257.0,310.0,457.0,95.0,448.0,390.0,254.0,323.0,454.0,275.0,366.0,330.0,444.0,134.0,42.0
257.0,346.0,361.0,70.0,311.0,429.0,213.0,264.0,330.0,228.0,297.0,287.0,288.0,185.0,333.0
167.0,225.0,300.0,38.0,88.0,315.0,37.0,299.0,222.0,176.0,230.0,76.0,175.0,328.0,71.0
206.0,219.0,336.0,53.0,275.0,297.0,165.0,212.0,288.0,197.0,248.0,241.0,272.0,180.0,247.0
244.0,474.0,372.0,70.0,313.0,490.0,199.0,285.0,341.0,243.0,302.0,207.0,291.0,202.0,341.0
104.0,41.0,417.0,18.0,104.0,86.0,33.0,322.0,122.0,92.0,333.0,76.0,49.0,146.0,83.0
96.0,55.0,239.0,20.0,131.0,156.0,43.0,115.0,181.0,120.0,160.0,203.0,77.0,79.0,101.0
206.0,278.0,475.0,56.0,65.0,369.0,7.0,331.0,292.0,199.0,297.0,254.0,252.0,328.0,44.0
163.0,214.0,298.0,36.0,212.0,294.0,75.0,165.0,199.0,167.0,241.0,197.0,168.0,131.0,180.0
87.0,48.0,360.0,51.0,85.0,154.0,121.0,240.0,281.0,193.0,295.0,236.0,239.0,269.0,66.0
270.0,372.0,360.0,85.0,224.0,445.0,217.0,266.0,425.0,256.0,287.0,312.0,588.0,185.0,190.0
178.0,234.0,657.0,45.0,234.0,324.0,95.0,508.0,224.0,197.0,597.0,221.0,195.0,339.0,212.0
83.0,42.0,208.0,12.0,85.0,82.0,28.0,82.0,103.0,103.0,110.0,50.0,36.0,58.0,64.0
147.0,304.0,256.0,32.0,238.0,390.0,138.0,16.0,184.0,138.0,187.0,138.0,45.0,16.0,213.0
229.0,310.0,356.0,61.0,218.0,390.0,80.0,259.0,272.0,213.0,287.0,264.0,167.0,185.0,180.0
83.0,89.0,201.0,13.0,37.0,191.0,5.0,61.0,99.0,85.0,100.0,92.0,36.0,133.0,11.0
103.0,76.0,223.0,15.0,75.0,230.0,22.0,92.0,103.0,114.0,214.0,108.0,40.0,71.0,55.0
83.0,42.0,170.0,15.0,83.0,393.0,23.0,32.0,103.0,105.0,57.0,84.0,42.0,17.0,56.0
80.0,41.0,239.0,9.0,157.0,102.0,39.0,103.0,76.0,129.0,154.0,118.0,33.0,72.0,119.0
206.0,232.0,346.0,56.0,310.0,319.0,172.0,225.0,292.0,199.0,250.0,257.0,256.0,111.0,329.0
152.0,180.0,346.0,33.0,191.0,260.0,69.0,205.0,199.0,201.0,250.0,249.0,140.0,152.0,87.0
91.0,47.0,187.0,8.0,15.0,127.0,1.0,51.0,145.0,76.0,91.0,68.0,25.0,458.0,201.0
100.0,63.0,661.0,13.0,55.0,164.0,19.0,509.0,428.0,524.0,297.0,822.0,36.0,408.0,43.0
206.0,300.0,336.0,55.0,261.0,382.0,121.0,206.0,314.0,199.0,245.0,249.0,252.0,149.0,242.0
152.0,164.0,693.0,243.0,188.0,238.0,391.0,565.0,24.0,521.0,386.0,856.0,923.0,613.0,240.0
241.0,322.0,363.0,70.0,410.0,393.0,230.0,277.0,333.0,228.0,298.0,287.0,288.0,256.0,469.0
104.0,78.0,238.0,18.0,89.0,175.0,29.0,103.0,122.0,120.0,152.0,117.0,51.0,72.0,71.0
129.0,130.0,294.0,36.0,228.0,241.0,99.0,180.0,571.0,166.0,214.0,186.0,202.0,458.0,190.0
103.0,72.0,339.0,27.0,165.0,159.0,54.0,216.0,170.0,198.0,249.0,241.0,101.0,169.0,139.0
212.0,130.0,374.0,55.0,262.0,225.0,127.0,296.0,292.0,243.0,154.0,298.0,259.0,218.0,198.0
100.0,42.0,187.0,15.0,160.0,160.0,53.0,47.0,194.0,82.0,87.0,68.0,40.0,28.0,202.0
96.0,55.0,208.0,16.0,89.0,155.0,30.0,82.0,111.0,107.0,160.0,98.0,44.0,57.0,43.0
171.0,55.0,323.0,41.0,227.0,154.0,148.0,264.0,223.0,197.0,225.0,241.0,270.0,256.0,182.0
111.0,109.0,238.0,21.0,191.0,214.0,67.0,103.0,134.0,120.0,152.0,58.0,33.0,72.0,158.0
163.0,210.0,294.0,36.0,208.0,293.0,78.0,273.0,191.0,166.0,214.0,186.0,156.0,193.0,175.0
114.0,82.0,206.0,22.0,312.0,208.0,199.0,84.0,141.0,129.0,119.0,118.0,76.0,27.0,329.0
114.0,92.0,312.0,51.0,344.0,203.0,222.0,358.0,288.0,185.0,238.0,207.0,336.0,185.0,422.0
287.0,103.0,382.0,51.0,155.0,211.0,29.0,292.0,272.0,246.0,310.0,92.0,46.0,208.0,119.0
999.0,999.0,999.0,999.0,999.0,999.0,999.0,999.0,999.0,999.0,419.0,68.0,999.0,999.0,999.0
236.0,316.0,701.0,66.0,303.0,390.0,171.0,601.0,454.0,188.0,100.0,207.0,284.0,491.0,333.0
210.0,284.0,351.0,57.0,261.0,374.0,121.0,26.0,281.0,214.0,272.0,268.0,264.0,16.0,240.0
73.0,27.0,184.0,8.0,45.0,56.0,7.0,49.0,54.0,80.0,88.0,76.0,26.0,26.0,170.0
236.0,320.0,356.0,67.0,255.0,390.0,121.0,241.0,173.0,227.0,204.0,156.0,239.0,184.0,242.0
103.0,78.0,347.0,60.0,202.0,212.0,75.0,240.0,296.0,203.0,286.0,257.0,270.0,184.0,172.0
0.0,0.0,0.0,0.0,202.0,0.0,0.0,0.0,0.0,0.0,0.0,21.0,0.0,0.0,173.0
178.0,231.0,311.0,51.0,258.0,310.0,119.0,197.0,129.0,185.0,234.0,220.0,239.0,134.0,234.0
123.0,253.0,257.0,25.0,176.0,348.0,70.0,141.0,168.0,138.0,164.0,139.0,92.0,92.0,153.0
97.0,55.0,208.0,16.0,55.0,160.0,50.0,82.0,117.0,106.0,122.0,95.0,46.0,107.0,44.0
211.0,76.0,347.0,57.0,100.0,175.0,570.0,205.0,551.0,203.0,299.0,287.0,751.0,156.0,80.0
123.0,185.0,240.0,23.0,128.0,268.0,42.0,110.0,616.0,129.0,160.0,126.0,76.0,77.0,99.0
100.0,63.0,263.0,17.0,161.0,203.0,53.0,620.0,125.0,147.0,203.0,178.0,101.0,477.0,122.0
77.0,41.0,207.0,8.0,253.0,102.0,101.0,73.0,69.0,76.0,240.0,61.0,27.0,88.0,218.0
70.0,48.0,313.0,45.0,261.0,221.0,98.0,200.0,233.0,188.0,239.0,220.0,200.0,146.0,242.0
375.0,764.0,532.0,143.0,344.0,211.0,226.0,406.0,571.0,347.0,400.0,460.0,678.0,305.0,422.0
330.0,612.0,500.0,117.0,189.0,534.0,92.0,363.0,252.0,304.0,408.0,125.0,583.0,275.0,157.0
212.0,292.0,339.0,58.0,448.0,374.0,143.0,216.0,297.0,200.0,240.0,248.0,269.0,81.0,604.0
115.0,95.0,187.0,51.0,157.0,205.0,52.0,49.0,281.0,82.0,87.0,155.0,238.0,26.0,94.0
196.0,259.0,323.0,51.0,226.0,365.0,83.0,204.0,271.0,190.0,248.0,221.0,204.0,150.0,182.0
156.0,194.0,263.0,34.0,117.0,260.0,75.0,149.0,223.0,156.0,204.0,460.0,149.0,72.0,178.0
171.0,229.0,300.0,41.0,445.0,315.0,254.0,189.0,223.0,171.0,226.0,190.0,202.0,16.0,574.0
75.0,227.0,111.0,8.0,131.0,306.0,19.0,26.0,24.0,80.0,287.0,68.0,19.0,16.0,140.0
232.0,310.0,385.0,64.0,310.0,390.0,172.0,297.0,313.0,247.0,310.0,212.0,276.0,201.0,322.0
237.0,108.0,507.0,133.0,434.0,215.0,217.0,440.0,571.0,311.0,410.0,446.0,624.0,312.0,566.0
375.0,693.0,303.0,143.0,132.0,550.0,45.0,194.0,571.0,198.0,232.0,68.0,678.0,134.0,101.0
167.0,221.0,105.0,38.0,229.0,439.0,94.0,508.0,223.0,176.0,0.0,204.0,177.0,339.0,116.0
316.0,515.0,374.0,109.0,175.0,491.0,237.0,140.0,500.0,246.0,322.0,302.0,500.0,81.0,55.0
83.0,92.0,507.0,29.0,28.0,203.0,5.0,384.0,180.0,311.0,410.0,446.0,23.0,339.0,12.0
182.0,229.0,310.0,45.0,117.0,315.0,50.0,194.0,233.0,188.0,238.0,197.0,68.0,145.0,83.0
163.0,215.0,294.0,36.0,211.0,297.0,83.0,144.0,210.0,167.0,234.0,181.0,171.0,17.0,175.0
97.0,55.0,214.0,16.0,89.0,155.0,30.0,84.0,117.0,108.0,128.0,100.0,46.0,64.0,87.0
115.0,95.0,240.0,23.0,234.0,210.0,95.0,110.0,145.0,129.0,189.0,126.0,195.0,76.0,192.0
316.0,515.0,549.0,106.0,445.0,479.0,274.0,420.0,501.0,346.0,468.0,799.0,515.0,309.0,101.0
133.0,141.0,316.0,51.0,310.0,249.0,172.0,200.0,145.0,347.0,241.0,457.0,273.0,174.0,341.0
233.0,316.0,311.0,65.0,261.0,390.0,127.0,197.0,314.0,214.0,239.0,167.0,276.0,185.0,238.0
236.0,323.0,260.0,66.0,310.0,296.0,180.0,148.0,332.0,147.0,208.0,186.0,284.0,96.0,247.0
268.0,372.0,414.0,86.0,47.0,445.0,9.0,346.0,431.0,265.0,326.0,312.0,464.0,292.0,30.0
206.0,205.0,346.0,58.0,200.0,227.0,147.0,223.0,297.0,201.0,307.0,248.0,269.0,179.0,148.0
126.0,131.0,530.0,27.0,126.0,235.0,40.0,403.0,171.0,140.0,419.0,149.0,97.0,292.0,96.0
71.0,27.0,187.0,6.0,150.0,56.0,50.0,49.0,34.0,63.0,274.0,47.0,101.0,245.0,118.0
80.0,41.0,353.0,9.0,126.0,102.0,40.0,251.0,76.0,112.0,286.0,101.0,33.0,184.0,80.0
178.0,229.0,294.0,38.0,228.0,315.0,86.0,181.0,213.0,174.0,214.0,193.0,174.0,131.0,188.0
157.0,207.0,267.0,29.0,176.0,297.0,61.0,198.0,177.0,151.0,200.0,162.0,109.0,174.0,153.0
196.0,48.0,639.0,51.0,230.0,328.0,106.0,481.0,369.0,411.0,345.0,799.0,214.0,328.0,201.0
158.0,207.0,239.0,33.0,233.0,306.0,94.0,16.0,188.0,154.0,88.0,158.0,200.0,131.0,101.0
375.0,709.0,449.0,97.0,476.0,687.0,261.0,322.0,198.0,275.0,654.0,105.0,494.0,246.0,455.0
97.0,55.0,207.0,16.0,85.0,156.0,29.0,80.0,117.0,106.0,120.0,91.0,46.0,57.0,73.0
123.0,205.0,252.0,24.0,137.0,288.0,46.0,140.0,164.0,137.0,176.0,139.0,89.0,90.0,118.0
202.0,261.0,488.0,97.0,261.0,362.0,121.0,358.0,480.0,304.0,400.0,446.0,219.0,269.0,242.0
206.0,249.0,340.0,56.0,228.0,324.0,85.0,216.0,293.0,200.0,758.0,124.0,177.0,134.0,187.0
154.0,182.0,299.0,70.0,0.0,261.0,0.0,144.0,343.0,230.0,222.0,298.0,0.0,95.0,0.0
182.0,235.0,317.0,49.0,248.0,382.0,101.0,201.0,239.0,188.0,239.0,220.0,204.0,148.0,216.0
154.0,188.0,180.0,34.0,280.0,388.0,78.0,39.0,187.0,76.0,64.0,61.0,145.0,30.0,274.0
70.0,43.0,353.0,11.0,75.0,127.0,15.0,391.0,198.0,138.0,286.0,139.0,33.0,305.0,55.0
104.0,231.0,240.0,19.0,117.0,315.0,35.0,109.0,119.0,129.0,157.0,151.0,54.0,76.0,89.0
235.0,323.0,201.0,248.0,211.0,155.0,82.0,59.0,829.0,524.0,236.0,856.0,171.0,186.0,175.0
314.0,515.0,461.0,97.0,117.0,498.0,37.0,205.0,431.0,278.0,387.0,167.0,500.0,150.0,97.0
115.0,106.0,251.0,24.0,157.0,214.0,52.0,280.0,163.0,137.0,408.0,134.0,101.0,169.0,122.0
132.0,137.0,267.0,29.0,161.0,249.0,53.0,155.0,314.0,150.0,200.0,197.0,101.0,25.0,127.0
429.0,844.0,580.0,185.0,312.0,42.0,198.0,470.0,858.0,404.0,508.0,23.0,168.0,319.0,333.0
233.0,316.0,298.0,36.0,218.0,390.0,82.0,137.0,177.0,176.0,297.0,197.0,156.0,90.0,180.0
273.0,187.0,411.0,91.0,434.0,270.0,237.0,299.0,454.0,264.0,400.0,312.0,406.0,133.0,566.0
330.0,323.0,336.0,41.0,229.0,418.0,94.0,202.0,223.0,182.0,240.0,204.0,191.0,174.0,213.0
154.0,188.0,283.0,34.0,200.0,255.0,75.0,476.0,193.0,156.0,208.0,178.0,145.0,218.0,172.0
202.0,261.0,337.0,51.0,310.0,382.0,171.0,212.0,270.0,196.0,249.0,162.0,276.0,68.0,329.0
137.0,137.0,207.0,30.0,145.0,215.0,50.0,80.0,187.0,106.0,120.0,70.0,90.0,57.0,94.0
134.0,145.0,263.0,29.0,175.0,250.0,61.0,149.0,177.0,147.0,240.0,167.0,122.0,101.0,131.0
152.0,179.0,283.0,33.0,310.0,260.0,172.0,168.0,187.0,154.0,207.0,173.0,219.0,20.0,4.0
232.0,301.0,300.0,60.0,134.0,390.0,143.0,186.0,297.0,176.0,240.0,240.0,269.0,442.0,148.0
288.0,461.0,457.0,96.0,434.0,489.0,261.0,323.0,466.0,275.0,366.0,282.0,464.0,205.0,566.0
338.0,764.0,487.0,109.0,999.0,439.0,598.0,509.0,518.0,296.0,394.0,374.0,726.0,408.0,999.0
126.0,133.0,255.0,27.0,151.0,203.0,50.0,144.0,170.0,139.0,182.0,61.0,92.0,184.0,119.0
147.0,174.0,279.0,30.0,176.0,250.0,61.0,160.0,182.0,154.0,203.0,167.0,122.0,111.0,173.0
152.0,179.0,283.0,33.0,243.0,260.0,65.0,290.0,205.0,154.0,207.0,167.0,128.0,205.0,215.0
83.0,78.0,187.0,12.0,134.0,297.0,18.0,47.0,98.0,82.0,94.0,68.0,33.0,28.0,110.0
126.0,131.0,254.0,27.0,242.0,225.0,99.0,146.0,170.0,139.0,187.0,164.0,92.0,96.0,214.0
330.0,590.0,311.0,117.0,310.0,534.0,262.0,197.0,545.0,300.0,206.0,98.0,583.0,134.0,157.0
288.0,523.0,852.0,95.0,177.0,215.0,61.0,885.0,454.0,273.0,465.0,353.0,116.0,628.0,154.0
119.0,95.0,580.0,183.0,275.0,216.0,598.0,470.0,145.0,404.0,509.0,114.0,888.0,319.0,242.0
77.0,41.0,180.0,8.0,277.0,221.0,6.0,32.0,69.0,81.0,64.0,68.0,27.0,21.0,247.0
196.0,257.0,542.0,51.0,197.0,348.0,75.0,353.0,129.0,196.0,465.0,241.0,145.0,275.0,160.0
125.0,130.0,251.0,23.0,128.0,249.0,42.0,140.0,184.0,129.0,173.0,100.0,76.0,123.0,107.0
288.0,461.0,550.0,95.0,445.0,491.0,254.0,481.0,466.0,273.0,458.0,325.0,444.0,328.0,574.0
205.0,276.0,339.0,55.0,117.0,365.0,46.0,205.0,290.0,199.0,249.0,241.0,288.0,167.0,89.0
156.0,187.0,293.0,36.0,229.0,270.0,92.0,198.0,204.0,154.0,211.0,163.0,161.0,296.0,180.0
288.0,461.0,461.0,95.0,242.0,490.0,96.0,0.0,466.0,278.0,408.0,338.0,209.0,0.0,216.0
103.0,82.0,356.0,18.0,104.0,222.0,35.0,306.0,122.0,154.0,286.0,162.0,51.0,218.0,82.0
377.0,95.0,639.0,148.0,229.0,205.0,92.0,490.0,616.0,347.0,508.0,470.0,693.0,331.0,11.0
115.0,95.0,999.0,22.0,524.0,206.0,40.0,999.0,144.0,129.0,218.0,126.0,70.0,999.0,44.0
217.0,304.0,852.0,60.0,278.0,388.0,147.0,885.0,182.0,203.0,758.0,214.0,270.0,555.0,275.0
146.0,41.0,187.0,32.0,176.0,212.0,61.0,47.0,182.0,82.0,87.0,76.0,122.0,26.0,148.0
147.0,131.0,240.0,21.0,85.0,235.0,32.0,32.0,144.0,130.0,187.0,126.0,49.0,21.0,97.0
288.0,434.0,111.0,3.0,360.0,468.0,2.0,26.0,46.0,42.0,20.0,395.0,5.0,71.0,154.0
377.0,718.0,855.0,148.0,229.0,253.0,92.0,940.0,601.0,347.0,999.0,457.0,190.0,613.0,192.0
160.0,185.0,279.0,32.0,189.0,268.0,61.0,163.0,184.0,154.0,203.0,101.0,122.0,409.0,157.0
212.0,203.0,346.0,58.0,277.0,280.0,139.0,228.0,297.0,201.0,236.0,257.0,264.0,180.0,250.0
211.0,103.0,311.0,61.0,261.0,211.0,126.0,197.0,163.0,182.0,240.0,207.0,270.0,137.0,246.0
236.0,323.0,215.0,133.0,176.0,407.0,78.0,84.0,571.0,112.0,128.0,100.0,693.0,64.0,158.0
235.0,304.0,481.0,109.0,503.0,388.0,274.0,342.0,500.0,296.0,387.0,449.0,515.0,258.0,699.0
154.0,188.0,564.0,36.0,197.0,270.0,77.0,204.0,199.0,171.0,508.0,186.0,161.0,146.0,175.0
181.0,95.0,223.0,17.0,89.0,206.0,32.0,32.0,129.0,113.0,128.0,105.0,48.0,24.0,74.0
157.0,203.0,353.0,30.0,228.0,328.0,85.0,241.0,76.0,193.0,286.0,231.0,176.0,90.0,188.0
178.0,232.0,303.0,46.0,112.0,319.0,33.0,202.0,239.0,176.0,230.0,204.0,59.0,184.0,102.0
270.0,376.0,360.0,78.0,280.0,418.0,222.0,140.0,293.0,225.0,298.0,282.0,336.0,91.0,73.0
257.0,338.0,374.0,71.0,344.0,448.0,222.0,205.0,173.0,243.0,307.0,298.0,336.0,145.0,422.0
139.0,164.0,738.0,32.0,176.0,254.0,61.0,509.0,184.0,154.0,249.0,163.0,122.0,412.0,154.0
104.0,78.0,300.0,19.0,89.0,173.0,33.0,189.0,125.0,114.0,320.0,108.0,54.0,133.0,72.0
217.0,284.0,320.0,60.0,132.0,373.0,33.0,204.0,302.0,203.0,240.0,263.0,270.0,149.0,87.0
317.0,515.0,507.0,109.0,476.0,491.0,274.0,438.0,501.0,296.0,410.0,325.0,524.0,88.0,678.0
206.0,323.0,340.0,55.0,341.0,315.0,222.0,222.0,232.0,199.0,250.0,221.0,260.0,169.0,406.0
212.0,234.0,360.0,58.0,258.0,328.0,119.0,197.0,296.0,213.0,297.0,263.0,238.0,145.0,43.0
124.0,129.0,255.0,27.0,277.0,205.0,139.0,141.0,171.0,139.0,286.0,138.0,264.0,88.0,148.0
124.0,47.0,240.0,25.0,310.0,439.0,174.0,110.0,168.0,130.0,238.0,126.0,92.0,76.0,329.0
71.0,43.0,208.0,16.0,73.0,127.0,19.0,39.0,103.0,108.0,222.0,98.0,42.0,24.0,212.0
244.0,323.0,279.0,33.0,188.0,193.0,67.0,163.0,187.0,154.0,207.0,165.0,139.0,72.0,155.0
97.0,56.0,212.0,16.0,88.0,155.0,30.0,144.0,117.0,108.0,126.0,98.0,46.0,95.0,0.0
96.0,55.0,212.0,16.0,83.0,156.0,29.0,59.0,120.0,108.0,252.0,282.0,46.0,30.0,85.0
103.0,72.0,590.0,19.0,112.0,289.0,35.0,476.0,122.0,114.0,509.0,108.0,55.0,314.0,87.0
156.0,222.0,72.0,36.0,200.0,308.0,75.0,32.0,223.0,92.0,0.0,76.0,154.0,21.0,170.0
139.0,41.0,242.0,29.0,174.0,102.0,58.0,111.0,173.0,132.0,165.0,126.0,102.0,72.0,134.0
156.0,214.0,254.0,21.0,117.0,294.0,35.0,130.0,145.0,132.0,177.0,101.0,70.0,309.0,89.0
103.0,72.0,240.0,20.0,117.0,159.0,35.0,115.0,129.0,129.0,157.0,115.0,54.0,24.0,91.0
86.0,40.0,310.0,15.0,73.0,86.0,19.0,195.0,103.0,154.0,230.0,167.0,40.0,134.0,89.0
376.0,210.0,336.0,51.0,224.0,294.0,121.0,206.0,281.0,196.0,248.0,304.0,238.0,76.0,181.0
157.0,205.0,294.0,36.0,211.0,281.0,79.0,180.0,215.0,171.0,187.0,174.0,167.0,130.0,175.0
96.0,55.0,353.0,97.0,253.0,155.0,339.0,251.0,483.0,289.0,286.0,117.0,590.0,184.0,144.0
235.0,304.0,639.0,70.0,200.0,388.0,188.0,481.0,333.0,411.0,206.0,149.0,288.0,328.0,172.0
271.0,28.0,661.0,97.0,448.0,60.0,254.0,493.0,483.0,296.0,654.0,353.0,515.0,331.0,275.0
271.0,409.0,417.0,87.0,122.0,462.0,39.0,481.0,452.0,265.0,366.0,316.0,70.0,58.0,102.0
196.0,249.0,332.0,51.0,105.0,348.0,15.0,205.0,271.0,193.0,245.0,236.0,76.0,158.0,71.0
256.0,332.0,385.0,77.0,311.0,429.0,217.0,293.0,117.0,247.0,310.0,303.0,331.0,218.0,334.0
196.0,257.0,363.0,70.0,312.0,468.0,198.0,277.0,341.0,230.0,298.0,288.0,291.0,196.0,12.0
101.0,292.0,215.0,17.0,106.0,373.0,35.0,84.0,117.0,112.0,128.0,100.0,54.0,64.0,87.0
132.0,137.0,294.0,41.0,234.0,260.0,83.0,180.0,223.0,176.0,214.0,204.0,174.0,107.0,216.0
163.0,215.0,283.0,36.0,17.0,310.0,2.0,39.0,199.0,156.0,208.0,470.0,888.0,17.0,262.0
0.0,0.0,590.0,217.0,999.0,0.0,598.0,476.0,858.0,411.0,527.0,799.0,905.0,493.0,999.0
158.0,205.0,293.0,33.0,138.0,289.0,39.0,176.0,180.0,160.0,211.0,126.0,70.0,129.0,95.0
169.0,253.0,386.0,40.0,228.0,348.0,85.0,296.0,223.0,165.0,320.0,160.0,175.0,213.0,192.0
317.0,222.0,507.0,97.0,429.0,308.0,247.0,377.0,498.0,289.0,410.0,348.0,494.0,305.0,566.0
264.0,376.0,386.0,80.0,365.0,222.0,226.0,296.0,425.0,247.0,320.0,282.0,337.0,213.0,308.0
101.0,43.0,240.0,17.0,217.0,87.0,38.0,109.0,122.0,129.0,157.0,138.0,46.0,613.0,173.0
87.0,47.0,207.0,15.0,98.0,133.0,19.0,80.0,103.0,106.0,120.0,115.0,40.0,64.0,77.0
271.0,103.0,339.0,51.0,360.0,211.0,226.0,212.0,271.0,192.0,302.0,246.0,337.0,167.0,172.0
317.0,515.0,461.0,97.0,165.0,211.0,253.0,327.0,333.0,278.0,366.0,423.0,450.0,146.0,127.0
257.0,215.0,353.0,71.0,261.0,268.0,121.0,250.0,296.0,243.0,241.0,302.0,309.0,192.0,242.0
237.0,322.0,382.0,77.0,434.0,422.0,226.0,315.0,347.0,246.0,310.0,302.0,337.0,240.0,566.0
100.0,104.0,130.0,6.0,47.0,212.0,9.0,481.0,24.0,61.0,29.0,264.0,33.0,309.0,73.0
119.0,105.0,246.0,23.0,85.0,214.0,29.0,124.0,297.0,132.0,176.0,127.0,45.0,24.0,201.0
114.0,278.0,240.0,22.0,118.0,404.0,38.0,110.0,141.0,129.0,165.0,118.0,70.0,76.0,95.0
154.0,188.0,300.0,34.0,86.0,272.0,29.0,140.0,193.0,156.0,238.0,167.0,145.0,96.0,69.0
376.0,47.0,532.0,146.0,446.0,103.0,258.0,438.0,579.0,347.0,211.0,231.0,579.0,269.0,582.0
377.0,180.0,528.0,140.0,122.0,260.0,45.0,415.0,571.0,322.0,458.0,457.0,84.0,458.0,99.0
103.0,72.0,254.0,18.0,104.0,159.0,33.0,141.0,132.0,139.0,182.0,139.0,52.0,92.0,83.0
83.0,64.0,190.0,12.0,15.0,159.0,1.0,47.0,86.0,84.0,87.0,70.0,36.0,26.0,4.0
235.0,316.0,379.0,67.0,229.0,390.0,188.0,290.0,332.0,252.0,287.0,305.0,288.0,218.0,201.0
77.0,41.0,222.0,8.0,45.0,86.0,7.0,32.0,69.0,81.0,63.0,69.0,27.0,21.0,32.0
133.0,141.0,320.0,29.0,191.0,249.0,58.0,202.0,173.0,188.0,128.0,218.0,102.0,146.0,157.0
94.0,55.0,298.0,16.0,118.0,112.0,38.0,148.0,109.0,171.0,222.0,190.0,59.0,96.0,87.0
103.0,72.0,215.0,19.0,132.0,156.0,32.0,16.0,332.0,112.0,123.0,100.0,47.0,16.0,101.0
152.0,182.0,351.0,33.0,89.0,261.0,30.0,313.0,187.0,214.0,274.0,231.0,83.0,235.0,74.0
288.0,55.0,481.0,95.0,310.0,143.0,172.0,342.0,454.0,296.0,387.0,353.0,284.0,258.0,329.0
257.0,130.0,999.0,70.0,322.0,230.0,166.0,620.0,120.0,230.0,411.0,288.0,273.0,477.0,307.0
181.0,234.0,332.0,51.0,47.0,344.0,226.0,601.0,290.0,193.0,245.0,228.0,330.0,477.0,32.0
259.0,129.0,372.0,77.0,168.0,221.0,217.0,481.0,311.0,247.0,326.0,303.0,331.0,491.0,154.0
288.0,461.0,240.0,95.0,448.0,498.0,261.0,110.0,466.0,129.0,160.0,124.0,444.0,173.0,246.0
180.0,233.0,316.0,45.0,100.0,260.0,98.0,201.0,237.0,188.0,240.0,212.0,200.0,129.0,80.0
115.0,95.0,255.0,23.0,88.0,319.0,30.0,141.0,145.0,136.0,13.0,68.0,73.0,92.0,73.0
232.0,300.0,312.0,64.0,329.0,362.0,213.0,205.0,313.0,153.0,241.0,163.0,276.0,87.0,406.0
322.0,585.0,511.0,140.0,255.0,518.0,188.0,377.0,571.0,322.0,410.0,457.0,284.0,193.0,238.0
123.0,109.0,491.0,114.0,329.0,462.0,213.0,392.0,518.0,304.0,290.0,423.0,583.0,291.0,351.0
133.0,141.0,254.0,29.0,168.0,249.0,54.0,140.0,173.0,137.0,176.0,127.0,102.0,91.0,74.0
154.0,185.0,351.0,36.0,174.0,261.0,58.0,241.0,145.0,166.0,261.0,186.0,103.0,184.0,142.0
271.0,406.0,476.0,86.0,292.0,270.0,166.0,384.0,430.0,264.0,387.0,317.0,369.0,296.0,307.0
169.0,292.0,183.0,7.0,43.0,374.0,5.0,49.0,178.0,76.0,78.0,118.0,25.0,27.0,201.0
211.0,320.0,348.0,61.0,262.0,448.0,139.0,292.0,271.0,203.0,272.0,254.0,264.0,305.0,250.0
86.0,48.0,111.0,15.0,45.0,173.0,19.0,26.0,109.0,85.0,13.0,76.0,40.0,20.0,32.0
75.0,21.0,111.0,3.0,54.0,127.0,0.0,26.0,191.0,42.0,13.0,203.0,0.0,16.0,43.0
330.0,756.0,411.0,86.0,229.0,741.0,86.0,103.0,430.0,264.0,325.0,316.0,276.0,88.0,182.0
410.0,72.0,855.0,177.0,122.0,159.0,38.0,431.0,293.0,368.0,999.0,580.0,70.0,339.0,73.0
114.0,95.0,240.0,22.0,230.0,203.0,86.0,110.0,141.0,129.0,157.0,117.0,70.0,57.0,201.0
154.0,179.0,187.0,38.0,200.0,260.0,94.0,47.0,223.0,82.0,91.0,68.0,177.0,26.0,170.0
158.0,200.0,313.0,49.0,177.0,280.0,61.0,198.0,252.0,188.0,240.0,220.0,128.0,137.0,154.0
154.0,188.0,550.0,34.0,255.0,270.0,107.0,438.0,193.0,358.0,470.0,580.0,212.0,218.0,231.0
288.0,367.0,461.0,91.0,98.0,445.0,32.0,0.0,431.0,273.0,373.0,323.0,438.0,0.0,126.0
317.0,322.0,500.0,106.0,524.0,297.0,274.0,315.0,501.0,304.0,408.0,430.0,444.0,240.0,158.0
205.0,276.0,532.0,55.0,261.0,365.0,121.0,403.0,290.0,347.0,449.0,463.0,256.0,309.0,240.0
158.0,207.0,356.0,70.0,200.0,294.0,75.0,259.0,330.0,228.0,320.0,287.0,288.0,185.0,173.0
232.0,212.0,347.0,64.0,277.0,294.0,143.0,228.0,313.0,207.0,262.0,263.0,276.0,179.0,250.0
217.0,316.0,582.0,61.0,131.0,390.0,45.0,470.0,223.0,213.0,508.0,263.0,273.0,319.0,101.0
157.0,207.0,283.0,33.0,216.0,294.0,237.0,168.0,187.0,154.0,207.0,221.0,583.0,116.0,180.0
428.0,28.0,639.0,185.0,132.0,206.0,276.0,490.0,571.0,403.0,148.0,856.0,579.0,328.0,107.0
178.0,232.0,247.0,45.0,277.0,319.0,95.0,264.0,223.0,185.0,152.0,218.0,195.0,503.0,250.0
92.0,406.0,252.0,15.0,73.0,425.0,5.0,124.0,103.0,84.0,176.0,76.0,40.0,186.0,66.0
111.0,89.0,239.0,21.0,313.0,225.0,199.0,111.0,109.0,128.0,154.0,117.0,59.0,146.0,351.0
178.0,232.0,852.0,45.0,0.0,319.0,0.0,940.0,425.0,187.0,64.0,208.0,196.0,613.0,0.0
229.0,304.0,542.0,153.0,89.0,388.0,165.0,438.0,428.0,356.0,468.0,164.0,726.0,312.0,74.0
124.0,129.0,299.0,20.0,106.0,222.0,35.0,293.0,129.0,120.0,222.0,114.0,54.0,208.0,87.0
271.0,409.0,530.0,96.0,446.0,479.0,258.0,403.0,466.0,275.0,419.0,338.0,450.0,318.0,111.0
181.0,238.0,246.0,23.0,128.0,310.0,42.0,111.0,145.0,132.0,170.0,127.0,76.0,184.0,87.0
77.0,154.0,507.0,109.0,446.0,255.0,258.0,364.0,503.0,296.0,408.0,374.0,515.0,275.0,214.0
168.0,225.0,300.0,38.0,228.0,310.0,85.0,183.0,182.0,176.0,240.0,197.0,175.0,133.0,187.0
100.0,43.0,457.0,17.0,132.0,222.0,33.0,323.0,120.0,271.0,366.0,323.0,49.0,88.0,107.0
101.0,56.0,207.0,17.0,191.0,155.0,69.0,80.0,120.0,106.0,449.0,91.0,46.0,81.0,183.0
124.0,129.0,179.0,8.0,89.0,227.0,6.0,39.0,54.0,75.0,64.0,236.0,26.0,146.0,69.0
167.0,212.0,130.0,6.0,228.0,294.0,85.0,31.0,34.0,63.0,29.0,47.0,12.0,17.0,142.0
100.0,76.0,350.0,41.0,202.0,0.0,65.0,469.0,224.0,182.0,274.0,186.0,380.0,318.0,182.0
236.0,323.0,224.0,22.0,123.0,404.0,40.0,97.0,141.0,112.0,149.0,98.0,70.0,65.0,96.0
80.0,41.0,207.0,18.0,229.0,188.0,92.0,62.0,122.0,106.0,126.0,91.0,195.0,35.0,192.0
187.0,253.0,363.0,51.0,257.0,348.0,108.0,285.0,271.0,191.0,299.0,228.0,212.0,193.0,231.0
169.0,212.0,111.0,38.0,206.0,294.0,79.0,26.0,223.0,171.0,5.0,167.0,167.0,16.0,175.0
163.0,212.0,187.0,36.0,202.0,294.0,76.0,39.0,210.0,82.0,87.0,72.0,168.0,27.0,172.0
181.0,234.0,379.0,46.0,191.0,230.0,99.0,297.0,144.0,243.0,309.0,298.0,200.0,218.0,142.0
158.0,203.0,293.0,36.0,176.0,280.0,95.0,176.0,197.0,160.0,211.0,257.0,168.0,123.0,153.0
147.0,37.0,553.0,33.0,203.0,82.0,75.0,440.0,187.0,425.0,465.0,236.0,168.0,312.0,174.0
163.0,214.0,266.0,29.0,176.0,294.0,61.0,565.0,178.0,150.0,200.0,221.0,122.0,503.0,153.0
168.0,225.0,294.0,36.0,202.0,310.0,75.0,97.0,204.0,167.0,200.0,186.0,154.0,64.0,69.0
96.0,55.0,491.0,29.0,174.0,156.0,61.0,346.0,177.0,304.0,394.0,338.0,101.0,259.0,125.0
71.0,27.0,312.0,7.0,32.0,498.0,5.0,186.0,50.0,75.0,238.0,68.0,23.0,122.0,12.0
97.0,130.0,214.0,16.0,89.0,160.0,30.0,59.0,117.0,108.0,128.0,100.0,46.0,81.0,74.0
96.0,55.0,207.0,15.0,157.0,143.0,19.0,80.0,103.0,106.0,119.0,91.0,40.0,57.0,124.0
115.0,103.0,240.0,22.0,260.0,211.0,121.0,103.0,145.0,129.0,157.0,117.0,70.0,88.0,247.0
319.0,523.0,487.0,109.0,174.0,518.0,58.0,353.0,503.0,296.0,222.0,374.0,529.0,275.0,126.0
122.0,90.0,257.0,27.0,228.0,191.0,58.0,144.0,171.0,141.0,188.0,149.0,97.0,95.0,175.0
80.0,41.0,207.0,9.0,312.0,102.0,198.0,80.0,76.0,106.0,117.0,105.0,33.0,409.0,157.0
115.0,95.0,247.0,23.0,126.0,210.0,40.0,130.0,145.0,130.0,149.0,126.0,73.0,82.0,91.0
196.0,259.0,346.0,51.0,228.0,348.0,70.0,225.0,237.0,190.0,262.0,140.0,128.0,170.0,214.0
295.0,474.0,639.0,201.0,47.0,344.0,339.0,490.0,858.0,416.0,500.0,236.0,905.0,613.0,32.0
205.0,174.0,457.0,51.0,262.0,259.0,121.0,323.0,271.0,275.0,366.0,228.0,239.0,628.0,246.0
330.0,128.0,542.0,112.0,292.0,221.0,203.0,420.0,601.0,356.0,465.0,125.0,303.0,412.0,307.0
123.0,229.0,125.0,6.0,200.0,315.0,61.0,31.0,33.0,58.0,20.0,23.0,101.0,17.0,160.0
169.0,225.0,142.0,40.0,261.0,319.0,92.0,31.0,223.0,182.0,200.0,228.0,181.0,20.0,231.0
122.0,95.0,223.0,24.0,134.0,206.0,45.0,398.0,164.0,114.0,123.0,287.0,84.0,305.0,114.0
256.0,332.0,350.0,73.0,341.0,429.0,220.0,240.0,369.0,213.0,257.0,264.0,334.0,167.0,473.0
176.0,229.0,310.0,41.0,184.0,155.0,99.0,198.0,223.0,182.0,234.0,208.0,202.0,145.0,155.0
333.0,618.0,528.0,133.0,476.0,445.0,367.0,398.0,571.0,311.0,414.0,446.0,693.0,305.0,201.0
158.0,207.0,293.0,35.0,145.0,294.0,76.0,180.0,198.0,160.0,211.0,162.0,155.0,130.0,116.0
429.0,590.0,356.0,201.0,65.0,490.0,75.0,470.0,180.0,416.0,286.0,76.0,905.0,319.0,45.0
77.0,37.0,738.0,8.0,28.0,102.0,5.0,704.0,69.0,81.0,50.0,68.0,27.0,79.0,11.0
163.0,215.0,316.0,45.0,234.0,294.0,99.0,204.0,296.0,188.0,262.0,212.0,202.0,150.0,91.0
104.0,28.0,240.0,19.0,104.0,56.0,33.0,109.0,125.0,129.0,157.0,118.0,54.0,76.0,81.0
410.0,756.0,549.0,159.0,75.0,486.0,19.0,420.0,616.0,358.0,468.0,395.0,36.0,308.0,55.0
202.0,261.0,222.0,51.0,260.0,362.0,121.0,98.0,171.0,113.0,123.0,174.0,252.0,17.0,242.0
102.0,72.0,222.0,18.0,88.0,393.0,32.0,97.0,122.0,113.0,128.0,81.0,49.0,66.0,71.0
375.0,694.0,532.0,146.0,122.0,663.0,39.0,406.0,223.0,347.0,449.0,463.0,70.0,305.0,95.0
119.0,128.0,263.0,23.0,85.0,255.0,50.0,149.0,144.0,147.0,470.0,156.0,77.0,96.0,66.0
191.0,284.0,693.0,183.0,123.0,407.0,19.0,572.0,676.0,580.0,244.0,894.0,864.0,442.0,95.0
152.0,179.0,283.0,33.0,229.0,260.0,92.0,195.0,187.0,154.0,207.0,257.0,128.0,76.0,183.0
244.0,323.0,350.0,70.0,312.0,388.0,199.0,223.0,341.0,213.0,274.0,263.0,291.0,137.0,390.0
123.0,253.0,263.0,29.0,104.0,349.0,40.0,149.0,173.0,147.0,206.0,158.0,102.0,96.0,84.0
115.0,95.0,242.0,23.0,45.0,188.0,15.0,124.0,145.0,132.0,165.0,126.0,73.0,208.0,134.0
77.0,40.0,187.0,8.0,176.0,86.0,61.0,49.0,69.0,81.0,108.0,68.0,27.0,28.0,154.0
123.0,130.0,126.0,6.0,45.0,205.0,0.0,27.0,46.0,61.0,20.0,47.0,0.0,17.0,12.0
244.0,423.0,491.0,112.0,157.0,489.0,50.0,316.0,503.0,304.0,387.0,58.0,95.0,256.0,148.0
83.0,43.0,201.0,11.0,47.0,124.0,15.0,32.0,165.0,85.0,94.0,76.0,33.0,193.0,32.0
229.0,306.0,693.0,80.0,138.0,389.0,226.0,509.0,498.0,660.0,658.0,911.0,337.0,339.0,118.0
103.0,55.0,279.0,29.0,161.0,143.0,53.0,158.0,168.0,153.0,203.0,163.0,101.0,107.0,125.0
268.0,372.0,411.0,85.0,212.0,445.0,79.0,312.0,431.0,264.0,325.0,316.0,167.0,235.0,179.0
123.0,115.0,252.0,24.0,137.0,212.0,46.0,140.0,164.0,137.0,175.0,117.0,89.0,87.0,111.0
156.0,193.0,392.0,14.0,73.0,280.0,19.0,297.0,127.0,252.0,320.0,316.0,36.0,218.0,247.0
183.0,301.0,293.0,38.0,227.0,382.0,83.0,176.0,195.0,160.0,211.0,178.0,174.0,129.0,178.0
206.0,278.0,355.0,56.0,157.0,369.0,50.0,251.0,293.0,200.0,287.0,246.0,264.0,184.0,122.0
191.0,231.0,294.0,51.0,312.0,315.0,121.0,180.0,215.0,188.0,215.0,221.0,256.0,129.0,97.0
124.0,128.0,240.0,21.0,50.0,227.0,15.0,109.0,139.0,129.0,157.0,117.0,33.0,179.0,56.0
71.0,27.0,111.0,6.0,28.0,56.0,2.0,26.0,34.0,63.0,63.0,47.0,12.0,16.0,85.0
181.0,234.0,316.0,46.0,131.0,294.0,99.0,200.0,233.0,188.0,240.0,218.0,202.0,169.0,94.0
252.0,331.0,346.0,71.0,157.0,445.0,52.0,223.0,164.0,246.0,345.0,302.0,97.0,269.0,274.0
214.0,999.0,481.0,58.0,279.0,999.0,147.0,358.0,296.0,296.0,387.0,353.0,269.0,269.0,274.0
211.0,227.0,411.0,57.0,278.0,324.0,147.0,885.0,199.0,264.0,326.0,312.0,256.0,583.0,94.0
178.0,231.0,313.0,45.0,126.0,315.0,45.0,200.0,233.0,187.0,238.0,208.0,70.0,132.0,96.0
163.0,219.0,661.0,36.0,217.0,297.0,82.0,565.0,290.0,167.0,248.0,186.0,171.0,412.0,183.0
181.0,234.0,311.0,45.0,237.0,328.0,99.0,198.0,233.0,184.0,238.0,207.0,200.0,90.0,215.0
163.0,45.0,111.0,33.0,132.0,220.0,67.0,26.0,187.0,156.0,129.0,174.0,136.0,17.0,107.0
147.0,173.0,263.0,29.0,189.0,256.0,50.0,149.0,177.0,147.0,240.0,160.0,92.0,96.0,157.0
111.0,89.0,661.0,20.0,106.0,191.0,35.0,509.0,145.0,120.0,57.0,105.0,55.0,408.0,87.0
123.0,53.0,215.0,25.0,200.0,143.0,75.0,84.0,163.0,112.0,128.0,101.0,92.0,169.0,172.0
375.0,694.0,348.0,137.0,277.0,663.0,382.0,264.0,570.0,207.0,272.0,263.0,590.0,192.0,247.0
178.0,231.0,204.0,14.0,47.0,222.0,9.0,62.0,103.0,99.0,122.0,76.0,33.0,35.0,32.0
266.0,376.0,392.0,80.0,344.0,445.0,226.0,297.0,428.0,252.0,286.0,305.0,337.0,217.0,422.0
212.0,322.0,351.0,57.0,277.0,289.0,139.0,187.0,296.0,214.0,287.0,268.0,264.0,133.0,262.0
114.0,92.0,240.0,22.0,141.0,203.0,38.0,110.0,125.0,129.0,225.0,81.0,70.0,409.0,101.0
287.0,409.0,511.0,133.0,50.0,260.0,444.0,140.0,579.0,316.0,411.0,460.0,624.0,72.0,297.0
111.0,109.0,240.0,21.0,85.0,211.0,53.0,103.0,134.0,129.0,157.0,118.0,59.0,71.0,66.0
104.0,78.0,222.0,19.0,83.0,159.0,23.0,32.0,122.0,113.0,129.0,105.0,42.0,21.0,56.0
295.0,461.0,701.0,51.0,252.0,388.0,105.0,565.0,270.0,595.0,87.0,355.0,209.0,412.0,218.0
270.0,95.0,126.0,86.0,65.0,205.0,274.0,29.0,452.0,58.0,84.0,84.0,464.0,17.0,44.0
271.0,323.0,363.0,70.0,312.0,422.0,188.0,264.0,333.0,228.0,241.0,287.0,288.0,192.0,329.0
224.0,304.0,347.0,60.0,128.0,389.0,165.0,222.0,302.0,203.0,264.0,249.0,272.0,170.0,95.0
77.0,41.0,639.0,8.0,54.0,462.0,15.0,459.0,69.0,403.0,527.0,822.0,27.0,305.0,42.0
264.0,323.0,855.0,78.0,229.0,404.0,92.0,406.0,107.0,247.0,999.0,303.0,334.0,305.0,216.0
196.0,238.0,747.0,63.0,280.0,344.0,150.0,718.0,147.0,660.0,199.0,894.0,269.0,503.0,275.0
146.0,173.0,190.0,30.0,106.0,254.0,35.0,51.0,181.0,85.0,94.0,76.0,149.0,96.0,12.0
120.0,104.0,255.0,25.0,150.0,212.0,50.0,155.0,168.0,138.0,170.0,138.0,92.0,106.0,114.0
121.0,182.0,293.0,23.0,229.0,261.0,82.0,176.0,145.0,160.0,211.0,187.0,108.0,131.0,192.0
287.0,225.0,440.0,95.0,415.0,319.0,247.0,481.0,457.0,273.0,272.0,325.0,429.0,321.0,331.0
412.0,764.0,542.0,159.0,258.0,60.0,121.0,297.0,571.0,356.0,411.0,126.0,726.0,213.0,234.0
205.0,276.0,346.0,55.0,312.0,365.0,126.0,225.0,302.0,198.0,262.0,241.0,259.0,123.0,173.0
330.0,37.0,661.0,112.0,189.0,118.0,339.0,509.0,545.0,300.0,654.0,395.0,588.0,458.0,157.0
182.0,235.0,336.0,50.0,257.0,373.0,107.0,206.0,181.0,190.0,248.0,221.0,211.0,158.0,234.0
178.0,233.0,320.0,45.0,234.0,320.0,95.0,156.0,227.0,188.0,241.0,114.0,195.0,477.0,66.0
71.0,27.0,126.0,6.0,128.0,56.0,35.0,29.0,86.0,61.0,27.0,68.0,25.0,57.0,87.0
73.0,27.0,582.0,6.0,58.0,56.0,4.0,440.0,38.0,85.0,509.0,76.0,19.0,312.0,44.0
75.0,36.0,126.0,11.0,47.0,188.0,7.0,29.0,454.0,83.0,29.0,117.0,33.0,17.0,89.0
111.0,87.0,511.0,133.0,434.0,212.0,253.0,391.0,419.0,316.0,411.0,449.0,678.0,303.0,566.0
233.0,310.0,350.0,63.0,294.0,390.0,165.0,240.0,314.0,213.0,274.0,264.0,272.0,184.0,99.0
123.0,109.0,293.0,25.0,43.0,155.0,15.0,176.0,168.0,137.0,211.0,137.0,92.0,133.0,125.0
103.0,55.0,215.0,18.0,89.0,155.0,30.0,83.0,122.0,112.0,128.0,124.0,40.0,493.0,107.0
196.0,259.0,312.0,45.0,238.0,328.0,99.0,158.0,343.0,188.0,238.0,212.0,200.0,107.0,213.0
374.0,693.0,347.0,60.0,278.0,373.0,147.0,232.0,302.0,203.0,264.0,257.0,269.0,180.0,89.0
287.0,232.0,447.0,95.0,476.0,319.0,262.0,297.0,454.0,273.0,210.0,302.0,494.0,218.0,678.0
104.0,274.0,224.0,19.0,102.0,362.0,33.0,90.0,95.0,120.0,170.0,125.0,54.0,62.0,82.0
100.0,62.0,212.0,17.0,89.0,156.0,30.0,144.0,311.0,108.0,128.0,91.0,46.0,95.0,74.0
152.0,222.0,747.0,33.0,155.0,308.0,53.0,601.0,187.0,660.0,833.0,187.0,97.0,458.0,114.0
146.0,173.0,251.0,30.0,161.0,256.0,53.0,140.0,197.0,137.0,173.0,137.0,97.0,91.0,125.0
233.0,200.0,361.0,67.0,253.0,280.0,213.0,250.0,332.0,227.0,200.0,298.0,316.0,184.0,170.0
273.0,409.0,0.0,0.0,28.0,281.0,2.0,0.0,0.0,0.0,0.0,76.0,0.0,0.0,179.0
202.0,278.0,336.0,51.0,278.0,373.0,147.0,205.0,107.0,196.0,214.0,240.0,273.0,156.0,231.0
410.0,756.0,485.0,109.0,503.0,160.0,274.0,363.0,503.0,296.0,325.0,162.0,529.0,271.0,42.0
73.0,43.0,488.0,243.0,999.0,127.0,999.0,358.0,122.0,521.0,400.0,856.0,999.0,269.0,999.0
224.0,304.0,184.0,60.0,288.0,389.0,165.0,45.0,302.0,203.0,84.0,241.0,272.0,25.0,297.0
158.0,205.0,299.0,35.0,202.0,310.0,76.0,176.0,224.0,174.0,222.0,302.0,156.0,129.0,174.0
158.0,207.0,257.0,36.0,89.0,297.0,16.0,202.0,199.0,166.0,211.0,186.0,259.0,148.0,101.0
178.0,234.0,322.0,45.0,112.0,312.0,35.0,204.0,224.0,188.0,241.0,218.0,59.0,318.0,87.0
73.0,48.0,157.0,7.0,37.0,143.0,5.0,32.0,46.0,71.0,64.0,69.0,23.0,17.0,30.0
73.0,27.0,528.0,6.0,43.0,448.0,50.0,403.0,38.0,356.0,419.0,561.0,19.0,305.0,213.0
322.0,590.0,491.0,106.0,261.0,439.0,127.0,358.0,501.0,304.0,402.0,115.0,529.0,256.0,242.0
206.0,249.0,553.0,133.0,112.0,349.0,35.0,438.0,568.0,311.0,449.0,446.0,419.0,328.0,84.0
157.0,205.0,701.0,248.0,177.0,293.0,61.0,572.0,547.0,524.0,640.0,856.0,122.0,455.0,154.0
429.0,332.0,580.0,185.0,999.0,429.0,629.0,470.0,341.0,404.0,509.0,803.0,888.0,319.0,999.0
80.0,210.0,303.0,11.0,28.0,293.0,4.0,969.0,122.0,84.0,232.0,117.0,33.0,303.0,11.0
154.0,188.0,279.0,33.0,227.0,373.0,92.0,202.0,239.0,154.0,203.0,167.0,127.0,148.0,183.0
330.0,590.0,500.0,117.0,229.0,280.0,92.0,885.0,547.0,304.0,408.0,428.0,678.0,555.0,202.0
104.0,78.0,207.0,19.0,85.0,144.0,29.0,78.0,127.0,114.0,120.0,186.0,54.0,57.0,56.0
152.0,163.0,258.0,27.0,145.0,254.0,50.0,290.0,170.0,144.0,188.0,151.0,92.0,205.0,117.0
160.0,187.0,392.0,80.0,292.0,270.0,222.0,297.0,419.0,252.0,320.0,304.0,337.0,248.0,308.0
295.0,461.0,457.0,95.0,331.0,486.0,243.0,315.0,457.0,275.0,366.0,298.0,444.0,510.0,119.0
319.0,37.0,507.0,106.0,476.0,87.0,262.0,377.0,500.0,271.0,408.0,162.0,500.0,493.0,678.0
257.0,87.0,379.0,71.0,341.0,270.0,217.0,299.0,357.0,243.0,307.0,190.0,330.0,218.0,175.0
152.0,130.0,294.0,38.0,228.0,215.0,107.0,299.0,223.0,174.0,214.0,193.0,174.0,247.0,187.0
187.0,253.0,294.0,43.0,229.0,358.0,94.0,181.0,171.0,185.0,214.0,207.0,191.0,503.0,201.0
333.0,618.0,507.0,128.0,233.0,358.0,96.0,459.0,466.0,306.0,408.0,428.0,588.0,184.0,202.0
217.0,373.0,332.0,56.0,278.0,445.0,139.0,222.0,111.0,200.0,241.0,246.0,260.0,170.0,178.0
202.0,274.0,326.0,51.0,280.0,362.0,105.0,222.0,276.0,188.0,214.0,221.0,269.0,245.0,55.0
122.0,106.0,252.0,24.0,151.0,215.0,45.0,132.0,163.0,137.0,176.0,137.0,84.0,196.0,119.0
266.0,376.0,747.0,80.0,344.0,468.0,222.0,718.0,430.0,660.0,654.0,894.0,336.0,496.0,422.0
80.0,43.0,440.0,11.0,189.0,124.0,67.0,316.0,163.0,83.0,187.0,72.0,33.0,241.0,157.0
338.0,103.0,549.0,97.0,360.0,211.0,261.0,420.0,483.0,289.0,468.0,348.0,500.0,309.0,455.0
123.0,109.0,252.0,27.0,203.0,216.0,75.0,132.0,170.0,140.0,177.0,151.0,101.0,292.0,174.0
206.0,274.0,491.0,56.0,310.0,362.0,184.0,358.0,290.0,304.0,470.0,81.0,288.0,269.0,316.0
271.0,174.0,339.0,51.0,262.0,255.0,107.0,216.0,272.0,191.0,262.0,228.0,212.0,149.0,250.0
97.0,235.0,184.0,29.0,47.0,341.0,9.0,45.0,173.0,103.0,57.0,91.0,33.0,25.0,30.0
115.0,95.0,240.0,23.0,128.0,87.0,42.0,205.0,145.0,129.0,179.0,126.0,76.0,152.0,99.0
126.0,129.0,207.0,27.0,188.0,221.0,46.0,80.0,158.0,106.0,215.0,240.0,89.0,131.0,154.0
102.0,71.0,224.0,18.0,73.0,160.0,33.0,204.0,122.0,120.0,149.0,355.0,52.0,158.0,52.0
163.0,41.0,257.0,29.0,255.0,216.0,107.0,141.0,181.0,147.0,187.0,164.0,209.0,92.0,229.0
224.0,304.0,372.0,61.0,341.0,448.0,220.0,204.0,296.0,207.0,325.0,263.0,272.0,149.0,153.0
206.0,278.0,184.0,27.0,145.0,369.0,50.0,45.0,187.0,83.0,170.0,72.0,92.0,25.0,116.0
100.0,64.0,215.0,17.0,89.0,373.0,30.0,146.0,120.0,112.0,128.0,100.0,46.0,96.0,73.0
428.0,145.0,580.0,183.0,55.0,249.0,18.0,470.0,676.0,404.0,508.0,705.0,43.0,96.0,111.0
156.0,205.0,256.0,36.0,233.0,288.0,98.0,156.0,224.0,167.0,108.0,186.0,156.0,88.0,202.0
235.0,322.0,257.0,65.0,258.0,397.0,165.0,144.0,314.0,214.0,187.0,282.0,284.0,95.0,214.0
287.0,317.0,294.0,95.0,341.0,393.0,220.0,176.0,454.0,165.0,165.0,185.0,92.0,129.0,422.0
105.0,89.0,157.0,20.0,117.0,203.0,35.0,82.0,129.0,42.0,50.0,282.0,54.0,55.0,89.0
114.0,92.0,701.0,60.0,160.0,205.0,166.0,572.0,302.0,595.0,234.0,323.0,273.0,455.0,124.0
376.0,717.0,549.0,148.0,122.0,687.0,46.0,15.0,601.0,356.0,468.0,127.0,726.0,72.0,94.0
233.0,317.0,379.0,65.0,310.0,397.0,171.0,16.0,314.0,214.0,302.0,263.0,284.0,16.0,77.0
232.0,90.0,481.0,110.0,89.0,407.0,23.0,342.0,333.0,296.0,387.0,257.0,529.0,258.0,31.0
123.0,423.0,187.0,24.0,157.0,479.0,52.0,47.0,164.0,82.0,87.0,70.0,90.0,496.0,124.0
271.0,306.0,323.0,51.0,106.0,389.0,35.0,204.0,270.0,190.0,245.0,204.0,55.0,169.0,404.0
196.0,259.0,317.0,51.0,277.0,348.0,138.0,202.0,270.0,188.0,240.0,218.0,238.0,145.0,262.0
237.0,323.0,187.0,70.0,208.0,255.0,82.0,155.0,333.0,83.0,84.0,72.0,181.0,106.0,175.0
111.0,316.0,260.0,22.0,118.0,390.0,38.0,148.0,144.0,144.0,189.0,149.0,70.0,96.0,94.0
147.0,180.0,350.0,51.0,255.0,260.0,107.0,228.0,276.0,192.0,274.0,100.0,212.0,132.0,238.0
97.0,55.0,214.0,16.0,104.0,155.0,33.0,84.0,117.0,108.0,128.0,100.0,46.0,27.0,83.0
244.0,325.0,363.0,70.0,415.0,277.0,213.0,297.0,341.0,230.0,297.0,288.0,291.0,217.0,183.0
158.0,205.0,294.0,36.0,228.0,288.0,85.0,180.0,570.0,166.0,91.0,186.0,156.0,496.0,181.0
102.0,63.0,222.0,18.0,104.0,154.0,34.0,92.0,122.0,113.0,123.0,98.0,76.0,28.0,85.0
485.0,21.0,661.0,243.0,104.0,143.0,35.0,509.0,858.0,524.0,658.0,822.0,923.0,390.0,84.0
83.0,42.0,201.0,12.0,73.0,999.0,19.0,61.0,210.0,85.0,100.0,76.0,33.0,34.0,64.0
95.0,55.0,240.0,16.0,200.0,143.0,75.0,104.0,117.0,129.0,157.0,125.0,154.0,72.0,172.0
319.0,82.0,475.0,97.0,174.0,102.0,58.0,341.0,483.0,289.0,366.0,348.0,103.0,269.0,124.0
266.0,332.0,223.0,89.0,137.0,429.0,45.0,315.0,454.0,213.0,157.0,264.0,408.0,245.0,107.0
374.0,693.0,511.0,133.0,177.0,767.0,367.0,391.0,500.0,316.0,411.0,449.0,588.0,300.0,154.0
100.0,63.0,111.0,17.0,243.0,154.0,23.0,26.0,107.0,103.0,8.0,92.0,42.0,16.0,214.0
120.0,104.0,332.0,51.0,233.0,212.0,94.0,214.0,293.0,193.0,245.0,236.0,191.0,169.0,32.0
81.0,42.0,346.0,11.0,55.0,143.0,15.0,192.0,86.0,416.0,130.0,803.0,33.0,133.0,55.0
84.0,129.0,187.0,11.0,155.0,225.0,29.0,47.0,103.0,82.0,87.0,70.0,46.0,68.0,119.0
154.0,188.0,299.0,34.0,211.0,277.0,78.0,176.0,227.0,156.0,222.0,204.0,158.0,125.0,175.0
138.0,221.0,247.0,24.0,280.0,281.0,148.0,132.0,162.0,150.0,200.0,162.0,174.0,88.0,190.0
252.0,331.0,570.0,109.0,277.0,448.0,274.0,476.0,498.0,296.0,500.0,374.0,529.0,331.0,248.0
152.0,188.0,283.0,33.0,200.0,268.0,62.0,175.0,99.0,154.0,203.0,172.0,122.0,111.0,170.0
100.0,63.0,207.0,17.0,89.0,156.0,32.0,80.0,107.0,106.0,120.0,95.0,47.0,58.0,74.0
377.0,232.0,514.0,137.0,292.0,319.0,129.0,392.0,571.0,319.0,414.0,456.0,260.0,303.0,307.0
120.0,103.0,224.0,20.0,128.0,211.0,35.0,32.0,180.0,120.0,236.0,118.0,55.0,21.0,157.0
130.0,137.0,258.0,27.0,161.0,256.0,53.0,141.0,171.0,141.0,189.0,220.0,101.0,116.0,122.0
114.0,95.0,258.0,29.0,161.0,156.0,53.0,130.0,171.0,144.0,188.0,164.0,101.0,79.0,170.0
77.0,43.0,184.0,8.0,89.0,127.0,32.0,39.0,69.0,81.0,182.0,76.0,27.0,25.0,74.0
374.0,693.0,747.0,243.0,243.0,462.0,82.0,704.0,858.0,660.0,206.0,133.0,864.0,496.0,242.0
133.0,141.0,688.0,153.0,735.0,249.0,485.0,532.0,676.0,356.0,152.0,423.0,726.0,491.0,416.0
71.0,27.0,356.0,6.0,73.0,255.0,19.0,264.0,34.0,225.0,287.0,282.0,40.0,185.0,74.0
311.0,323.0,395.0,97.0,445.0,154.0,254.0,297.0,483.0,356.0,321.0,214.0,494.0,217.0,574.0
123.0,109.0,252.0,24.0,131.0,238.0,43.0,140.0,164.0,137.0,176.0,126.0,92.0,90.0,81.0
180.0,233.0,316.0,45.0,258.0,315.0,94.0,201.0,233.0,188.0,239.0,212.0,190.0,148.0,214.0
140.0,164.0,300.0,20.0,106.0,254.0,35.0,192.0,191.0,137.0,226.0,138.0,55.0,133.0,87.0
181.0,233.0,201.0,49.0,260.0,319.0,99.0,61.0,223.0,83.0,129.0,70.0,200.0,57.0,242.0
375.0,717.0,661.0,248.0,569.0,663.0,530.0,572.0,54.0,524.0,658.0,803.0,864.0,455.0,808.0
333.0,618.0,507.0,128.0,174.0,550.0,382.0,384.0,551.0,306.0,408.0,348.0,590.0,292.0,173.0
165.0,215.0,350.0,58.0,277.0,293.0,148.0,266.0,297.0,188.0,274.0,207.0,269.0,185.0,250.0
206.0,276.0,355.0,56.0,261.0,362.0,127.0,415.0,292.0,198.0,286.0,241.0,259.0,309.0,242.0
158.0,207.0,283.0,36.0,200.0,289.0,75.0,183.0,210.0,166.0,208.0,185.0,161.0,132.0,93.0
236.0,332.0,356.0,66.0,310.0,445.0,180.0,259.0,330.0,225.0,366.0,282.0,284.0,25.0,297.0
92.0,53.0,300.0,30.0,138.0,143.0,58.0,189.0,178.0,176.0,222.0,197.0,113.0,134.0,66.0
96.0,55.0,222.0,16.0,89.0,156.0,30.0,92.0,117.0,113.0,214.0,101.0,46.0,66.0,73.0
134.0,141.0,347.0,60.0,277.0,249.0,143.0,476.0,302.0,202.0,222.0,264.0,269.0,331.0,250.0
169.0,205.0,294.0,40.0,216.0,306.0,92.0,180.0,223.0,174.0,215.0,196.0,181.0,137.0,178.0
134.0,141.0,263.0,29.0,217.0,249.0,75.0,240.0,178.0,147.0,120.0,173.0,154.0,159.0,179.0
152.0,188.0,279.0,35.0,132.0,247.0,80.0,158.0,204.0,154.0,203.0,395.0,156.0,107.0,107.0
103.0,72.0,263.0,16.0,75.0,103.0,26.0,149.0,98.0,137.0,387.0,126.0,43.0,96.0,55.0
205.0,304.0,332.0,51.0,252.0,373.0,121.0,205.0,145.0,193.0,245.0,236.0,239.0,152.0,231.0
229.0,304.0,347.0,60.0,261.0,388.0,129.0,232.0,223.0,203.0,250.0,204.0,270.0,180.0,240.0
374.0,693.0,542.0,137.0,89.0,230.0,30.0,420.0,571.0,319.0,400.0,456.0,288.0,311.0,73.0
163.0,130.0,296.0,36.0,310.0,241.0,170.0,16.0,210.0,167.0,222.0,236.0,168.0,16.0,116.0
84.0,47.0,855.0,12.0,28.0,133.0,2.0,940.0,120.0,129.0,999.0,125.0,36.0,180.0,9.0
316.0,515.0,485.0,106.0,216.0,491.0,247.0,885.0,500.0,296.0,402.0,355.0,524.0,583.0,175.0
288.0,461.0,491.0,95.0,446.0,486.0,258.0,353.0,457.0,304.0,402.0,348.0,450.0,269.0,582.0
156.0,135.0,267.0,35.0,216.0,261.0,80.0,532.0,162.0,156.0,200.0,156.0,168.0,442.0,179.0
167.0,222.0,348.0,58.0,279.0,288.0,148.0,264.0,297.0,207.0,272.0,263.0,269.0,146.0,275.0
139.0,164.0,267.0,30.0,331.0,254.0,217.0,156.0,178.0,151.0,200.0,162.0,272.0,107.0,473.0
97.0,55.0,105.0,19.0,112.0,191.0,35.0,16.0,127.0,25.0,8.0,0.0,55.0,16.0,175.0
182.0,241.0,330.0,50.0,253.0,348.0,106.0,205.0,252.0,192.0,244.0,231.0,211.0,156.0,220.0
137.0,43.0,204.0,29.0,174.0,124.0,58.0,62.0,177.0,92.0,179.0,76.0,103.0,35.0,139.0
75.0,42.0,111.0,7.0,45.0,0.0,6.0,26.0,182.0,76.0,126.0,61.0,26.0,16.0,179.0
181.0,234.0,347.0,60.0,128.0,320.0,220.0,228.0,296.0,203.0,264.0,257.0,270.0,442.0,111.0
73.0,27.0,142.0,6.0,43.0,56.0,5.0,31.0,38.0,67.0,64.0,50.0,19.0,16.0,12.0
211.0,300.0,212.0,17.0,112.0,373.0,35.0,124.0,117.0,108.0,164.0,95.0,55.0,180.0,87.0
123.0,115.0,224.0,27.0,191.0,220.0,50.0,98.0,170.0,120.0,149.0,113.0,92.0,72.0,158.0
114.0,95.0,648.0,17.0,202.0,208.0,75.0,532.0,86.0,271.0,191.0,330.0,44.0,409.0,172.0
182.0,709.0,294.0,45.0,227.0,663.0,94.0,180.0,223.0,199.0,214.0,298.0,195.0,72.0,183.0
111.0,89.0,224.0,21.0,104.0,241.0,35.0,98.0,145.0,120.0,149.0,114.0,59.0,72.0,83.0
270.0,95.0,447.0,86.0,277.0,214.0,222.0,313.0,430.0,273.0,240.0,323.0,419.0,96.0,229.0
311.0,391.0,449.0,97.0,303.0,462.0,170.0,322.0,483.0,278.0,206.0,348.0,429.0,246.0,333.0
156.0,193.0,281.0,34.0,200.0,518.0,75.0,165.0,147.0,156.0,203.0,162.0,149.0,111.0,183.0
338.0,461.0,488.0,112.0,261.0,498.0,127.0,384.0,357.0,300.0,394.0,207.0,583.0,291.0,242.0
266.0,367.0,553.0,73.0,360.0,521.0,226.0,438.0,253.0,120.0,165.0,114.0,337.0,312.0,32.0
181.0,234.0,310.0,45.0,237.0,348.0,99.0,195.0,223.0,182.0,234.0,204.0,202.0,134.0,192.0
374.0,693.0,491.0,248.0,476.0,124.0,262.0,358.0,105.0,304.0,408.0,387.0,500.0,269.0,699.0
132.0,137.0,263.0,29.0,175.0,250.0,58.0,149.0,173.0,147.0,243.0,164.0,102.0,169.0,87.0
377.0,40.0,536.0,148.0,257.0,86.0,138.0,392.0,239.0,347.0,458.0,312.0,678.0,303.0,231.0
268.0,373.0,379.0,78.0,253.0,445.0,247.0,297.0,425.0,247.0,408.0,304.0,429.0,628.0,87.0
410.0,488.0,507.0,133.0,211.0,491.0,391.0,364.0,568.0,311.0,410.0,298.0,624.0,271.0,175.0
206.0,281.0,322.0,49.0,242.0,256.0,101.0,194.0,452.0,188.0,241.0,220.0,202.0,145.0,214.0
268.0,373.0,661.0,243.0,229.0,437.0,92.0,508.0,858.0,521.0,658.0,856.0,923.0,343.0,201.0
182.0,235.0,0.0,0.0,0.0,344.0,0.0,0.0,0.0,0.0,0.0,298.0,0.0,16.0,0.0
154.0,367.0,292.0,58.0,278.0,437.0,147.0,285.0,296.0,202.0,211.0,244.0,269.0,202.0,262.0
123.0,128.0,170.0,25.0,73.0,221.0,40.0,39.0,122.0,71.0,658.0,68.0,92.0,25.0,422.0
100.0,109.0,204.0,17.0,151.0,216.0,48.0,83.0,120.0,106.0,128.0,91.0,47.0,58.0,80.0
123.0,109.0,500.0,24.0,217.0,216.0,82.0,363.0,173.0,304.0,408.0,428.0,92.0,275.0,139.0
229.0,306.0,350.0,63.0,277.0,389.0,143.0,240.0,314.0,214.0,261.0,317.0,264.0,184.0,250.0
156.0,278.0,201.0,30.0,176.0,373.0,59.0,280.0,187.0,75.0,94.0,61.0,109.0,201.0,148.0
104.0,0.0,299.0,19.0,100.0,0.0,32.0,187.0,119.0,120.0,222.0,113.0,54.0,133.0,99.0
237.0,323.0,293.0,61.0,310.0,404.0,172.0,194.0,293.0,160.0,210.0,186.0,273.0,134.0,469.0
271.0,461.0,363.0,87.0,65.0,372.0,243.0,156.0,171.0,185.0,299.0,208.0,408.0,107.0,45.0
202.0,235.0,336.0,53.0,260.0,315.0,121.0,206.0,288.0,197.0,248.0,241.0,252.0,148.0,238.0
181.0,235.0,590.0,36.0,50.0,333.0,78.0,420.0,184.0,166.0,468.0,186.0,158.0,311.0,44.0
104.0,78.0,223.0,18.0,175.0,191.0,58.0,94.0,122.0,115.0,123.0,113.0,42.0,81.0,148.0
182.0,221.0,320.0,49.0,255.0,293.0,18.0,297.0,233.0,188.0,240.0,220.0,204.0,217.0,74.0
123.0,109.0,252.0,24.0,174.0,213.0,53.0,144.0,163.0,137.0,179.0,137.0,92.0,72.0,182.0
236.0,322.0,356.0,66.0,313.0,393.0,180.0,205.0,197.0,225.0,286.0,218.0,284.0,156.0,351.0
156.0,515.0,481.0,34.0,203.0,489.0,75.0,322.0,198.0,156.0,387.0,178.0,149.0,173.0,173.0
237.0,323.0,461.0,67.0,410.0,404.0,230.0,346.0,428.0,227.0,366.0,282.0,291.0,259.0,473.0
154.0,185.0,292.0,33.0,188.0,193.0,67.0,183.0,187.0,156.0,210.0,178.0,136.0,132.0,156.0
229.0,306.0,238.0,63.0,228.0,389.0,99.0,103.0,281.0,120.0,152.0,203.0,273.0,241.0,188.0
157.0,205.0,283.0,35.0,208.0,297.0,77.0,168.0,198.0,154.0,207.0,172.0,155.0,16.0,175.0
102.0,71.0,580.0,183.0,175.0,159.0,61.0,470.0,660.0,404.0,500.0,449.0,92.0,319.0,142.0
154.0,215.0,240.0,23.0,128.0,341.0,42.0,110.0,145.0,129.0,164.0,125.0,76.0,77.0,95.0
146.0,164.0,283.0,33.0,176.0,255.0,61.0,168.0,184.0,154.0,207.0,172.0,156.0,122.0,153.0
94.0,41.0,184.0,16.0,176.0,102.0,61.0,45.0,109.0,82.0,84.0,61.0,408.0,28.0,154.0
180.0,233.0,316.0,45.0,229.0,479.0,99.0,202.0,182.0,188.0,239.0,207.0,200.0,145.0,190.0
244.0,47.0,488.0,45.0,237.0,124.0,99.0,353.0,237.0,304.0,400.0,449.0,200.0,269.0,213.0
