80.0,41.0,438.0,11.0,54.0,127.0,15.0,316.0,293.0,271.0,338.0,323.0,33.0,241.0,42.0
91.0,105.0,240.0,13.0,58.0,213.0,19.0,110.0,103.0,129.0,160.0,124.0,36.0,57.0,44.0
163.0,203.0,350.0,36.0,191.0,280.0,69.0,240.0,210.0,213.0,274.0,264.0,168.0,170.0,160.0
160.0,234.0,332.0,36.0,278.0,324.0,570.0,280.0,199.0,167.0,245.0,186.0,864.0,193.0,229.0
181.0,234.0,310.0,45.0,230.0,341.0,95.0,195.0,343.0,182.0,149.0,207.0,195.0,57.0,201.0
257.0,338.0,386.0,71.0,341.0,429.0,226.0,620.0,357.0,243.0,320.0,307.0,316.0,617.0,416.0
83.0,43.0,201.0,13.0,75.0,127.0,19.0,103.0,98.0,92.0,100.0,76.0,36.0,72.0,63.0
124.0,130.0,208.0,29.0,176.0,222.0,61.0,82.0,177.0,144.0,122.0,322.0,108.0,64.0,154.0
80.0,41.0,187.0,9.0,47.0,118.0,9.0,47.0,81.0,82.0,139.0,95.0,33.0,26.0,32.0
171.0,325.0,310.0,41.0,216.0,404.0,80.0,195.0,109.0,182.0,234.0,246.0,168.0,134.0,178.0
211.0,249.0,184.0,11.0,191.0,348.0,19.0,45.0,95.0,84.0,78.0,76.0,35.0,25.0,160.0
100.0,62.0,214.0,17.0,128.0,156.0,45.0,83.0,119.0,108.0,128.0,100.0,47.0,64.0,99.0
83.0,43.0,511.0,13.0,226.0,127.0,18.0,391.0,276.0,101.0,411.0,76.0,36.0,300.0,179.0
377.0,694.0,536.0,148.0,32.0,656.0,54.0,364.0,858.0,347.0,468.0,449.0,693.0,275.0,12.0
126.0,130.0,111.0,36.0,252.0,297.0,82.0,26.0,311.0,166.0,130.0,186.0,171.0,16.0,231.0
87.0,104.0,312.0,16.0,83.0,212.0,24.0,197.0,184.0,188.0,245.0,220.0,43.0,57.0,64.0
180.0,233.0,322.0,45.0,188.0,320.0,65.0,204.0,173.0,188.0,241.0,221.0,200.0,184.0,329.0
178.0,231.0,320.0,45.0,224.0,312.0,92.0,222.0,276.0,188.0,239.0,204.0,260.0,170.0,175.0
375.0,694.0,532.0,153.0,310.0,767.0,203.0,398.0,222.0,347.0,449.0,460.0,726.0,303.0,174.0
113.0,90.0,105.0,21.0,112.0,203.0,35.0,16.0,122.0,128.0,226.0,117.0,59.0,16.0,87.0
95.0,55.0,281.0,15.0,75.0,143.0,19.0,160.0,103.0,99.0,208.0,76.0,40.0,111.0,64.0
83.0,103.0,215.0,16.0,89.0,211.0,30.0,83.0,105.0,112.0,128.0,98.0,46.0,64.0,94.0
217.0,292.0,251.0,29.0,32.0,373.0,2.0,148.0,145.0,147.0,129.0,101.0,12.0,179.0,134.0
103.0,105.0,440.0,19.0,157.0,213.0,52.0,316.0,145.0,404.0,320.0,894.0,161.0,245.0,122.0
270.0,391.0,549.0,87.0,253.0,460.0,243.0,509.0,454.0,374.0,468.0,582.0,408.0,408.0,155.0
86.0,82.0,208.0,15.0,73.0,155.0,19.0,78.0,103.0,106.0,117.0,95.0,40.0,24.0,81.0
71.0,27.0,126.0,6.0,176.0,56.0,65.0,29.0,33.0,63.0,29.0,47.0,176.0,66.0,153.0
152.0,207.0,361.0,97.0,476.0,294.0,262.0,280.0,428.0,275.0,322.0,221.0,500.0,55.0,99.0
140.0,338.0,281.0,30.0,151.0,430.0,50.0,165.0,180.0,151.0,310.0,162.0,95.0,41.0,119.0
288.0,461.0,392.0,95.0,445.0,388.0,254.0,16.0,466.0,275.0,320.0,325.0,444.0,16.0,329.0
316.0,515.0,440.0,97.0,311.0,460.0,138.0,313.0,127.0,278.0,351.0,348.0,273.0,305.0,334.0
104.0,55.0,204.0,19.0,104.0,144.0,34.0,148.0,125.0,114.0,191.0,115.0,54.0,25.0,93.0
96.0,55.0,201.0,20.0,132.0,160.0,35.0,146.0,129.0,92.0,100.0,76.0,55.0,96.0,111.0
123.0,109.0,346.0,24.0,83.0,254.0,23.0,969.0,147.0,201.0,262.0,248.0,42.0,617.0,54.0
428.0,27.0,580.0,185.0,188.0,118.0,40.0,470.0,293.0,404.0,509.0,430.0,73.0,339.0,156.0
257.0,338.0,549.0,70.0,255.0,430.0,107.0,420.0,343.0,238.0,468.0,302.0,214.0,318.0,247.0
97.0,47.0,184.0,16.0,112.0,213.0,35.0,45.0,117.0,107.0,78.0,95.0,55.0,25.0,87.0
232.0,48.0,347.0,60.0,257.0,214.0,108.0,228.0,302.0,203.0,264.0,257.0,273.0,169.0,242.0
206.0,261.0,392.0,80.0,344.0,362.0,222.0,297.0,290.0,252.0,320.0,304.0,336.0,205.0,422.0
125.0,130.0,542.0,27.0,174.0,221.0,58.0,346.0,170.0,144.0,201.0,155.0,109.0,510.0,139.0
73.0,37.0,310.0,7.0,37.0,205.0,5.0,124.0,111.0,184.0,234.0,207.0,23.0,82.0,25.0
139.0,137.0,267.0,29.0,175.0,270.0,58.0,155.0,191.0,150.0,200.0,163.0,108.0,41.0,144.0
268.0,373.0,999.0,999.0,999.0,448.0,999.0,999.0,999.0,999.0,758.0,999.0,999.0,88.0,999.0
103.0,76.0,222.0,18.0,50.0,143.0,15.0,212.0,122.0,113.0,129.0,105.0,43.0,409.0,56.0
100.0,41.0,278.0,45.0,211.0,102.0,98.0,65.0,232.0,151.0,201.0,126.0,200.0,41.0,175.0
154.0,185.0,530.0,33.0,132.0,175.0,43.0,415.0,180.0,347.0,419.0,470.0,76.0,311.0,102.0
375.0,694.0,536.0,148.0,200.0,663.0,5.0,420.0,571.0,347.0,458.0,446.0,25.0,309.0,172.0
181.0,234.0,310.0,46.0,112.0,324.0,391.0,195.0,222.0,188.0,236.0,446.0,624.0,145.0,63.0
414.0,756.0,580.0,183.0,329.0,809.0,217.0,470.0,676.0,404.0,508.0,58.0,291.0,17.0,416.0
156.0,194.0,281.0,34.0,131.0,277.0,43.0,132.0,195.0,154.0,211.0,165.0,77.0,107.0,101.0
165.0,219.0,487.0,109.0,344.0,297.0,276.0,353.0,454.0,296.0,394.0,374.0,524.0,269.0,422.0
91.0,40.0,212.0,16.0,105.0,86.0,35.0,90.0,122.0,108.0,126.0,140.0,43.0,66.0,77.0
133.0,141.0,339.0,185.0,186.0,249.0,23.0,323.0,545.0,199.0,240.0,263.0,42.0,240.0,157.0
235.0,36.0,528.0,65.0,310.0,238.0,180.0,415.0,314.0,223.0,414.0,244.0,284.0,305.0,307.0
123.0,115.0,256.0,24.0,83.0,220.0,24.0,141.0,163.0,137.0,187.0,84.0,44.0,88.0,25.0
115.0,95.0,240.0,23.0,208.0,208.0,78.0,103.0,144.0,130.0,238.0,126.0,73.0,72.0,175.0
183.0,249.0,313.0,50.0,248.0,349.0,101.0,195.0,253.0,188.0,236.0,221.0,209.0,91.0,220.0
111.0,89.0,475.0,96.0,446.0,191.0,258.0,341.0,466.0,275.0,387.0,282.0,450.0,256.0,574.0
246.0,95.0,336.0,51.0,311.0,210.0,184.0,198.0,276.0,196.0,238.0,240.0,288.0,88.0,333.0
217.0,316.0,386.0,58.0,230.0,358.0,85.0,312.0,297.0,223.0,309.0,303.0,269.0,269.0,201.0
156.0,235.0,417.0,35.0,202.0,101.0,75.0,306.0,198.0,160.0,333.0,186.0,154.0,88.0,153.0
156.0,227.0,293.0,35.0,137.0,297.0,46.0,148.0,281.0,160.0,211.0,118.0,155.0,184.0,111.0
158.0,205.0,475.0,110.0,131.0,288.0,98.0,331.0,333.0,300.0,386.0,446.0,583.0,248.0,95.0
257.0,323.0,475.0,71.0,211.0,407.0,213.0,341.0,363.0,296.0,321.0,353.0,316.0,256.0,175.0
316.0,488.0,688.0,25.0,131.0,491.0,53.0,565.0,188.0,138.0,654.0,134.0,92.0,442.0,93.0
317.0,718.0,481.0,106.0,311.0,374.0,274.0,342.0,500.0,296.0,387.0,355.0,515.0,258.0,333.0
152.0,182.0,283.0,33.0,189.0,261.0,67.0,168.0,181.0,154.0,207.0,204.0,139.0,122.0,157.0
154.0,188.0,283.0,33.0,255.0,270.0,99.0,168.0,187.0,154.0,207.0,175.0,200.0,119.0,229.0
224.0,310.0,350.0,60.0,150.0,390.0,50.0,240.0,302.0,207.0,128.0,263.0,272.0,259.0,182.0
80.0,41.0,187.0,11.0,54.0,103.0,16.0,47.0,81.0,83.0,87.0,72.0,33.0,107.0,144.0
123.0,109.0,247.0,23.0,176.0,214.0,61.0,140.0,170.0,139.0,158.0,140.0,113.0,91.0,154.0
181.0,235.0,206.0,46.0,202.0,261.0,75.0,65.0,122.0,101.0,84.0,91.0,150.0,62.0,173.0
133.0,141.0,254.0,29.0,175.0,249.0,58.0,137.0,173.0,138.0,201.0,138.0,102.0,88.0,140.0
154.0,182.0,281.0,33.0,191.0,261.0,69.0,165.0,191.0,154.0,204.0,167.0,140.0,90.0,154.0
270.0,403.0,411.0,67.0,112.0,462.0,39.0,312.0,332.0,296.0,382.0,355.0,54.0,235.0,87.0
91.0,47.0,317.0,33.0,176.0,133.0,61.0,251.0,184.0,188.0,241.0,207.0,127.0,184.0,155.0
257.0,338.0,374.0,71.0,524.0,429.0,382.0,285.0,363.0,243.0,295.0,268.0,590.0,308.0,156.0
236.0,474.0,355.0,65.0,257.0,490.0,108.0,251.0,314.0,223.0,287.0,167.0,284.0,184.0,212.0
146.0,164.0,240.0,30.0,58.0,254.0,29.0,110.0,187.0,144.0,152.0,138.0,122.0,77.0,43.0
73.0,95.0,855.0,6.0,28.0,208.0,2.0,885.0,34.0,75.0,999.0,76.0,12.0,493.0,12.0
163.0,215.0,279.0,33.0,176.0,293.0,61.0,160.0,187.0,154.0,203.0,167.0,116.0,96.0,181.0
100.0,63.0,303.0,17.0,104.0,156.0,32.0,154.0,120.0,176.0,232.0,197.0,49.0,102.0,119.0
158.0,205.0,294.0,35.0,117.0,294.0,95.0,180.0,199.0,165.0,215.0,117.0,43.0,130.0,82.0
75.0,37.0,201.0,8.0,55.0,87.0,6.0,61.0,187.0,80.0,94.0,68.0,26.0,34.0,43.0
104.0,82.0,688.0,33.0,191.0,155.0,69.0,509.0,184.0,154.0,654.0,221.0,140.0,408.0,157.0
182.0,238.0,316.0,50.0,258.0,296.0,119.0,222.0,252.0,188.0,238.0,220.0,209.0,179.0,95.0
111.0,92.0,255.0,23.0,128.0,203.0,42.0,92.0,145.0,138.0,94.0,138.0,76.0,68.0,101.0
152.0,182.0,293.0,33.0,278.0,261.0,147.0,176.0,187.0,160.0,211.0,181.0,145.0,255.0,262.0
158.0,205.0,639.0,35.0,206.0,225.0,77.0,493.0,198.0,411.0,597.0,803.0,156.0,333.0,174.0
94.0,55.0,208.0,16.0,155.0,144.0,23.0,39.0,158.0,108.0,148.0,105.0,42.0,24.0,118.0
333.0,320.0,447.0,97.0,601.0,393.0,230.0,322.0,483.0,273.0,387.0,307.0,303.0,248.0,808.0
237.0,322.0,457.0,71.0,80.0,397.0,23.0,346.0,233.0,275.0,366.0,220.0,284.0,259.0,55.0
180.0,233.0,204.0,45.0,255.0,320.0,107.0,62.0,252.0,188.0,126.0,218.0,211.0,34.0,231.0
111.0,89.0,212.0,15.0,54.0,188.0,18.0,155.0,103.0,108.0,129.0,98.0,12.0,107.0,42.0
257.0,346.0,396.0,77.0,313.0,437.0,199.0,204.0,223.0,247.0,325.0,303.0,334.0,149.0,214.0
288.0,423.0,360.0,24.0,151.0,479.0,54.0,313.0,163.0,136.0,286.0,126.0,101.0,247.0,118.0
288.0,461.0,507.0,95.0,80.0,490.0,79.0,327.0,452.0,306.0,408.0,423.0,156.0,248.0,55.0
139.0,164.0,260.0,29.0,292.0,222.0,226.0,148.0,223.0,144.0,320.0,156.0,369.0,96.0,316.0
152.0,188.0,316.0,33.0,157.0,155.0,61.0,201.0,184.0,188.0,240.0,221.0,122.0,131.0,122.0
257.0,323.0,214.0,71.0,151.0,460.0,50.0,32.0,363.0,108.0,128.0,100.0,270.0,150.0,110.0
270.0,130.0,487.0,109.0,569.0,255.0,276.0,353.0,503.0,296.0,402.0,374.0,529.0,269.0,808.0
271.0,331.0,693.0,185.0,360.0,253.0,237.0,565.0,829.0,580.0,658.0,894.0,905.0,442.0,455.0
104.0,76.0,207.0,18.0,89.0,155.0,30.0,80.0,122.0,106.0,122.0,91.0,51.0,57.0,74.0
168.0,225.0,111.0,41.0,243.0,312.0,99.0,98.0,224.0,182.0,245.0,231.0,200.0,72.0,153.0
80.0,41.0,532.0,106.0,503.0,102.0,274.0,440.0,500.0,346.0,419.0,70.0,515.0,311.0,469.0
256.0,332.0,395.0,86.0,311.0,429.0,184.0,297.0,430.0,265.0,321.0,325.0,291.0,218.0,333.0
105.0,257.0,207.0,15.0,161.0,348.0,53.0,78.0,105.0,106.0,122.0,91.0,42.0,16.0,111.0
214.0,301.0,330.0,45.0,429.0,270.0,247.0,205.0,232.0,192.0,244.0,231.0,176.0,146.0,566.0
114.0,95.0,281.0,33.0,212.0,281.0,59.0,192.0,184.0,154.0,262.0,162.0,113.0,129.0,175.0
236.0,322.0,396.0,66.0,310.0,397.0,180.0,297.0,330.0,296.0,176.0,355.0,284.0,218.0,333.0
160.0,210.0,292.0,36.0,227.0,293.0,85.0,176.0,204.0,156.0,208.0,178.0,155.0,125.0,157.0
100.0,62.0,224.0,17.0,88.0,155.0,30.0,98.0,120.0,108.0,149.0,138.0,46.0,107.0,74.0
87.0,48.0,208.0,11.0,47.0,143.0,13.0,73.0,120.0,83.0,122.0,68.0,33.0,57.0,25.0
95.0,55.0,278.0,30.0,176.0,143.0,61.0,163.0,181.0,151.0,201.0,162.0,122.0,111.0,154.0
241.0,322.0,204.0,71.0,188.0,397.0,143.0,62.0,111.0,243.0,108.0,304.0,273.0,30.0,118.0
206.0,131.0,336.0,56.0,123.0,238.0,165.0,90.0,292.0,199.0,245.0,244.0,273.0,312.0,95.0
317.0,515.0,481.0,109.0,601.0,280.0,274.0,363.0,145.0,296.0,382.0,374.0,515.0,321.0,818.0
187.0,284.0,395.0,51.0,131.0,373.0,43.0,297.0,271.0,252.0,222.0,197.0,200.0,145.0,101.0
273.0,306.0,511.0,133.0,429.0,430.0,247.0,391.0,454.0,316.0,411.0,449.0,583.0,305.0,566.0
114.0,55.0,247.0,22.0,55.0,393.0,6.0,132.0,141.0,129.0,214.0,118.0,26.0,82.0,44.0
235.0,317.0,360.0,70.0,310.0,393.0,180.0,459.0,333.0,228.0,287.0,287.0,288.0,122.0,329.0
100.0,332.0,385.0,53.0,216.0,241.0,80.0,293.0,288.0,247.0,320.0,303.0,168.0,218.0,178.0
77.0,41.0,246.0,8.0,47.0,306.0,9.0,156.0,76.0,144.0,170.0,167.0,27.0,107.0,32.0
147.0,180.0,279.0,5.0,106.0,260.0,1.0,163.0,24.0,58.0,203.0,25.0,4.0,129.0,87.0
268.0,376.0,386.0,85.0,248.0,203.0,226.0,296.0,425.0,256.0,320.0,317.0,344.0,218.0,213.0
316.0,515.0,487.0,109.0,98.0,425.0,106.0,353.0,500.0,296.0,411.0,457.0,219.0,269.0,77.0
138.0,129.0,372.0,80.0,360.0,222.0,226.0,205.0,616.0,252.0,297.0,305.0,337.0,156.0,247.0
120.0,104.0,246.0,23.0,28.0,212.0,2.0,132.0,162.0,132.0,165.0,127.0,10.0,87.0,220.0
154.0,188.0,266.0,34.0,243.0,276.0,143.0,154.0,193.0,182.0,200.0,165.0,269.0,102.0,111.0
92.0,53.0,190.0,15.0,85.0,143.0,23.0,51.0,107.0,106.0,50.0,91.0,42.0,72.0,66.0
182.0,235.0,312.0,49.0,230.0,310.0,98.0,197.0,480.0,188.0,238.0,220.0,204.0,218.0,201.0
123.0,47.0,247.0,24.0,131.0,208.0,45.0,90.0,163.0,130.0,173.0,126.0,85.0,628.0,101.0
122.0,90.0,346.0,24.0,132.0,208.0,45.0,223.0,164.0,136.0,262.0,101.0,84.0,179.0,107.0
316.0,515.0,532.0,112.0,262.0,521.0,382.0,322.0,134.0,347.0,152.0,822.0,590.0,583.0,242.0
165.0,225.0,395.0,87.0,294.0,312.0,254.0,280.0,430.0,252.0,321.0,307.0,444.0,196.0,333.0
178.0,231.0,300.0,45.0,242.0,155.0,99.0,192.0,545.0,176.0,236.0,197.0,200.0,145.0,212.0
237.0,322.0,350.0,65.0,145.0,418.0,50.0,140.0,314.0,207.0,274.0,263.0,284.0,91.0,187.0
94.0,53.0,346.0,51.0,229.0,143.0,94.0,222.0,270.0,191.0,210.0,228.0,191.0,208.0,202.0
115.0,90.0,256.0,15.0,89.0,203.0,19.0,176.0,103.0,138.0,187.0,139.0,40.0,111.0,71.0
0.0,0.0,293.0,0.0,15.0,0.0,1.0,181.0,0.0,0.0,211.0,21.0,0.0,130.0,4.0
122.0,78.0,207.0,24.0,132.0,144.0,45.0,73.0,98.0,107.0,165.0,117.0,84.0,57.0,95.0
114.0,95.0,657.0,22.0,117.0,206.0,35.0,228.0,145.0,207.0,408.0,264.0,70.0,308.0,89.0
168.0,225.0,271.0,38.0,292.0,315.0,166.0,156.0,223.0,151.0,302.0,162.0,177.0,101.0,331.0
182.0,137.0,294.0,45.0,100.0,238.0,32.0,181.0,400.0,188.0,218.0,125.0,76.0,145.0,83.0
338.0,28.0,507.0,133.0,723.0,42.0,391.0,391.0,571.0,311.0,410.0,446.0,624.0,296.0,32.0
235.0,227.0,353.0,65.0,311.0,173.0,180.0,327.0,314.0,223.0,286.0,282.0,284.0,248.0,333.0
75.0,37.0,257.0,7.0,45.0,112.0,7.0,146.0,182.0,120.0,189.0,115.0,27.0,96.0,31.0
235.0,185.0,481.0,53.0,260.0,261.0,121.0,342.0,187.0,304.0,387.0,428.0,252.0,258.0,316.0
288.0,461.0,514.0,96.0,446.0,490.0,258.0,481.0,466.0,319.0,414.0,456.0,450.0,179.0,566.0
76.0,21.0,157.0,7.0,65.0,155.0,6.0,32.0,50.0,71.0,57.0,84.0,26.0,17.0,44.0
103.0,135.0,530.0,18.0,104.0,241.0,33.0,403.0,95.0,113.0,419.0,76.0,52.0,308.0,84.0
0.0,0.0,0.0,0.0,0.0,0.0,0.0,0.0,95.0,0.0,0.0,100.0,0.0,0.0,0.0
24.0,27.0,363.0,70.0,261.0,42.0,598.0,277.0,297.0,230.0,299.0,288.0,284.0,196.0,242.0
316.0,515.0,240.0,106.0,229.0,425.0,92.0,110.0,501.0,128.0,160.0,117.0,190.0,72.0,198.0
122.0,106.0,457.0,24.0,145.0,214.0,45.0,459.0,163.0,275.0,366.0,181.0,84.0,312.0,116.0
157.0,194.0,296.0,36.0,200.0,310.0,83.0,186.0,204.0,167.0,220.0,193.0,174.0,132.0,174.0
330.0,612.0,500.0,117.0,83.0,534.0,382.0,363.0,545.0,304.0,408.0,374.0,590.0,193.0,55.0
103.0,62.0,187.0,18.0,208.0,155.0,98.0,47.0,122.0,81.0,130.0,70.0,200.0,27.0,172.0
156.0,205.0,346.0,57.0,311.0,289.0,80.0,292.0,297.0,201.0,262.0,248.0,264.0,202.0,333.0
100.0,135.0,386.0,15.0,75.0,241.0,22.0,299.0,103.0,213.0,320.0,263.0,40.0,218.0,55.0
178.0,618.0,542.0,45.0,230.0,550.0,95.0,363.0,210.0,188.0,470.0,207.0,195.0,269.0,201.0
111.0,235.0,206.0,21.0,117.0,362.0,35.0,103.0,139.0,120.0,126.0,117.0,59.0,72.0,91.0
182.0,235.0,317.0,49.0,313.0,341.0,98.0,140.0,233.0,188.0,298.0,220.0,196.0,256.0,97.0
77.0,41.0,222.0,8.0,735.0,56.0,530.0,264.0,54.0,81.0,299.0,68.0,27.0,311.0,111.0
270.0,391.0,372.0,80.0,310.0,460.0,171.0,251.0,425.0,252.0,297.0,307.0,344.0,292.0,333.0
103.0,78.0,239.0,20.0,344.0,175.0,222.0,111.0,127.0,120.0,154.0,138.0,54.0,76.0,422.0
123.0,43.0,300.0,25.0,123.0,127.0,40.0,195.0,170.0,176.0,230.0,197.0,92.0,134.0,94.0
266.0,304.0,392.0,80.0,344.0,388.0,222.0,297.0,454.0,252.0,320.0,307.0,336.0,213.0,422.0
999.0,999.0,999.0,999.0,999.0,999.0,999.0,999.0,999.0,999.0,211.0,999.0,999.0,999.0,999.0
314.0,523.0,266.0,5.0,17.0,521.0,2.0,154.0,12.0,58.0,200.0,23.0,4.0,102.0,25.0
257.0,292.0,379.0,71.0,310.0,374.0,171.0,292.0,281.0,243.0,333.0,301.0,284.0,208.0,390.0
314.0,434.0,488.0,109.0,524.0,388.0,274.0,353.0,288.0,300.0,400.0,178.0,524.0,305.0,101.0
206.0,281.0,337.0,56.0,278.0,397.0,147.0,273.0,292.0,199.0,249.0,221.0,269.0,312.0,93.0
330.0,590.0,500.0,117.0,569.0,486.0,382.0,363.0,829.0,304.0,408.0,449.0,583.0,271.0,175.0
167.0,229.0,361.0,38.0,257.0,315.0,83.0,280.0,210.0,176.0,295.0,197.0,176.0,292.0,231.0
152.0,103.0,247.0,29.0,341.0,211.0,54.0,130.0,177.0,147.0,173.0,197.0,116.0,79.0,242.0
115.0,95.0,238.0,20.0,112.0,212.0,35.0,148.0,139.0,120.0,152.0,254.0,55.0,96.0,87.0
182.0,205.0,312.0,49.0,255.0,281.0,99.0,198.0,99.0,188.0,239.0,220.0,202.0,66.0,215.0
311.0,104.0,487.0,38.0,229.0,212.0,86.0,969.0,223.0,296.0,394.0,374.0,177.0,628.0,182.0
104.0,78.0,240.0,20.0,122.0,175.0,40.0,111.0,170.0,120.0,157.0,114.0,27.0,76.0,93.0
196.0,259.0,346.0,58.0,228.0,348.0,85.0,195.0,297.0,201.0,245.0,249.0,270.0,184.0,188.0
158.0,205.0,293.0,35.0,230.0,293.0,79.0,176.0,199.0,160.0,211.0,185.0,156.0,66.0,201.0
268.0,372.0,258.0,86.0,341.0,445.0,220.0,322.0,430.0,144.0,203.0,151.0,406.0,245.0,155.0
154.0,188.0,293.0,33.0,434.0,306.0,243.0,176.0,195.0,160.0,211.0,374.0,408.0,90.0,566.0
130.0,137.0,283.0,29.0,200.0,390.0,53.0,175.0,171.0,154.0,207.0,165.0,101.0,247.0,174.0
257.0,474.0,386.0,80.0,311.0,491.0,184.0,293.0,425.0,252.0,320.0,312.0,288.0,179.0,334.0
111.0,89.0,224.0,21.0,131.0,191.0,35.0,98.0,134.0,120.0,152.0,114.0,59.0,71.0,101.0
122.0,145.0,260.0,24.0,145.0,241.0,46.0,148.0,163.0,144.0,189.0,178.0,85.0,408.0,116.0
152.0,179.0,283.0,33.0,174.0,260.0,65.0,168.0,184.0,156.0,208.0,160.0,128.0,111.0,172.0
377.0,515.0,639.0,148.0,200.0,429.0,75.0,440.0,601.0,347.0,527.0,470.0,678.0,312.0,172.0
171.0,232.0,299.0,38.0,258.0,418.0,28.0,186.0,223.0,174.0,220.0,70.0,177.0,132.0,240.0
83.0,48.0,661.0,11.0,175.0,156.0,61.0,509.0,86.0,381.0,387.0,149.0,33.0,408.0,144.0
202.0,261.0,258.0,53.0,258.0,429.0,119.0,111.0,288.0,144.0,208.0,140.0,238.0,77.0,187.0
114.0,90.0,475.0,21.0,54.0,210.0,16.0,406.0,141.0,300.0,382.0,178.0,70.0,321.0,32.0
182.0,130.0,322.0,50.0,242.0,238.0,106.0,204.0,252.0,188.0,226.0,221.0,211.0,149.0,216.0
24.0,78.0,207.0,15.0,83.0,315.0,24.0,62.0,103.0,105.0,87.0,84.0,40.0,35.0,63.0
163.0,215.0,296.0,36.0,224.0,297.0,82.0,459.0,210.0,167.0,468.0,280.0,171.0,314.0,181.0
97.0,56.0,187.0,16.0,102.0,155.0,35.0,175.0,117.0,129.0,129.0,126.0,46.0,65.0,84.0
156.0,154.0,300.0,34.0,218.0,260.0,82.0,187.0,193.0,176.0,225.0,163.0,171.0,133.0,180.0
86.0,43.0,255.0,18.0,98.0,127.0,32.0,141.0,122.0,112.0,182.0,101.0,47.0,92.0,77.0
259.0,434.0,363.0,70.0,277.0,486.0,143.0,481.0,333.0,238.0,208.0,322.0,259.0,328.0,250.0
133.0,233.0,263.0,29.0,224.0,320.0,50.0,155.0,173.0,147.0,241.0,220.0,102.0,308.0,181.0
211.0,261.0,240.0,57.0,230.0,277.0,94.0,103.0,302.0,201.0,164.0,249.0,264.0,133.0,201.0
113.0,90.0,240.0,21.0,83.0,221.0,24.0,109.0,139.0,129.0,157.0,118.0,70.0,296.0,72.0
114.0,95.0,693.0,27.0,165.0,205.0,53.0,756.0,171.0,580.0,204.0,98.0,101.0,493.0,127.0
114.0,92.0,142.0,22.0,126.0,203.0,38.0,31.0,141.0,101.0,50.0,214.0,70.0,16.0,95.0
114.0,90.0,701.0,23.0,128.0,212.0,42.0,999.0,122.0,595.0,640.0,911.0,76.0,999.0,101.0
210.0,284.0,346.0,57.0,278.0,373.0,147.0,481.0,297.0,201.0,262.0,248.0,269.0,496.0,262.0
156.0,108.0,281.0,34.0,229.0,215.0,75.0,165.0,191.0,154.0,203.0,167.0,149.0,96.0,192.0
210.0,284.0,320.0,41.0,100.0,373.0,32.0,204.0,222.0,188.0,200.0,207.0,49.0,148.0,107.0
183.0,133.0,303.0,50.0,434.0,241.0,253.0,214.0,253.0,193.0,232.0,236.0,429.0,162.0,566.0
266.0,403.0,279.0,36.0,157.0,462.0,52.0,163.0,210.0,154.0,203.0,167.0,161.0,184.0,122.0
236.0,320.0,481.0,78.0,365.0,382.0,226.0,342.0,276.0,223.0,382.0,280.0,330.0,258.0,566.0
113.0,90.0,240.0,21.0,150.0,203.0,32.0,109.0,139.0,129.0,157.0,118.0,49.0,72.0,119.0
76.0,41.0,204.0,14.0,47.0,102.0,9.0,90.0,105.0,99.0,129.0,76.0,33.0,65.0,30.0
83.0,45.0,661.0,14.0,83.0,127.0,24.0,509.0,139.0,99.0,640.0,76.0,42.0,390.0,93.0
375.0,694.0,999.0,999.0,999.0,663.0,999.0,999.0,999.0,999.0,681.0,449.0,999.0,628.0,999.0
256.0,332.0,361.0,78.0,313.0,429.0,198.0,297.0,272.0,228.0,302.0,287.0,309.0,247.0,406.0
374.0,693.0,511.0,137.0,262.0,102.0,121.0,327.0,660.0,319.0,249.0,456.0,252.0,296.0,246.0
233.0,323.0,350.0,65.0,341.0,404.0,170.0,240.0,314.0,214.0,275.0,304.0,284.0,184.0,322.0
163.0,215.0,255.0,36.0,176.0,296.0,80.0,144.0,210.0,139.0,177.0,105.0,168.0,96.0,148.0
178.0,232.0,300.0,38.0,188.0,319.0,85.0,202.0,223.0,176.0,128.0,197.0,175.0,248.0,153.0
104.0,72.0,201.0,15.0,145.0,160.0,19.0,83.0,103.0,113.0,88.0,69.0,40.0,170.0,117.0
288.0,461.0,457.0,95.0,175.0,489.0,254.0,323.0,184.0,275.0,366.0,298.0,444.0,247.0,142.0
165.0,219.0,475.0,38.0,229.0,297.0,85.0,331.0,182.0,174.0,373.0,208.0,174.0,193.0,190.0
202.0,261.0,326.0,51.0,174.0,362.0,121.0,137.0,127.0,193.0,248.0,236.0,239.0,12.0,139.0
154.0,185.0,657.0,243.0,365.0,277.0,598.0,508.0,999.0,425.0,468.0,95.0,923.0,339.0,175.0
256.0,332.0,374.0,71.0,310.0,429.0,174.0,273.0,288.0,243.0,307.0,190.0,284.0,196.0,329.0
158.0,207.0,310.0,36.0,229.0,213.0,92.0,198.0,111.0,182.0,234.0,207.0,181.0,145.0,190.0
157.0,205.0,294.0,35.0,191.0,289.0,76.0,180.0,198.0,165.0,222.0,185.0,155.0,129.0,160.0
103.0,78.0,346.0,41.0,157.0,182.0,52.0,223.0,224.0,201.0,248.0,248.0,97.0,170.0,157.0
163.0,212.0,296.0,36.0,227.0,289.0,79.0,192.0,215.0,167.0,220.0,187.0,168.0,318.0,179.0
111.0,89.0,240.0,21.0,28.0,191.0,4.0,115.0,139.0,129.0,157.0,118.0,42.0,76.0,94.0
156.0,207.0,294.0,35.0,230.0,293.0,75.0,181.0,182.0,167.0,218.0,186.0,150.0,131.0,201.0
73.0,27.0,142.0,6.0,32.0,56.0,5.0,31.0,38.0,75.0,333.0,21.0,19.0,24.0,12.0
111.0,137.0,238.0,21.0,117.0,407.0,35.0,104.0,139.0,120.0,152.0,117.0,59.0,72.0,89.0
86.0,53.0,111.0,23.0,132.0,143.0,45.0,26.0,158.0,132.0,13.0,127.0,84.0,16.0,107.0
167.0,221.0,311.0,41.0,55.0,393.0,19.0,32.0,223.0,184.0,234.0,207.0,264.0,21.0,44.0
123.0,104.0,542.0,27.0,157.0,212.0,53.0,420.0,171.0,139.0,465.0,137.0,101.0,628.0,122.0
270.0,89.0,353.0,89.0,238.0,200.0,99.0,251.0,452.0,271.0,286.0,322.0,419.0,184.0,125.0
202.0,261.0,336.0,51.0,165.0,328.0,54.0,264.0,293.0,196.0,245.0,316.0,264.0,192.0,134.0
256.0,332.0,385.0,77.0,229.0,429.0,226.0,293.0,570.0,247.0,287.0,338.0,337.0,208.0,84.0
140.0,203.0,395.0,30.0,176.0,280.0,61.0,292.0,187.0,252.0,351.0,312.0,116.0,208.0,153.0
176.0,229.0,530.0,43.0,212.0,315.0,94.0,572.0,224.0,188.0,411.0,221.0,191.0,455.0,183.0
316.0,515.0,582.0,71.0,261.0,489.0,129.0,476.0,145.0,411.0,509.0,803.0,291.0,321.0,157.0
115.0,95.0,240.0,23.0,202.0,220.0,78.0,103.0,145.0,129.0,250.0,124.0,284.0,72.0,172.0
178.0,231.0,347.0,45.0,227.0,315.0,85.0,290.0,343.0,185.0,264.0,207.0,195.0,311.0,183.0
273.0,403.0,447.0,95.0,75.0,460.0,19.0,322.0,457.0,273.0,419.0,323.0,40.0,192.0,122.0
96.0,55.0,256.0,16.0,216.0,154.0,80.0,144.0,369.0,108.0,187.0,98.0,44.0,96.0,178.0
119.0,104.0,242.0,23.0,313.0,212.0,32.0,104.0,144.0,132.0,165.0,127.0,51.0,68.0,341.0
113.0,90.0,491.0,21.0,132.0,159.0,45.0,32.0,139.0,304.0,408.0,428.0,77.0,17.0,102.0
181.0,234.0,303.0,46.0,238.0,328.0,99.0,194.0,164.0,176.0,232.0,203.0,200.0,173.0,331.0
182.0,212.0,476.0,50.0,176.0,294.0,61.0,341.0,272.0,200.0,408.0,246.0,209.0,256.0,148.0
83.0,43.0,180.0,13.0,255.0,144.0,19.0,39.0,54.0,76.0,64.0,61.0,36.0,26.0,422.0
244.0,284.0,356.0,70.0,277.0,373.0,129.0,232.0,341.0,230.0,290.0,288.0,291.0,180.0,250.0
133.0,141.0,323.0,29.0,75.0,249.0,22.0,204.0,180.0,188.0,250.0,218.0,109.0,149.0,55.0
111.0,92.0,549.0,21.0,86.0,203.0,29.0,420.0,134.0,128.0,468.0,117.0,46.0,309.0,69.0
158.0,212.0,564.0,38.0,229.0,294.0,92.0,296.0,223.0,147.0,211.0,186.0,181.0,213.0,212.0
428.0,332.0,356.0,217.0,234.0,429.0,99.0,259.0,829.0,416.0,287.0,186.0,181.0,185.0,77.0
157.0,118.0,294.0,35.0,203.0,221.0,76.0,176.0,195.0,156.0,210.0,178.0,155.0,125.0,173.0
268.0,325.0,428.0,85.0,277.0,382.0,139.0,312.0,425.0,271.0,203.0,322.0,264.0,240.0,248.0
163.0,225.0,300.0,36.0,723.0,312.0,391.0,189.0,210.0,176.0,207.0,197.0,639.0,137.0,43.0
257.0,325.0,348.0,58.0,279.0,422.0,139.0,313.0,296.0,201.0,272.0,248.0,264.0,240.0,274.0
122.0,87.0,346.0,60.0,280.0,127.0,150.0,297.0,302.0,203.0,225.0,301.0,270.0,328.0,157.0
124.0,188.0,440.0,87.0,229.0,293.0,92.0,322.0,430.0,269.0,241.0,323.0,406.0,246.0,190.0
154.0,188.0,395.0,80.0,344.0,280.0,222.0,297.0,425.0,252.0,321.0,287.0,336.0,217.0,422.0
102.0,71.0,179.0,18.0,89.0,160.0,58.0,39.0,122.0,85.0,50.0,76.0,40.0,218.0,74.0
410.0,756.0,457.0,159.0,123.0,741.0,139.0,415.0,601.0,300.0,366.0,355.0,726.0,314.0,114.0
80.0,41.0,187.0,9.0,128.0,102.0,42.0,47.0,69.0,82.0,88.0,76.0,33.0,26.0,234.0
24.0,0.0,346.0,3.0,17.0,0.0,2.0,223.0,178.0,201.0,250.0,263.0,5.0,173.0,93.0
52.0,27.0,263.0,29.0,73.0,42.0,138.0,149.0,178.0,147.0,201.0,95.0,108.0,96.0,55.0
160.0,219.0,361.0,36.0,104.0,297.0,34.0,266.0,204.0,174.0,297.0,196.0,54.0,186.0,54.0
316.0,515.0,475.0,106.0,313.0,484.0,213.0,331.0,500.0,264.0,373.0,317.0,369.0,255.0,351.0
123.0,188.0,255.0,27.0,117.0,390.0,35.0,141.0,171.0,144.0,182.0,244.0,95.0,92.0,153.0
270.0,434.0,411.0,86.0,446.0,484.0,254.0,312.0,430.0,265.0,298.0,203.0,444.0,333.0,582.0
123.0,322.0,252.0,24.0,15.0,418.0,46.0,140.0,164.0,137.0,176.0,137.0,89.0,90.0,12.0
73.0,27.0,240.0,6.0,75.0,56.0,22.0,109.0,168.0,120.0,152.0,113.0,25.0,72.0,44.0
235.0,317.0,661.0,65.0,50.0,393.0,166.0,509.0,314.0,223.0,500.0,280.0,284.0,409.0,31.0
163.0,219.0,550.0,36.0,138.0,297.0,46.0,431.0,271.0,167.0,470.0,186.0,168.0,309.0,183.0
288.0,461.0,411.0,95.0,131.0,486.0,253.0,312.0,466.0,271.0,325.0,323.0,444.0,491.0,101.0
235.0,323.0,475.0,66.0,310.0,468.0,180.0,331.0,332.0,230.0,320.0,288.0,284.0,72.0,333.0
168.0,225.0,336.0,38.0,262.0,310.0,106.0,206.0,222.0,196.0,245.0,236.0,211.0,159.0,246.0
111.0,78.0,278.0,30.0,191.0,124.0,61.0,158.0,232.0,151.0,201.0,162.0,116.0,107.0,157.0
115.0,95.0,224.0,23.0,134.0,210.0,32.0,98.0,164.0,120.0,149.0,134.0,76.0,68.0,122.0
111.0,89.0,247.0,21.0,112.0,193.0,35.0,132.0,134.0,136.0,222.0,126.0,55.0,87.0,99.0
163.0,215.0,296.0,36.0,206.0,289.0,79.0,181.0,210.0,167.0,220.0,178.0,168.0,79.0,175.0
241.0,323.0,488.0,70.0,261.0,404.0,127.0,353.0,296.0,300.0,400.0,387.0,288.0,179.0,144.0
266.0,372.0,447.0,91.0,434.0,445.0,253.0,322.0,457.0,273.0,338.0,323.0,419.0,246.0,566.0
211.0,284.0,346.0,57.0,310.0,374.0,171.0,285.0,293.0,201.0,245.0,248.0,284.0,202.0,331.0
83.0,27.0,204.0,14.0,161.0,56.0,53.0,62.0,103.0,99.0,154.0,76.0,101.0,34.0,125.0
374.0,693.0,507.0,133.0,157.0,706.0,247.0,384.0,570.0,311.0,410.0,449.0,639.0,296.0,114.0
376.0,717.0,550.0,201.0,277.0,706.0,139.0,431.0,107.0,368.0,470.0,580.0,923.0,312.0,248.0
176.0,229.0,312.0,24.0,32.0,315.0,5.0,198.0,164.0,128.0,238.0,117.0,83.0,148.0,12.0
271.0,409.0,476.0,78.0,217.0,388.0,217.0,341.0,293.0,293.0,386.0,355.0,331.0,256.0,181.0
182.0,403.0,323.0,50.0,253.0,205.0,106.0,204.0,253.0,190.0,241.0,172.0,211.0,150.0,116.0
77.0,40.0,240.0,8.0,150.0,87.0,165.0,109.0,293.0,129.0,157.0,118.0,27.0,76.0,119.0
154.0,188.0,220.0,34.0,177.0,276.0,67.0,90.0,193.0,129.0,261.0,186.0,145.0,65.0,154.0
181.0,235.0,311.0,43.0,217.0,333.0,99.0,202.0,215.0,184.0,272.0,207.0,191.0,146.0,97.0
257.0,338.0,514.0,71.0,216.0,437.0,217.0,420.0,363.0,319.0,275.0,457.0,331.0,309.0,182.0
154.0,188.0,242.0,30.0,184.0,272.0,61.0,111.0,181.0,132.0,165.0,127.0,122.0,76.0,155.0
123.0,115.0,279.0,24.0,89.0,220.0,48.0,158.0,165.0,153.0,203.0,163.0,89.0,107.0,74.0
429.0,229.0,661.0,183.0,310.0,315.0,174.0,481.0,184.0,524.0,241.0,894.0,270.0,339.0,329.0
152.0,179.0,298.0,36.0,331.0,260.0,243.0,186.0,172.0,171.0,214.0,158.0,168.0,57.0,107.0
210.0,284.0,346.0,57.0,280.0,373.0,101.0,205.0,297.0,201.0,262.0,248.0,264.0,152.0,234.0
103.0,78.0,222.0,18.0,80.0,175.0,33.0,97.0,122.0,113.0,130.0,124.0,52.0,65.0,55.0
165.0,310.0,361.0,45.0,723.0,390.0,396.0,266.0,271.0,252.0,307.0,287.0,639.0,185.0,220.0
229.0,409.0,417.0,63.0,134.0,312.0,45.0,313.0,343.0,304.0,351.0,423.0,83.0,241.0,107.0
146.0,169.0,254.0,25.0,252.0,220.0,19.0,94.0,168.0,138.0,182.0,138.0,92.0,68.0,220.0
91.0,48.0,476.0,15.0,85.0,143.0,23.0,341.0,103.0,289.0,389.0,348.0,42.0,255.0,66.0
273.0,185.0,316.0,112.0,255.0,268.0,107.0,201.0,188.0,188.0,240.0,220.0,693.0,148.0,231.0
237.0,323.0,440.0,67.0,311.0,203.0,184.0,316.0,270.0,227.0,248.0,193.0,288.0,241.0,334.0
123.0,403.0,281.0,33.0,188.0,462.0,65.0,165.0,187.0,154.0,203.0,160.0,128.0,111.0,156.0
375.0,41.0,511.0,143.0,157.0,102.0,45.0,391.0,571.0,316.0,382.0,449.0,195.0,256.0,117.0
119.0,104.0,246.0,23.0,131.0,212.0,45.0,130.0,177.0,132.0,157.0,207.0,83.0,76.0,212.0
126.0,130.0,201.0,20.0,112.0,230.0,35.0,61.0,129.0,207.0,302.0,263.0,55.0,34.0,87.0
156.0,203.0,661.0,29.0,123.0,280.0,40.0,493.0,173.0,416.0,408.0,856.0,101.0,333.0,94.0
169.0,227.0,207.0,41.0,131.0,312.0,45.0,65.0,223.0,92.0,117.0,76.0,113.0,245.0,99.0
235.0,104.0,356.0,63.0,242.0,212.0,99.0,259.0,311.0,223.0,286.0,282.0,202.0,173.0,213.0
165.0,233.0,311.0,36.0,410.0,255.0,230.0,176.0,194.0,184.0,236.0,207.0,288.0,125.0,469.0
202.0,215.0,481.0,51.0,310.0,297.0,121.0,342.0,293.0,296.0,387.0,353.0,239.0,258.0,0.0
314.0,474.0,476.0,97.0,448.0,491.0,262.0,331.0,454.0,289.0,387.0,304.0,515.0,248.0,214.0
86.0,47.0,208.0,15.0,73.0,261.0,19.0,83.0,103.0,103.0,122.0,98.0,40.0,62.0,218.0
167.0,221.0,299.0,38.0,233.0,214.0,96.0,187.0,213.0,174.0,222.0,197.0,176.0,133.0,202.0
256.0,332.0,385.0,77.0,735.0,429.0,171.0,296.0,314.0,247.0,309.0,303.0,288.0,213.0,333.0
81.0,42.0,240.0,11.0,601.0,127.0,367.0,110.0,95.0,71.0,117.0,58.0,678.0,77.0,818.0
80.0,41.0,355.0,9.0,73.0,102.0,18.0,251.0,76.0,223.0,245.0,280.0,33.0,184.0,74.0
119.0,104.0,747.0,23.0,132.0,212.0,43.0,718.0,145.0,660.0,91.0,221.0,76.0,496.0,107.0
156.0,194.0,311.0,35.0,208.0,294.0,78.0,200.0,222.0,156.0,238.0,185.0,149.0,146.0,175.0
178.0,118.0,330.0,45.0,229.0,221.0,92.0,16.0,198.0,192.0,240.0,214.0,200.0,555.0,188.0
83.0,41.0,224.0,15.0,278.0,86.0,170.0,98.0,103.0,120.0,157.0,115.0,200.0,169.0,213.0
113.0,90.0,224.0,29.0,161.0,462.0,53.0,97.0,197.0,120.0,148.0,126.0,101.0,72.0,125.0
81.0,89.0,204.0,13.0,80.0,296.0,18.0,200.0,99.0,99.0,108.0,76.0,36.0,145.0,55.0
139.0,141.0,278.0,30.0,174.0,249.0,58.0,160.0,172.0,151.0,201.0,162.0,101.0,305.0,139.0
123.0,109.0,252.0,24.0,131.0,215.0,43.0,140.0,171.0,137.0,158.0,125.0,89.0,107.0,91.0
163.0,179.0,294.0,36.0,229.0,260.0,94.0,201.0,425.0,167.0,87.0,190.0,191.0,148.0,192.0
126.0,131.0,223.0,21.0,117.0,238.0,35.0,94.0,139.0,139.0,130.0,124.0,59.0,16.0,94.0
288.0,306.0,440.0,91.0,446.0,388.0,258.0,316.0,363.0,273.0,307.0,323.0,494.0,241.0,566.0
375.0,709.0,528.0,137.0,260.0,687.0,391.0,327.0,551.0,319.0,299.0,456.0,656.0,248.0,240.0
91.0,48.0,326.0,51.0,15.0,144.0,1.0,312.0,270.0,191.0,243.0,228.0,214.0,219.0,55.0
211.0,391.0,372.0,51.0,261.0,460.0,107.0,285.0,270.0,191.0,309.0,228.0,212.0,131.0,242.0
256.0,203.0,449.0,70.0,311.0,280.0,184.0,176.0,332.0,228.0,302.0,287.0,288.0,123.0,351.0
134.0,194.0,293.0,36.0,277.0,270.0,106.0,176.0,188.0,156.0,211.0,174.0,214.0,125.0,247.0
202.0,238.0,346.0,57.0,168.0,349.0,54.0,205.0,570.0,201.0,63.0,248.0,145.0,162.0,131.0
178.0,391.0,532.0,32.0,279.0,460.0,75.0,406.0,184.0,347.0,206.0,346.0,123.0,292.0,154.0
137.0,43.0,278.0,30.0,176.0,439.0,61.0,15.0,184.0,151.0,201.0,162.0,122.0,16.0,157.0
158.0,207.0,142.0,36.0,476.0,333.0,276.0,31.0,129.0,184.0,0.0,207.0,583.0,20.0,678.0
154.0,182.0,207.0,23.0,191.0,261.0,62.0,73.0,145.0,105.0,117.0,81.0,76.0,57.0,156.0
154.0,188.0,693.0,34.0,15.0,272.0,1.0,565.0,193.0,595.0,658.0,822.0,76.0,412.0,140.0
156.0,41.0,239.0,41.0,229.0,296.0,92.0,103.0,210.0,82.0,128.0,69.0,190.0,72.0,95.0
154.0,188.0,283.0,34.0,200.0,270.0,70.0,168.0,193.0,156.0,207.0,175.0,145.0,122.0,144.0
146.0,174.0,350.0,40.0,228.0,256.0,86.0,292.0,223.0,176.0,274.0,204.0,177.0,208.0,188.0
152.0,180.0,281.0,33.0,191.0,260.0,69.0,165.0,184.0,154.0,207.0,163.0,127.0,116.0,160.0
202.0,141.0,339.0,56.0,261.0,249.0,127.0,216.0,293.0,200.0,243.0,241.0,260.0,174.0,242.0
158.0,207.0,279.0,36.0,138.0,294.0,45.0,163.0,223.0,154.0,203.0,162.0,168.0,111.0,455.0
178.0,227.0,346.0,70.0,242.0,308.0,184.0,223.0,333.0,228.0,262.0,322.0,288.0,173.0,215.0
154.0,185.0,283.0,33.0,188.0,261.0,67.0,168.0,188.0,156.0,208.0,149.0,139.0,107.0,157.0
206.0,310.0,208.0,15.0,89.0,390.0,30.0,82.0,134.0,105.0,100.0,84.0,42.0,58.0,74.0
96.0,55.0,111.0,16.0,212.0,154.0,32.0,26.0,120.0,112.0,5.0,100.0,83.0,16.0,175.0
111.0,62.0,311.0,20.0,112.0,156.0,35.0,197.0,132.0,160.0,241.0,185.0,55.0,134.0,87.0
178.0,231.0,372.0,45.0,100.0,308.0,32.0,285.0,232.0,188.0,302.0,228.0,174.0,202.0,42.0
126.0,130.0,126.0,26.0,141.0,221.0,48.0,29.0,171.0,57.0,13.0,23.0,92.0,16.0,114.0
237.0,323.0,355.0,67.0,157.0,319.0,237.0,251.0,297.0,227.0,286.0,282.0,303.0,305.0,119.0
138.0,55.0,661.0,29.0,175.0,143.0,59.0,509.0,177.0,147.0,310.0,151.0,109.0,390.0,142.0
182.0,241.0,322.0,50.0,253.0,348.0,108.0,204.0,252.0,188.0,241.0,221.0,209.0,149.0,220.0
126.0,131.0,125.0,26.0,157.0,238.0,50.0,15.0,170.0,57.0,5.0,25.0,92.0,16.0,122.0
156.0,188.0,283.0,33.0,262.0,261.0,65.0,176.0,210.0,154.0,204.0,165.0,140.0,123.0,179.0
156.0,193.0,279.0,34.0,188.0,277.0,67.0,176.0,194.0,154.0,203.0,158.0,136.0,129.0,156.0
206.0,278.0,337.0,56.0,310.0,365.0,172.0,212.0,297.0,199.0,243.0,323.0,284.0,159.0,322.0
163.0,212.0,395.0,36.0,184.0,294.0,67.0,297.0,210.0,252.0,322.0,307.0,139.0,201.0,155.0
160.0,194.0,111.0,14.0,126.0,277.0,40.0,16.0,122.0,25.0,5.0,0.0,73.0,16.0,107.0
167.0,221.0,332.0,38.0,260.0,310.0,105.0,205.0,223.0,193.0,249.0,236.0,200.0,145.0,157.0
375.0,709.0,536.0,148.0,360.0,222.0,339.0,459.0,503.0,347.0,458.0,463.0,726.0,305.0,153.0
123.0,106.0,252.0,24.0,155.0,214.0,46.0,140.0,164.0,137.0,176.0,133.0,89.0,122.0,119.0
92.0,200.0,214.0,15.0,32.0,280.0,23.0,83.0,98.0,108.0,128.0,76.0,42.0,64.0,12.0
156.0,203.0,320.0,36.0,191.0,348.0,78.0,222.0,194.0,166.0,241.0,186.0,158.0,201.0,158.0
152.0,180.0,281.0,33.0,168.0,260.0,62.0,165.0,187.0,154.0,199.0,160.0,127.0,107.0,84.0
126.0,131.0,511.0,27.0,227.0,241.0,85.0,391.0,227.0,319.0,245.0,165.0,176.0,300.0,201.0
111.0,89.0,187.0,21.0,28.0,203.0,2.0,59.0,134.0,82.0,87.0,68.0,0.0,30.0,11.0
233.0,320.0,355.0,65.0,311.0,393.0,188.0,251.0,314.0,223.0,299.0,317.0,284.0,184.0,334.0
154.0,188.0,187.0,34.0,202.0,294.0,70.0,32.0,182.0,82.0,87.0,68.0,149.0,72.0,175.0
126.0,219.0,260.0,26.0,137.0,297.0,50.0,148.0,170.0,147.0,189.0,156.0,92.0,96.0,111.0
95.0,55.0,215.0,16.0,112.0,144.0,35.0,83.0,223.0,112.0,128.0,100.0,43.0,64.0,87.0
271.0,406.0,428.0,87.0,175.0,241.0,61.0,216.0,184.0,269.0,302.0,304.0,122.0,477.0,140.0
257.0,338.0,475.0,71.0,234.0,429.0,98.0,331.0,276.0,214.0,382.0,257.0,200.0,312.0,201.0
270.0,376.0,414.0,86.0,288.0,484.0,165.0,312.0,430.0,265.0,326.0,317.0,380.0,235.0,54.0
147.0,284.0,279.0,32.0,128.0,373.0,180.0,144.0,184.0,154.0,203.0,162.0,330.0,95.0,99.0
206.0,235.0,385.0,67.0,329.0,288.0,213.0,296.0,363.0,247.0,310.0,303.0,288.0,213.0,297.0
73.0,28.0,157.0,6.0,32.0,56.0,5.0,15.0,38.0,67.0,119.0,355.0,19.0,16.0,12.0
71.0,27.0,201.0,11.0,123.0,203.0,18.0,61.0,111.0,84.0,94.0,76.0,36.0,34.0,95.0
271.0,409.0,747.0,89.0,329.0,448.0,217.0,509.0,466.0,660.0,177.0,221.0,369.0,408.0,262.0
256.0,332.0,532.0,80.0,344.0,429.0,222.0,406.0,347.0,347.0,176.0,460.0,336.0,305.0,422.0
268.0,373.0,693.0,80.0,303.0,445.0,226.0,565.0,425.0,580.0,470.0,580.0,337.0,477.0,329.0
97.0,55.0,208.0,16.0,88.0,143.0,30.0,83.0,117.0,107.0,122.0,98.0,46.0,62.0,71.0
115.0,174.0,279.0,33.0,174.0,261.0,75.0,175.0,191.0,154.0,203.0,178.0,136.0,123.0,144.0
176.0,232.0,298.0,38.0,228.0,319.0,83.0,225.0,213.0,174.0,176.0,303.0,174.0,12.0,213.0
154.0,185.0,292.0,33.0,188.0,268.0,67.0,176.0,184.0,156.0,275.0,186.0,136.0,125.0,89.0
270.0,376.0,346.0,77.0,415.0,348.0,226.0,202.0,302.0,247.0,222.0,303.0,337.0,148.0,77.0
264.0,348.0,392.0,80.0,344.0,439.0,222.0,313.0,419.0,252.0,320.0,305.0,336.0,219.0,422.0
121.0,41.0,283.0,33.0,128.0,102.0,45.0,132.0,187.0,156.0,208.0,196.0,90.0,65.0,127.0
94.0,53.0,447.0,91.0,415.0,143.0,243.0,306.0,454.0,273.0,351.0,323.0,408.0,218.0,202.0
182.0,241.0,312.0,36.0,242.0,349.0,98.0,200.0,205.0,185.0,240.0,207.0,238.0,145.0,215.0
104.0,238.0,337.0,19.0,89.0,349.0,28.0,212.0,120.0,198.0,249.0,241.0,45.0,71.0,32.0
375.0,693.0,532.0,140.0,229.0,521.0,95.0,490.0,571.0,347.0,387.0,457.0,656.0,333.0,201.0
270.0,391.0,411.0,86.0,85.0,460.0,29.0,240.0,428.0,264.0,297.0,316.0,46.0,184.0,64.0
112.0,89.0,240.0,21.0,117.0,222.0,35.0,111.0,139.0,129.0,157.0,118.0,55.0,82.0,89.0
123.0,133.0,283.0,25.0,151.0,241.0,50.0,168.0,168.0,156.0,208.0,174.0,92.0,16.0,119.0
154.0,187.0,661.0,182.0,186.0,270.0,79.0,509.0,163.0,411.0,658.0,803.0,751.0,319.0,155.0
217.0,238.0,340.0,60.0,278.0,310.0,150.0,176.0,213.0,200.0,236.0,325.0,270.0,134.0,262.0
178.0,232.0,320.0,41.0,189.0,319.0,67.0,313.0,223.0,188.0,241.0,138.0,139.0,173.0,158.0
182.0,241.0,322.0,50.0,224.0,348.0,65.0,202.0,252.0,188.0,238.0,221.0,128.0,57.0,181.0
163.0,212.0,251.0,23.0,89.0,294.0,35.0,205.0,182.0,137.0,191.0,133.0,77.0,82.0,74.0
241.0,323.0,386.0,70.0,310.0,404.0,188.0,296.0,311.0,246.0,320.0,302.0,288.0,205.0,329.0
154.0,187.0,372.0,34.0,279.0,270.0,391.0,292.0,193.0,243.0,176.0,298.0,145.0,208.0,274.0
102.0,72.0,208.0,17.0,45.0,164.0,6.0,98.0,119.0,106.0,128.0,126.0,27.0,72.0,31.0
206.0,310.0,316.0,55.0,191.0,389.0,70.0,201.0,302.0,188.0,238.0,185.0,256.0,146.0,157.0
87.0,40.0,204.0,15.0,75.0,86.0,19.0,59.0,103.0,103.0,108.0,100.0,40.0,35.0,55.0
0.0,0.0,111.0,0.0,83.0,0.0,23.0,26.0,0.0,25.0,5.0,0.0,0.0,16.0,54.0
202.0,229.0,125.0,7.0,45.0,333.0,7.0,27.0,46.0,57.0,275.0,76.0,40.0,24.0,42.0
183.0,229.0,299.0,50.0,257.0,315.0,108.0,187.0,253.0,188.0,222.0,220.0,211.0,133.0,153.0
311.0,154.0,447.0,95.0,43.0,253.0,2.0,322.0,457.0,273.0,366.0,323.0,5.0,246.0,25.0
196.0,257.0,332.0,51.0,89.0,348.0,32.0,205.0,276.0,193.0,244.0,236.0,284.0,152.0,74.0
178.0,235.0,271.0,38.0,228.0,341.0,85.0,155.0,222.0,151.0,200.0,162.0,176.0,57.0,180.0
217.0,300.0,347.0,60.0,311.0,319.0,184.0,228.0,302.0,203.0,261.0,304.0,270.0,148.0,316.0
206.0,276.0,339.0,56.0,261.0,216.0,127.0,296.0,292.0,199.0,245.0,220.0,259.0,256.0,242.0
158.0,205.0,179.0,15.0,73.0,272.0,19.0,103.0,103.0,103.0,64.0,81.0,40.0,72.0,44.0
94.0,55.0,224.0,20.0,43.0,144.0,94.0,97.0,253.0,120.0,149.0,115.0,191.0,72.0,74.0
163.0,133.0,224.0,41.0,344.0,256.0,217.0,176.0,223.0,120.0,214.0,114.0,291.0,129.0,422.0
80.0,103.0,184.0,11.0,104.0,211.0,33.0,45.0,86.0,83.0,345.0,72.0,33.0,25.0,84.0
70.0,27.0,208.0,17.0,65.0,60.0,32.0,82.0,105.0,108.0,122.0,100.0,47.0,57.0,45.0
167.0,221.0,300.0,38.0,229.0,373.0,92.0,189.0,223.0,174.0,238.0,197.0,190.0,184.0,198.0
81.0,43.0,187.0,11.0,131.0,127.0,43.0,47.0,69.0,82.0,87.0,68.0,33.0,442.0,101.0
257.0,338.0,346.0,71.0,288.0,430.0,165.0,306.0,357.0,225.0,262.0,282.0,272.0,218.0,248.0
205.0,276.0,310.0,56.0,261.0,203.0,129.0,223.0,454.0,200.0,189.0,249.0,260.0,170.0,242.0
83.0,43.0,212.0,14.0,89.0,124.0,30.0,83.0,99.0,108.0,126.0,100.0,68.0,62.0,63.0
103.0,78.0,223.0,18.0,85.0,213.0,28.0,92.0,272.0,113.0,222.0,101.0,51.0,66.0,66.0
123.0,118.0,256.0,24.0,132.0,221.0,45.0,144.0,164.0,151.0,177.0,185.0,85.0,57.0,107.0
137.0,130.0,252.0,29.0,255.0,227.0,107.0,140.0,178.0,150.0,94.0,162.0,109.0,17.0,190.0
152.0,137.0,283.0,33.0,122.0,261.0,58.0,175.0,187.0,154.0,207.0,172.0,109.0,119.0,96.0
81.0,43.0,206.0,11.0,50.0,124.0,15.0,78.0,119.0,83.0,126.0,114.0,33.0,241.0,95.0
287.0,376.0,126.0,6.0,224.0,486.0,2.0,31.0,24.0,61.0,20.0,23.0,5.0,107.0,181.0
316.0,515.0,528.0,133.0,312.0,490.0,198.0,391.0,568.0,322.0,411.0,457.0,583.0,617.0,231.0
224.0,185.0,330.0,51.0,331.0,261.0,217.0,470.0,271.0,192.0,244.0,156.0,331.0,328.0,406.0
122.0,274.0,532.0,24.0,132.0,362.0,45.0,406.0,163.0,120.0,449.0,115.0,84.0,245.0,107.0
412.0,764.0,639.0,182.0,175.0,155.0,58.0,490.0,660.0,411.0,527.0,799.0,108.0,331.0,134.0
76.0,41.0,204.0,8.0,174.0,225.0,58.0,62.0,54.0,101.0,110.0,76.0,103.0,41.0,81.0
428.0,434.0,688.0,177.0,723.0,484.0,396.0,509.0,466.0,408.0,654.0,799.0,656.0,408.0,808.0
241.0,323.0,353.0,61.0,217.0,404.0,80.0,250.0,271.0,207.0,286.0,263.0,272.0,116.0,179.0
71.0,169.0,336.0,6.0,0.0,259.0,0.0,206.0,34.0,198.0,320.0,231.0,12.0,331.0,0.0
91.0,48.0,207.0,15.0,75.0,143.0,22.0,80.0,119.0,106.0,120.0,98.0,42.0,57.0,55.0
244.0,323.0,438.0,112.0,524.0,312.0,274.0,323.0,503.0,271.0,245.0,323.0,579.0,247.0,881.0
217.0,304.0,346.0,60.0,261.0,388.0,127.0,223.0,302.0,203.0,262.0,263.0,270.0,169.0,242.0
428.0,56.0,582.0,217.0,310.0,155.0,180.0,364.0,430.0,416.0,508.0,822.0,905.0,275.0,329.0
375.0,694.0,536.0,146.0,134.0,663.0,46.0,470.0,579.0,347.0,458.0,470.0,90.0,318.0,144.0
104.0,78.0,222.0,19.0,181.0,197.0,33.0,92.0,127.0,115.0,108.0,115.0,52.0,66.0,154.0
176.0,229.0,294.0,36.0,261.0,315.0,127.0,187.0,168.0,165.0,203.0,158.0,168.0,101.0,240.0
137.0,154.0,299.0,38.0,258.0,297.0,83.0,187.0,213.0,174.0,222.0,196.0,174.0,133.0,234.0
311.0,372.0,550.0,177.0,292.0,445.0,165.0,155.0,76.0,374.0,470.0,582.0,272.0,305.0,214.0
167.0,221.0,326.0,51.0,261.0,425.0,106.0,264.0,270.0,191.0,243.0,228.0,211.0,196.0,160.0
288.0,461.0,461.0,95.0,313.0,486.0,199.0,331.0,425.0,278.0,373.0,190.0,444.0,889.0,316.0
137.0,78.0,267.0,29.0,168.0,159.0,61.0,154.0,173.0,151.0,200.0,162.0,102.0,107.0,119.0
158.0,205.0,201.0,30.0,145.0,288.0,75.0,32.0,171.0,80.0,187.0,69.0,109.0,21.0,87.0
157.0,200.0,294.0,36.0,218.0,280.0,79.0,756.0,46.0,167.0,218.0,221.0,161.0,503.0,180.0
76.0,36.0,184.0,8.0,45.0,143.0,6.0,49.0,105.0,80.0,220.0,68.0,26.0,28.0,30.0
271.0,406.0,417.0,95.0,313.0,422.0,226.0,313.0,454.0,273.0,297.0,325.0,337.0,240.0,183.0
257.0,367.0,361.0,71.0,341.0,118.0,220.0,392.0,363.0,228.0,297.0,287.0,334.0,305.0,153.0
182.0,238.0,332.0,50.0,157.0,344.0,50.0,83.0,252.0,193.0,245.0,236.0,209.0,72.0,122.0
115.0,103.0,207.0,18.0,117.0,211.0,35.0,39.0,313.0,112.0,119.0,101.0,59.0,24.0,87.0
156.0,193.0,292.0,35.0,202.0,220.0,75.0,124.0,197.0,156.0,203.0,178.0,154.0,88.0,172.0
271.0,409.0,347.0,80.0,237.0,462.0,184.0,251.0,425.0,202.0,681.0,254.0,288.0,192.0,229.0
87.0,47.0,240.0,21.0,117.0,133.0,39.0,104.0,139.0,128.0,158.0,117.0,70.0,79.0,93.0
160.0,210.0,294.0,36.0,100.0,294.0,2.0,180.0,204.0,167.0,275.0,186.0,19.0,130.0,82.0
0.0,0.0,105.0,0.0,58.0,0.0,18.0,16.0,0.0,0.0,20.0,21.0,36.0,17.0,44.0
167.0,221.0,263.0,33.0,175.0,310.0,61.0,149.0,184.0,147.0,199.0,268.0,122.0,91.0,140.0
147.0,179.0,263.0,29.0,128.0,260.0,42.0,149.0,178.0,147.0,207.0,158.0,76.0,96.0,89.0
229.0,306.0,303.0,43.0,177.0,390.0,53.0,32.0,222.0,176.0,232.0,204.0,191.0,21.0,153.0
211.0,284.0,363.0,70.0,141.0,373.0,58.0,214.0,343.0,238.0,299.0,355.0,102.0,193.0,107.0
270.0,306.0,417.0,80.0,310.0,260.0,199.0,312.0,425.0,269.0,309.0,325.0,291.0,333.0,322.0
165.0,238.0,294.0,36.0,181.0,348.0,62.0,180.0,188.0,166.0,218.0,186.0,139.0,130.0,155.0
376.0,718.0,528.0,140.0,128.0,56.0,19.0,398.0,197.0,322.0,411.0,457.0,36.0,305.0,213.0
160.0,210.0,157.0,36.0,410.0,261.0,237.0,130.0,46.0,139.0,64.0,138.0,429.0,55.0,469.0
377.0,718.0,542.0,148.0,723.0,112.0,485.0,572.0,545.0,347.0,465.0,470.0,726.0,458.0,582.0
156.0,188.0,292.0,35.0,227.0,221.0,150.0,176.0,197.0,156.0,210.0,186.0,176.0,82.0,0.0
154.0,214.0,337.0,33.0,174.0,294.0,58.0,251.0,188.0,198.0,249.0,241.0,113.0,184.0,192.0
100.0,64.0,130.0,17.0,88.0,156.0,30.0,16.0,120.0,58.0,29.0,23.0,46.0,193.0,71.0
126.0,130.0,247.0,23.0,128.0,200.0,42.0,103.0,120.0,132.0,91.0,127.0,76.0,72.0,99.0
137.0,164.0,316.0,29.0,176.0,255.0,61.0,200.0,178.0,188.0,239.0,254.0,116.0,146.0,153.0
152.0,182.0,386.0,112.0,237.0,261.0,217.0,280.0,483.0,252.0,320.0,307.0,579.0,201.0,212.0
111.0,89.0,187.0,11.0,83.0,203.0,23.0,47.0,145.0,85.0,87.0,76.0,42.0,28.0,32.0
115.0,95.0,300.0,22.0,122.0,203.0,39.0,189.0,145.0,138.0,239.0,138.0,70.0,133.0,95.0
183.0,292.0,322.0,50.0,252.0,373.0,106.0,176.0,252.0,190.0,241.0,221.0,211.0,125.0,54.0
202.0,261.0,300.0,40.0,229.0,362.0,92.0,299.0,223.0,176.0,222.0,158.0,181.0,162.0,192.0
256.0,332.0,105.0,73.0,341.0,429.0,222.0,15.0,111.0,243.0,0.0,316.0,336.0,20.0,114.0
111.0,87.0,224.0,21.0,117.0,193.0,35.0,98.0,184.0,120.0,154.0,115.0,59.0,72.0,111.0
100.0,62.0,215.0,17.0,89.0,155.0,30.0,84.0,119.0,112.0,126.0,108.0,46.0,64.0,74.0
86.0,48.0,207.0,15.0,73.0,160.0,19.0,80.0,103.0,106.0,122.0,92.0,40.0,71.0,173.0
154.0,188.0,283.0,34.0,161.0,261.0,70.0,481.0,193.0,156.0,208.0,178.0,145.0,333.0,127.0
288.0,434.0,449.0,95.0,177.0,373.0,61.0,322.0,466.0,275.0,351.0,323.0,33.0,218.0,155.0
246.0,403.0,361.0,70.0,322.0,206.0,213.0,264.0,341.0,228.0,298.0,277.0,288.0,111.0,316.0
157.0,205.0,279.0,32.0,176.0,288.0,61.0,156.0,571.0,153.0,203.0,164.0,122.0,107.0,153.0
287.0,41.0,351.0,95.0,202.0,164.0,38.0,292.0,454.0,214.0,175.0,263.0,70.0,72.0,229.0
156.0,180.0,294.0,36.0,155.0,260.0,75.0,200.0,204.0,165.0,250.0,186.0,167.0,133.0,118.0
319.0,241.0,346.0,57.0,55.0,348.0,18.0,240.0,292.0,201.0,257.0,248.0,35.0,184.0,71.0
314.0,348.0,447.0,91.0,311.0,407.0,171.0,322.0,454.0,273.0,320.0,323.0,284.0,245.0,322.0
92.0,92.0,322.0,16.0,161.0,203.0,53.0,204.0,107.0,198.0,241.0,241.0,101.0,152.0,101.0
125.0,130.0,252.0,27.0,174.0,348.0,58.0,39.0,170.0,140.0,188.0,165.0,103.0,25.0,144.0
202.0,261.0,298.0,41.0,360.0,296.0,2.0,141.0,223.0,182.0,240.0,207.0,174.0,305.0,331.0
156.0,169.0,292.0,35.0,203.0,255.0,76.0,176.0,197.0,156.0,210.0,108.0,156.0,125.0,604.0
158.0,205.0,293.0,35.0,227.0,281.0,85.0,176.0,199.0,160.0,211.0,185.0,155.0,55.0,173.0
270.0,53.0,414.0,86.0,157.0,143.0,52.0,306.0,570.0,265.0,326.0,323.0,97.0,218.0,126.0
152.0,185.0,293.0,33.0,117.0,261.0,35.0,176.0,197.0,160.0,211.0,47.0,127.0,131.0,74.0
224.0,304.0,340.0,56.0,311.0,389.0,184.0,225.0,293.0,200.0,250.0,246.0,288.0,173.0,334.0
314.0,488.0,485.0,104.0,311.0,490.0,184.0,346.0,500.0,296.0,320.0,355.0,288.0,493.0,333.0
375.0,709.0,240.0,143.0,723.0,663.0,444.0,110.0,571.0,129.0,149.0,68.0,678.0,77.0,122.0
126.0,131.0,507.0,109.0,83.0,256.0,40.0,377.0,501.0,296.0,410.0,355.0,693.0,331.0,248.0
96.0,55.0,283.0,45.0,238.0,143.0,99.0,165.0,227.0,154.0,204.0,167.0,200.0,111.0,214.0
123.0,115.0,125.0,25.0,75.0,220.0,50.0,27.0,168.0,138.0,123.0,58.0,92.0,17.0,55.0
146.0,174.0,279.0,30.0,176.0,259.0,61.0,176.0,182.0,153.0,203.0,160.0,122.0,125.0,154.0
233.0,41.0,346.0,60.0,277.0,112.0,143.0,223.0,222.0,203.0,322.0,257.0,269.0,170.0,250.0
123.0,115.0,281.0,32.0,176.0,222.0,61.0,165.0,184.0,154.0,214.0,165.0,116.0,409.0,153.0
330.0,130.0,507.0,128.0,151.0,277.0,43.0,364.0,551.0,306.0,408.0,287.0,590.0,275.0,119.0
330.0,612.0,179.0,117.0,237.0,534.0,382.0,92.0,545.0,304.0,63.0,428.0,588.0,66.0,214.0
115.0,95.0,208.0,22.0,303.0,188.0,38.0,83.0,129.0,99.0,126.0,76.0,70.0,58.0,212.0
76.0,41.0,142.0,8.0,47.0,102.0,5.0,31.0,191.0,81.0,287.0,68.0,23.0,21.0,44.0
241.0,323.0,363.0,70.0,292.0,348.0,166.0,277.0,425.0,228.0,298.0,287.0,256.0,196.0,307.0
105.0,82.0,207.0,29.0,410.0,188.0,23.0,163.0,178.0,106.0,119.0,92.0,55.0,107.0,82.0
178.0,233.0,323.0,51.0,238.0,328.0,99.0,406.0,271.0,192.0,110.0,257.0,264.0,305.0,172.0
377.0,590.0,528.0,140.0,104.0,521.0,391.0,415.0,571.0,322.0,419.0,457.0,590.0,331.0,83.0
114.0,95.0,240.0,22.0,189.0,203.0,67.0,148.0,144.0,129.0,160.0,162.0,70.0,96.0,157.0
257.0,346.0,374.0,71.0,310.0,418.0,172.0,285.0,313.0,243.0,307.0,214.0,284.0,409.0,582.0
97.0,87.0,214.0,16.0,86.0,297.0,29.0,296.0,117.0,108.0,128.0,156.0,46.0,218.0,69.0
229.0,301.0,351.0,61.0,261.0,382.0,126.0,241.0,272.0,213.0,286.0,263.0,239.0,312.0,242.0
123.0,164.0,222.0,24.0,85.0,253.0,29.0,391.0,163.0,113.0,295.0,105.0,45.0,296.0,157.0
202.0,281.0,332.0,51.0,161.0,372.0,53.0,155.0,297.0,193.0,245.0,236.0,101.0,106.0,126.0
167.0,221.0,204.0,20.0,88.0,315.0,15.0,148.0,147.0,120.0,110.0,162.0,33.0,96.0,71.0
114.0,115.0,240.0,21.0,117.0,241.0,35.0,109.0,105.0,129.0,157.0,118.0,59.0,76.0,119.0
113.0,90.0,201.0,21.0,174.0,203.0,61.0,228.0,139.0,130.0,94.0,126.0,113.0,156.0,139.0
133.0,130.0,266.0,29.0,211.0,214.0,78.0,222.0,173.0,147.0,179.0,158.0,102.0,170.0,175.0
73.0,27.0,157.0,6.0,45.0,42.0,7.0,73.0,76.0,67.0,325.0,257.0,10.0,24.0,31.0
414.0,764.0,661.0,182.0,83.0,208.0,23.0,493.0,568.0,403.0,658.0,681.0,678.0,333.0,55.0
152.0,180.0,294.0,33.0,186.0,260.0,62.0,202.0,187.0,154.0,214.0,207.0,127.0,148.0,153.0
97.0,56.0,326.0,51.0,253.0,155.0,107.0,32.0,181.0,191.0,243.0,228.0,212.0,21.0,220.0
114.0,92.0,240.0,22.0,123.0,191.0,40.0,155.0,144.0,129.0,157.0,118.0,70.0,106.0,96.0
156.0,188.0,281.0,34.0,83.0,277.0,23.0,165.0,139.0,154.0,200.0,155.0,40.0,116.0,66.0
103.0,76.0,223.0,15.0,234.0,143.0,2.0,92.0,103.0,113.0,130.0,70.0,5.0,66.0,93.0
202.0,261.0,350.0,58.0,277.0,216.0,143.0,240.0,297.0,213.0,274.0,264.0,269.0,174.0,250.0
236.0,323.0,356.0,65.0,360.0,404.0,226.0,285.0,314.0,223.0,297.0,322.0,284.0,202.0,101.0
178.0,233.0,488.0,45.0,253.0,320.0,106.0,353.0,237.0,187.0,400.0,208.0,211.0,269.0,213.0
306.0,461.0,449.0,95.0,503.0,489.0,274.0,322.0,466.0,275.0,366.0,346.0,588.0,245.0,116.0
202.0,95.0,340.0,51.0,230.0,206.0,85.0,222.0,330.0,193.0,252.0,241.0,175.0,170.0,201.0
83.0,47.0,190.0,11.0,58.0,144.0,16.0,59.0,122.0,84.0,91.0,91.0,35.0,35.0,44.0
104.0,78.0,507.0,19.0,85.0,211.0,29.0,377.0,163.0,304.0,408.0,423.0,47.0,292.0,64.0
167.0,219.0,254.0,38.0,255.0,297.0,107.0,148.0,223.0,138.0,179.0,139.0,177.0,96.0,155.0
183.0,249.0,336.0,50.0,227.0,348.0,92.0,214.0,253.0,188.0,245.0,221.0,190.0,107.0,188.0
126.0,55.0,255.0,27.0,157.0,155.0,52.0,141.0,122.0,139.0,177.0,127.0,97.0,493.0,124.0
187.0,284.0,350.0,51.0,277.0,374.0,139.0,250.0,271.0,213.0,274.0,263.0,212.0,186.0,248.0
414.0,769.0,536.0,217.0,288.0,809.0,165.0,620.0,144.0,347.0,458.0,84.0,923.0,491.0,297.0
485.0,764.0,688.0,243.0,365.0,767.0,226.0,601.0,239.0,521.0,654.0,856.0,344.0,318.0,242.0
73.0,27.0,126.0,6.0,242.0,56.0,339.0,29.0,181.0,63.0,287.0,47.0,12.0,17.0,214.0
330.0,618.0,553.0,117.0,280.0,550.0,367.0,377.0,547.0,358.0,63.0,911.0,588.0,291.0,275.0
999.0,999.0,999.0,999.0,999.0,999.0,999.0,999.0,999.0,999.0,681.0,95.0,999.0,628.0,999.0
156.0,103.0,290.0,34.0,157.0,211.0,80.0,176.0,178.0,156.0,210.0,178.0,149.0,125.0,114.0
83.0,48.0,396.0,14.0,32.0,143.0,5.0,175.0,184.0,99.0,320.0,76.0,19.0,123.0,12.0
191.0,259.0,126.0,3.0,15.0,349.0,1.0,31.0,76.0,57.0,204.0,21.0,4.0,65.0,4.0
126.0,141.0,294.0,30.0,174.0,249.0,58.0,180.0,178.0,165.0,215.0,190.0,127.0,133.0,158.0
271.0,409.0,447.0,87.0,360.0,468.0,226.0,322.0,425.0,273.0,182.0,323.0,406.0,245.0,190.0
75.0,36.0,201.0,8.0,360.0,133.0,16.0,61.0,34.0,85.0,100.0,76.0,33.0,72.0,422.0
123.0,115.0,252.0,24.0,131.0,220.0,46.0,140.0,163.0,137.0,176.0,137.0,89.0,91.0,83.0
165.0,233.0,125.0,38.0,601.0,320.0,82.0,27.0,213.0,57.0,8.0,118.0,174.0,17.0,808.0
182.0,233.0,323.0,45.0,217.0,319.0,82.0,204.0,232.0,188.0,241.0,218.0,196.0,150.0,179.0
237.0,325.0,386.0,67.0,311.0,418.0,188.0,315.0,332.0,247.0,320.0,304.0,288.0,218.0,316.0
168.0,225.0,440.0,38.0,128.0,312.0,43.0,322.0,223.0,176.0,128.0,197.0,196.0,247.0,202.0
268.0,376.0,457.0,85.0,476.0,143.0,262.0,358.0,425.0,256.0,366.0,307.0,344.0,25.0,118.0
410.0,756.0,549.0,159.0,966.0,687.0,570.0,572.0,676.0,358.0,468.0,580.0,726.0,442.0,74.0
163.0,259.0,294.0,36.0,216.0,188.0,79.0,180.0,210.0,167.0,215.0,187.0,167.0,130.0,170.0
154.0,193.0,283.0,33.0,150.0,348.0,50.0,168.0,173.0,154.0,207.0,282.0,92.0,458.0,118.0
70.0,21.0,142.0,6.0,28.0,102.0,2.0,31.0,12.0,67.0,295.0,76.0,12.0,21.0,11.0
168.0,225.0,542.0,41.0,229.0,312.0,94.0,420.0,239.0,182.0,465.0,204.0,191.0,311.0,111.0
114.0,92.0,240.0,21.0,168.0,203.0,54.0,111.0,139.0,129.0,157.0,118.0,284.0,77.0,126.0
163.0,212.0,582.0,38.0,216.0,294.0,79.0,470.0,213.0,174.0,509.0,197.0,174.0,328.0,178.0
252.0,331.0,142.0,71.0,446.0,425.0,258.0,32.0,271.0,130.0,122.0,126.0,450.0,26.0,566.0
257.0,348.0,395.0,77.0,261.0,56.0,217.0,290.0,428.0,271.0,321.0,323.0,331.0,218.0,242.0
139.0,163.0,254.0,27.0,229.0,225.0,106.0,15.0,173.0,138.0,295.0,138.0,214.0,16.0,190.0
111.0,90.0,224.0,21.0,569.0,143.0,247.0,98.0,134.0,120.0,157.0,114.0,429.0,58.0,808.0
259.0,301.0,346.0,95.0,176.0,60.0,67.0,223.0,425.0,273.0,250.0,325.0,136.0,184.0,154.0
196.0,257.0,396.0,51.0,218.0,348.0,213.0,297.0,272.0,190.0,325.0,228.0,316.0,218.0,180.0
165.0,215.0,299.0,38.0,200.0,293.0,83.0,202.0,199.0,174.0,222.0,197.0,174.0,218.0,172.0
428.0,769.0,111.0,0.0,160.0,250.0,0.0,26.0,0.0,0.0,8.0,212.0,0.0,21.0,124.0
91.0,48.0,224.0,22.0,131.0,143.0,38.0,98.0,141.0,120.0,152.0,118.0,70.0,159.0,93.0
87.0,47.0,170.0,15.0,65.0,133.0,19.0,15.0,103.0,105.0,57.0,84.0,36.0,477.0,52.0
133.0,95.0,536.0,29.0,161.0,82.0,53.0,415.0,173.0,347.0,458.0,470.0,101.0,308.0,125.0
111.0,89.0,372.0,35.0,252.0,197.0,139.0,285.0,253.0,356.0,262.0,463.0,269.0,292.0,142.0
101.0,64.0,224.0,20.0,106.0,191.0,35.0,98.0,144.0,120.0,152.0,114.0,55.0,133.0,84.0
134.0,145.0,267.0,29.0,174.0,249.0,58.0,154.0,180.0,150.0,200.0,137.0,103.0,95.0,119.0
210.0,284.0,346.0,57.0,45.0,372.0,129.0,223.0,296.0,201.0,257.0,248.0,260.0,174.0,31.0
126.0,131.0,347.0,27.0,17.0,241.0,50.0,228.0,171.0,202.0,264.0,241.0,95.0,296.0,9.0
235.0,64.0,355.0,65.0,569.0,159.0,276.0,225.0,314.0,223.0,261.0,280.0,288.0,493.0,202.0
119.0,104.0,283.0,23.0,98.0,212.0,32.0,168.0,168.0,154.0,207.0,172.0,76.0,119.0,77.0
138.0,391.0,549.0,30.0,175.0,462.0,58.0,420.0,122.0,381.0,468.0,822.0,109.0,292.0,99.0
182.0,229.0,417.0,50.0,47.0,315.0,9.0,299.0,252.0,201.0,241.0,248.0,33.0,218.0,32.0
168.0,225.0,303.0,38.0,227.0,310.0,85.0,176.0,222.0,176.0,232.0,301.0,176.0,130.0,183.0
206.0,278.0,254.0,56.0,310.0,372.0,171.0,141.0,292.0,139.0,64.0,140.0,284.0,92.0,220.0
270.0,376.0,428.0,86.0,341.0,175.0,220.0,39.0,430.0,269.0,387.0,323.0,678.0,24.0,404.0
338.0,261.0,360.0,133.0,601.0,372.0,382.0,266.0,430.0,311.0,320.0,302.0,590.0,186.0,808.0
101.0,63.0,207.0,16.0,47.0,155.0,9.0,73.0,99.0,106.0,122.0,323.0,44.0,81.0,31.0
316.0,515.0,582.0,106.0,524.0,490.0,274.0,470.0,501.0,408.0,509.0,799.0,515.0,319.0,119.0
167.0,221.0,303.0,38.0,224.0,306.0,85.0,194.0,223.0,176.0,232.0,203.0,175.0,458.0,181.0
146.0,137.0,255.0,31.0,181.0,235.0,61.0,141.0,180.0,139.0,206.0,139.0,122.0,133.0,155.0
92.0,145.0,313.0,50.0,257.0,250.0,106.0,200.0,253.0,188.0,239.0,346.0,211.0,145.0,234.0
129.0,135.0,257.0,27.0,117.0,241.0,35.0,156.0,163.0,141.0,189.0,151.0,101.0,106.0,89.0
104.0,78.0,220.0,19.0,218.0,227.0,82.0,90.0,132.0,114.0,119.0,127.0,44.0,65.0,180.0
83.0,45.0,303.0,13.0,47.0,320.0,13.0,194.0,98.0,92.0,232.0,76.0,33.0,134.0,38.0
146.0,174.0,183.0,32.0,176.0,259.0,61.0,438.0,184.0,154.0,57.0,165.0,123.0,496.0,154.0
114.0,82.0,348.0,22.0,117.0,188.0,38.0,232.0,162.0,129.0,272.0,118.0,70.0,122.0,88.0
375.0,694.0,507.0,140.0,175.0,656.0,58.0,322.0,571.0,306.0,408.0,460.0,108.0,247.0,140.0
210.0,284.0,336.0,51.0,261.0,344.0,126.0,222.0,168.0,196.0,236.0,174.0,238.0,159.0,246.0
183.0,249.0,313.0,50.0,331.0,348.0,213.0,200.0,253.0,197.0,238.0,241.0,211.0,145.0,404.0
206.0,278.0,337.0,56.0,262.0,372.0,127.0,61.0,199.0,199.0,264.0,241.0,259.0,34.0,175.0
287.0,406.0,447.0,95.0,415.0,534.0,254.0,322.0,483.0,273.0,351.0,325.0,444.0,409.0,582.0
160.0,37.0,294.0,36.0,191.0,154.0,65.0,180.0,197.0,160.0,211.0,186.0,128.0,193.0,157.0
169.0,225.0,278.0,33.0,131.0,289.0,45.0,158.0,187.0,151.0,201.0,162.0,145.0,107.0,101.0
295.0,348.0,187.0,5.0,17.0,373.0,2.0,47.0,12.0,82.0,87.0,856.0,4.0,26.0,0.0
123.0,108.0,252.0,24.0,255.0,215.0,98.0,137.0,164.0,138.0,240.0,138.0,200.0,192.0,214.0
181.0,235.0,351.0,49.0,255.0,320.0,107.0,322.0,223.0,223.0,274.0,287.0,212.0,247.0,297.0
168.0,225.0,323.0,51.0,257.0,315.0,108.0,204.0,270.0,190.0,241.0,460.0,212.0,150.0,231.0
122.0,108.0,157.0,24.0,132.0,214.0,45.0,32.0,187.0,114.0,468.0,108.0,84.0,21.0,107.0
114.0,95.0,240.0,21.0,100.0,208.0,32.0,109.0,139.0,129.0,157.0,140.0,47.0,107.0,72.0
206.0,276.0,337.0,56.0,310.0,341.0,184.0,206.0,292.0,198.0,236.0,241.0,288.0,134.0,329.0
100.0,62.0,179.0,17.0,88.0,156.0,30.0,31.0,120.0,107.0,57.0,115.0,46.0,17.0,94.0
86.0,48.0,224.0,15.0,73.0,143.0,19.0,98.0,103.0,99.0,157.0,76.0,40.0,72.0,77.0
105.0,37.0,299.0,29.0,165.0,60.0,54.0,194.0,173.0,160.0,222.0,186.0,101.0,134.0,242.0
138.0,214.0,661.0,30.0,186.0,241.0,59.0,509.0,178.0,151.0,654.0,163.0,68.0,408.0,155.0
157.0,203.0,316.0,50.0,176.0,280.0,106.0,201.0,252.0,188.0,239.0,221.0,211.0,184.0,153.0
178.0,229.0,313.0,45.0,228.0,315.0,82.0,204.0,215.0,187.0,240.0,158.0,195.0,145.0,214.0
314.0,40.0,363.0,104.0,279.0,86.0,237.0,280.0,503.0,230.0,298.0,303.0,406.0,201.0,220.0
94.0,55.0,279.0,15.0,75.0,143.0,22.0,204.0,107.0,154.0,203.0,163.0,40.0,146.0,242.0
375.0,709.0,855.0,143.0,191.0,382.0,70.0,940.0,571.0,356.0,999.0,561.0,678.0,617.0,116.0
237.0,322.0,363.0,67.0,365.0,490.0,226.0,293.0,332.0,227.0,298.0,282.0,288.0,269.0,331.0
244.0,323.0,392.0,70.0,132.0,418.0,46.0,297.0,333.0,252.0,320.0,303.0,288.0,217.0,107.0
311.0,376.0,491.0,133.0,128.0,407.0,75.0,358.0,568.0,306.0,366.0,428.0,624.0,314.0,99.0
210.0,284.0,339.0,57.0,141.0,373.0,48.0,214.0,296.0,200.0,236.0,246.0,270.0,305.0,114.0
182.0,346.0,187.0,11.0,100.0,445.0,16.0,49.0,38.0,82.0,87.0,69.0,33.0,27.0,99.0
133.0,106.0,263.0,29.0,85.0,214.0,29.0,384.0,173.0,147.0,200.0,162.0,102.0,314.0,64.0
97.0,0.0,111.0,16.0,86.0,0.0,29.0,26.0,117.0,25.0,5.0,0.0,46.0,291.0,69.0
102.0,71.0,461.0,18.0,89.0,159.0,32.0,327.0,122.0,275.0,225.0,288.0,49.0,248.0,116.0
156.0,21.0,290.0,34.0,257.0,42.0,61.0,225.0,311.0,156.0,210.0,155.0,122.0,173.0,229.0
288.0,434.0,549.0,153.0,341.0,490.0,220.0,420.0,570.0,358.0,468.0,561.0,726.0,308.0,422.0
271.0,332.0,396.0,87.0,174.0,429.0,243.0,290.0,483.0,271.0,333.0,323.0,408.0,205.0,153.0
187.0,235.0,316.0,45.0,243.0,294.0,53.0,214.0,232.0,188.0,238.0,186.0,196.0,162.0,215.0
94.0,62.0,207.0,16.0,117.0,155.0,35.0,80.0,107.0,106.0,120.0,101.0,59.0,62.0,89.0
229.0,301.0,511.0,133.0,160.0,382.0,61.0,420.0,498.0,316.0,408.0,449.0,678.0,314.0,124.0
80.0,41.0,183.0,9.0,47.0,102.0,9.0,39.0,76.0,81.0,170.0,68.0,33.0,25.0,32.0
171.0,229.0,303.0,38.0,104.0,315.0,15.0,194.0,223.0,176.0,230.0,249.0,177.0,205.0,84.0
268.0,281.0,257.0,80.0,294.0,261.0,226.0,146.0,425.0,129.0,187.0,288.0,337.0,96.0,307.0
75.0,40.0,336.0,15.0,80.0,82.0,19.0,206.0,103.0,197.0,248.0,241.0,40.0,152.0,55.0
376.0,718.0,536.0,146.0,174.0,468.0,58.0,440.0,570.0,347.0,458.0,470.0,284.0,331.0,74.0
146.0,173.0,279.0,32.0,176.0,256.0,61.0,175.0,248.0,154.0,187.0,162.0,123.0,123.0,156.0
71.0,27.0,157.0,6.0,341.0,56.0,5.0,32.0,24.0,61.0,50.0,127.0,10.0,17.0,404.0
80.0,41.0,661.0,9.0,47.0,155.0,9.0,438.0,76.0,524.0,654.0,681.0,33.0,312.0,32.0
83.0,43.0,180.0,13.0,86.0,164.0,26.0,39.0,98.0,76.0,63.0,68.0,35.0,24.0,52.0
157.0,227.0,208.0,15.0,313.0,312.0,199.0,78.0,158.0,105.0,122.0,84.0,238.0,159.0,173.0
87.0,72.0,223.0,16.0,117.0,159.0,38.0,94.0,109.0,114.0,129.0,105.0,54.0,68.0,91.0
167.0,222.0,279.0,38.0,258.0,388.0,121.0,206.0,222.0,176.0,240.0,197.0,158.0,158.0,179.0
330.0,323.0,491.0,114.0,54.0,448.0,16.0,323.0,547.0,304.0,387.0,186.0,583.0,247.0,43.0
154.0,188.0,247.0,23.0,174.0,216.0,54.0,103.0,163.0,132.0,203.0,127.0,101.0,72.0,201.0
178.0,231.0,549.0,45.0,75.0,297.0,22.0,420.0,222.0,176.0,468.0,204.0,40.0,311.0,54.0
152.0,185.0,549.0,35.0,216.0,261.0,79.0,420.0,198.0,160.0,470.0,190.0,155.0,311.0,178.0
100.0,63.0,214.0,17.0,89.0,159.0,30.0,83.0,122.0,108.0,128.0,76.0,47.0,64.0,74.0
319.0,212.0,693.0,97.0,476.0,294.0,261.0,565.0,480.0,580.0,286.0,894.0,500.0,493.0,678.0
259.0,391.0,449.0,86.0,157.0,460.0,52.0,322.0,431.0,265.0,382.0,317.0,127.0,247.0,178.0
115.0,106.0,246.0,20.0,83.0,214.0,24.0,124.0,132.0,128.0,173.0,117.0,33.0,76.0,77.0
410.0,225.0,395.0,97.0,446.0,310.0,258.0,297.0,466.0,252.0,321.0,316.0,450.0,217.0,12.0
202.0,515.0,336.0,53.0,278.0,490.0,147.0,214.0,290.0,197.0,248.0,236.0,269.0,162.0,262.0
163.0,259.0,111.0,29.0,233.0,328.0,50.0,26.0,173.0,137.0,8.0,137.0,101.0,16.0,202.0
178.0,232.0,487.0,43.0,216.0,319.0,82.0,353.0,223.0,296.0,394.0,463.0,174.0,184.0,140.0
156.0,205.0,283.0,35.0,206.0,534.0,75.0,175.0,197.0,156.0,239.0,181.0,154.0,311.0,175.0
100.0,63.0,208.0,17.0,98.0,155.0,33.0,158.0,120.0,112.0,126.0,100.0,52.0,107.0,77.0
259.0,391.0,396.0,77.0,242.0,460.0,226.0,297.0,99.0,247.0,320.0,303.0,337.0,218.0,214.0
115.0,95.0,346.0,24.0,126.0,206.0,45.0,232.0,164.0,174.0,262.0,193.0,85.0,179.0,95.0
91.0,48.0,747.0,15.0,85.0,143.0,19.0,718.0,103.0,660.0,286.0,423.0,40.0,333.0,64.0
217.0,257.0,348.0,60.0,174.0,348.0,382.0,216.0,292.0,203.0,272.0,218.0,270.0,331.0,139.0
114.0,95.0,240.0,22.0,126.0,206.0,40.0,110.0,144.0,129.0,160.0,76.0,70.0,81.0,95.0
237.0,323.0,356.0,65.0,310.0,235.0,174.0,259.0,314.0,225.0,287.0,282.0,284.0,111.0,329.0
123.0,115.0,251.0,24.0,229.0,221.0,92.0,140.0,164.0,137.0,148.0,134.0,156.0,90.0,201.0
120.0,105.0,382.0,23.0,341.0,211.0,45.0,273.0,180.0,246.0,309.0,302.0,85.0,628.0,406.0
165.0,232.0,299.0,38.0,229.0,306.0,86.0,187.0,215.0,174.0,222.0,582.0,176.0,133.0,190.0
115.0,95.0,252.0,23.0,132.0,216.0,40.0,140.0,145.0,130.0,170.0,126.0,73.0,90.0,172.0
152.0,180.0,142.0,3.0,28.0,260.0,4.0,27.0,0.0,42.0,307.0,139.0,4.0,17.0,110.0
163.0,215.0,296.0,36.0,248.0,241.0,101.0,183.0,210.0,167.0,220.0,186.0,195.0,131.0,215.0
104.0,87.0,240.0,19.0,104.0,82.0,35.0,103.0,139.0,129.0,122.0,124.0,54.0,72.0,84.0
111.0,90.0,187.0,22.0,89.0,203.0,32.0,83.0,145.0,84.0,220.0,156.0,95.0,65.0,74.0
206.0,281.0,337.0,56.0,261.0,349.0,126.0,756.0,419.0,199.0,230.0,208.0,259.0,583.0,250.0
104.0,76.0,263.0,29.0,104.0,173.0,34.0,83.0,193.0,147.0,214.0,231.0,46.0,64.0,84.0
288.0,423.0,449.0,95.0,175.0,479.0,59.0,322.0,454.0,275.0,326.0,346.0,109.0,246.0,154.0
257.0,331.0,372.0,77.0,227.0,389.0,217.0,327.0,430.0,247.0,302.0,303.0,331.0,248.0,178.0
167.0,221.0,300.0,38.0,227.0,348.0,85.0,204.0,215.0,174.0,225.0,186.0,175.0,149.0,183.0
270.0,406.0,350.0,86.0,410.0,422.0,237.0,232.0,430.0,214.0,274.0,221.0,380.0,24.0,473.0
311.0,590.0,294.0,133.0,322.0,365.0,367.0,176.0,551.0,188.0,215.0,221.0,588.0,122.0,216.0
114.0,103.0,240.0,22.0,88.0,211.0,40.0,103.0,141.0,129.0,157.0,114.0,70.0,72.0,71.0
52.0,37.0,111.0,5.0,75.0,87.0,2.0,16.0,195.0,25.0,5.0,0.0,5.0,16.0,55.0
97.0,63.0,212.0,16.0,89.0,460.0,29.0,83.0,117.0,108.0,122.0,98.0,46.0,81.0,72.0
375.0,694.0,491.0,137.0,100.0,656.0,32.0,358.0,570.0,306.0,402.0,228.0,678.0,269.0,80.0
257.0,348.0,385.0,77.0,252.0,407.0,105.0,290.0,205.0,247.0,302.0,353.0,214.0,201.0,181.0
111.0,87.0,347.0,60.0,175.0,188.0,150.0,228.0,293.0,203.0,238.0,162.0,270.0,269.0,144.0
73.0,89.0,111.0,7.0,252.0,222.0,5.0,26.0,46.0,71.0,8.0,58.0,23.0,72.0,198.0
338.0,129.0,395.0,70.0,313.0,188.0,199.0,315.0,341.0,230.0,333.0,288.0,291.0,241.0,333.0
75.0,37.0,283.0,8.0,45.0,87.0,6.0,168.0,76.0,153.0,208.0,167.0,26.0,119.0,32.0
152.0,187.0,396.0,33.0,186.0,270.0,65.0,297.0,181.0,247.0,322.0,303.0,128.0,217.0,107.0
271.0,409.0,283.0,33.0,176.0,484.0,61.0,165.0,205.0,154.0,204.0,214.0,128.0,111.0,190.0
270.0,306.0,542.0,153.0,184.0,373.0,62.0,392.0,601.0,356.0,158.0,218.0,726.0,303.0,154.0
146.0,231.0,240.0,30.0,191.0,320.0,67.0,110.0,165.0,129.0,160.0,126.0,127.0,613.0,157.0
100.0,41.0,350.0,17.0,15.0,102.0,1.0,240.0,120.0,213.0,274.0,263.0,4.0,184.0,42.0
319.0,515.0,481.0,109.0,313.0,484.0,274.0,342.0,199.0,304.0,387.0,430.0,524.0,258.0,473.0
196.0,259.0,215.0,51.0,313.0,260.0,199.0,83.0,271.0,225.0,483.0,282.0,291.0,12.0,351.0
119.0,105.0,105.0,23.0,128.0,155.0,42.0,16.0,170.0,132.0,13.0,127.0,76.0,16.0,72.0
154.0,185.0,201.0,33.0,277.0,260.0,139.0,61.0,188.0,92.0,120.0,76.0,264.0,55.0,248.0
71.0,55.0,239.0,6.0,32.0,155.0,5.0,104.0,34.0,129.0,84.0,72.0,12.0,218.0,12.0
101.0,45.0,212.0,17.0,98.0,127.0,32.0,83.0,120.0,108.0,128.0,98.0,49.0,64.0,77.0
97.0,56.0,212.0,16.0,184.0,155.0,67.0,346.0,95.0,108.0,208.0,98.0,43.0,192.0,155.0
288.0,200.0,457.0,95.0,429.0,254.0,253.0,323.0,466.0,275.0,366.0,348.0,444.0,247.0,566.0
158.0,207.0,294.0,36.0,322.0,259.0,203.0,181.0,187.0,167.0,214.0,186.0,303.0,132.0,422.0
156.0,194.0,356.0,35.0,229.0,230.0,92.0,259.0,188.0,207.0,177.0,263.0,149.0,79.0,190.0
295.0,376.0,356.0,70.0,132.0,365.0,150.0,327.0,314.0,227.0,189.0,282.0,309.0,248.0,107.0
314.0,717.0,392.0,97.0,503.0,479.0,274.0,205.0,498.0,252.0,320.0,113.0,515.0,305.0,881.0
288.0,461.0,449.0,95.0,197.0,489.0,75.0,322.0,501.0,275.0,410.0,325.0,149.0,246.0,127.0
202.0,261.0,330.0,51.0,277.0,362.0,138.0,509.0,288.0,192.0,244.0,231.0,264.0,496.0,246.0
152.0,179.0,303.0,33.0,257.0,260.0,108.0,198.0,187.0,154.0,148.0,173.0,191.0,122.0,229.0
157.0,203.0,428.0,87.0,476.0,280.0,226.0,194.0,195.0,269.0,320.0,282.0,408.0,79.0,699.0
314.0,203.0,550.0,97.0,360.0,280.0,276.0,438.0,363.0,374.0,470.0,582.0,464.0,312.0,71.0
206.0,278.0,332.0,56.0,258.0,369.0,0.0,65.0,292.0,193.0,245.0,228.0,259.0,41.0,234.0
235.0,346.0,395.0,67.0,310.0,460.0,171.0,297.0,332.0,214.0,164.0,155.0,284.0,218.0,574.0
124.0,106.0,252.0,24.0,145.0,214.0,48.0,140.0,164.0,137.0,176.0,137.0,90.0,131.0,77.0
202.0,323.0,336.0,51.0,260.0,393.0,121.0,940.0,290.0,197.0,248.0,181.0,252.0,628.0,55.0
124.0,137.0,852.0,27.0,160.0,250.0,50.0,885.0,163.0,150.0,386.0,197.0,92.0,555.0,124.0
73.0,41.0,187.0,7.0,32.0,143.0,5.0,47.0,46.0,75.0,87.0,124.0,23.0,26.0,9.0
104.0,78.0,223.0,19.0,112.0,56.0,35.0,92.0,162.0,114.0,187.0,108.0,55.0,68.0,85.0
134.0,145.0,263.0,29.0,181.0,437.0,61.0,241.0,178.0,147.0,188.0,186.0,123.0,184.0,63.0
83.0,37.0,201.0,13.0,123.0,362.0,19.0,61.0,69.0,92.0,100.0,76.0,36.0,34.0,95.0
81.0,42.0,206.0,15.0,73.0,272.0,19.0,65.0,103.0,101.0,128.0,70.0,40.0,318.0,678.0
73.0,36.0,142.0,6.0,47.0,127.0,2.0,31.0,34.0,61.0,27.0,151.0,5.0,20.0,38.0
73.0,27.0,224.0,6.0,28.0,270.0,4.0,97.0,24.0,67.0,149.0,81.0,19.0,71.0,80.0
115.0,95.0,187.0,23.0,161.0,101.0,53.0,47.0,145.0,82.0,87.0,69.0,73.0,26.0,118.0
80.0,41.0,180.0,11.0,157.0,102.0,15.0,45.0,81.0,76.0,63.0,61.0,33.0,133.0,119.0
83.0,43.0,476.0,11.0,54.0,127.0,18.0,341.0,86.0,256.0,389.0,312.0,33.0,291.0,43.0
122.0,131.0,254.0,23.0,161.0,208.0,53.0,509.0,163.0,139.0,170.0,137.0,101.0,412.0,127.0
102.0,71.0,507.0,17.0,0.0,160.0,0.0,364.0,33.0,306.0,408.0,430.0,10.0,275.0,0.0
154.0,188.0,317.0,43.0,229.0,255.0,92.0,155.0,188.0,188.0,240.0,214.0,190.0,111.0,190.0
206.0,281.0,346.0,56.0,313.0,372.0,199.0,216.0,293.0,200.0,262.0,244.0,260.0,169.0,307.0
196.0,253.0,125.0,51.0,212.0,348.0,79.0,27.0,454.0,71.0,238.0,207.0,167.0,17.0,175.0
70.0,21.0,322.0,51.0,312.0,333.0,105.0,154.0,281.0,193.0,241.0,236.0,219.0,102.0,248.0
80.0,21.0,111.0,11.0,50.0,160.0,9.0,26.0,199.0,85.0,13.0,76.0,33.0,16.0,71.0
163.0,210.0,347.0,60.0,288.0,270.0,165.0,232.0,290.0,203.0,261.0,156.0,272.0,180.0,32.0
330.0,590.0,507.0,128.0,157.0,486.0,50.0,493.0,547.0,306.0,408.0,430.0,95.0,333.0,122.0
80.0,41.0,190.0,11.0,47.0,373.0,13.0,51.0,86.0,83.0,0.0,72.0,33.0,57.0,9.0
133.0,141.0,281.0,29.0,186.0,249.0,61.0,165.0,173.0,153.0,211.0,164.0,123.0,219.0,155.0
115.0,95.0,688.0,23.0,128.0,210.0,42.0,532.0,145.0,129.0,654.0,178.0,76.0,409.0,81.0
80.0,41.0,187.0,11.0,75.0,102.0,19.0,49.0,168.0,83.0,78.0,58.0,33.0,26.0,55.0
140.0,129.0,201.0,16.0,89.0,238.0,29.0,61.0,117.0,107.0,94.0,100.0,42.0,34.0,74.0
158.0,207.0,322.0,35.0,206.0,247.0,76.0,202.0,198.0,176.0,164.0,197.0,155.0,146.0,175.0
376.0,717.0,475.0,148.0,242.0,550.0,99.0,331.0,601.0,347.0,387.0,470.0,419.0,255.0,214.0
181.0,235.0,256.0,49.0,277.0,348.0,129.0,144.0,248.0,188.0,187.0,220.0,260.0,101.0,248.0
180.0,233.0,311.0,41.0,174.0,294.0,58.0,197.0,223.0,182.0,210.0,221.0,103.0,133.0,127.0
157.0,205.0,207.0,133.0,155.0,281.0,35.0,78.0,498.0,311.0,117.0,449.0,55.0,71.0,119.0
120.0,105.0,224.0,19.0,86.0,227.0,28.0,90.0,117.0,129.0,148.0,124.0,45.0,27.0,74.0
122.0,105.0,657.0,24.0,161.0,213.0,53.0,476.0,163.0,416.0,597.0,257.0,84.0,321.0,83.0
152.0,179.0,246.0,23.0,174.0,260.0,50.0,130.0,164.0,132.0,165.0,127.0,76.0,458.0,140.0
126.0,131.0,187.0,25.0,150.0,164.0,50.0,47.0,168.0,82.0,87.0,69.0,92.0,26.0,125.0
112.0,41.0,240.0,21.0,100.0,281.0,33.0,109.0,141.0,129.0,157.0,113.0,59.0,30.0,84.0
146.0,128.0,316.0,32.0,45.0,222.0,9.0,481.0,184.0,188.0,240.0,220.0,128.0,17.0,31.0
196.0,227.0,326.0,51.0,255.0,320.0,107.0,201.0,293.0,191.0,244.0,228.0,212.0,146.0,240.0
256.0,332.0,530.0,71.0,322.0,439.0,247.0,155.0,357.0,300.0,419.0,387.0,334.0,96.0,351.0
187.0,215.0,246.0,21.0,88.0,293.0,30.0,156.0,33.0,132.0,91.0,126.0,59.0,81.0,71.0
288.0,434.0,428.0,97.0,112.0,484.0,35.0,363.0,197.0,278.0,333.0,348.0,588.0,159.0,87.0
132.0,137.0,105.0,29.0,137.0,200.0,45.0,16.0,177.0,147.0,5.0,322.0,101.0,16.0,111.0
152.0,42.0,281.0,33.0,202.0,124.0,75.0,165.0,187.0,154.0,238.0,163.0,123.0,116.0,173.0
156.0,180.0,290.0,34.0,200.0,260.0,75.0,176.0,253.0,156.0,210.0,178.0,149.0,125.0,170.0
232.0,304.0,350.0,64.0,310.0,389.0,180.0,251.0,313.0,214.0,248.0,248.0,276.0,184.0,242.0
271.0,406.0,252.0,23.0,313.0,373.0,43.0,140.0,109.0,138.0,177.0,139.0,76.0,87.0,248.0
70.0,42.0,179.0,7.0,639.0,143.0,2.0,32.0,129.0,76.0,64.0,61.0,23.0,17.0,84.0
224.0,306.0,379.0,70.0,322.0,389.0,203.0,470.0,419.0,243.0,382.0,298.0,303.0,318.0,82.0
257.0,257.0,385.0,77.0,275.0,348.0,129.0,296.0,210.0,247.0,387.0,303.0,334.0,213.0,404.0
86.0,48.0,111.0,11.0,45.0,127.0,6.0,26.0,50.0,411.0,0.0,803.0,35.0,318.0,31.0
244.0,325.0,336.0,70.0,55.0,425.0,170.0,154.0,333.0,223.0,245.0,280.0,284.0,102.0,44.0
114.0,95.0,252.0,22.0,415.0,208.0,230.0,140.0,24.0,137.0,173.0,134.0,70.0,82.0,406.0
87.0,48.0,220.0,15.0,98.0,143.0,32.0,90.0,120.0,103.0,88.0,134.0,49.0,65.0,77.0
237.0,322.0,351.0,66.0,341.0,397.0,171.0,363.0,330.0,214.0,275.0,268.0,284.0,271.0,102.0
115.0,95.0,239.0,23.0,117.0,210.0,35.0,103.0,145.0,130.0,154.0,126.0,54.0,72.0,188.0
80.0,36.0,240.0,22.0,89.0,260.0,32.0,110.0,144.0,129.0,128.0,322.0,70.0,76.0,74.0
126.0,131.0,224.0,26.0,145.0,235.0,50.0,140.0,162.0,112.0,148.0,105.0,92.0,90.0,117.0
163.0,233.0,299.0,36.0,202.0,324.0,75.0,31.0,210.0,167.0,222.0,186.0,168.0,25.0,172.0
97.0,55.0,252.0,23.0,134.0,144.0,45.0,130.0,168.0,132.0,176.0,117.0,85.0,79.0,11.0
181.0,234.0,293.0,38.0,228.0,429.0,85.0,176.0,222.0,160.0,211.0,187.0,176.0,129.0,334.0
114.0,95.0,208.0,22.0,117.0,56.0,38.0,83.0,141.0,115.0,122.0,156.0,70.0,308.0,91.0
338.0,618.0,514.0,133.0,85.0,445.0,28.0,358.0,518.0,316.0,508.0,460.0,583.0,269.0,66.0
999.0,999.0,999.0,999.0,999.0,999.0,999.0,999.0,999.0,999.0,63.0,705.0,999.0,999.0,999.0
152.0,180.0,257.0,33.0,47.0,260.0,9.0,137.0,144.0,154.0,206.0,160.0,127.0,88.0,38.0
154.0,188.0,283.0,34.0,203.0,315.0,70.0,45.0,193.0,156.0,210.0,178.0,145.0,27.0,131.0
233.0,316.0,550.0,177.0,229.0,390.0,170.0,431.0,170.0,374.0,470.0,582.0,726.0,292.0,202.0
124.0,129.0,475.0,23.0,132.0,222.0,45.0,342.0,145.0,136.0,290.0,138.0,76.0,247.0,107.0
103.0,376.0,207.0,20.0,104.0,211.0,35.0,285.0,568.0,101.0,119.0,72.0,55.0,202.0,84.0
163.0,210.0,298.0,36.0,165.0,297.0,54.0,204.0,302.0,171.0,222.0,172.0,171.0,134.0,213.0
257.0,348.0,476.0,97.0,253.0,437.0,107.0,195.0,343.0,293.0,386.0,346.0,500.0,218.0,182.0
206.0,281.0,457.0,91.0,341.0,373.0,217.0,323.0,454.0,271.0,366.0,338.0,331.0,218.0,406.0
160.0,210.0,296.0,36.0,206.0,293.0,77.0,183.0,237.0,167.0,220.0,187.0,156.0,111.0,181.0
181.0,234.0,316.0,49.0,230.0,319.0,99.0,201.0,170.0,188.0,241.0,220.0,202.0,146.0,201.0
330.0,590.0,476.0,109.0,255.0,247.0,258.0,331.0,503.0,296.0,387.0,374.0,515.0,305.0,148.0
146.0,174.0,214.0,29.0,45.0,259.0,58.0,83.0,178.0,106.0,128.0,91.0,101.0,62.0,158.0
178.0,232.0,317.0,43.0,212.0,319.0,79.0,205.0,187.0,188.0,241.0,218.0,200.0,159.0,175.0
224.0,331.0,348.0,60.0,288.0,439.0,165.0,10.0,302.0,207.0,297.0,164.0,272.0,17.0,101.0
123.0,109.0,256.0,24.0,98.0,253.0,46.0,141.0,139.0,137.0,187.0,137.0,89.0,92.0,77.0
80.0,41.0,201.0,11.0,73.0,102.0,19.0,83.0,120.0,83.0,94.0,72.0,40.0,64.0,99.0
271.0,222.0,347.0,58.0,277.0,315.0,147.0,313.0,297.0,201.0,261.0,162.0,269.0,218.0,250.0
156.0,174.0,283.0,34.0,191.0,220.0,75.0,293.0,194.0,156.0,208.0,175.0,149.0,218.0,160.0
103.0,89.0,215.0,17.0,85.0,261.0,29.0,84.0,119.0,112.0,129.0,127.0,46.0,71.0,64.0
163.0,212.0,296.0,36.0,188.0,294.0,33.0,158.0,184.0,167.0,220.0,799.0,54.0,81.0,156.0
97.0,128.0,224.0,16.0,47.0,221.0,13.0,16.0,122.0,120.0,148.0,117.0,42.0,16.0,87.0
114.0,95.0,240.0,22.0,117.0,206.0,35.0,214.0,144.0,129.0,158.0,126.0,70.0,162.0,0.0
73.0,89.0,530.0,133.0,445.0,191.0,254.0,323.0,570.0,316.0,419.0,98.0,429.0,247.0,574.0
71.0,27.0,130.0,6.0,15.0,56.0,1.0,31.0,33.0,63.0,29.0,47.0,4.0,26.0,4.0
123.0,130.0,283.0,24.0,331.0,369.0,46.0,168.0,164.0,156.0,208.0,175.0,89.0,119.0,116.0
268.0,376.0,396.0,85.0,224.0,203.0,127.0,115.0,425.0,256.0,325.0,463.0,259.0,134.0,181.0
233.0,316.0,361.0,65.0,229.0,393.0,92.0,266.0,314.0,223.0,295.0,268.0,181.0,186.0,188.0
125.0,130.0,428.0,97.0,47.0,221.0,13.0,315.0,454.0,275.0,326.0,330.0,419.0,240.0,74.0
121.0,105.0,298.0,29.0,174.0,255.0,54.0,186.0,172.0,137.0,222.0,173.0,101.0,133.0,144.0
71.0,27.0,347.0,60.0,58.0,56.0,106.0,228.0,302.0,203.0,262.0,263.0,212.0,318.0,88.0
270.0,346.0,440.0,86.0,200.0,280.0,75.0,15.0,430.0,265.0,320.0,317.0,150.0,16.0,172.0
236.0,322.0,550.0,66.0,344.0,390.0,222.0,431.0,180.0,214.0,468.0,287.0,284.0,312.0,422.0
236.0,238.0,379.0,66.0,75.0,344.0,22.0,296.0,330.0,243.0,286.0,298.0,284.0,213.0,69.0
266.0,338.0,361.0,80.0,202.0,429.0,222.0,266.0,293.0,271.0,508.0,323.0,336.0,185.0,173.0
124.0,95.0,240.0,20.0,112.0,212.0,35.0,111.0,293.0,129.0,0.0,124.0,55.0,68.0,87.0
236.0,320.0,223.0,65.0,310.0,374.0,172.0,94.0,314.0,139.0,110.0,72.0,284.0,145.0,329.0
202.0,259.0,414.0,51.0,73.0,349.0,19.0,266.0,204.0,193.0,326.0,236.0,36.0,186.0,43.0
122.0,103.0,252.0,24.0,134.0,191.0,45.0,140.0,163.0,137.0,154.0,137.0,85.0,90.0,110.0
81.0,43.0,187.0,11.0,55.0,127.0,15.0,49.0,86.0,82.0,100.0,70.0,33.0,27.0,44.0
271.0,409.0,438.0,89.0,104.0,521.0,34.0,420.0,452.0,271.0,338.0,323.0,54.0,309.0,84.0
256.0,332.0,395.0,77.0,112.0,439.0,217.0,297.0,452.0,247.0,321.0,303.0,331.0,503.0,87.0
330.0,163.0,507.0,128.0,311.0,289.0,184.0,391.0,545.0,306.0,408.0,430.0,588.0,300.0,334.0
126.0,131.0,257.0,27.0,85.0,238.0,29.0,92.0,170.0,140.0,187.0,207.0,45.0,66.0,126.0
165.0,182.0,279.0,30.0,313.0,261.0,188.0,163.0,199.0,151.0,203.0,162.0,288.0,111.0,43.0
132.0,130.0,532.0,65.0,202.0,297.0,76.0,406.0,314.0,347.0,458.0,100.0,284.0,309.0,172.0
206.0,281.0,360.0,56.0,476.0,439.0,262.0,296.0,292.0,198.0,298.0,241.0,259.0,300.0,297.0
202.0,391.0,332.0,51.0,100.0,348.0,33.0,154.0,272.0,193.0,245.0,236.0,264.0,106.0,83.0
288.0,214.0,417.0,95.0,85.0,293.0,26.0,280.0,457.0,273.0,240.0,323.0,419.0,196.0,71.0
206.0,281.0,336.0,70.0,229.0,382.0,92.0,327.0,343.0,230.0,245.0,288.0,196.0,248.0,250.0
163.0,214.0,224.0,15.0,118.0,281.0,33.0,98.0,178.0,120.0,149.0,125.0,40.0,72.0,118.0
206.0,257.0,339.0,56.0,176.0,348.0,121.0,216.0,292.0,199.0,248.0,236.0,239.0,408.0,153.0
154.0,188.0,348.0,34.0,191.0,270.0,69.0,251.0,193.0,207.0,272.0,263.0,145.0,185.0,157.0
202.0,133.0,553.0,97.0,174.0,241.0,58.0,438.0,425.0,296.0,333.0,355.0,167.0,196.0,172.0
205.0,276.0,223.0,53.0,117.0,365.0,35.0,94.0,290.0,114.0,173.0,108.0,55.0,72.0,87.0
156.0,257.0,294.0,36.0,229.0,348.0,96.0,194.0,195.0,167.0,220.0,187.0,156.0,131.0,44.0
126.0,130.0,240.0,23.0,126.0,214.0,40.0,110.0,158.0,129.0,160.0,125.0,54.0,62.0,96.0
83.0,41.0,207.0,14.0,75.0,102.0,19.0,140.0,117.0,92.0,158.0,76.0,40.0,91.0,42.0
80.0,40.0,330.0,51.0,175.0,87.0,58.0,205.0,271.0,192.0,244.0,81.0,288.0,152.0,117.0
87.0,48.0,256.0,6.0,723.0,208.0,444.0,141.0,33.0,63.0,187.0,47.0,494.0,88.0,818.0
121.0,105.0,142.0,23.0,161.0,213.0,53.0,31.0,188.0,129.0,207.0,118.0,101.0,21.0,127.0
375.0,694.0,514.0,137.0,217.0,656.0,78.0,391.0,571.0,319.0,414.0,456.0,167.0,300.0,178.0
77.0,40.0,252.0,27.0,174.0,86.0,58.0,137.0,171.0,137.0,177.0,137.0,103.0,90.0,139.0
377.0,693.0,157.0,133.0,331.0,407.0,274.0,363.0,571.0,75.0,123.0,50.0,529.0,271.0,404.0
233.0,317.0,350.0,63.0,292.0,393.0,166.0,292.0,276.0,213.0,274.0,263.0,273.0,208.0,52.0
113.0,90.0,260.0,21.0,118.0,344.0,38.0,148.0,147.0,132.0,210.0,133.0,70.0,247.0,93.0
114.0,95.0,278.0,20.0,112.0,208.0,35.0,176.0,129.0,151.0,201.0,162.0,55.0,129.0,87.0
237.0,323.0,355.0,60.0,310.0,388.0,86.0,251.0,125.0,223.0,286.0,280.0,273.0,184.0,333.0
114.0,92.0,208.0,16.0,75.0,203.0,23.0,65.0,107.0,107.0,122.0,101.0,45.0,34.0,54.0
330.0,585.0,549.0,17.0,237.0,437.0,99.0,532.0,119.0,411.0,468.0,803.0,200.0,409.0,188.0
330.0,612.0,661.0,153.0,639.0,534.0,530.0,509.0,293.0,524.0,410.0,0.0,726.0,409.0,818.0
123.0,109.0,247.0,24.0,104.0,260.0,33.0,124.0,164.0,138.0,208.0,138.0,49.0,628.0,125.0
100.0,62.0,215.0,17.0,89.0,155.0,30.0,84.0,119.0,112.0,128.0,298.0,46.0,62.0,74.0
206.0,281.0,351.0,53.0,292.0,369.0,170.0,140.0,46.0,214.0,187.0,264.0,256.0,491.0,307.0
167.0,221.0,247.0,38.0,157.0,319.0,52.0,65.0,223.0,176.0,170.0,207.0,176.0,41.0,122.0
138.0,188.0,278.0,30.0,227.0,310.0,85.0,160.0,184.0,151.0,201.0,162.0,190.0,184.0,181.0
257.0,320.0,386.0,77.0,448.0,390.0,247.0,32.0,616.0,247.0,320.0,305.0,369.0,21.0,32.0
410.0,234.0,661.0,182.0,28.0,324.0,6.0,508.0,111.0,358.0,241.0,190.0,27.0,343.0,11.0
257.0,348.0,72.0,73.0,208.0,437.0,77.0,59.0,452.0,246.0,0.0,301.0,330.0,30.0,175.0
126.0,131.0,255.0,27.0,128.0,235.0,43.0,148.0,170.0,139.0,188.0,138.0,92.0,96.0,97.0
134.0,145.0,417.0,30.0,188.0,249.0,75.0,476.0,181.0,185.0,57.0,208.0,139.0,409.0,122.0
206.0,278.0,312.0,56.0,261.0,369.0,127.0,198.0,292.0,199.0,275.0,241.0,260.0,145.0,242.0
154.0,187.0,283.0,33.0,248.0,270.0,99.0,144.0,222.0,156.0,208.0,174.0,140.0,95.0,216.0
212.0,27.0,311.0,58.0,278.0,56.0,147.0,197.0,297.0,214.0,275.0,316.0,269.0,137.0,240.0
87.0,41.0,207.0,16.0,28.0,112.0,29.0,78.0,107.0,107.0,179.0,100.0,43.0,57.0,87.0
377.0,709.0,530.0,148.0,188.0,687.0,65.0,565.0,579.0,347.0,419.0,470.0,726.0,442.0,156.0
129.0,95.0,530.0,29.0,176.0,205.0,53.0,403.0,134.0,144.0,419.0,124.0,101.0,305.0,180.0
212.0,106.0,701.0,58.0,262.0,214.0,127.0,572.0,296.0,225.0,100.0,187.0,264.0,442.0,246.0
375.0,694.0,590.0,140.0,32.0,425.0,170.0,738.0,571.0,374.0,177.0,582.0,273.0,491.0,12.0
152.0,238.0,279.0,33.0,331.0,390.0,217.0,160.0,187.0,153.0,203.0,162.0,330.0,477.0,406.0
0.0,0.0,0.0,0.0,0.0,0.0,0.0,0.0,120.0,0.0,0.0,126.0,0.0,0.0,0.0
268.0,372.0,447.0,96.0,311.0,445.0,184.0,756.0,466.0,273.0,351.0,325.0,284.0,503.0,334.0
180.0,233.0,320.0,45.0,238.0,259.0,99.0,202.0,311.0,188.0,244.0,317.0,200.0,145.0,212.0
999.0,999.0,316.0,999.0,104.0,999.0,32.0,0.0,999.0,188.0,240.0,220.0,999.0,0.0,84.0
206.0,281.0,204.0,55.0,260.0,372.0,139.0,83.0,290.0,101.0,110.0,76.0,264.0,64.0,238.0
113.0,90.0,240.0,21.0,150.0,203.0,50.0,103.0,139.0,129.0,157.0,100.0,70.0,314.0,69.0
152.0,188.0,657.0,33.0,181.0,272.0,65.0,508.0,222.0,154.0,597.0,162.0,128.0,408.0,155.0
146.0,141.0,279.0,31.0,237.0,249.0,99.0,290.0,178.0,154.0,203.0,165.0,200.0,205.0,158.0
77.0,41.0,184.0,8.0,32.0,349.0,5.0,315.0,69.0,81.0,94.0,68.0,27.0,248.0,12.0
375.0,718.0,514.0,137.0,344.0,407.0,203.0,392.0,570.0,319.0,414.0,456.0,303.0,303.0,422.0
206.0,281.0,336.0,55.0,261.0,407.0,126.0,212.0,293.0,200.0,245.0,246.0,256.0,271.0,242.0
156.0,212.0,300.0,34.0,188.0,294.0,67.0,189.0,184.0,165.0,225.0,127.0,136.0,133.0,64.0
306.0,306.0,224.0,97.0,445.0,390.0,254.0,285.0,466.0,120.0,152.0,175.0,444.0,202.0,574.0
157.0,205.0,648.0,35.0,203.0,268.0,76.0,718.0,198.0,408.0,758.0,799.0,155.0,496.0,116.0
178.0,231.0,340.0,51.0,242.0,260.0,107.0,704.0,0.0,191.0,218.0,228.0,212.0,493.0,215.0
375.0,694.0,514.0,140.0,313.0,663.0,184.0,391.0,571.0,319.0,244.0,456.0,288.0,303.0,316.0
154.0,185.0,303.0,41.0,233.0,261.0,99.0,194.0,223.0,176.0,232.0,208.0,200.0,145.0,201.0
256.0,332.0,372.0,71.0,313.0,429.0,199.0,509.0,369.0,243.0,402.0,302.0,288.0,409.0,404.0
154.0,188.0,111.0,34.0,80.0,249.0,23.0,26.0,193.0,58.0,91.0,23.0,42.0,17.0,55.0
287.0,90.0,438.0,95.0,243.0,191.0,254.0,205.0,270.0,271.0,338.0,323.0,444.0,156.0,215.0
96.0,55.0,385.0,80.0,445.0,156.0,226.0,290.0,483.0,247.0,309.0,298.0,337.0,205.0,574.0
152.0,187.0,255.0,33.0,160.0,270.0,70.0,144.0,184.0,154.0,165.0,164.0,127.0,90.0,119.0
229.0,304.0,336.0,77.0,43.0,261.0,217.0,45.0,369.0,247.0,248.0,307.0,331.0,496.0,25.0
271.0,322.0,438.0,89.0,100.0,348.0,46.0,316.0,452.0,271.0,338.0,307.0,406.0,240.0,81.0
374.0,693.0,514.0,137.0,218.0,484.0,78.0,384.0,858.0,319.0,414.0,456.0,158.0,409.0,175.0
104.0,87.0,251.0,24.0,137.0,256.0,46.0,141.0,163.0,137.0,177.0,137.0,89.0,92.0,111.0
97.0,55.0,157.0,16.0,89.0,155.0,30.0,32.0,117.0,67.0,57.0,50.0,47.0,21.0,71.0
104.0,78.0,242.0,19.0,104.0,82.0,33.0,124.0,141.0,132.0,165.0,72.0,54.0,55.0,74.0
288.0,461.0,457.0,95.0,445.0,489.0,254.0,323.0,829.0,275.0,366.0,387.0,444.0,255.0,574.0
156.0,205.0,283.0,34.0,47.0,741.0,9.0,175.0,194.0,156.0,207.0,178.0,238.0,111.0,32.0
167.0,222.0,300.0,38.0,229.0,308.0,86.0,391.0,223.0,174.0,232.0,193.0,176.0,300.0,190.0
101.0,103.0,222.0,18.0,184.0,211.0,95.0,92.0,122.0,113.0,122.0,101.0,195.0,66.0,155.0
152.0,180.0,461.0,33.0,186.0,260.0,62.0,346.0,191.0,154.0,408.0,167.0,128.0,291.0,155.0
376.0,717.0,549.0,128.0,360.0,706.0,226.0,420.0,314.0,358.0,468.0,561.0,588.0,314.0,455.0
123.0,133.0,252.0,24.0,341.0,241.0,46.0,137.0,164.0,137.0,222.0,117.0,89.0,72.0,416.0
24.0,95.0,316.0,45.0,211.0,344.0,83.0,201.0,215.0,187.0,239.0,203.0,190.0,146.0,175.0
123.0,76.0,348.0,29.0,175.0,288.0,58.0,232.0,173.0,207.0,272.0,178.0,102.0,179.0,144.0
139.0,55.0,278.0,30.0,310.0,155.0,2.0,163.0,181.0,151.0,201.0,162.0,5.0,116.0,154.0
322.0,585.0,648.0,112.0,262.0,404.0,382.0,481.0,431.0,304.0,658.0,428.0,590.0,318.0,242.0
111.0,89.0,224.0,21.0,117.0,203.0,35.0,98.0,134.0,120.0,165.0,113.0,59.0,72.0,89.0
288.0,461.0,395.0,95.0,360.0,344.0,226.0,293.0,466.0,252.0,321.0,301.0,444.0,205.0,818.0
319.0,105.0,255.0,17.0,89.0,213.0,30.0,141.0,120.0,103.0,179.0,236.0,47.0,269.0,72.0
146.0,173.0,204.0,20.0,112.0,256.0,35.0,62.0,129.0,112.0,222.0,101.0,55.0,35.0,87.0
94.0,82.0,187.0,16.0,248.0,188.0,101.0,49.0,109.0,85.0,84.0,76.0,43.0,27.0,216.0
119.0,104.0,256.0,23.0,118.0,212.0,38.0,144.0,122.0,138.0,187.0,137.0,70.0,95.0,96.0
211.0,292.0,337.0,55.0,261.0,373.0,121.0,346.0,293.0,198.0,252.0,236.0,256.0,259.0,242.0
167.0,222.0,298.0,38.0,131.0,308.0,45.0,83.0,205.0,174.0,225.0,196.0,175.0,72.0,101.0
271.0,403.0,738.0,89.0,175.0,315.0,67.0,704.0,182.0,595.0,286.0,911.0,136.0,96.0,154.0
330.0,618.0,500.0,117.0,85.0,550.0,29.0,398.0,547.0,304.0,408.0,428.0,588.0,305.0,66.0
271.0,756.0,396.0,89.0,128.0,289.0,230.0,290.0,452.0,271.0,322.0,322.0,369.0,205.0,94.0
295.0,461.0,701.0,95.0,434.0,489.0,253.0,572.0,454.0,273.0,640.0,325.0,438.0,455.0,566.0
154.0,188.0,247.0,34.0,255.0,259.0,70.0,176.0,193.0,139.0,170.0,140.0,145.0,125.0,229.0
257.0,338.0,530.0,71.0,275.0,430.0,139.0,313.0,363.0,368.0,419.0,580.0,264.0,240.0,117.0
330.0,130.0,111.0,133.0,43.0,225.0,6.0,26.0,570.0,311.0,5.0,449.0,583.0,16.0,25.0
428.0,43.0,550.0,185.0,429.0,127.0,598.0,222.0,616.0,368.0,500.0,580.0,905.0,174.0,566.0
377.0,40.0,532.0,148.0,310.0,86.0,170.0,406.0,571.0,347.0,449.0,463.0,276.0,555.0,322.0
270.0,376.0,363.0,86.0,278.0,448.0,147.0,277.0,428.0,265.0,299.0,316.0,269.0,196.0,262.0
103.0,72.0,240.0,18.0,75.0,159.0,23.0,16.0,122.0,129.0,164.0,118.0,36.0,64.0,55.0
182.0,238.0,438.0,45.0,229.0,344.0,94.0,316.0,239.0,271.0,338.0,323.0,196.0,241.0,183.0
163.0,215.0,271.0,30.0,161.0,297.0,53.0,155.0,173.0,151.0,200.0,162.0,101.0,106.0,126.0
375.0,515.0,507.0,140.0,331.0,460.0,382.0,377.0,571.0,322.0,410.0,457.0,656.0,292.0,131.0
202.0,274.0,111.0,51.0,303.0,348.0,171.0,440.0,288.0,25.0,5.0,0.0,284.0,491.0,331.0
376.0,717.0,549.0,146.0,446.0,293.0,253.0,438.0,579.0,346.0,468.0,207.0,693.0,311.0,604.0
270.0,376.0,187.0,67.0,261.0,462.0,188.0,103.0,290.0,243.0,119.0,301.0,288.0,72.0,157.0
123.0,137.0,252.0,24.0,137.0,249.0,46.0,140.0,163.0,137.0,218.0,164.0,89.0,30.0,111.0
233.0,317.0,351.0,65.0,310.0,393.0,172.0,241.0,314.0,214.0,272.0,268.0,284.0,179.0,316.0
167.0,221.0,310.0,38.0,227.0,227.0,85.0,197.0,215.0,182.0,232.0,164.0,175.0,145.0,183.0
147.0,174.0,279.0,22.0,191.0,270.0,59.0,158.0,158.0,71.0,203.0,58.0,70.0,16.0,111.0
103.0,76.0,222.0,18.0,174.0,261.0,58.0,92.0,122.0,113.0,129.0,105.0,108.0,66.0,126.0
181.0,235.0,184.0,41.0,237.0,349.0,106.0,45.0,223.0,138.0,234.0,139.0,175.0,55.0,213.0
146.0,55.0,257.0,30.0,202.0,144.0,75.0,90.0,182.0,153.0,187.0,162.0,122.0,64.0,175.0
97.0,55.0,215.0,16.0,89.0,155.0,30.0,84.0,117.0,112.0,129.0,101.0,46.0,64.0,74.0
306.0,306.0,351.0,97.0,524.0,389.0,274.0,241.0,500.0,228.0,123.0,287.0,515.0,184.0,94.0
156.0,261.0,570.0,35.0,229.0,374.0,94.0,470.0,197.0,151.0,500.0,160.0,191.0,319.0,190.0
271.0,409.0,294.0,77.0,175.0,250.0,16.0,0.0,139.0,247.0,468.0,303.0,309.0,0.0,144.0
77.0,41.0,184.0,8.0,217.0,324.0,5.0,45.0,69.0,81.0,84.0,68.0,27.0,28.0,89.0
316.0,515.0,487.0,109.0,723.0,319.0,396.0,398.0,501.0,296.0,394.0,348.0,579.0,318.0,181.0
163.0,214.0,294.0,36.0,141.0,296.0,46.0,180.0,224.0,165.0,215.0,186.0,168.0,130.0,118.0
157.0,205.0,553.0,35.0,208.0,281.0,78.0,620.0,199.0,176.0,468.0,196.0,158.0,477.0,127.0
270.0,709.0,386.0,89.0,313.0,687.0,180.0,312.0,452.0,271.0,320.0,323.0,923.0,218.0,341.0
129.0,261.0,260.0,29.0,161.0,369.0,53.0,141.0,171.0,144.0,189.0,156.0,101.0,92.0,126.0
236.0,41.0,648.0,66.0,445.0,127.0,261.0,509.0,332.0,411.0,465.0,68.0,284.0,318.0,574.0
241.0,322.0,281.0,29.0,174.0,348.0,59.0,163.0,178.0,154.0,204.0,249.0,109.0,111.0,139.0
101.0,461.0,661.0,71.0,191.0,486.0,69.0,509.0,173.0,243.0,654.0,268.0,140.0,339.0,158.0
271.0,300.0,507.0,133.0,89.0,320.0,30.0,168.0,571.0,311.0,410.0,127.0,579.0,122.0,89.0
167.0,221.0,300.0,38.0,243.0,306.0,99.0,192.0,223.0,176.0,208.0,197.0,177.0,24.0,201.0
95.0,55.0,207.0,16.0,122.0,143.0,35.0,62.0,117.0,108.0,120.0,92.0,59.0,35.0,94.0
86.0,28.0,208.0,15.0,105.0,56.0,23.0,82.0,105.0,105.0,123.0,84.0,42.0,62.0,85.0
167.0,284.0,299.0,38.0,75.0,373.0,19.0,187.0,223.0,174.0,222.0,197.0,40.0,133.0,55.0
152.0,180.0,283.0,33.0,176.0,260.0,61.0,168.0,188.0,154.0,207.0,173.0,122.0,119.0,154.0
167.0,221.0,360.0,38.0,132.0,294.0,45.0,273.0,222.0,176.0,366.0,263.0,174.0,145.0,107.0
114.0,115.0,251.0,23.0,126.0,143.0,40.0,296.0,145.0,137.0,173.0,105.0,73.0,213.0,97.0
154.0,188.0,379.0,21.0,117.0,270.0,37.0,292.0,141.0,129.0,320.0,178.0,68.0,255.0,94.0
154.0,185.0,266.0,33.0,226.0,268.0,83.0,154.0,191.0,151.0,201.0,162.0,140.0,107.0,182.0
999.0,999.0,999.0,999.0,257.0,999.0,108.0,999.0,999.0,999.0,210.0,460.0,999.0,999.0,32.0
80.0,434.0,999.0,11.0,47.0,486.0,9.0,999.0,86.0,76.0,681.0,76.0,33.0,314.0,32.0
113.0,90.0,240.0,21.0,202.0,200.0,75.0,103.0,139.0,129.0,208.0,118.0,196.0,72.0,175.0
187.0,301.0,323.0,51.0,226.0,706.0,95.0,204.0,293.0,200.0,240.0,244.0,212.0,169.0,11.0
146.0,109.0,266.0,31.0,184.0,220.0,61.0,154.0,184.0,153.0,199.0,164.0,122.0,106.0,155.0
158.0,229.0,263.0,29.0,174.0,328.0,58.0,149.0,170.0,147.0,239.0,167.0,108.0,106.0,142.0
178.0,231.0,310.0,41.0,176.0,276.0,61.0,469.0,224.0,182.0,234.0,244.0,116.0,318.0,154.0
113.0,90.0,240.0,21.0,118.0,221.0,38.0,110.0,139.0,129.0,160.0,124.0,68.0,111.0,87.0
121.0,105.0,126.0,19.0,112.0,213.0,35.0,29.0,125.0,84.0,123.0,76.0,55.0,21.0,89.0
80.0,37.0,283.0,33.0,176.0,124.0,61.0,168.0,191.0,154.0,207.0,173.0,122.0,111.0,154.0
100.0,63.0,440.0,97.0,75.0,156.0,50.0,363.0,296.0,278.0,338.0,162.0,127.0,442.0,52.0
124.0,129.0,247.0,25.0,131.0,254.0,43.0,130.0,168.0,138.0,170.0,140.0,90.0,82.0,101.0
115.0,95.0,283.0,22.0,126.0,206.0,40.0,168.0,125.0,136.0,208.0,92.0,70.0,116.0,96.0
322.0,43.0,485.0,110.0,446.0,127.0,258.0,353.0,483.0,296.0,373.0,355.0,464.0,192.0,566.0
333.0,590.0,507.0,70.0,310.0,206.0,184.0,377.0,343.0,238.0,410.0,263.0,288.0,256.0,334.0
224.0,304.0,355.0,65.0,303.0,388.0,172.0,251.0,314.0,223.0,286.0,277.0,284.0,184.0,322.0
0.0,0.0,549.0,0.0,0.0,0.0,0.0,420.0,0.0,358.0,468.0,580.0,0.0,311.0,0.0
84.0,48.0,279.0,14.0,83.0,143.0,19.0,163.0,95.0,154.0,203.0,240.0,36.0,218.0,54.0
154.0,185.0,440.0,35.0,212.0,261.0,78.0,322.0,191.0,174.0,286.0,196.0,161.0,247.0,180.0
111.0,41.0,157.0,5.0,55.0,102.0,18.0,32.0,158.0,58.0,204.0,70.0,33.0,24.0,43.0
333.0,618.0,542.0,133.0,176.0,521.0,59.0,420.0,570.0,311.0,465.0,449.0,369.0,309.0,155.0
236.0,322.0,360.0,70.0,242.0,393.0,171.0,266.0,343.0,230.0,222.0,288.0,270.0,186.0,213.0
0.0,0.0,111.0,0.0,0.0,0.0,0.0,26.0,0.0,0.0,8.0,456.0,0.0,16.0,0.0
210.0,284.0,428.0,57.0,275.0,374.0,126.0,738.0,293.0,306.0,338.0,430.0,260.0,491.0,247.0
163.0,207.0,247.0,27.0,106.0,293.0,33.0,341.0,171.0,140.0,176.0,174.0,92.0,256.0,87.0
111.0,474.0,507.0,97.0,174.0,324.0,262.0,490.0,480.0,306.0,408.0,374.0,494.0,331.0,172.0
167.0,235.0,590.0,38.0,229.0,272.0,92.0,476.0,223.0,408.0,508.0,803.0,176.0,314.0,201.0
125.0,130.0,639.0,17.0,89.0,225.0,30.0,490.0,120.0,411.0,203.0,799.0,47.0,331.0,74.0
214.0,300.0,126.0,16.0,85.0,373.0,29.0,29.0,428.0,130.0,188.0,117.0,44.0,17.0,73.0
104.0,76.0,142.0,15.0,155.0,221.0,59.0,31.0,107.0,138.0,27.0,138.0,116.0,17.0,122.0
183.0,323.0,356.0,53.0,261.0,393.0,121.0,306.0,302.0,223.0,245.0,263.0,252.0,240.0,240.0
235.0,325.0,374.0,71.0,415.0,422.0,243.0,266.0,297.0,243.0,87.0,298.0,408.0,184.0,262.0
138.0,141.0,487.0,71.0,176.0,249.0,61.0,392.0,111.0,296.0,394.0,139.0,260.0,409.0,153.0
246.0,320.0,396.0,70.0,218.0,404.0,76.0,297.0,343.0,243.0,232.0,298.0,12.0,208.0,180.0
129.0,135.0,363.0,27.0,137.0,294.0,77.0,277.0,163.0,141.0,297.0,76.0,156.0,193.0,111.0
124.0,130.0,252.0,25.0,331.0,253.0,50.0,140.0,545.0,138.0,149.0,139.0,92.0,111.0,250.0
163.0,259.0,278.0,30.0,174.0,328.0,54.0,158.0,181.0,151.0,201.0,162.0,70.0,81.0,125.0
167.0,222.0,299.0,38.0,226.0,308.0,85.0,31.0,222.0,176.0,222.0,218.0,175.0,20.0,182.0
80.0,41.0,379.0,11.0,54.0,102.0,18.0,322.0,76.0,83.0,175.0,72.0,33.0,246.0,42.0
270.0,78.0,661.0,86.0,277.0,212.0,143.0,346.0,430.0,113.0,148.0,108.0,269.0,256.0,250.0
119.0,284.0,252.0,24.0,176.0,306.0,61.0,137.0,164.0,137.0,175.0,172.0,122.0,106.0,182.0
271.0,409.0,395.0,80.0,344.0,479.0,222.0,297.0,419.0,252.0,321.0,307.0,336.0,218.0,422.0
126.0,130.0,215.0,27.0,112.0,188.0,35.0,39.0,170.0,112.0,287.0,101.0,47.0,25.0,87.0
158.0,207.0,279.0,36.0,224.0,82.0,92.0,158.0,224.0,154.0,203.0,178.0,181.0,107.0,181.0
211.0,304.0,346.0,57.0,288.0,388.0,138.0,223.0,425.0,201.0,176.0,249.0,264.0,179.0,331.0
121.0,105.0,260.0,24.0,128.0,213.0,45.0,144.0,163.0,139.0,188.0,140.0,83.0,95.0,99.0
377.0,718.0,447.0,148.0,168.0,999.0,570.0,322.0,248.0,273.0,200.0,323.0,726.0,248.0,31.0
115.0,95.0,157.0,23.0,89.0,205.0,32.0,65.0,145.0,136.0,50.0,190.0,73.0,57.0,74.0
154.0,188.0,224.0,34.0,211.0,261.0,78.0,98.0,193.0,156.0,152.0,178.0,156.0,72.0,175.0
158.0,95.0,283.0,33.0,229.0,210.0,85.0,493.0,223.0,156.0,210.0,174.0,176.0,333.0,202.0
191.0,261.0,283.0,51.0,260.0,319.0,121.0,168.0,272.0,156.0,208.0,175.0,219.0,111.0,238.0
374.0,693.0,661.0,248.0,257.0,103.0,274.0,509.0,171.0,524.0,654.0,158.0,464.0,408.0,229.0
125.0,130.0,536.0,148.0,202.0,230.0,75.0,306.0,601.0,347.0,298.0,470.0,149.0,240.0,173.0
273.0,423.0,392.0,80.0,15.0,479.0,1.0,297.0,419.0,252.0,320.0,307.0,47.0,218.0,4.0
376.0,717.0,222.0,146.0,255.0,656.0,94.0,92.0,571.0,115.0,128.0,101.0,204.0,66.0,229.0
180.0,233.0,461.0,49.0,255.0,320.0,107.0,323.0,253.0,201.0,199.0,101.0,212.0,184.0,231.0
24.0,95.0,693.0,106.0,242.0,208.0,99.0,565.0,500.0,304.0,640.0,430.0,515.0,493.0,214.0
377.0,718.0,488.0,137.0,230.0,216.0,46.0,363.0,571.0,300.0,400.0,98.0,155.0,275.0,201.0
84.0,48.0,142.0,16.0,168.0,143.0,58.0,31.0,120.0,57.0,129.0,187.0,45.0,20.0,125.0
156.0,137.0,290.0,34.0,202.0,230.0,75.0,32.0,194.0,156.0,210.0,117.0,150.0,21.0,173.0
124.0,164.0,251.0,25.0,168.0,254.0,54.0,140.0,144.0,137.0,175.0,137.0,92.0,91.0,134.0
180.0,233.0,313.0,46.0,186.0,261.0,53.0,198.0,233.0,188.0,238.0,207.0,200.0,134.0,156.0
211.0,284.0,336.0,56.0,277.0,369.0,139.0,206.0,293.0,201.0,245.0,186.0,259.0,158.0,262.0
375.0,709.0,476.0,97.0,448.0,741.0,254.0,323.0,570.0,293.0,402.0,348.0,500.0,218.0,582.0
268.0,320.0,414.0,85.0,118.0,404.0,226.0,285.0,454.0,265.0,326.0,317.0,344.0,219.0,94.0
196.0,259.0,347.0,51.0,252.0,206.0,119.0,228.0,276.0,202.0,274.0,254.0,238.0,68.0,218.0
114.0,95.0,242.0,22.0,123.0,200.0,40.0,115.0,145.0,132.0,165.0,254.0,70.0,79.0,93.0
100.0,62.0,206.0,17.0,89.0,155.0,30.0,61.0,119.0,103.0,187.0,84.0,46.0,34.0,74.0
410.0,756.0,639.0,159.0,191.0,741.0,67.0,493.0,616.0,416.0,527.0,822.0,923.0,331.0,175.0
163.0,47.0,361.0,36.0,260.0,133.0,119.0,292.0,210.0,167.0,274.0,178.0,167.0,208.0,238.0
165.0,219.0,300.0,38.0,238.0,297.0,83.0,198.0,224.0,174.0,225.0,193.0,174.0,162.0,182.0
83.0,43.0,255.0,16.0,80.0,124.0,29.0,141.0,117.0,137.0,152.0,133.0,45.0,92.0,55.0
115.0,95.0,336.0,23.0,157.0,103.0,40.0,206.0,145.0,197.0,245.0,167.0,73.0,146.0,119.0
157.0,205.0,999.0,36.0,234.0,281.0,78.0,999.0,181.0,871.0,681.0,999.0,161.0,496.0,122.0
375.0,709.0,550.0,146.0,329.0,388.0,213.0,431.0,579.0,347.0,470.0,263.0,316.0,300.0,274.0
257.0,346.0,363.0,70.0,224.0,437.0,254.0,277.0,363.0,230.0,298.0,288.0,291.0,305.0,182.0
140.0,0.0,283.0,30.0,184.0,0.0,61.0,175.0,180.0,154.0,207.0,172.0,122.0,162.0,155.0
156.0,215.0,336.0,34.0,202.0,294.0,75.0,206.0,193.0,246.0,243.0,302.0,150.0,146.0,172.0
257.0,95.0,336.0,60.0,234.0,208.0,165.0,205.0,302.0,197.0,249.0,231.0,272.0,152.0,220.0
75.0,36.0,293.0,8.0,45.0,160.0,7.0,204.0,69.0,82.0,211.0,70.0,27.0,145.0,30.0
156.0,180.0,294.0,35.0,202.0,260.0,75.0,155.0,197.0,156.0,203.0,186.0,154.0,106.0,173.0
212.0,89.0,346.0,57.0,212.0,203.0,78.0,223.0,237.0,201.0,261.0,248.0,158.0,173.0,64.0
126.0,130.0,190.0,27.0,54.0,215.0,18.0,51.0,171.0,84.0,57.0,158.0,101.0,28.0,99.0
322.0,585.0,339.0,97.0,191.0,521.0,262.0,297.0,483.0,197.0,257.0,241.0,464.0,167.0,155.0
375.0,694.0,532.0,146.0,229.0,663.0,367.0,406.0,503.0,347.0,468.0,423.0,678.0,296.0,190.0
126.0,376.0,258.0,27.0,157.0,534.0,50.0,146.0,173.0,144.0,188.0,158.0,95.0,328.0,30.0
271.0,376.0,385.0,85.0,216.0,460.0,79.0,293.0,431.0,256.0,290.0,263.0,161.0,412.0,173.0
165.0,221.0,440.0,38.0,229.0,144.0,92.0,364.0,213.0,174.0,351.0,212.0,174.0,275.0,192.0
306.0,322.0,396.0,97.0,58.0,319.0,9.0,297.0,483.0,201.0,320.0,249.0,500.0,218.0,44.0
375.0,693.0,657.0,182.0,999.0,247.0,570.0,490.0,616.0,403.0,400.0,207.0,751.0,331.0,999.0
202.0,261.0,300.0,38.0,161.0,362.0,86.0,241.0,222.0,174.0,226.0,196.0,176.0,167.0,125.0
244.0,348.0,360.0,70.0,313.0,319.0,199.0,273.0,314.0,230.0,290.0,288.0,291.0,107.0,351.0
133.0,141.0,247.0,29.0,224.0,249.0,82.0,132.0,177.0,147.0,165.0,151.0,145.0,87.0,180.0
126.0,130.0,201.0,27.0,150.0,230.0,50.0,61.0,172.0,139.0,470.0,138.0,92.0,34.0,99.0
112.0,90.0,126.0,21.0,117.0,200.0,35.0,16.0,270.0,128.0,120.0,117.0,59.0,583.0,89.0
73.0,47.0,111.0,7.0,145.0,143.0,48.0,16.0,50.0,42.0,5.0,126.0,10.0,17.0,116.0
96.0,55.0,207.0,16.0,83.0,175.0,24.0,80.0,168.0,106.0,120.0,91.0,43.0,55.0,63.0
241.0,323.0,507.0,41.0,216.0,268.0,92.0,364.0,223.0,182.0,408.0,203.0,190.0,271.0,154.0
246.0,233.0,170.0,112.0,132.0,319.0,226.0,32.0,452.0,319.0,64.0,456.0,579.0,21.0,102.0
271.0,403.0,438.0,89.0,128.0,462.0,42.0,315.0,333.0,271.0,338.0,323.0,76.0,235.0,94.0
375.0,709.0,550.0,143.0,100.0,255.0,32.0,469.0,676.0,296.0,470.0,173.0,51.0,314.0,80.0
115.0,718.0,252.0,23.0,123.0,687.0,40.0,148.0,145.0,138.0,232.0,139.0,73.0,241.0,95.0
103.0,76.0,223.0,18.0,100.0,159.0,32.0,94.0,122.0,112.0,139.0,101.0,51.0,68.0,81.0
77.0,41.0,187.0,8.0,112.0,0.0,5.0,49.0,120.0,81.0,88.0,68.0,27.0,583.0,87.0
259.0,310.0,207.0,77.0,206.0,390.0,106.0,32.0,170.0,103.0,119.0,76.0,209.0,21.0,212.0
287.0,200.0,447.0,95.0,360.0,280.0,237.0,346.0,457.0,273.0,345.0,325.0,406.0,259.0,455.0
241.0,323.0,303.0,64.0,313.0,173.0,203.0,31.0,314.0,214.0,225.0,268.0,316.0,24.0,213.0
330.0,276.0,550.0,117.0,89.0,462.0,276.0,420.0,547.0,346.0,470.0,460.0,579.0,311.0,80.0
338.0,694.0,507.0,128.0,211.0,663.0,367.0,392.0,551.0,306.0,408.0,460.0,590.0,303.0,175.0
181.0,235.0,347.0,46.0,233.0,333.0,99.0,205.0,227.0,188.0,262.0,207.0,200.0,156.0,218.0
176.0,229.0,247.0,96.0,191.0,315.0,67.0,140.0,466.0,85.0,173.0,76.0,139.0,24.0,156.0
152.0,193.0,283.0,33.0,200.0,222.0,67.0,168.0,188.0,156.0,207.0,174.0,136.0,116.0,170.0
236.0,325.0,351.0,65.0,310.0,393.0,172.0,241.0,314.0,214.0,130.0,50.0,284.0,133.0,125.0
330.0,523.0,311.0,117.0,448.0,518.0,258.0,195.0,425.0,185.0,238.0,207.0,579.0,134.0,175.0
252.0,331.0,457.0,95.0,360.0,393.0,382.0,49.0,457.0,275.0,366.0,374.0,590.0,12.0,406.0
139.0,164.0,271.0,30.0,186.0,254.0,62.0,141.0,178.0,151.0,200.0,162.0,95.0,331.0,155.0
377.0,693.0,536.0,148.0,735.0,276.0,485.0,358.0,660.0,347.0,458.0,460.0,726.0,503.0,881.0
244.0,47.0,240.0,70.0,161.0,101.0,213.0,110.0,341.0,230.0,157.0,288.0,291.0,79.0,125.0
288.0,434.0,440.0,95.0,445.0,484.0,254.0,285.0,454.0,273.0,333.0,325.0,444.0,202.0,574.0
182.0,233.0,336.0,50.0,102.0,320.0,106.0,212.0,253.0,197.0,245.0,241.0,211.0,169.0,97.0
330.0,376.0,507.0,117.0,310.0,468.0,382.0,264.0,547.0,304.0,408.0,323.0,590.0,255.0,341.0
176.0,229.0,300.0,60.0,32.0,315.0,5.0,192.0,302.0,198.0,226.0,264.0,272.0,134.0,12.0
244.0,323.0,361.0,70.0,229.0,388.0,92.0,273.0,341.0,230.0,307.0,288.0,177.0,55.0,274.0
156.0,203.0,257.0,35.0,202.0,280.0,75.0,176.0,195.0,156.0,222.0,187.0,154.0,145.0,172.0
316.0,515.0,639.0,243.0,83.0,490.0,24.0,285.0,172.0,425.0,203.0,822.0,923.0,201.0,73.0
252.0,331.0,339.0,97.0,237.0,425.0,99.0,214.0,197.0,252.0,238.0,348.0,200.0,162.0,212.0
113.0,90.0,207.0,15.0,75.0,197.0,22.0,78.0,103.0,105.0,119.0,126.0,40.0,55.0,55.0
154.0,188.0,298.0,34.0,310.0,281.0,79.0,297.0,193.0,165.0,222.0,196.0,140.0,217.0,329.0
229.0,346.0,215.0,17.0,89.0,249.0,32.0,84.0,120.0,112.0,128.0,100.0,48.0,64.0,74.0
182.0,203.0,661.0,51.0,206.0,280.0,77.0,509.0,270.0,524.0,458.0,203.0,209.0,408.0,175.0
83.0,43.0,701.0,13.0,55.0,222.0,18.0,532.0,103.0,99.0,230.0,76.0,36.0,271.0,43.0
270.0,376.0,414.0,86.0,228.0,144.0,86.0,392.0,428.0,269.0,326.0,322.0,450.0,303.0,187.0
133.0,229.0,294.0,29.0,126.0,310.0,40.0,176.0,173.0,156.0,214.0,175.0,102.0,129.0,97.0
139.0,235.0,372.0,30.0,230.0,144.0,94.0,259.0,184.0,243.0,298.0,298.0,190.0,185.0,201.0
126.0,135.0,332.0,51.0,189.0,56.0,67.0,222.0,271.0,193.0,245.0,236.0,264.0,170.0,157.0
182.0,241.0,322.0,50.0,230.0,348.0,94.0,202.0,252.0,188.0,241.0,221.0,209.0,412.0,201.0
81.0,42.0,440.0,91.0,341.0,112.0,220.0,384.0,466.0,273.0,345.0,323.0,334.0,255.0,238.0
158.0,205.0,336.0,35.0,191.0,288.0,77.0,322.0,199.0,190.0,245.0,221.0,156.0,477.0,175.0
95.0,55.0,208.0,16.0,89.0,155.0,32.0,83.0,197.0,108.0,123.0,98.0,47.0,64.0,74.0
288.0,434.0,337.0,95.0,313.0,362.0,180.0,154.0,454.0,200.0,249.0,246.0,284.0,102.0,351.0
119.0,104.0,246.0,23.0,131.0,213.0,43.0,115.0,147.0,132.0,170.0,127.0,76.0,106.0,101.0
71.0,27.0,206.0,6.0,47.0,56.0,9.0,65.0,24.0,63.0,120.0,47.0,33.0,28.0,32.0
133.0,141.0,258.0,29.0,161.0,249.0,53.0,718.0,173.0,144.0,188.0,155.0,101.0,496.0,124.0
156.0,214.0,281.0,35.0,723.0,294.0,77.0,165.0,197.0,154.0,204.0,167.0,155.0,90.0,202.0
154.0,187.0,350.0,109.0,54.0,235.0,50.0,240.0,500.0,214.0,274.0,304.0,529.0,184.0,42.0
270.0,372.0,372.0,86.0,446.0,445.0,258.0,470.0,430.0,265.0,302.0,317.0,429.0,328.0,155.0
412.0,590.0,564.0,177.0,131.0,250.0,45.0,470.0,638.0,381.0,483.0,149.0,83.0,318.0,157.0
80.0,41.0,111.0,8.0,150.0,102.0,53.0,26.0,81.0,80.0,0.0,68.0,97.0,57.0,124.0
214.0,301.0,693.0,183.0,45.0,397.0,9.0,532.0,120.0,580.0,681.0,894.0,864.0,409.0,32.0
103.0,71.0,263.0,29.0,157.0,159.0,52.0,149.0,177.0,147.0,191.0,156.0,101.0,107.0,84.0
160.0,43.0,126.0,36.0,212.0,127.0,78.0,29.0,194.0,167.0,64.0,190.0,161.0,17.0,180.0
112.0,90.0,252.0,24.0,132.0,306.0,46.0,140.0,163.0,137.0,177.0,137.0,89.0,91.0,107.0
102.0,71.0,254.0,18.0,106.0,160.0,33.0,140.0,122.0,138.0,508.0,138.0,54.0,91.0,87.0
266.0,373.0,355.0,80.0,255.0,439.0,222.0,251.0,425.0,252.0,286.0,330.0,336.0,184.0,229.0
96.0,55.0,187.0,16.0,73.0,155.0,19.0,158.0,111.0,82.0,87.0,98.0,40.0,107.0,52.0
126.0,137.0,386.0,27.0,145.0,249.0,50.0,296.0,170.0,140.0,320.0,138.0,92.0,213.0,117.0
171.0,222.0,336.0,51.0,329.0,308.0,213.0,206.0,270.0,191.0,245.0,228.0,316.0,95.0,406.0
412.0,764.0,639.0,177.0,176.0,479.0,61.0,490.0,638.0,411.0,468.0,348.0,127.0,477.0,153.0
91.0,48.0,207.0,15.0,88.0,143.0,29.0,80.0,111.0,105.0,120.0,84.0,46.0,305.0,71.0
146.0,193.0,258.0,29.0,175.0,247.0,58.0,146.0,180.0,144.0,241.0,138.0,108.0,96.0,469.0
126.0,131.0,255.0,27.0,161.0,268.0,53.0,141.0,170.0,140.0,173.0,151.0,101.0,92.0,127.0
112.0,90.0,299.0,21.0,104.0,390.0,35.0,187.0,145.0,120.0,222.0,113.0,59.0,134.0,82.0
112.0,90.0,278.0,30.0,191.0,390.0,83.0,186.0,181.0,151.0,201.0,162.0,174.0,133.0,157.0
270.0,367.0,657.0,60.0,227.0,445.0,86.0,508.0,302.0,207.0,120.0,263.0,272.0,493.0,183.0
271.0,406.0,350.0,87.0,218.0,468.0,80.0,241.0,457.0,256.0,236.0,312.0,406.0,145.0,180.0
330.0,488.0,507.0,133.0,122.0,491.0,39.0,377.0,568.0,311.0,408.0,446.0,70.0,321.0,87.0
77.0,41.0,224.0,20.0,112.0,86.0,35.0,92.0,117.0,120.0,175.0,115.0,55.0,76.0,87.0
83.0,43.0,208.0,16.0,89.0,127.0,30.0,140.0,117.0,107.0,170.0,395.0,46.0,91.0,69.0
377.0,434.0,661.0,243.0,278.0,486.0,147.0,509.0,233.0,524.0,654.0,280.0,923.0,331.0,153.0
97.0,56.0,212.0,16.0,85.0,155.0,29.0,92.0,117.0,108.0,126.0,98.0,46.0,66.0,72.0
115.0,95.0,999.0,23.0,122.0,227.0,45.0,999.0,145.0,129.0,123.0,76.0,84.0,613.0,95.0
202.0,225.0,488.0,55.0,277.0,310.0,139.0,353.0,290.0,187.0,410.0,214.0,256.0,269.0,248.0
123.0,131.0,267.0,29.0,168.0,238.0,54.0,202.0,171.0,150.0,200.0,162.0,101.0,148.0,0.0
429.0,844.0,507.0,201.0,188.0,348.0,67.0,377.0,222.0,306.0,408.0,446.0,145.0,291.0,156.0
410.0,756.0,549.0,159.0,17.0,373.0,1.0,420.0,428.0,347.0,245.0,470.0,726.0,311.0,11.0
224.0,300.0,363.0,91.0,429.0,373.0,237.0,205.0,165.0,273.0,297.0,323.0,406.0,156.0,566.0
73.0,82.0,130.0,7.0,28.0,205.0,6.0,31.0,46.0,71.0,64.0,98.0,25.0,21.0,12.0
377.0,718.0,536.0,148.0,161.0,56.0,53.0,415.0,182.0,347.0,458.0,460.0,101.0,305.0,125.0
182.0,241.0,336.0,50.0,229.0,315.0,99.0,206.0,253.0,197.0,248.0,241.0,209.0,184.0,190.0
167.0,221.0,240.0,24.0,132.0,297.0,45.0,885.0,162.0,129.0,160.0,101.0,85.0,583.0,107.0
115.0,95.0,239.0,23.0,174.0,214.0,58.0,704.0,147.0,130.0,154.0,98.0,103.0,503.0,91.0
160.0,205.0,251.0,35.0,165.0,281.0,53.0,137.0,199.0,165.0,345.0,346.0,156.0,134.0,127.0
288.0,434.0,661.0,91.0,47.0,486.0,15.0,509.0,518.0,273.0,658.0,323.0,35.0,343.0,38.0
178.0,231.0,316.0,45.0,255.0,254.0,99.0,201.0,237.0,188.0,240.0,212.0,200.0,137.0,242.0
115.0,95.0,240.0,23.0,161.0,210.0,53.0,132.0,145.0,129.0,160.0,126.0,76.0,68.0,157.0
244.0,348.0,363.0,70.0,310.0,448.0,184.0,280.0,341.0,230.0,298.0,288.0,288.0,201.0,316.0
114.0,56.0,184.0,8.0,311.0,155.0,6.0,45.0,54.0,42.0,27.0,58.0,26.0,25.0,334.0
259.0,90.0,348.0,45.0,233.0,203.0,94.0,232.0,223.0,184.0,272.0,207.0,196.0,180.0,202.0
104.0,78.0,224.0,20.0,106.0,235.0,35.0,98.0,147.0,120.0,148.0,72.0,54.0,477.0,87.0
100.0,62.0,208.0,17.0,89.0,155.0,30.0,82.0,120.0,108.0,128.0,100.0,46.0,331.0,72.0
111.0,87.0,239.0,21.0,100.0,144.0,39.0,155.0,103.0,120.0,179.0,114.0,59.0,90.0,81.0
271.0,391.0,582.0,86.0,175.0,462.0,58.0,470.0,431.0,403.0,470.0,705.0,309.0,319.0,140.0
73.0,323.0,204.0,7.0,45.0,418.0,6.0,49.0,54.0,92.0,164.0,76.0,26.0,62.0,54.0
375.0,694.0,532.0,140.0,54.0,656.0,18.0,406.0,571.0,347.0,470.0,312.0,40.0,308.0,43.0
182.0,241.0,323.0,50.0,141.0,344.0,106.0,204.0,253.0,190.0,261.0,221.0,211.0,116.0,118.0
165.0,205.0,299.0,38.0,228.0,425.0,83.0,187.0,210.0,174.0,222.0,181.0,174.0,133.0,218.0
257.0,346.0,550.0,77.0,341.0,437.0,220.0,431.0,425.0,144.0,470.0,140.0,334.0,296.0,406.0
139.0,163.0,252.0,30.0,134.0,256.0,50.0,140.0,180.0,151.0,238.0,162.0,97.0,91.0,111.0
114.0,92.0,215.0,17.0,160.0,203.0,50.0,327.0,122.0,112.0,173.0,68.0,54.0,248.0,124.0
259.0,238.0,360.0,78.0,446.0,344.0,258.0,158.0,347.0,247.0,297.0,303.0,330.0,111.0,582.0
152.0,179.0,487.0,30.0,165.0,260.0,61.0,296.0,182.0,296.0,394.0,165.0,122.0,218.0,64.0
232.0,304.0,310.0,64.0,310.0,407.0,170.0,195.0,313.0,214.0,234.0,268.0,276.0,167.0,188.0
237.0,325.0,312.0,70.0,134.0,261.0,45.0,214.0,363.0,246.0,321.0,304.0,83.0,218.0,95.0
146.0,154.0,267.0,29.0,175.0,253.0,58.0,175.0,173.0,147.0,200.0,158.0,102.0,133.0,144.0
100.0,62.0,214.0,17.0,174.0,155.0,58.0,141.0,119.0,108.0,128.0,100.0,46.0,102.0,142.0
414.0,764.0,542.0,153.0,28.0,369.0,4.0,168.0,568.0,358.0,465.0,580.0,726.0,26.0,84.0
330.0,376.0,487.0,110.0,73.0,460.0,19.0,346.0,551.0,296.0,394.0,304.0,583.0,309.0,44.0
180.0,233.0,317.0,49.0,206.0,261.0,99.0,202.0,223.0,188.0,241.0,220.0,202.0,145.0,175.0
138.0,164.0,257.0,29.0,174.0,319.0,58.0,146.0,180.0,147.0,189.0,174.0,103.0,111.0,173.0
244.0,323.0,363.0,70.0,313.0,280.0,199.0,277.0,343.0,230.0,298.0,288.0,291.0,196.0,182.0
104.0,78.0,204.0,19.0,85.0,188.0,45.0,62.0,129.0,101.0,108.0,68.0,76.0,35.0,64.0
119.0,104.0,246.0,23.0,128.0,212.0,42.0,130.0,141.0,132.0,170.0,127.0,76.0,311.0,99.0
210.0,276.0,582.0,80.0,37.0,220.0,222.0,16.0,425.0,404.0,509.0,277.0,336.0,16.0,153.0
319.0,523.0,500.0,109.0,218.0,521.0,108.0,363.0,501.0,304.0,408.0,203.0,214.0,269.0,242.0
233.0,325.0,396.0,65.0,310.0,422.0,174.0,297.0,314.0,150.0,322.0,76.0,284.0,269.0,153.0
130.0,103.0,263.0,29.0,157.0,211.0,50.0,149.0,173.0,147.0,249.0,155.0,101.0,101.0,119.0
270.0,274.0,417.0,86.0,217.0,362.0,79.0,490.0,431.0,265.0,333.0,317.0,167.0,491.0,180.0
183.0,249.0,330.0,50.0,176.0,344.0,61.0,205.0,253.0,190.0,210.0,231.0,127.0,156.0,148.0
333.0,585.0,395.0,133.0,123.0,518.0,33.0,297.0,547.0,252.0,321.0,244.0,579.0,217.0,95.0
152.0,338.0,206.0,33.0,134.0,430.0,5.0,65.0,187.0,154.0,87.0,172.0,127.0,81.0,155.0
83.0,48.0,170.0,15.0,83.0,156.0,23.0,0.0,99.0,76.0,179.0,61.0,42.0,0.0,54.0
322.0,769.0,311.0,19.0,106.0,393.0,35.0,197.0,117.0,184.0,236.0,241.0,59.0,134.0,87.0
244.0,62.0,438.0,89.0,445.0,155.0,254.0,316.0,452.0,271.0,338.0,323.0,408.0,241.0,574.0
410.0,844.0,542.0,159.0,47.0,809.0,13.0,420.0,197.0,358.0,389.0,799.0,726.0,269.0,32.0
104.0,78.0,224.0,19.0,86.0,173.0,29.0,146.0,125.0,114.0,152.0,151.0,54.0,96.0,107.0
270.0,338.0,438.0,87.0,410.0,430.0,243.0,216.0,430.0,271.0,338.0,323.0,408.0,173.0,406.0
163.0,376.0,747.0,36.0,112.0,445.0,62.0,738.0,210.0,660.0,833.0,856.0,168.0,496.0,87.0
156.0,187.0,222.0,5.0,17.0,270.0,2.0,90.0,12.0,75.0,345.0,61.0,5.0,34.0,12.0
114.0,92.0,240.0,21.0,128.0,203.0,42.0,109.0,139.0,129.0,157.0,133.0,47.0,76.0,99.0
130.0,137.0,105.0,29.0,80.0,241.0,23.0,15.0,178.0,147.0,5.0,221.0,42.0,16.0,55.0
111.0,90.0,240.0,21.0,0.0,127.0,2.0,364.0,357.0,120.0,164.0,117.0,33.0,275.0,0.0
152.0,235.0,283.0,33.0,191.0,333.0,67.0,168.0,188.0,154.0,207.0,172.0,139.0,119.0,107.0
244.0,323.0,382.0,70.0,313.0,112.0,199.0,358.0,341.0,246.0,309.0,301.0,291.0,269.0,122.0
97.0,55.0,214.0,16.0,85.0,154.0,29.0,83.0,117.0,108.0,126.0,98.0,46.0,491.0,72.0
271.0,409.0,337.0,87.0,403.0,462.0,230.0,205.0,501.0,265.0,248.0,317.0,406.0,81.0,469.0
100.0,62.0,747.0,20.0,117.0,156.0,35.0,704.0,232.0,660.0,91.0,178.0,55.0,493.0,101.0
111.0,87.0,224.0,20.0,112.0,173.0,35.0,98.0,134.0,120.0,149.0,114.0,55.0,72.0,87.0
87.0,48.0,142.0,15.0,50.0,143.0,22.0,31.0,109.0,105.0,29.0,68.0,40.0,21.0,25.0
202.0,274.0,738.0,51.0,365.0,362.0,226.0,704.0,341.0,595.0,243.0,95.0,337.0,493.0,331.0
256.0,332.0,372.0,71.0,476.0,216.0,382.0,204.0,347.0,243.0,302.0,303.0,464.0,149.0,582.0
319.0,281.0,580.0,183.0,238.0,373.0,230.0,438.0,660.0,404.0,408.0,277.0,380.0,305.0,214.0
338.0,257.0,657.0,133.0,331.0,348.0,217.0,532.0,145.0,319.0,410.0,456.0,330.0,409.0,469.0
256.0,332.0,361.0,71.0,329.0,429.0,217.0,273.0,332.0,243.0,297.0,298.0,331.0,291.0,99.0
130.0,137.0,570.0,29.0,331.0,249.0,217.0,469.0,172.0,138.0,658.0,138.0,583.0,314.0,404.0
167.0,253.0,111.0,38.0,15.0,348.0,1.0,16.0,222.0,25.0,5.0,0.0,176.0,16.0,4.0
171.0,37.0,311.0,41.0,191.0,312.0,65.0,197.0,223.0,182.0,245.0,204.0,190.0,145.0,158.0
139.0,163.0,278.0,30.0,226.0,254.0,78.0,155.0,171.0,151.0,201.0,162.0,158.0,106.0,181.0
152.0,40.0,639.0,33.0,176.0,86.0,61.0,493.0,199.0,368.0,402.0,580.0,122.0,333.0,153.0
410.0,210.0,657.0,183.0,150.0,460.0,54.0,509.0,288.0,404.0,508.0,374.0,101.0,305.0,122.0
259.0,306.0,363.0,77.0,341.0,362.0,220.0,264.0,173.0,247.0,299.0,303.0,334.0,192.0,416.0
121.0,105.0,208.0,23.0,168.0,212.0,54.0,78.0,369.0,137.0,123.0,100.0,101.0,64.0,125.0
114.0,92.0,240.0,22.0,83.0,203.0,39.0,109.0,141.0,129.0,149.0,118.0,70.0,477.0,66.0
314.0,488.0,530.0,97.0,476.0,490.0,262.0,493.0,270.0,293.0,419.0,348.0,500.0,130.0,54.0
375.0,694.0,532.0,140.0,524.0,349.0,274.0,415.0,571.0,346.0,449.0,185.0,515.0,311.0,808.0
259.0,348.0,283.0,45.0,234.0,429.0,99.0,251.0,197.0,156.0,207.0,174.0,204.0,184.0,170.0
271.0,234.0,184.0,87.0,341.0,249.0,247.0,45.0,431.0,296.0,94.0,355.0,406.0,134.0,416.0
182.0,241.0,449.0,51.0,277.0,348.0,139.0,322.0,184.0,196.0,325.0,249.0,264.0,174.0,248.0
158.0,205.0,201.0,38.0,243.0,362.0,79.0,156.0,222.0,92.0,100.0,76.0,145.0,55.0,214.0
212.0,284.0,590.0,60.0,242.0,373.0,147.0,440.0,302.0,411.0,414.0,799.0,269.0,119.0,214.0
288.0,461.0,238.0,23.0,126.0,489.0,45.0,103.0,172.0,120.0,152.0,114.0,84.0,91.0,96.0
140.0,187.0,300.0,5.0,45.0,270.0,7.0,192.0,54.0,176.0,173.0,197.0,4.0,493.0,32.0
214.0,301.0,310.0,60.0,966.0,362.0,274.0,195.0,302.0,213.0,238.0,263.0,276.0,134.0,404.0
214.0,300.0,347.0,60.0,189.0,276.0,148.0,228.0,302.0,203.0,257.0,164.0,270.0,133.0,160.0
130.0,137.0,271.0,30.0,238.0,249.0,53.0,155.0,180.0,151.0,187.0,162.0,101.0,82.0,215.0
158.0,194.0,240.0,35.0,260.0,280.0,121.0,45.0,195.0,136.0,84.0,127.0,252.0,25.0,201.0
123.0,135.0,111.0,24.0,137.0,241.0,53.0,509.0,158.0,25.0,5.0,0.0,89.0,408.0,111.0
91.0,63.0,207.0,15.0,83.0,155.0,23.0,94.0,178.0,106.0,158.0,101.0,42.0,66.0,63.0
257.0,304.0,251.0,23.0,131.0,388.0,43.0,132.0,182.0,132.0,191.0,126.0,77.0,312.0,101.0
152.0,185.0,281.0,33.0,175.0,261.0,58.0,165.0,187.0,154.0,203.0,165.0,127.0,130.0,188.0
374.0,693.0,392.0,80.0,344.0,429.0,222.0,297.0,425.0,252.0,321.0,288.0,336.0,217.0,422.0
156.0,188.0,290.0,34.0,229.0,276.0,92.0,27.0,195.0,156.0,210.0,158.0,181.0,17.0,74.0
229.0,310.0,361.0,70.0,243.0,390.0,99.0,312.0,332.0,228.0,100.0,287.0,284.0,241.0,215.0
126.0,131.0,240.0,23.0,131.0,235.0,43.0,110.0,158.0,132.0,154.0,127.0,73.0,76.0,91.0
181.0,219.0,549.0,51.0,234.0,297.0,217.0,508.0,105.0,58.0,468.0,23.0,330.0,319.0,247.0
196.0,233.0,336.0,49.0,118.0,320.0,48.0,313.0,297.0,188.0,245.0,220.0,161.0,256.0,94.0
259.0,372.0,392.0,80.0,360.0,445.0,222.0,297.0,425.0,252.0,320.0,303.0,336.0,271.0,473.0
137.0,71.0,326.0,61.0,100.0,160.0,26.0,323.0,314.0,198.0,243.0,241.0,272.0,247.0,44.0
97.0,55.0,179.0,6.0,174.0,143.0,53.0,32.0,95.0,61.0,226.0,58.0,101.0,21.0,154.0
187.0,253.0,336.0,51.0,253.0,348.0,99.0,205.0,213.0,185.0,245.0,208.0,211.0,156.0,341.0
123.0,219.0,481.0,14.0,85.0,297.0,28.0,342.0,76.0,296.0,387.0,355.0,46.0,258.0,248.0
374.0,693.0,320.0,137.0,329.0,390.0,391.0,204.0,570.0,319.0,241.0,197.0,639.0,119.0,604.0
100.0,62.0,238.0,17.0,88.0,155.0,30.0,156.0,129.0,107.0,152.0,98.0,46.0,107.0,72.0
152.0,179.0,281.0,33.0,54.0,260.0,16.0,73.0,177.0,154.0,204.0,138.0,127.0,57.0,148.0
156.0,193.0,283.0,34.0,202.0,312.0,75.0,165.0,194.0,156.0,211.0,100.0,150.0,184.0,126.0
130.0,137.0,190.0,29.0,161.0,277.0,53.0,51.0,171.0,151.0,94.0,162.0,101.0,122.0,119.0
152.0,180.0,271.0,30.0,202.0,260.0,67.0,264.0,182.0,151.0,200.0,162.0,139.0,269.0,172.0
156.0,304.0,290.0,34.0,89.0,388.0,75.0,62.0,194.0,156.0,210.0,173.0,149.0,35.0,74.0
270.0,261.0,411.0,86.0,212.0,358.0,61.0,342.0,430.0,264.0,320.0,323.0,369.0,300.0,182.0
165.0,225.0,294.0,36.0,175.0,393.0,61.0,181.0,198.0,167.0,211.0,186.0,145.0,133.0,107.0
152.0,179.0,532.0,243.0,155.0,260.0,570.0,406.0,858.0,521.0,449.0,856.0,905.0,205.0,119.0
376.0,717.0,530.0,148.0,131.0,490.0,43.0,403.0,601.0,356.0,419.0,126.0,693.0,12.0,42.0
158.0,205.0,330.0,35.0,279.0,289.0,77.0,200.0,199.0,192.0,244.0,197.0,156.0,185.0,274.0
102.0,78.0,215.0,17.0,145.0,182.0,50.0,84.0,122.0,112.0,128.0,100.0,48.0,62.0,117.0
76.0,43.0,184.0,8.0,15.0,124.0,5.0,62.0,54.0,80.0,509.0,72.0,25.0,35.0,4.0
81.0,41.0,187.0,11.0,186.0,200.0,15.0,49.0,204.0,82.0,88.0,68.0,33.0,66.0,156.0
104.0,78.0,190.0,19.0,83.0,175.0,35.0,192.0,188.0,99.0,91.0,76.0,54.0,133.0,54.0
120.0,64.0,279.0,29.0,174.0,156.0,59.0,160.0,178.0,151.0,200.0,162.0,109.0,107.0,140.0
211.0,278.0,564.0,217.0,313.0,365.0,274.0,403.0,829.0,416.0,214.0,282.0,500.0,305.0,334.0
330.0,474.0,500.0,117.0,122.0,490.0,35.0,155.0,547.0,304.0,408.0,428.0,59.0,106.0,91.0
288.0,180.0,449.0,95.0,45.0,260.0,9.0,322.0,454.0,273.0,238.0,323.0,45.0,246.0,32.0
154.0,185.0,336.0,43.0,229.0,261.0,99.0,175.0,223.0,197.0,248.0,241.0,200.0,107.0,190.0
126.0,130.0,240.0,21.0,184.0,213.0,32.0,148.0,139.0,129.0,157.0,118.0,49.0,96.0,155.0
187.0,276.0,207.0,38.0,230.0,374.0,86.0,78.0,223.0,174.0,139.0,196.0,174.0,55.0,201.0
232.0,306.0,363.0,67.0,312.0,389.0,180.0,206.0,330.0,227.0,298.0,325.0,284.0,131.0,107.0
287.0,461.0,440.0,95.0,410.0,490.0,226.0,316.0,457.0,273.0,382.0,307.0,344.0,219.0,678.0
115.0,95.0,294.0,23.0,117.0,206.0,38.0,363.0,145.0,150.0,208.0,162.0,70.0,271.0,38.0
235.0,310.0,386.0,65.0,310.0,390.0,172.0,296.0,314.0,223.0,320.0,277.0,284.0,213.0,329.0
123.0,115.0,257.0,25.0,131.0,220.0,45.0,146.0,95.0,138.0,187.0,137.0,83.0,96.0,82.0
75.0,36.0,207.0,6.0,43.0,276.0,6.0,73.0,24.0,61.0,117.0,91.0,4.0,55.0,127.0
169.0,231.0,298.0,40.0,217.0,315.0,98.0,186.0,223.0,176.0,208.0,185.0,200.0,134.0,275.0
132.0,135.0,206.0,27.0,83.0,315.0,24.0,65.0,171.0,144.0,290.0,162.0,97.0,72.0,55.0
288.0,461.0,449.0,95.0,303.0,486.0,226.0,322.0,483.0,275.0,338.0,330.0,337.0,246.0,82.0
330.0,304.0,500.0,117.0,331.0,388.0,253.0,363.0,547.0,304.0,408.0,428.0,438.0,271.0,406.0
75.0,276.0,180.0,7.0,32.0,215.0,5.0,82.0,103.0,75.0,63.0,95.0,25.0,64.0,12.0
191.0,409.0,360.0,67.0,341.0,445.0,220.0,266.0,332.0,150.0,320.0,162.0,288.0,179.0,131.0
414.0,769.0,580.0,183.0,175.0,390.0,598.0,470.0,222.0,404.0,654.0,856.0,888.0,305.0,144.0
71.0,27.0,125.0,5.0,132.0,42.0,2.0,16.0,302.0,58.0,13.0,101.0,5.0,16.0,107.0
176.0,229.0,310.0,41.0,999.0,328.0,999.0,280.0,223.0,182.0,200.0,218.0,156.0,185.0,999.0
97.0,56.0,179.0,16.0,89.0,155.0,29.0,83.0,117.0,42.0,199.0,23.0,46.0,64.0,73.0
147.0,179.0,355.0,70.0,277.0,249.0,143.0,420.0,347.0,225.0,286.0,282.0,269.0,275.0,250.0
96.0,55.0,111.0,16.0,117.0,215.0,37.0,26.0,178.0,108.0,8.0,98.0,43.0,16.0,96.0
270.0,373.0,414.0,86.0,448.0,445.0,261.0,297.0,430.0,265.0,243.0,317.0,288.0,218.0,604.0
176.0,229.0,317.0,45.0,229.0,315.0,86.0,137.0,103.0,188.0,240.0,214.0,200.0,88.0,190.0
246.0,222.0,346.0,32.0,176.0,308.0,61.0,223.0,184.0,319.0,262.0,456.0,123.0,173.0,173.0
152.0,185.0,184.0,33.0,174.0,268.0,58.0,45.0,173.0,139.0,87.0,105.0,127.0,27.0,127.0
232.0,310.0,392.0,80.0,208.0,390.0,382.0,280.0,431.0,252.0,320.0,323.0,590.0,196.0,175.0
257.0,346.0,386.0,77.0,999.0,388.0,598.0,32.0,187.0,247.0,320.0,303.0,330.0,21.0,999.0
319.0,523.0,481.0,109.0,261.0,521.0,126.0,342.0,503.0,296.0,387.0,374.0,259.0,256.0,242.0
412.0,764.0,536.0,177.0,446.0,382.0,258.0,470.0,199.0,347.0,458.0,463.0,450.0,333.0,574.0
183.0,235.0,363.0,51.0,255.0,319.0,107.0,293.0,270.0,191.0,299.0,228.0,212.0,208.0,229.0
134.0,145.0,207.0,27.0,123.0,249.0,50.0,493.0,171.0,106.0,218.0,98.0,101.0,333.0,140.0
271.0,227.0,461.0,91.0,117.0,312.0,35.0,327.0,454.0,275.0,366.0,280.0,406.0,248.0,91.0
224.0,304.0,379.0,67.0,131.0,388.0,45.0,296.0,194.0,201.0,309.0,241.0,288.0,218.0,101.0
97.0,145.0,661.0,243.0,123.0,250.0,40.0,508.0,369.0,521.0,658.0,856.0,97.0,343.0,96.0
271.0,409.0,414.0,86.0,233.0,348.0,99.0,312.0,430.0,265.0,326.0,317.0,195.0,219.0,333.0
264.0,367.0,395.0,80.0,278.0,422.0,217.0,232.0,333.0,252.0,321.0,305.0,331.0,68.0,262.0
96.0,55.0,125.0,6.0,278.0,155.0,138.0,27.0,34.0,61.0,13.0,133.0,239.0,20.0,247.0
273.0,76.0,395.0,80.0,329.0,143.0,226.0,192.0,501.0,252.0,325.0,302.0,337.0,145.0,404.0
105.0,62.0,222.0,18.0,117.0,156.0,38.0,156.0,122.0,120.0,122.0,117.0,68.0,101.0,94.0
81.0,47.0,326.0,51.0,233.0,127.0,95.0,181.0,271.0,191.0,239.0,228.0,190.0,130.0,201.0
95.0,55.0,212.0,16.0,83.0,160.0,15.0,83.0,111.0,108.0,130.0,101.0,33.0,64.0,54.0
271.0,301.0,438.0,89.0,233.0,324.0,138.0,969.0,452.0,271.0,338.0,323.0,693.0,613.0,198.0
152.0,182.0,283.0,33.0,189.0,261.0,67.0,168.0,187.0,154.0,207.0,178.0,136.0,119.0,178.0
152.0,205.0,294.0,32.0,191.0,281.0,70.0,176.0,184.0,154.0,218.0,165.0,128.0,82.0,158.0
288.0,461.0,438.0,96.0,966.0,486.0,247.0,316.0,466.0,271.0,338.0,282.0,419.0,241.0,678.0
147.0,169.0,488.0,33.0,188.0,213.0,67.0,353.0,223.0,300.0,400.0,395.0,136.0,269.0,155.0
52.0,48.0,336.0,51.0,311.0,133.0,188.0,198.0,191.0,196.0,245.0,236.0,238.0,555.0,334.0
375.0,137.0,476.0,143.0,242.0,296.0,99.0,341.0,571.0,322.0,386.0,457.0,202.0,583.0,153.0
232.0,693.0,351.0,64.0,341.0,468.0,213.0,200.0,313.0,214.0,275.0,249.0,276.0,179.0,406.0
273.0,222.0,475.0,89.0,226.0,308.0,217.0,331.0,500.0,271.0,366.0,323.0,330.0,269.0,181.0
330.0,367.0,500.0,117.0,224.0,365.0,382.0,470.0,545.0,304.0,408.0,428.0,590.0,319.0,182.0
167.0,221.0,299.0,38.0,229.0,144.0,86.0,601.0,223.0,176.0,222.0,197.0,176.0,458.0,170.0
120.0,105.0,582.0,23.0,117.0,216.0,37.0,476.0,162.0,425.0,187.0,856.0,68.0,321.0,88.0
134.0,137.0,326.0,51.0,200.0,247.0,105.0,200.0,223.0,192.0,243.0,231.0,212.0,169.0,127.0
257.0,325.0,311.0,71.0,242.0,418.0,253.0,197.0,363.0,243.0,286.0,263.0,334.0,145.0,214.0
317.0,515.0,488.0,112.0,476.0,448.0,262.0,353.0,178.0,300.0,239.0,387.0,579.0,269.0,179.0
132.0,137.0,263.0,29.0,137.0,270.0,46.0,154.0,173.0,147.0,188.0,108.0,89.0,102.0,110.0
178.0,231.0,220.0,45.0,228.0,312.0,95.0,90.0,223.0,112.0,148.0,101.0,195.0,107.0,187.0
233.0,214.0,355.0,65.0,311.0,297.0,184.0,251.0,314.0,223.0,287.0,277.0,288.0,184.0,131.0
97.0,56.0,514.0,16.0,86.0,156.0,29.0,398.0,117.0,319.0,414.0,460.0,46.0,305.0,0.0
152.0,182.0,279.0,33.0,188.0,261.0,67.0,158.0,182.0,156.0,203.0,175.0,140.0,107.0,156.0
288.0,434.0,999.0,95.0,128.0,489.0,45.0,999.0,457.0,273.0,681.0,325.0,83.0,999.0,95.0
81.0,43.0,254.0,26.0,131.0,124.0,46.0,141.0,168.0,138.0,299.0,138.0,89.0,130.0,101.0
126.0,133.0,580.0,95.0,446.0,235.0,258.0,469.0,503.0,273.0,500.0,325.0,464.0,321.0,117.0
377.0,717.0,536.0,148.0,174.0,663.0,58.0,415.0,579.0,347.0,458.0,470.0,109.0,305.0,134.0
77.0,41.0,346.0,71.0,117.0,154.0,213.0,251.0,400.0,243.0,252.0,302.0,316.0,184.0,94.0
167.0,221.0,300.0,38.0,197.0,296.0,83.0,186.0,223.0,176.0,250.0,178.0,176.0,218.0,220.0
157.0,222.0,852.0,35.0,203.0,308.0,76.0,738.0,198.0,167.0,274.0,197.0,155.0,503.0,173.0
103.0,72.0,549.0,183.0,132.0,155.0,70.0,420.0,660.0,358.0,468.0,582.0,256.0,309.0,107.0
126.0,106.0,254.0,27.0,155.0,214.0,50.0,140.0,170.0,140.0,188.0,137.0,92.0,95.0,119.0
83.0,43.0,348.0,11.0,100.0,124.0,23.0,232.0,141.0,207.0,345.0,263.0,43.0,57.0,81.0
126.0,130.0,294.0,25.0,157.0,230.0,50.0,306.0,168.0,115.0,218.0,190.0,92.0,613.0,122.0
100.0,62.0,252.0,21.0,45.0,156.0,18.0,323.0,163.0,137.0,148.0,139.0,47.0,247.0,31.0
112.0,89.0,457.0,21.0,75.0,191.0,28.0,327.0,139.0,196.0,366.0,387.0,45.0,248.0,55.0
375.0,694.0,256.0,146.0,639.0,663.0,253.0,144.0,579.0,347.0,165.0,470.0,515.0,79.0,808.0
246.0,331.0,363.0,70.0,313.0,82.0,170.0,277.0,270.0,228.0,248.0,287.0,284.0,196.0,12.0
181.0,234.0,330.0,50.0,234.0,280.0,96.0,364.0,253.0,192.0,244.0,582.0,211.0,275.0,99.0
87.0,48.0,239.0,11.0,32.0,144.0,19.0,111.0,500.0,129.0,243.0,124.0,33.0,81.0,12.0
167.0,227.0,396.0,38.0,227.0,315.0,99.0,299.0,253.0,174.0,5.0,196.0,200.0,185.0,234.0
0.0,0.0,180.0,0.0,360.0,0.0,0.0,39.0,0.0,76.0,64.0,58.0,0.0,24.0,390.0
111.0,89.0,246.0,21.0,122.0,281.0,40.0,124.0,122.0,120.0,295.0,113.0,70.0,27.0,94.0
211.0,284.0,855.0,57.0,227.0,348.0,85.0,940.0,297.0,201.0,999.0,248.0,264.0,628.0,190.0
232.0,306.0,428.0,64.0,311.0,389.0,171.0,313.0,313.0,271.0,373.0,323.0,276.0,235.0,422.0
146.0,71.0,283.0,31.0,175.0,324.0,61.0,163.0,184.0,154.0,207.0,162.0,122.0,111.0,140.0
101.0,135.0,224.0,20.0,226.0,241.0,45.0,155.0,117.0,120.0,286.0,115.0,85.0,106.0,134.0
133.0,141.0,263.0,29.0,191.0,249.0,67.0,149.0,173.0,147.0,200.0,98.0,92.0,116.0,158.0
123.0,115.0,411.0,24.0,47.0,270.0,16.0,306.0,163.0,137.0,286.0,138.0,90.0,245.0,32.0
140.0,274.0,311.0,11.0,50.0,362.0,16.0,200.0,81.0,275.0,204.0,338.0,33.0,510.0,81.0
115.0,103.0,240.0,23.0,434.0,211.0,43.0,111.0,145.0,129.0,160.0,134.0,76.0,106.0,566.0
83.0,43.0,310.0,38.0,310.0,127.0,184.0,391.0,222.0,174.0,234.0,197.0,175.0,308.0,331.0
103.0,76.0,340.0,15.0,0.0,164.0,18.0,391.0,103.0,105.0,248.0,81.0,36.0,305.0,0.0
73.0,27.0,353.0,6.0,138.0,60.0,18.0,273.0,38.0,160.0,286.0,221.0,19.0,248.0,43.0
181.0,234.0,322.0,45.0,211.0,328.0,75.0,292.0,239.0,188.0,241.0,134.0,200.0,208.0,175.0
316.0,515.0,639.0,106.0,288.0,491.0,274.0,532.0,501.0,411.0,222.0,117.0,515.0,409.0,43.0
0.0,0.0,0.0,0.0,168.0,0.0,54.0,0.0,12.0,0.0,0.0,47.0,0.0,0.0,30.0
157.0,205.0,322.0,35.0,242.0,277.0,77.0,163.0,198.0,188.0,240.0,221.0,155.0,102.0,202.0
96.0,55.0,208.0,16.0,104.0,154.0,34.0,82.0,119.0,106.0,117.0,423.0,45.0,64.0,84.0
103.0,72.0,222.0,18.0,310.0,188.0,174.0,202.0,122.0,113.0,108.0,105.0,284.0,148.0,114.0
317.0,43.0,485.0,106.0,217.0,127.0,274.0,342.0,500.0,296.0,236.0,355.0,524.0,245.0,172.0
156.0,193.0,290.0,34.0,211.0,294.0,92.0,176.0,139.0,156.0,210.0,181.0,181.0,125.0,175.0
202.0,276.0,351.0,51.0,248.0,393.0,107.0,240.0,281.0,214.0,234.0,263.0,212.0,184.0,234.0
257.0,338.0,580.0,77.0,344.0,439.0,222.0,470.0,139.0,404.0,509.0,117.0,336.0,319.0,422.0
154.0,187.0,488.0,33.0,191.0,270.0,69.0,358.0,193.0,300.0,400.0,231.0,140.0,256.0,181.0
75.0,0.0,337.0,60.0,279.0,0.0,148.0,313.0,271.0,199.0,249.0,244.0,270.0,196.0,274.0
244.0,323.0,363.0,70.0,288.0,430.0,165.0,280.0,341.0,230.0,408.0,117.0,272.0,201.0,247.0
271.0,406.0,530.0,87.0,175.0,277.0,237.0,363.0,454.0,213.0,402.0,263.0,408.0,271.0,131.0
163.0,214.0,303.0,41.0,255.0,296.0,107.0,194.0,172.0,176.0,13.0,204.0,212.0,133.0,262.0
410.0,769.0,648.0,217.0,175.0,767.0,98.0,490.0,829.0,416.0,458.0,705.0,905.0,331.0,127.0
287.0,187.0,440.0,95.0,262.0,270.0,121.0,313.0,457.0,273.0,264.0,323.0,239.0,146.0,246.0
119.0,103.0,348.0,63.0,85.0,211.0,170.0,313.0,314.0,207.0,272.0,263.0,276.0,240.0,64.0
133.0,141.0,263.0,29.0,175.0,249.0,61.0,149.0,173.0,147.0,210.0,156.0,102.0,159.0,155.0
182.0,235.0,313.0,49.0,191.0,390.0,67.0,200.0,545.0,188.0,239.0,220.0,136.0,145.0,157.0
154.0,179.0,281.0,30.0,157.0,260.0,53.0,165.0,180.0,151.0,203.0,162.0,101.0,292.0,119.0
244.0,323.0,363.0,70.0,132.0,418.0,217.0,290.0,343.0,230.0,298.0,288.0,331.0,205.0,122.0
73.0,41.0,485.0,7.0,253.0,362.0,274.0,346.0,46.0,296.0,414.0,355.0,27.0,259.0,215.0
104.0,78.0,183.0,19.0,132.0,173.0,45.0,45.0,122.0,76.0,0.0,68.0,54.0,25.0,125.0
163.0,215.0,294.0,36.0,208.0,294.0,82.0,180.0,210.0,174.0,210.0,185.0,171.0,196.0,174.0
70.0,45.0,507.0,133.0,445.0,127.0,339.0,384.0,570.0,311.0,410.0,430.0,590.0,292.0,131.0
134.0,182.0,298.0,35.0,55.0,280.0,18.0,214.0,210.0,171.0,220.0,186.0,156.0,305.0,38.0
235.0,316.0,532.0,63.0,503.0,390.0,274.0,403.0,314.0,347.0,419.0,463.0,524.0,65.0,678.0
156.0,193.0,303.0,34.0,341.0,277.0,213.0,194.0,198.0,176.0,230.0,207.0,656.0,134.0,406.0
133.0,141.0,310.0,27.0,157.0,249.0,58.0,200.0,171.0,141.0,173.0,149.0,108.0,145.0,119.0
126.0,130.0,281.0,17.0,89.0,230.0,30.0,165.0,120.0,84.0,234.0,76.0,46.0,205.0,56.0
137.0,133.0,111.0,3.0,17.0,241.0,1.0,26.0,12.0,57.0,8.0,338.0,4.0,16.0,9.0
429.0,434.0,293.0,201.0,966.0,490.0,598.0,176.0,500.0,425.0,207.0,449.0,905.0,129.0,153.0
246.0,332.0,346.0,65.0,112.0,430.0,35.0,223.0,314.0,188.0,249.0,218.0,284.0,292.0,87.0
157.0,210.0,511.0,35.0,203.0,294.0,76.0,392.0,187.0,160.0,91.0,175.0,156.0,271.0,173.0
84.0,43.0,481.0,15.0,75.0,124.0,22.0,476.0,103.0,296.0,387.0,355.0,40.0,314.0,54.0
311.0,461.0,511.0,109.0,303.0,490.0,253.0,391.0,500.0,319.0,411.0,456.0,529.0,312.0,308.0
103.0,76.0,224.0,18.0,100.0,143.0,32.0,202.0,122.0,113.0,170.0,76.0,51.0,148.0,69.0
206.0,278.0,550.0,56.0,280.0,445.0,148.0,431.0,293.0,374.0,241.0,582.0,269.0,311.0,242.0
257.0,331.0,238.0,77.0,344.0,425.0,222.0,175.0,333.0,153.0,152.0,163.0,336.0,205.0,422.0
178.0,234.0,661.0,45.0,234.0,225.0,95.0,509.0,227.0,156.0,654.0,174.0,195.0,408.0,218.0
92.0,43.0,207.0,16.0,104.0,127.0,34.0,80.0,193.0,106.0,191.0,117.0,54.0,57.0,81.0
156.0,200.0,292.0,35.0,229.0,280.0,86.0,176.0,194.0,156.0,210.0,181.0,156.0,123.0,190.0
113.0,90.0,347.0,60.0,279.0,203.0,148.0,241.0,302.0,203.0,152.0,263.0,269.0,184.0,322.0
87.0,193.0,240.0,15.0,73.0,270.0,19.0,109.0,103.0,129.0,157.0,118.0,40.0,72.0,89.0
338.0,523.0,661.0,133.0,134.0,518.0,45.0,493.0,570.0,311.0,654.0,463.0,579.0,328.0,110.0
94.0,55.0,142.0,7.0,73.0,155.0,19.0,31.0,50.0,71.0,128.0,105.0,35.0,17.0,32.0
196.0,259.0,256.0,51.0,253.0,348.0,106.0,144.0,281.0,191.0,187.0,228.0,211.0,95.0,180.0
126.0,141.0,207.0,27.0,123.0,249.0,40.0,80.0,170.0,106.0,128.0,91.0,76.0,58.0,96.0
87.0,48.0,224.0,20.0,117.0,210.0,35.0,97.0,181.0,120.0,154.0,115.0,55.0,16.0,93.0
311.0,488.0,457.0,97.0,229.0,490.0,94.0,323.0,480.0,275.0,366.0,387.0,196.0,247.0,202.0
271.0,409.0,475.0,86.0,100.0,418.0,29.0,331.0,430.0,265.0,373.0,305.0,33.0,255.0,81.0
235.0,232.0,347.0,60.0,105.0,56.0,138.0,155.0,139.0,203.0,264.0,263.0,270.0,24.0,111.0
316.0,515.0,485.0,106.0,524.0,260.0,274.0,84.0,503.0,296.0,389.0,355.0,524.0,66.0,134.0
160.0,214.0,296.0,36.0,188.0,297.0,67.0,183.0,197.0,167.0,214.0,214.0,77.0,131.0,156.0
273.0,193.0,440.0,78.0,174.0,277.0,61.0,341.0,466.0,247.0,309.0,304.0,122.0,256.0,131.0
123.0,141.0,279.0,33.0,176.0,249.0,61.0,160.0,184.0,153.0,120.0,163.0,109.0,111.0,154.0
84.0,47.0,170.0,13.0,123.0,143.0,19.0,92.0,117.0,85.0,84.0,76.0,36.0,65.0,4.0
86.0,62.0,105.0,15.0,73.0,155.0,19.0,32.0,103.0,106.0,13.0,91.0,40.0,21.0,45.0
232.0,306.0,657.0,64.0,310.0,389.0,184.0,572.0,313.0,214.0,597.0,249.0,276.0,455.0,316.0
146.0,106.0,488.0,35.0,229.0,214.0,92.0,353.0,199.0,300.0,400.0,387.0,190.0,269.0,201.0
236.0,323.0,355.0,65.0,294.0,425.0,170.0,240.0,330.0,223.0,286.0,312.0,284.0,180.0,316.0
178.0,185.0,353.0,64.0,303.0,294.0,174.0,315.0,314.0,214.0,189.0,268.0,284.0,240.0,297.0
97.0,55.0,207.0,16.0,89.0,188.0,29.0,80.0,117.0,112.0,208.0,140.0,46.0,57.0,74.0
163.0,210.0,72.0,43.0,226.0,293.0,94.0,31.0,224.0,185.0,0.0,249.0,191.0,17.0,175.0
91.0,21.0,693.0,248.0,157.0,87.0,52.0,572.0,454.0,580.0,310.0,894.0,500.0,455.0,31.0
163.0,115.0,294.0,36.0,155.0,222.0,65.0,180.0,191.0,166.0,215.0,185.0,128.0,12.0,110.0
178.0,225.0,475.0,45.0,312.0,315.0,95.0,331.0,233.0,187.0,128.0,208.0,195.0,185.0,88.0
196.0,257.0,701.0,51.0,117.0,348.0,32.0,601.0,272.0,595.0,309.0,894.0,51.0,496.0,94.0
77.0,43.0,187.0,8.0,43.0,127.0,6.0,49.0,69.0,82.0,199.0,68.0,27.0,25.0,55.0
101.0,90.0,187.0,11.0,47.0,197.0,16.0,250.0,24.0,83.0,8.0,72.0,33.0,196.0,38.0
270.0,423.0,457.0,87.0,403.0,462.0,237.0,323.0,425.0,275.0,366.0,246.0,406.0,256.0,469.0
178.0,235.0,326.0,45.0,86.0,214.0,95.0,205.0,314.0,187.0,244.0,208.0,174.0,167.0,69.0
154.0,185.0,252.0,24.0,112.0,261.0,46.0,140.0,165.0,137.0,176.0,137.0,89.0,90.0,84.0
288.0,461.0,738.0,248.0,434.0,491.0,253.0,718.0,660.0,595.0,833.0,911.0,438.0,503.0,87.0
214.0,301.0,207.0,117.0,45.0,430.0,217.0,83.0,547.0,346.0,119.0,457.0,588.0,71.0,31.0
236.0,27.0,361.0,66.0,85.0,56.0,29.0,16.0,311.0,227.0,299.0,282.0,284.0,16.0,101.0
330.0,612.0,500.0,117.0,639.0,534.0,391.0,285.0,547.0,304.0,408.0,449.0,678.0,255.0,818.0
311.0,461.0,648.0,153.0,186.0,479.0,382.0,601.0,571.0,416.0,640.0,822.0,726.0,458.0,153.0
158.0,205.0,298.0,36.0,229.0,288.0,77.0,204.0,188.0,171.0,222.0,268.0,155.0,150.0,190.0
80.0,43.0,457.0,97.0,112.0,127.0,99.0,323.0,457.0,275.0,366.0,348.0,200.0,159.0,87.0
257.0,187.0,386.0,77.0,735.0,270.0,226.0,292.0,333.0,247.0,320.0,303.0,337.0,208.0,87.0
100.0,62.0,215.0,17.0,104.0,155.0,34.0,132.0,127.0,112.0,204.0,101.0,49.0,106.0,85.0
314.0,90.0,263.0,51.0,262.0,213.0,121.0,149.0,129.0,147.0,110.0,190.0,239.0,116.0,179.0
147.0,115.0,530.0,33.0,176.0,220.0,61.0,565.0,184.0,356.0,419.0,580.0,122.0,312.0,153.0
330.0,590.0,184.0,70.0,277.0,253.0,171.0,45.0,343.0,230.0,261.0,288.0,284.0,25.0,250.0
163.0,212.0,310.0,41.0,165.0,294.0,48.0,195.0,223.0,182.0,241.0,207.0,177.0,134.0,126.0
259.0,325.0,590.0,217.0,445.0,425.0,254.0,205.0,178.0,416.0,386.0,822.0,905.0,152.0,87.0
163.0,222.0,267.0,29.0,106.0,308.0,33.0,144.0,177.0,150.0,200.0,162.0,54.0,95.0,87.0
163.0,215.0,336.0,46.0,237.0,297.0,95.0,206.0,239.0,200.0,248.0,298.0,195.0,158.0,213.0
270.0,372.0,414.0,86.0,445.0,445.0,254.0,312.0,430.0,265.0,326.0,325.0,380.0,241.0,25.0
111.0,89.0,242.0,23.0,157.0,127.0,52.0,149.0,139.0,132.0,226.0,126.0,92.0,96.0,124.0
178.0,233.0,661.0,45.0,233.0,320.0,95.0,509.0,223.0,275.0,191.0,268.0,195.0,331.0,202.0
91.0,48.0,326.0,16.0,73.0,155.0,19.0,232.0,76.0,192.0,243.0,236.0,40.0,133.0,87.0
196.0,259.0,337.0,51.0,228.0,348.0,94.0,204.0,579.0,193.0,249.0,236.0,204.0,613.0,187.0
311.0,461.0,447.0,96.0,175.0,484.0,58.0,39.0,343.0,275.0,262.0,316.0,136.0,25.0,144.0
168.0,225.0,363.0,70.0,227.0,373.0,85.0,250.0,343.0,238.0,299.0,298.0,200.0,185.0,234.0
191.0,72.0,530.0,36.0,216.0,155.0,79.0,403.0,210.0,296.0,419.0,348.0,168.0,312.0,178.0
270.0,409.0,549.0,86.0,503.0,460.0,274.0,420.0,431.0,358.0,470.0,561.0,515.0,311.0,140.0
125.0,129.0,263.0,29.0,200.0,249.0,50.0,299.0,145.0,144.0,87.0,155.0,92.0,205.0,170.0
214.0,304.0,294.0,40.0,277.0,365.0,147.0,180.0,224.0,156.0,400.0,190.0,191.0,91.0,262.0
81.0,42.0,187.0,11.0,234.0,143.0,96.0,49.0,165.0,83.0,64.0,72.0,33.0,27.0,172.0
428.0,207.0,657.0,217.0,601.0,249.0,274.0,508.0,829.0,416.0,582.0,138.0,524.0,343.0,808.0
80.0,41.0,300.0,9.0,47.0,101.0,9.0,189.0,76.0,176.0,220.0,196.0,33.0,129.0,32.0
257.0,346.0,346.0,77.0,28.0,489.0,4.0,228.0,293.0,201.0,250.0,236.0,330.0,291.0,12.0
73.0,62.0,570.0,243.0,73.0,155.0,16.0,969.0,858.0,404.0,189.0,803.0,27.0,617.0,43.0
271.0,391.0,414.0,86.0,601.0,462.0,367.0,312.0,430.0,265.0,326.0,316.0,590.0,275.0,818.0
233.0,316.0,363.0,65.0,292.0,390.0,171.0,277.0,314.0,223.0,298.0,307.0,284.0,196.0,307.0
163.0,215.0,476.0,96.0,446.0,281.0,258.0,358.0,466.0,275.0,119.0,338.0,450.0,458.0,604.0
182.0,238.0,320.0,50.0,243.0,344.0,50.0,202.0,177.0,188.0,245.0,221.0,204.0,169.0,246.0
146.0,212.0,267.0,31.0,191.0,294.0,69.0,323.0,184.0,153.0,200.0,165.0,140.0,303.0,215.0
181.0,235.0,590.0,45.0,288.0,333.0,138.0,470.0,227.0,187.0,597.0,207.0,260.0,116.0,119.0
377.0,718.0,536.0,148.0,639.0,706.0,391.0,438.0,184.0,347.0,220.0,457.0,624.0,312.0,818.0
181.0,235.0,204.0,45.0,168.0,254.0,82.0,470.0,239.0,188.0,108.0,214.0,171.0,318.0,142.0
375.0,694.0,347.0,137.0,569.0,663.0,391.0,154.0,570.0,319.0,275.0,312.0,624.0,102.0,582.0
94.0,28.0,224.0,16.0,85.0,56.0,32.0,98.0,109.0,120.0,20.0,114.0,46.0,81.0,63.0
114.0,92.0,279.0,29.0,161.0,203.0,53.0,160.0,173.0,153.0,203.0,163.0,101.0,111.0,81.0
311.0,331.0,476.0,97.0,434.0,425.0,276.0,331.0,428.0,289.0,386.0,353.0,656.0,241.0,566.0
270.0,391.0,414.0,86.0,75.0,460.0,22.0,292.0,430.0,265.0,326.0,317.0,408.0,218.0,55.0
146.0,174.0,260.0,31.0,28.0,241.0,2.0,148.0,184.0,153.0,188.0,163.0,123.0,613.0,12.0
0.0,0.0,0.0,0.0,233.0,0.0,95.0,0.0,0.0,0.0,0.0,196.0,0.0,0.0,153.0
80.0,41.0,187.0,9.0,47.0,102.0,9.0,47.0,76.0,82.0,87.0,70.0,33.0,26.0,30.0
330.0,372.0,461.0,91.0,123.0,445.0,213.0,327.0,454.0,273.0,189.0,323.0,406.0,248.0,97.0
154.0,188.0,292.0,34.0,175.0,270.0,58.0,156.0,193.0,156.0,210.0,151.0,113.0,111.0,172.0
375.0,709.0,346.0,133.0,723.0,429.0,396.0,223.0,571.0,273.0,226.0,218.0,639.0,173.0,999.0
156.0,205.0,385.0,35.0,200.0,208.0,76.0,293.0,197.0,246.0,286.0,374.0,154.0,208.0,172.0
181.0,234.0,340.0,51.0,73.0,333.0,19.0,176.0,288.0,196.0,207.0,160.0,40.0,129.0,55.0
257.0,585.0,385.0,77.0,341.0,462.0,220.0,313.0,276.0,247.0,302.0,303.0,334.0,240.0,404.0
119.0,104.0,252.0,23.0,112.0,212.0,35.0,111.0,163.0,129.0,170.0,127.0,43.0,16.0,87.0
210.0,193.0,348.0,60.0,73.0,277.0,150.0,297.0,302.0,207.0,408.0,264.0,270.0,201.0,55.0
121.0,95.0,242.0,23.0,128.0,203.0,42.0,280.0,162.0,132.0,165.0,127.0,83.0,321.0,91.0
202.0,292.0,313.0,51.0,212.0,374.0,139.0,16.0,293.0,188.0,108.0,220.0,264.0,16.0,175.0
217.0,301.0,322.0,60.0,131.0,393.0,5.0,204.0,302.0,278.0,241.0,298.0,273.0,134.0,99.0
182.0,203.0,254.0,45.0,234.0,280.0,99.0,132.0,239.0,188.0,187.0,246.0,200.0,88.0,242.0
95.0,55.0,222.0,16.0,132.0,143.0,46.0,92.0,117.0,108.0,204.0,117.0,95.0,72.0,99.0
182.0,241.0,310.0,50.0,228.0,348.0,99.0,201.0,252.0,188.0,234.0,221.0,209.0,169.0,180.0
80.0,41.0,187.0,9.0,47.0,437.0,9.0,49.0,76.0,82.0,87.0,70.0,33.0,27.0,30.0
154.0,188.0,223.0,19.0,105.0,261.0,33.0,240.0,122.0,114.0,128.0,115.0,51.0,219.0,85.0
191.0,257.0,351.0,60.0,275.0,348.0,139.0,240.0,302.0,203.0,274.0,162.0,269.0,184.0,247.0
205.0,225.0,336.0,55.0,184.0,312.0,94.0,206.0,314.0,199.0,245.0,282.0,195.0,158.0,155.0
152.0,185.0,326.0,51.0,228.0,261.0,121.0,204.0,288.0,193.0,244.0,236.0,239.0,312.0,192.0
202.0,261.0,351.0,36.0,137.0,349.0,35.0,232.0,98.0,214.0,338.0,298.0,161.0,180.0,89.0
156.0,193.0,290.0,35.0,253.0,277.0,99.0,214.0,195.0,156.0,200.0,178.0,154.0,186.0,220.0
114.0,92.0,240.0,22.0,98.0,203.0,32.0,111.0,141.0,129.0,157.0,118.0,68.0,77.0,77.0
266.0,372.0,428.0,96.0,639.0,445.0,253.0,31.0,466.0,278.0,333.0,298.0,438.0,477.0,818.0
182.0,225.0,323.0,49.0,191.0,310.0,69.0,204.0,164.0,188.0,244.0,220.0,55.0,131.0,154.0
123.0,406.0,214.0,6.0,0.0,462.0,0.0,90.0,223.0,67.0,128.0,50.0,0.0,613.0,0.0
73.0,43.0,126.0,7.0,28.0,348.0,5.0,29.0,69.0,71.0,20.0,228.0,23.0,17.0,11.0
410.0,756.0,542.0,159.0,28.0,86.0,5.0,420.0,125.0,358.0,389.0,193.0,23.0,256.0,12.0
104.0,41.0,648.0,18.0,85.0,369.0,107.0,470.0,122.0,416.0,582.0,822.0,212.0,319.0,63.0
178.0,231.0,223.0,23.0,128.0,87.0,42.0,97.0,199.0,113.0,117.0,105.0,76.0,72.0,96.0
102.0,82.0,283.0,18.0,429.0,191.0,247.0,168.0,122.0,154.0,207.0,173.0,303.0,134.0,566.0
167.0,225.0,300.0,38.0,226.0,310.0,86.0,322.0,223.0,176.0,230.0,196.0,176.0,247.0,181.0
322.0,585.0,488.0,112.0,310.0,521.0,217.0,353.0,545.0,300.0,400.0,387.0,579.0,269.0,119.0
333.0,618.0,487.0,109.0,150.0,348.0,253.0,363.0,501.0,296.0,394.0,460.0,438.0,248.0,82.0
169.0,227.0,311.0,51.0,255.0,312.0,106.0,195.0,272.0,184.0,234.0,277.0,209.0,156.0,229.0
71.0,21.0,263.0,7.0,47.0,143.0,9.0,186.0,34.0,112.0,218.0,101.0,33.0,132.0,32.0
126.0,130.0,293.0,27.0,229.0,206.0,50.0,156.0,170.0,151.0,211.0,162.0,90.0,123.0,220.0
288.0,406.0,550.0,96.0,157.0,462.0,50.0,431.0,466.0,136.0,470.0,125.0,92.0,308.0,118.0
154.0,185.0,440.0,91.0,47.0,261.0,1.0,315.0,454.0,273.0,345.0,323.0,4.0,240.0,45.0
0.0,0.0,360.0,70.0,203.0,0.0,76.0,273.0,343.0,238.0,287.0,304.0,155.0,409.0,174.0
73.0,43.0,130.0,7.0,43.0,256.0,6.0,15.0,46.0,75.0,29.0,68.0,23.0,16.0,30.0
181.0,235.0,382.0,45.0,28.0,143.0,4.0,290.0,232.0,246.0,309.0,302.0,200.0,208.0,12.0
100.0,55.0,222.0,17.0,105.0,155.0,35.0,90.0,120.0,112.0,130.0,98.0,47.0,72.0,82.0
80.0,41.0,223.0,17.0,126.0,102.0,50.0,92.0,120.0,107.0,100.0,101.0,92.0,66.0,96.0
115.0,106.0,239.0,23.0,128.0,214.0,42.0,104.0,145.0,130.0,157.0,126.0,76.0,72.0,94.0
270.0,367.0,475.0,140.0,104.0,460.0,67.0,331.0,571.0,322.0,240.0,457.0,139.0,218.0,91.0
271.0,434.0,157.0,95.0,445.0,484.0,254.0,32.0,425.0,57.0,0.0,25.0,429.0,21.0,582.0
288.0,63.0,590.0,133.0,248.0,156.0,82.0,312.0,551.0,411.0,508.0,822.0,171.0,219.0,216.0
157.0,203.0,294.0,36.0,228.0,277.0,75.0,183.0,193.0,167.0,220.0,186.0,150.0,218.0,187.0
157.0,205.0,339.0,35.0,186.0,281.0,76.0,222.0,198.0,188.0,238.0,212.0,155.0,170.0,156.0
102.0,92.0,215.0,18.0,104.0,206.0,33.0,84.0,122.0,112.0,128.0,101.0,52.0,269.0,83.0
178.0,233.0,316.0,45.0,237.0,319.0,99.0,183.0,227.0,188.0,210.0,186.0,204.0,133.0,202.0
100.0,332.0,214.0,17.0,89.0,430.0,30.0,83.0,119.0,108.0,128.0,98.0,46.0,64.0,77.0
202.0,261.0,105.0,51.0,145.0,362.0,50.0,16.0,288.0,223.0,5.0,282.0,195.0,16.0,117.0
271.0,409.0,449.0,91.0,161.0,247.0,129.0,322.0,454.0,273.0,218.0,323.0,309.0,246.0,134.0
244.0,323.0,372.0,70.0,234.0,422.0,199.0,273.0,333.0,243.0,302.0,298.0,291.0,193.0,32.0
237.0,323.0,111.0,67.0,260.0,418.0,121.0,26.0,292.0,225.0,262.0,282.0,239.0,17.0,240.0
111.0,89.0,201.0,21.0,47.0,188.0,13.0,59.0,134.0,120.0,94.0,117.0,35.0,179.0,55.0
103.0,78.0,223.0,18.0,237.0,188.0,98.0,90.0,122.0,113.0,236.0,98.0,128.0,291.0,213.0
83.0,40.0,204.0,14.0,150.0,86.0,50.0,73.0,99.0,99.0,110.0,76.0,10.0,64.0,118.0
120.0,103.0,224.0,36.0,191.0,211.0,69.0,124.0,197.0,120.0,152.0,113.0,140.0,81.0,111.0
73.0,27.0,142.0,6.0,50.0,382.0,18.0,39.0,293.0,67.0,5.0,162.0,35.0,442.0,30.0
196.0,259.0,657.0,51.0,203.0,422.0,76.0,493.0,293.0,213.0,238.0,241.0,145.0,333.0,173.0
235.0,317.0,350.0,65.0,310.0,393.0,172.0,240.0,314.0,214.0,274.0,155.0,284.0,184.0,131.0
412.0,764.0,240.0,11.0,176.0,767.0,61.0,110.0,86.0,129.0,128.0,124.0,33.0,76.0,154.0
138.0,227.0,271.0,30.0,176.0,212.0,61.0,140.0,178.0,151.0,200.0,162.0,116.0,91.0,153.0
157.0,194.0,206.0,0.0,0.0,280.0,0.0,65.0,0.0,103.0,152.0,81.0,0.0,41.0,0.0
268.0,373.0,549.0,85.0,237.0,445.0,94.0,251.0,425.0,358.0,470.0,561.0,336.0,208.0,229.0
319.0,515.0,487.0,109.0,227.0,489.0,83.0,476.0,501.0,296.0,394.0,374.0,174.0,321.0,182.0
241.0,205.0,361.0,70.0,723.0,276.0,184.0,290.0,332.0,228.0,382.0,287.0,288.0,193.0,881.0
181.0,234.0,323.0,45.0,227.0,315.0,99.0,197.0,237.0,188.0,240.0,196.0,200.0,169.0,155.0
375.0,694.0,507.0,140.0,126.0,663.0,40.0,364.0,570.0,306.0,408.0,822.0,73.0,275.0,95.0
237.0,325.0,580.0,183.0,83.0,249.0,226.0,363.0,676.0,404.0,508.0,155.0,337.0,271.0,63.0
157.0,205.0,263.0,35.0,723.0,281.0,396.0,149.0,191.0,147.0,188.0,305.0,92.0,96.0,334.0
87.0,48.0,208.0,15.0,131.0,133.0,45.0,80.0,99.0,105.0,122.0,84.0,77.0,12.0,101.0
235.0,316.0,313.0,80.0,181.0,390.0,230.0,198.0,425.0,252.0,238.0,302.0,380.0,148.0,404.0
123.0,128.0,252.0,25.0,151.0,221.0,50.0,140.0,168.0,137.0,177.0,137.0,92.0,91.0,119.0
317.0,515.0,396.0,97.0,47.0,489.0,262.0,132.0,454.0,293.0,321.0,137.0,500.0,82.0,55.0
178.0,235.0,317.0,45.0,310.0,261.0,45.0,476.0,223.0,188.0,240.0,231.0,85.0,333.0,329.0
70.0,21.0,542.0,6.0,134.0,42.0,45.0,420.0,34.0,58.0,470.0,0.0,85.0,309.0,99.0
163.0,229.0,346.0,57.0,303.0,315.0,139.0,32.0,292.0,201.0,389.0,248.0,264.0,21.0,351.0
180.0,233.0,316.0,45.0,261.0,320.0,107.0,201.0,180.0,188.0,245.0,207.0,212.0,148.0,242.0
333.0,376.0,491.0,114.0,313.0,490.0,199.0,358.0,480.0,304.0,483.0,322.0,583.0,269.0,351.0
183.0,249.0,317.0,46.0,175.0,333.0,99.0,200.0,293.0,188.0,240.0,207.0,200.0,412.0,87.0
210.0,284.0,316.0,45.0,227.0,373.0,95.0,201.0,237.0,188.0,241.0,207.0,190.0,133.0,183.0
176.0,231.0,738.0,60.0,310.0,277.0,199.0,620.0,302.0,203.0,264.0,288.0,291.0,628.0,322.0
123.0,108.0,125.0,17.0,50.0,215.0,18.0,27.0,111.0,57.0,465.0,193.0,380.0,17.0,158.0
71.0,27.0,180.0,6.0,32.0,56.0,5.0,290.0,34.0,63.0,63.0,47.0,12.0,218.0,12.0
257.0,338.0,590.0,78.0,175.0,439.0,58.0,476.0,272.0,247.0,402.0,301.0,108.0,455.0,156.0
73.0,37.0,507.0,133.0,229.0,86.0,339.0,364.0,568.0,311.0,410.0,446.0,583.0,275.0,215.0
167.0,227.0,303.0,38.0,227.0,319.0,85.0,197.0,222.0,176.0,241.0,156.0,175.0,134.0,175.0
76.0,41.0,183.0,7.0,203.0,143.0,77.0,45.0,46.0,76.0,78.0,61.0,23.0,25.0,174.0
330.0,590.0,336.0,114.0,75.0,534.0,82.0,206.0,270.0,197.0,248.0,305.0,583.0,158.0,54.0
178.0,233.0,320.0,45.0,234.0,320.0,96.0,32.0,227.0,187.0,240.0,139.0,195.0,24.0,183.0
211.0,215.0,340.0,57.0,277.0,297.0,139.0,83.0,466.0,201.0,250.0,248.0,264.0,62.0,231.0
168.0,225.0,126.0,38.0,131.0,310.0,45.0,29.0,223.0,176.0,241.0,208.0,83.0,17.0,101.0
237.0,316.0,353.0,65.0,310.0,390.0,172.0,259.0,314.0,223.0,286.0,282.0,284.0,162.0,329.0
126.0,133.0,252.0,26.0,80.0,241.0,50.0,144.0,184.0,120.0,177.0,84.0,92.0,88.0,55.0
100.0,64.0,207.0,15.0,218.0,155.0,2.0,205.0,224.0,106.0,500.0,92.0,5.0,218.0,122.0
330.0,590.0,661.0,183.0,75.0,294.0,247.0,509.0,293.0,595.0,210.0,178.0,864.0,390.0,55.0
288.0,488.0,374.0,95.0,217.0,484.0,80.0,296.0,466.0,243.0,57.0,298.0,444.0,213.0,175.0
114.0,95.0,240.0,22.0,122.0,206.0,39.0,110.0,145.0,129.0,154.0,117.0,70.0,76.0,96.0
183.0,249.0,326.0,50.0,257.0,348.0,108.0,205.0,232.0,188.0,244.0,221.0,211.0,184.0,231.0
154.0,188.0,382.0,34.0,191.0,160.0,69.0,363.0,193.0,246.0,309.0,301.0,145.0,271.0,154.0
412.0,764.0,532.0,177.0,184.0,767.0,43.0,415.0,638.0,347.0,508.0,460.0,726.0,311.0,155.0
333.0,590.0,447.0,95.0,434.0,310.0,253.0,312.0,501.0,273.0,261.0,325.0,438.0,235.0,566.0
75.0,72.0,184.0,8.0,55.0,144.0,6.0,45.0,69.0,80.0,94.0,301.0,26.0,26.0,102.0
268.0,391.0,395.0,85.0,415.0,460.0,243.0,297.0,425.0,252.0,345.0,307.0,429.0,205.0,316.0
113.0,90.0,208.0,21.0,122.0,203.0,39.0,82.0,139.0,114.0,123.0,108.0,68.0,57.0,96.0
196.0,257.0,386.0,77.0,134.0,389.0,45.0,296.0,292.0,247.0,320.0,303.0,85.0,202.0,84.0
210.0,284.0,570.0,70.0,310.0,373.0,172.0,469.0,341.0,230.0,500.0,288.0,276.0,343.0,329.0
124.0,128.0,207.0,25.0,150.0,221.0,50.0,205.0,170.0,138.0,130.0,139.0,92.0,145.0,118.0
156.0,241.0,292.0,35.0,206.0,344.0,76.0,601.0,313.0,156.0,210.0,68.0,154.0,477.0,180.0
181.0,235.0,310.0,49.0,106.0,333.0,35.0,200.0,297.0,188.0,245.0,220.0,139.0,145.0,87.0
104.0,78.0,396.0,217.0,176.0,182.0,382.0,264.0,171.0,416.0,321.0,822.0,923.0,245.0,156.0
224.0,306.0,348.0,60.0,288.0,389.0,165.0,232.0,302.0,207.0,272.0,263.0,270.0,184.0,212.0
288.0,461.0,449.0,95.0,126.0,489.0,40.0,322.0,500.0,275.0,366.0,305.0,444.0,245.0,4.0
83.0,40.0,187.0,15.0,73.0,86.0,19.0,47.0,129.0,82.0,215.0,70.0,42.0,26.0,52.0
224.0,304.0,281.0,61.0,230.0,388.0,94.0,175.0,302.0,154.0,203.0,156.0,273.0,129.0,201.0
156.0,78.0,111.0,36.0,112.0,155.0,82.0,26.0,184.0,165.0,8.0,190.0,168.0,16.0,87.0
160.0,210.0,317.0,16.0,45.0,294.0,7.0,202.0,107.0,188.0,243.0,204.0,35.0,149.0,188.0
410.0,764.0,852.0,159.0,117.0,767.0,5.0,885.0,660.0,368.0,758.0,580.0,751.0,583.0,94.0
428.0,764.0,553.0,185.0,966.0,144.0,598.0,738.0,660.0,381.0,468.0,165.0,888.0,503.0,101.0
167.0,225.0,396.0,38.0,228.0,390.0,92.0,297.0,223.0,176.0,295.0,197.0,181.0,217.0,192.0
268.0,207.0,507.0,133.0,177.0,281.0,391.0,364.0,248.0,311.0,410.0,353.0,624.0,275.0,154.0
156.0,193.0,283.0,34.0,280.0,277.0,150.0,160.0,194.0,156.0,208.0,254.0,150.0,111.0,275.0
257.0,338.0,386.0,71.0,216.0,418.0,217.0,15.0,314.0,243.0,320.0,288.0,330.0,20.0,181.0
163.0,214.0,661.0,36.0,112.0,294.0,45.0,509.0,210.0,411.0,164.0,799.0,85.0,343.0,87.0
180.0,233.0,396.0,70.0,75.0,320.0,22.0,297.0,341.0,230.0,322.0,288.0,40.0,217.0,55.0
287.0,346.0,461.0,95.0,503.0,215.0,391.0,346.0,302.0,275.0,234.0,330.0,624.0,259.0,131.0
169.0,225.0,346.0,40.0,229.0,310.0,92.0,225.0,223.0,176.0,287.0,218.0,181.0,174.0,198.0
375.0,694.0,738.0,140.0,137.0,280.0,46.0,704.0,571.0,595.0,200.0,911.0,639.0,493.0,111.0
160.0,207.0,294.0,36.0,200.0,308.0,75.0,180.0,210.0,166.0,207.0,186.0,161.0,130.0,172.0
95.0,55.0,336.0,51.0,262.0,143.0,121.0,206.0,311.0,196.0,245.0,241.0,239.0,312.0,242.0
84.0,47.0,201.0,13.0,212.0,127.0,18.0,61.0,98.0,92.0,100.0,76.0,36.0,34.0,175.0
84.0,47.0,224.0,15.0,98.0,133.0,15.0,158.0,103.0,105.0,148.0,23.0,33.0,106.0,77.0
134.0,145.0,279.0,29.0,161.0,250.0,53.0,160.0,178.0,153.0,203.0,164.0,101.0,20.0,87.0
270.0,338.0,481.0,86.0,161.0,288.0,78.0,342.0,431.0,296.0,387.0,355.0,330.0,256.0,126.0
182.0,235.0,323.0,50.0,229.0,344.0,86.0,204.0,253.0,190.0,241.0,221.0,260.0,131.0,190.0
187.0,232.0,326.0,51.0,569.0,319.0,82.0,39.0,276.0,191.0,243.0,228.0,214.0,25.0,808.0
103.0,106.0,240.0,18.0,98.0,214.0,32.0,109.0,122.0,129.0,157.0,105.0,51.0,72.0,77.0
154.0,188.0,355.0,33.0,112.0,270.0,33.0,273.0,347.0,223.0,310.0,138.0,52.0,193.0,87.0
235.0,316.0,355.0,65.0,310.0,349.0,172.0,299.0,314.0,223.0,286.0,187.0,284.0,205.0,43.0
96.0,55.0,330.0,51.0,253.0,155.0,67.0,216.0,272.0,192.0,244.0,228.0,219.0,412.0,220.0
165.0,219.0,299.0,38.0,226.0,297.0,83.0,187.0,213.0,174.0,199.0,193.0,174.0,133.0,178.0
241.0,323.0,111.0,70.0,310.0,407.0,226.0,26.0,332.0,243.0,157.0,298.0,288.0,17.0,322.0
140.0,207.0,511.0,97.0,410.0,221.0,261.0,384.0,483.0,278.0,386.0,348.0,494.0,292.0,469.0
181.0,235.0,337.0,46.0,200.0,333.0,75.0,0.0,237.0,197.0,249.0,240.0,888.0,0.0,155.0
103.0,72.0,294.0,5.0,188.0,159.0,67.0,180.0,184.0,57.0,110.0,207.0,139.0,122.0,9.0
154.0,188.0,300.0,38.0,227.0,272.0,85.0,181.0,223.0,176.0,248.0,248.0,175.0,193.0,183.0
168.0,225.0,300.0,38.0,200.0,310.0,75.0,158.0,222.0,176.0,226.0,190.0,167.0,111.0,156.0
270.0,391.0,590.0,89.0,157.0,460.0,50.0,440.0,452.0,381.0,509.0,428.0,92.0,312.0,117.0
330.0,234.0,528.0,128.0,735.0,319.0,570.0,322.0,547.0,319.0,179.0,456.0,515.0,57.0,881.0
73.0,27.0,142.0,6.0,100.0,56.0,32.0,31.0,38.0,67.0,157.0,50.0,48.0,20.0,81.0
73.0,40.0,125.0,7.0,75.0,86.0,34.0,27.0,54.0,58.0,0.0,113.0,23.0,17.0,54.0
196.0,174.0,514.0,51.0,238.0,261.0,121.0,364.0,290.0,196.0,419.0,240.0,252.0,275.0,212.0
176.0,229.0,311.0,41.0,216.0,315.0,78.0,198.0,223.0,182.0,236.0,301.0,161.0,145.0,178.0
410.0,406.0,570.0,159.0,176.0,706.0,61.0,476.0,199.0,403.0,500.0,127.0,123.0,339.0,160.0
322.0,618.0,487.0,109.0,104.0,308.0,33.0,363.0,204.0,296.0,394.0,374.0,529.0,271.0,99.0
314.0,222.0,170.0,97.0,448.0,308.0,261.0,32.0,466.0,289.0,117.0,348.0,494.0,17.0,604.0
111.0,95.0,252.0,23.0,128.0,249.0,42.0,292.0,210.0,137.0,179.0,133.0,76.0,269.0,99.0
206.0,281.0,336.0,53.0,106.0,372.0,35.0,216.0,292.0,197.0,239.0,240.0,73.0,208.0,87.0
271.0,523.0,417.0,86.0,88.0,144.0,0.0,306.0,431.0,264.0,338.0,325.0,0.0,218.0,71.0
129.0,89.0,125.0,5.0,32.0,175.0,1.0,39.0,69.0,57.0,241.0,0.0,4.0,20.0,12.0
271.0,423.0,661.0,87.0,203.0,479.0,243.0,509.0,311.0,264.0,999.0,323.0,408.0,408.0,173.0
73.0,27.0,299.0,6.0,28.0,56.0,4.0,186.0,38.0,75.0,222.0,72.0,19.0,133.0,11.0
333.0,618.0,488.0,112.0,999.0,489.0,570.0,353.0,125.0,300.0,400.0,263.0,905.0,269.0,999.0
316.0,515.0,457.0,97.0,186.0,490.0,261.0,392.0,501.0,275.0,366.0,304.0,494.0,169.0,126.0
224.0,300.0,485.0,51.0,258.0,374.0,121.0,346.0,288.0,296.0,389.0,355.0,239.0,259.0,234.0
83.0,45.0,208.0,14.0,0.0,127.0,19.0,80.0,98.0,99.0,225.0,76.0,40.0,111.0,0.0
112.0,89.0,258.0,21.0,476.0,270.0,226.0,155.0,141.0,144.0,188.0,155.0,344.0,106.0,88.0
83.0,41.0,111.0,11.0,260.0,103.0,48.0,26.0,141.0,83.0,8.0,81.0,33.0,16.0,238.0
95.0,55.0,212.0,16.0,17.0,143.0,2.0,83.0,103.0,108.0,238.0,117.0,43.0,64.0,30.0
376.0,717.0,532.0,146.0,212.0,809.0,150.0,406.0,601.0,347.0,262.0,460.0,693.0,308.0,175.0
322.0,590.0,487.0,109.0,524.0,393.0,274.0,353.0,503.0,296.0,394.0,298.0,524.0,269.0,153.0
77.0,40.0,72.0,8.0,55.0,86.0,16.0,15.0,69.0,81.0,0.0,68.0,27.0,16.0,44.0
169.0,225.0,303.0,40.0,104.0,315.0,35.0,194.0,223.0,176.0,297.0,203.0,55.0,134.0,84.0
77.0,41.0,263.0,29.0,174.0,86.0,58.0,149.0,178.0,147.0,200.0,164.0,103.0,131.0,170.0
210.0,284.0,532.0,95.0,128.0,373.0,67.0,572.0,457.0,347.0,234.0,457.0,140.0,333.0,99.0
182.0,235.0,190.0,15.0,100.0,372.0,23.0,51.0,107.0,106.0,88.0,138.0,42.0,16.0,82.0
212.0,301.0,215.0,17.0,89.0,344.0,32.0,84.0,120.0,112.0,119.0,100.0,48.0,62.0,74.0
287.0,423.0,440.0,95.0,303.0,437.0,253.0,316.0,568.0,273.0,158.0,178.0,438.0,241.0,308.0
122.0,108.0,242.0,24.0,138.0,215.0,45.0,115.0,132.0,132.0,211.0,125.0,84.0,88.0,114.0
156.0,193.0,292.0,35.0,202.0,280.0,78.0,176.0,195.0,156.0,211.0,214.0,156.0,125.0,173.0
167.0,222.0,283.0,35.0,234.0,308.0,82.0,175.0,197.0,156.0,210.0,204.0,171.0,123.0,212.0
330.0,373.0,438.0,89.0,476.0,445.0,262.0,316.0,466.0,271.0,408.0,323.0,419.0,218.0,126.0
76.0,41.0,260.0,8.0,45.0,206.0,6.0,148.0,50.0,80.0,189.0,68.0,26.0,96.0,31.0
77.0,41.0,263.0,8.0,175.0,82.0,50.0,149.0,170.0,147.0,191.0,185.0,54.0,96.0,140.0
114.0,92.0,317.0,49.0,253.0,203.0,166.0,251.0,172.0,188.0,240.0,220.0,272.0,617.0,218.0
181.0,235.0,212.0,14.0,177.0,225.0,53.0,83.0,103.0,105.0,123.0,95.0,46.0,96.0,154.0
271.0,409.0,170.0,89.0,476.0,429.0,262.0,39.0,466.0,296.0,64.0,355.0,408.0,25.0,157.0
96.0,55.0,348.0,95.0,248.0,203.0,99.0,476.0,454.0,275.0,272.0,322.0,204.0,328.0,216.0
163.0,0.0,207.0,17.0,86.0,0.0,23.0,80.0,129.0,106.0,120.0,91.0,47.0,57.0,72.0
154.0,188.0,312.0,33.0,132.0,213.0,45.0,198.0,170.0,144.0,234.0,160.0,90.0,134.0,107.0
270.0,391.0,414.0,86.0,313.0,460.0,199.0,323.0,430.0,265.0,326.0,257.0,291.0,247.0,97.0
241.0,323.0,396.0,70.0,200.0,430.0,77.0,297.0,343.0,238.0,241.0,449.0,149.0,217.0,172.0
211.0,284.0,279.0,57.0,211.0,389.0,82.0,160.0,293.0,201.0,203.0,248.0,171.0,107.0,175.0
103.0,71.0,223.0,18.0,43.0,159.0,5.0,94.0,122.0,113.0,206.0,108.0,25.0,68.0,25.0
154.0,188.0,528.0,91.0,118.0,277.0,61.0,620.0,425.0,273.0,119.0,323.0,116.0,503.0,94.0
412.0,764.0,511.0,159.0,446.0,460.0,261.0,391.0,457.0,316.0,419.0,449.0,726.0,255.0,566.0
244.0,323.0,294.0,70.0,313.0,390.0,199.0,186.0,341.0,246.0,218.0,302.0,291.0,57.0,351.0
126.0,130.0,337.0,53.0,310.0,188.0,172.0,205.0,290.0,200.0,252.0,246.0,284.0,156.0,329.0
375.0,694.0,528.0,140.0,47.0,663.0,9.0,398.0,571.0,322.0,411.0,457.0,33.0,305.0,32.0
252.0,331.0,485.0,78.0,344.0,425.0,222.0,353.0,270.0,296.0,419.0,355.0,334.0,269.0,422.0
410.0,764.0,310.0,30.0,55.0,767.0,29.0,202.0,184.0,153.0,154.0,163.0,46.0,146.0,43.0
113.0,90.0,549.0,22.0,117.0,175.0,35.0,440.0,141.0,358.0,468.0,133.0,123.0,312.0,91.0
214.0,300.0,353.0,60.0,310.0,159.0,150.0,251.0,314.0,207.0,286.0,264.0,270.0,184.0,329.0
338.0,95.0,126.0,6.0,89.0,210.0,30.0,29.0,50.0,61.0,20.0,21.0,46.0,17.0,74.0
154.0,106.0,283.0,33.0,216.0,214.0,82.0,97.0,173.0,156.0,215.0,140.0,176.0,107.0,178.0
236.0,310.0,350.0,66.0,310.0,390.0,180.0,240.0,187.0,214.0,275.0,287.0,284.0,269.0,173.0
73.0,27.0,125.0,6.0,128.0,56.0,42.0,31.0,38.0,58.0,245.0,23.0,68.0,28.0,101.0
196.0,259.0,363.0,51.0,310.0,388.0,180.0,277.0,272.0,230.0,298.0,288.0,284.0,312.0,329.0
120.0,104.0,254.0,23.0,262.0,215.0,126.0,146.0,120.0,138.0,8.0,139.0,259.0,96.0,242.0
114.0,106.0,240.0,23.0,128.0,214.0,42.0,103.0,147.0,132.0,170.0,127.0,76.0,72.0,12.0
80.0,43.0,206.0,11.0,313.0,127.0,199.0,65.0,168.0,84.0,252.0,68.0,33.0,41.0,351.0
311.0,78.0,411.0,97.0,132.0,182.0,45.0,299.0,498.0,269.0,325.0,282.0,380.0,218.0,94.0
259.0,332.0,564.0,51.0,203.0,429.0,76.0,420.0,296.0,196.0,382.0,249.0,154.0,311.0,172.0
103.0,76.0,223.0,18.0,104.0,160.0,33.0,83.0,122.0,115.0,165.0,113.0,51.0,133.0,85.0
158.0,205.0,293.0,35.0,85.0,281.0,29.0,180.0,194.0,160.0,302.0,208.0,156.0,132.0,32.0
157.0,210.0,293.0,35.0,191.0,294.0,69.0,176.0,198.0,160.0,211.0,190.0,155.0,134.0,172.0
94.0,55.0,255.0,29.0,176.0,155.0,67.0,111.0,177.0,139.0,182.0,98.0,92.0,79.0,148.0
156.0,203.0,292.0,35.0,329.0,280.0,67.0,176.0,184.0,156.0,210.0,178.0,136.0,129.0,94.0
139.0,164.0,111.0,30.0,131.0,255.0,61.0,26.0,181.0,85.0,8.0,76.0,122.0,28.0,95.0
105.0,135.0,215.0,16.0,45.0,241.0,9.0,84.0,132.0,112.0,128.0,101.0,48.0,131.0,30.0
95.0,105.0,208.0,16.0,83.0,155.0,24.0,32.0,105.0,106.0,122.0,100.0,49.0,131.0,69.0
257.0,338.0,374.0,71.0,55.0,315.0,226.0,290.0,357.0,243.0,287.0,303.0,334.0,205.0,43.0
152.0,182.0,281.0,33.0,55.0,261.0,82.0,155.0,170.0,154.0,204.0,165.0,128.0,106.0,44.0
97.0,56.0,207.0,16.0,98.0,156.0,29.0,80.0,117.0,108.0,120.0,231.0,46.0,71.0,77.0
76.0,42.0,382.0,8.0,43.0,112.0,6.0,296.0,117.0,246.0,322.0,302.0,26.0,148.0,25.0
271.0,434.0,447.0,77.0,310.0,489.0,184.0,346.0,347.0,273.0,408.0,330.0,288.0,259.0,316.0
314.0,694.0,317.0,104.0,55.0,254.0,18.0,175.0,158.0,184.0,240.0,207.0,145.0,96.0,44.0
176.0,229.0,322.0,50.0,54.0,315.0,18.0,200.0,252.0,188.0,241.0,221.0,214.0,130.0,12.0
169.0,232.0,747.0,36.0,227.0,319.0,85.0,704.0,454.0,660.0,833.0,204.0,175.0,493.0,183.0
410.0,756.0,279.0,159.0,303.0,741.0,171.0,160.0,173.0,153.0,203.0,162.0,588.0,162.0,316.0
206.0,292.0,336.0,51.0,257.0,374.0,121.0,212.0,191.0,196.0,248.0,231.0,239.0,162.0,154.0
102.0,71.0,258.0,20.0,112.0,160.0,35.0,83.0,194.0,144.0,188.0,155.0,54.0,68.0,87.0
178.0,232.0,312.0,49.0,261.0,319.0,107.0,198.0,253.0,188.0,238.0,220.0,204.0,145.0,242.0
270.0,372.0,414.0,86.0,145.0,445.0,50.0,306.0,430.0,265.0,326.0,317.0,92.0,235.0,117.0
266.0,372.0,374.0,78.0,341.0,445.0,220.0,251.0,341.0,252.0,394.0,305.0,334.0,258.0,390.0
97.0,76.0,323.0,16.0,73.0,215.0,19.0,204.0,117.0,176.0,201.0,185.0,46.0,159.0,63.0
147.0,173.0,283.0,30.0,999.0,256.0,999.0,181.0,180.0,151.0,203.0,162.0,999.0,130.0,999.0
126.0,135.0,258.0,27.0,200.0,241.0,75.0,141.0,172.0,144.0,189.0,181.0,95.0,92.0,172.0
126.0,130.0,294.0,27.0,218.0,280.0,78.0,189.0,171.0,140.0,225.0,140.0,158.0,134.0,183.0
196.0,231.0,332.0,51.0,261.0,320.0,127.0,214.0,213.0,193.0,245.0,236.0,256.0,152.0,242.0
330.0,145.0,208.0,17.0,75.0,225.0,35.0,32.0,120.0,112.0,122.0,100.0,54.0,21.0,54.0
167.0,221.0,299.0,38.0,132.0,308.0,43.0,189.0,204.0,174.0,222.0,196.0,176.0,133.0,97.0
167.0,241.0,310.0,38.0,228.0,348.0,85.0,195.0,222.0,176.0,241.0,190.0,176.0,137.0,333.0
84.0,48.0,414.0,11.0,45.0,118.0,9.0,299.0,95.0,84.0,326.0,76.0,35.0,256.0,32.0
270.0,323.0,414.0,86.0,206.0,390.0,217.0,476.0,430.0,265.0,326.0,317.0,331.0,321.0,173.0
232.0,137.0,179.0,64.0,233.0,289.0,143.0,39.0,313.0,82.0,122.0,68.0,276.0,17.0,201.0
115.0,95.0,648.0,70.0,310.0,197.0,180.0,490.0,333.0,243.0,419.0,298.0,288.0,339.0,126.0
158.0,205.0,267.0,36.0,228.0,288.0,86.0,154.0,428.0,167.0,200.0,186.0,161.0,106.0,188.0
80.0,41.0,184.0,8.0,50.0,102.0,7.0,65.0,69.0,81.0,110.0,68.0,27.0,889.0,124.0
91.0,48.0,215.0,15.0,89.0,143.0,32.0,83.0,107.0,112.0,128.0,100.0,42.0,64.0,74.0
244.0,323.0,310.0,70.0,313.0,407.0,199.0,59.0,341.0,184.0,234.0,207.0,291.0,30.0,351.0
154.0,188.0,294.0,33.0,224.0,270.0,82.0,181.0,188.0,167.0,220.0,187.0,171.0,122.0,181.0
104.0,78.0,207.0,19.0,88.0,144.0,30.0,80.0,213.0,106.0,120.0,61.0,47.0,57.0,72.0
114.0,95.0,507.0,22.0,176.0,211.0,29.0,364.0,144.0,306.0,408.0,430.0,70.0,291.0,154.0
214.0,304.0,126.0,60.0,279.0,389.0,148.0,29.0,297.0,660.0,5.0,126.0,270.0,17.0,218.0
314.0,461.0,363.0,97.0,524.0,486.0,261.0,277.0,430.0,293.0,299.0,196.0,500.0,196.0,131.0
202.0,281.0,353.0,53.0,145.0,249.0,171.0,251.0,357.0,192.0,286.0,207.0,259.0,184.0,117.0
295.0,249.0,396.0,91.0,341.0,348.0,213.0,280.0,454.0,273.0,322.0,323.0,419.0,193.0,406.0
205.0,276.0,481.0,109.0,503.0,362.0,274.0,342.0,501.0,296.0,387.0,140.0,524.0,256.0,699.0
163.0,215.0,507.0,60.0,279.0,296.0,138.0,384.0,302.0,203.0,410.0,301.0,272.0,496.0,274.0
236.0,323.0,355.0,66.0,310.0,407.0,180.0,205.0,425.0,223.0,240.0,460.0,284.0,137.0,127.0
163.0,210.0,657.0,91.0,294.0,294.0,166.0,508.0,454.0,404.0,483.0,705.0,583.0,339.0,247.0
183.0,372.0,336.0,50.0,252.0,445.0,106.0,251.0,253.0,198.0,245.0,241.0,211.0,184.0,201.0
196.0,257.0,111.0,51.0,238.0,348.0,99.0,31.0,181.0,214.0,382.0,164.0,200.0,409.0,218.0
410.0,764.0,530.0,153.0,100.0,767.0,32.0,192.0,601.0,356.0,419.0,288.0,726.0,134.0,80.0
171.0,235.0,661.0,36.0,32.0,344.0,77.0,509.0,197.0,411.0,408.0,803.0,168.0,408.0,12.0
152.0,185.0,528.0,33.0,191.0,272.0,69.0,470.0,187.0,275.0,200.0,323.0,140.0,318.0,154.0
212.0,300.0,688.0,58.0,218.0,479.0,82.0,532.0,296.0,214.0,203.0,263.0,149.0,409.0,180.0
163.0,214.0,238.0,36.0,238.0,156.0,83.0,103.0,210.0,120.0,152.0,114.0,174.0,72.0,216.0
113.0,90.0,283.0,21.0,261.0,221.0,98.0,168.0,139.0,154.0,207.0,287.0,204.0,119.0,242.0
103.0,78.0,222.0,19.0,123.0,155.0,16.0,92.0,144.0,114.0,128.0,108.0,51.0,72.0,94.0
104.0,78.0,238.0,20.0,105.0,213.0,35.0,103.0,129.0,120.0,152.0,149.0,55.0,72.0,85.0
77.0,41.0,271.0,8.0,47.0,102.0,16.0,214.0,69.0,81.0,152.0,68.0,27.0,167.0,12.0
271.0,461.0,440.0,97.0,448.0,489.0,254.0,316.0,290.0,278.0,345.0,288.0,500.0,245.0,220.0
160.0,203.0,298.0,36.0,197.0,280.0,75.0,59.0,223.0,167.0,290.0,186.0,149.0,34.0,170.0
81.0,42.0,187.0,11.0,165.0,102.0,16.0,49.0,117.0,84.0,87.0,72.0,33.0,27.0,126.0
377.0,43.0,648.0,148.0,360.0,127.0,174.0,204.0,579.0,347.0,287.0,428.0,726.0,150.0,390.0
104.0,78.0,252.0,19.0,104.0,173.0,33.0,140.0,139.0,120.0,176.0,117.0,51.0,87.0,84.0
241.0,325.0,372.0,71.0,322.0,425.0,203.0,39.0,215.0,243.0,302.0,151.0,303.0,28.0,390.0
236.0,320.0,350.0,66.0,434.0,393.0,230.0,176.0,330.0,225.0,274.0,174.0,284.0,129.0,566.0
146.0,173.0,187.0,30.0,176.0,256.0,61.0,47.0,182.0,82.0,87.0,174.0,116.0,27.0,153.0
96.0,55.0,208.0,16.0,50.0,320.0,26.0,83.0,107.0,107.0,126.0,158.0,44.0,62.0,240.0
256.0,332.0,374.0,71.0,131.0,429.0,43.0,285.0,122.0,243.0,302.0,298.0,77.0,201.0,101.0
158.0,219.0,252.0,35.0,229.0,297.0,94.0,140.0,198.0,156.0,206.0,173.0,191.0,111.0,180.0
122.0,108.0,125.0,24.0,137.0,215.0,45.0,73.0,163.0,57.0,176.0,101.0,84.0,57.0,111.0
187.0,261.0,313.0,46.0,174.0,362.0,99.0,198.0,103.0,187.0,238.0,162.0,200.0,169.0,94.0
113.0,90.0,111.0,3.0,157.0,227.0,50.0,31.0,12.0,42.0,5.0,249.0,92.0,218.0,218.0
71.0,27.0,125.0,6.0,83.0,42.0,23.0,155.0,33.0,63.0,20.0,47.0,27.0,57.0,55.0
125.0,130.0,281.0,27.0,131.0,294.0,43.0,165.0,170.0,140.0,203.0,117.0,92.0,116.0,216.0
146.0,63.0,279.0,30.0,176.0,156.0,61.0,158.0,199.0,154.0,200.0,167.0,122.0,107.0,154.0
100.0,62.0,215.0,17.0,150.0,155.0,61.0,84.0,125.0,112.0,248.0,100.0,101.0,167.0,114.0
92.0,53.0,207.0,15.0,89.0,143.0,30.0,80.0,103.0,106.0,119.0,91.0,83.0,57.0,72.0
306.0,461.0,476.0,97.0,446.0,348.0,258.0,392.0,293.0,275.0,366.0,162.0,450.0,309.0,582.0
256.0,332.0,379.0,71.0,117.0,429.0,45.0,285.0,363.0,243.0,274.0,236.0,288.0,292.0,101.0
183.0,249.0,111.0,50.0,445.0,348.0,258.0,10.0,253.0,192.0,13.0,197.0,211.0,16.0,574.0
154.0,188.0,257.0,34.0,188.0,280.0,67.0,168.0,193.0,144.0,187.0,156.0,145.0,162.0,155.0
233.0,316.0,481.0,61.0,288.0,393.0,165.0,315.0,302.0,296.0,387.0,353.0,272.0,241.0,297.0
97.0,55.0,201.0,11.0,310.0,155.0,172.0,490.0,147.0,85.0,94.0,50.0,33.0,339.0,333.0
123.0,130.0,258.0,25.0,175.0,230.0,58.0,194.0,168.0,144.0,188.0,61.0,92.0,131.0,179.0
134.0,137.0,263.0,29.0,229.0,238.0,99.0,149.0,177.0,147.0,240.0,167.0,171.0,27.0,190.0
999.0,999.0,511.0,110.0,243.0,999.0,213.0,296.0,518.0,316.0,411.0,449.0,583.0,255.0,215.0
178.0,231.0,257.0,43.0,229.0,268.0,92.0,144.0,223.0,184.0,321.0,207.0,191.0,122.0,201.0
115.0,103.0,224.0,20.0,112.0,211.0,35.0,98.0,428.0,120.0,152.0,323.0,55.0,72.0,87.0
165.0,219.0,299.0,38.0,218.0,297.0,80.0,187.0,213.0,174.0,222.0,193.0,168.0,133.0,215.0
163.0,214.0,296.0,36.0,157.0,310.0,78.0,15.0,210.0,167.0,222.0,187.0,168.0,12.0,119.0
410.0,756.0,363.0,217.0,723.0,741.0,598.0,266.0,579.0,223.0,299.0,282.0,905.0,305.0,262.0
91.0,47.0,461.0,16.0,17.0,127.0,2.0,299.0,252.0,106.0,309.0,117.0,5.0,218.0,9.0
182.0,317.0,511.0,49.0,237.0,393.0,99.0,384.0,252.0,316.0,408.0,322.0,202.0,296.0,215.0
165.0,214.0,542.0,38.0,229.0,293.0,86.0,420.0,172.0,356.0,465.0,446.0,174.0,309.0,190.0
152.0,55.0,999.0,33.0,176.0,328.0,61.0,999.0,187.0,154.0,188.0,167.0,116.0,999.0,156.0
287.0,185.0,449.0,96.0,445.0,288.0,261.0,31.0,466.0,275.0,290.0,322.0,464.0,21.0,422.0
169.0,241.0,310.0,38.0,226.0,348.0,83.0,195.0,215.0,174.0,230.0,69.0,174.0,331.0,181.0
83.0,43.0,457.0,15.0,85.0,127.0,28.0,323.0,125.0,275.0,366.0,338.0,45.0,235.0,64.0
295.0,461.0,855.0,96.0,434.0,486.0,253.0,940.0,466.0,275.0,999.0,387.0,438.0,628.0,566.0
154.0,187.0,240.0,33.0,248.0,270.0,101.0,103.0,187.0,129.0,157.0,126.0,167.0,72.0,111.0
322.0,203.0,326.0,51.0,257.0,280.0,108.0,205.0,272.0,191.0,238.0,241.0,214.0,152.0,231.0
100.0,62.0,214.0,17.0,446.0,155.0,258.0,83.0,119.0,108.0,128.0,91.0,515.0,64.0,242.0
104.0,78.0,180.0,16.0,83.0,182.0,24.0,39.0,107.0,106.0,63.0,374.0,40.0,25.0,64.0
126.0,133.0,263.0,27.0,161.0,216.0,53.0,149.0,184.0,140.0,201.0,133.0,97.0,107.0,126.0
83.0,82.0,206.0,13.0,100.0,197.0,23.0,73.0,98.0,101.0,382.0,178.0,36.0,55.0,83.0
100.0,63.0,224.0,16.0,83.0,486.0,26.0,98.0,171.0,107.0,27.0,162.0,44.0,71.0,175.0
205.0,274.0,323.0,51.0,253.0,362.0,101.0,204.0,272.0,192.0,241.0,228.0,209.0,79.0,220.0
134.0,145.0,260.0,29.0,234.0,249.0,94.0,154.0,177.0,141.0,188.0,138.0,177.0,102.0,188.0
182.0,235.0,317.0,49.0,54.0,315.0,99.0,176.0,419.0,188.0,241.0,220.0,202.0,123.0,43.0
214.0,301.0,350.0,57.0,191.0,498.0,69.0,240.0,425.0,213.0,274.0,263.0,264.0,133.0,157.0
319.0,317.0,363.0,70.0,43.0,393.0,6.0,280.0,347.0,238.0,298.0,304.0,26.0,477.0,111.0
236.0,323.0,701.0,66.0,310.0,362.0,180.0,509.0,332.0,595.0,241.0,894.0,284.0,339.0,158.0
158.0,205.0,317.0,35.0,203.0,289.0,76.0,61.0,199.0,188.0,240.0,322.0,156.0,30.0,32.0
83.0,188.0,201.0,12.0,112.0,270.0,40.0,73.0,99.0,85.0,88.0,76.0,35.0,55.0,87.0
80.0,41.0,201.0,11.0,65.0,462.0,28.0,61.0,86.0,83.0,122.0,207.0,33.0,34.0,73.0
115.0,103.0,263.0,29.0,176.0,211.0,61.0,149.0,173.0,147.0,200.0,162.0,102.0,101.0,172.0
181.0,234.0,317.0,46.0,277.0,324.0,70.0,201.0,297.0,188.0,238.0,374.0,200.0,186.0,246.0
217.0,301.0,310.0,60.0,277.0,429.0,143.0,149.0,333.0,203.0,234.0,207.0,269.0,122.0,250.0
224.0,304.0,657.0,153.0,735.0,388.0,485.0,509.0,248.0,416.0,130.0,822.0,726.0,343.0,881.0
999.0,999.0,999.0,999.0,569.0,999.0,570.0,999.0,999.0,999.0,582.0,799.0,999.0,291.0,566.0
71.0,169.0,126.0,15.0,75.0,255.0,19.0,29.0,69.0,105.0,177.0,69.0,40.0,17.0,124.0
113.0,90.0,701.0,22.0,137.0,205.0,46.0,572.0,144.0,129.0,597.0,162.0,89.0,412.0,111.0
196.0,182.0,332.0,58.0,280.0,261.0,147.0,280.0,297.0,201.0,240.0,248.0,269.0,201.0,274.0
86.0,55.0,208.0,15.0,73.0,155.0,19.0,65.0,103.0,101.0,123.0,127.0,40.0,41.0,175.0
429.0,48.0,582.0,201.0,365.0,143.0,222.0,476.0,480.0,408.0,509.0,803.0,905.0,269.0,201.0
114.0,92.0,240.0,22.0,86.0,210.0,28.0,31.0,141.0,129.0,157.0,124.0,48.0,20.0,69.0
196.0,259.0,350.0,87.0,410.0,348.0,230.0,240.0,466.0,264.0,299.0,323.0,406.0,184.0,469.0
87.0,41.0,207.0,15.0,75.0,182.0,22.0,80.0,545.0,105.0,120.0,95.0,40.0,58.0,56.0
163.0,214.0,657.0,36.0,237.0,319.0,95.0,718.0,204.0,166.0,295.0,186.0,191.0,458.0,213.0
485.0,718.0,688.0,243.0,176.0,42.0,629.0,565.0,480.0,521.0,658.0,856.0,923.0,442.0,179.0
205.0,276.0,351.0,51.0,242.0,358.0,276.0,363.0,272.0,214.0,321.0,249.0,524.0,271.0,214.0
75.0,27.0,208.0,16.0,160.0,56.0,50.0,103.0,428.0,106.0,122.0,92.0,97.0,72.0,124.0
97.0,56.0,582.0,16.0,32.0,155.0,5.0,476.0,109.0,411.0,509.0,167.0,23.0,496.0,262.0
113.0,90.0,223.0,21.0,157.0,212.0,50.0,97.0,139.0,129.0,120.0,118.0,70.0,72.0,125.0
196.0,259.0,348.0,60.0,260.0,439.0,121.0,251.0,302.0,207.0,243.0,263.0,252.0,184.0,307.0
244.0,274.0,363.0,70.0,341.0,362.0,220.0,277.0,341.0,230.0,298.0,288.0,291.0,196.0,406.0
319.0,694.0,507.0,97.0,100.0,999.0,19.0,509.0,483.0,289.0,410.0,348.0,693.0,331.0,80.0
97.0,55.0,190.0,16.0,85.0,182.0,29.0,51.0,117.0,108.0,94.0,98.0,46.0,81.0,66.0
236.0,322.0,360.0,66.0,229.0,156.0,226.0,322.0,330.0,225.0,387.0,282.0,284.0,245.0,190.0
376.0,717.0,657.0,148.0,189.0,706.0,247.0,490.0,579.0,347.0,500.0,134.0,726.0,331.0,156.0
246.0,227.0,223.0,70.0,312.0,310.0,180.0,94.0,290.0,115.0,173.0,181.0,284.0,72.0,341.0
156.0,53.0,549.0,35.0,141.0,143.0,75.0,431.0,195.0,306.0,468.0,428.0,155.0,312.0,116.0
412.0,756.0,553.0,177.0,311.0,324.0,16.0,438.0,571.0,374.0,483.0,582.0,238.0,312.0,38.0
330.0,373.0,693.0,133.0,212.0,445.0,78.0,322.0,419.0,306.0,500.0,449.0,624.0,291.0,174.0
167.0,210.0,208.0,38.0,234.0,294.0,99.0,141.0,222.0,176.0,160.0,197.0,200.0,111.0,247.0
76.0,27.0,179.0,7.0,28.0,56.0,2.0,39.0,69.0,76.0,64.0,76.0,10.0,24.0,12.0
139.0,164.0,260.0,36.0,218.0,255.0,78.0,141.0,205.0,112.0,188.0,101.0,161.0,92.0,180.0
244.0,322.0,361.0,70.0,310.0,397.0,184.0,266.0,333.0,228.0,297.0,302.0,288.0,192.0,329.0
288.0,461.0,440.0,95.0,341.0,486.0,213.0,469.0,466.0,275.0,262.0,353.0,316.0,309.0,406.0
165.0,214.0,542.0,153.0,341.0,294.0,220.0,440.0,616.0,356.0,465.0,580.0,726.0,889.0,172.0
322.0,64.0,661.0,97.0,446.0,160.0,258.0,508.0,292.0,411.0,232.0,580.0,494.0,339.0,32.0
167.0,227.0,207.0,38.0,106.0,315.0,35.0,78.0,223.0,106.0,199.0,91.0,176.0,28.0,87.0
113.0,90.0,530.0,21.0,128.0,203.0,42.0,403.0,139.0,129.0,419.0,124.0,76.0,300.0,93.0
236.0,316.0,336.0,66.0,344.0,390.0,217.0,206.0,170.0,198.0,240.0,241.0,284.0,158.0,422.0
317.0,145.0,438.0,110.0,277.0,294.0,139.0,316.0,122.0,271.0,338.0,323.0,264.0,241.0,247.0
154.0,188.0,208.0,38.0,217.0,270.0,83.0,83.0,213.0,174.0,123.0,196.0,174.0,57.0,179.0
84.0,173.0,701.0,15.0,227.0,256.0,85.0,885.0,103.0,105.0,758.0,117.0,36.0,30.0,183.0
156.0,194.0,292.0,35.0,134.0,270.0,76.0,186.0,198.0,156.0,211.0,178.0,155.0,132.0,111.0
73.0,28.0,311.0,7.0,104.0,212.0,35.0,197.0,46.0,75.0,245.0,58.0,54.0,202.0,84.0
288.0,322.0,447.0,95.0,233.0,404.0,213.0,322.0,457.0,273.0,351.0,323.0,406.0,240.0,182.0
377.0,338.0,347.0,146.0,50.0,422.0,107.0,240.0,223.0,346.0,264.0,463.0,212.0,101.0,38.0
133.0,53.0,278.0,29.0,174.0,143.0,58.0,205.0,163.0,151.0,201.0,162.0,102.0,152.0,153.0
130.0,133.0,142.0,24.0,234.0,250.0,50.0,31.0,171.0,137.0,8.0,155.0,92.0,21.0,174.0
121.0,104.0,111.0,3.0,100.0,212.0,2.0,83.0,12.0,42.0,13.0,463.0,5.0,64.0,74.0
125.0,129.0,281.0,29.0,126.0,437.0,40.0,156.0,173.0,154.0,200.0,165.0,101.0,106.0,80.0
288.0,434.0,417.0,95.0,58.0,489.0,253.0,313.0,454.0,273.0,333.0,323.0,438.0,255.0,44.0
178.0,233.0,360.0,45.0,233.0,254.0,96.0,601.0,222.0,223.0,307.0,282.0,195.0,442.0,201.0
202.0,78.0,382.0,51.0,261.0,164.0,139.0,65.0,276.0,246.0,309.0,302.0,264.0,55.0,250.0
171.0,232.0,294.0,38.0,202.0,315.0,78.0,175.0,213.0,174.0,189.0,196.0,161.0,123.0,175.0
154.0,135.0,313.0,33.0,191.0,241.0,69.0,154.0,205.0,187.0,239.0,207.0,140.0,102.0,119.0
182.0,235.0,322.0,50.0,313.0,256.0,199.0,204.0,253.0,188.0,241.0,221.0,579.0,156.0,351.0
288.0,409.0,661.0,78.0,344.0,324.0,222.0,509.0,425.0,524.0,654.0,799.0,334.0,408.0,422.0
113.0,90.0,238.0,21.0,89.0,203.0,32.0,346.0,139.0,120.0,449.0,114.0,59.0,259.0,74.0
96.0,55.0,212.0,16.0,191.0,112.0,67.0,90.0,117.0,108.0,483.0,98.0,139.0,65.0,157.0
206.0,284.0,346.0,56.0,161.0,373.0,127.0,225.0,293.0,200.0,241.0,221.0,259.0,132.0,126.0
83.0,43.0,252.0,24.0,145.0,103.0,50.0,140.0,163.0,137.0,366.0,185.0,92.0,87.0,116.0
428.0,515.0,337.0,80.0,415.0,479.0,226.0,204.0,369.0,198.0,272.0,241.0,337.0,312.0,38.0
70.0,128.0,111.0,5.0,292.0,215.0,2.0,26.0,239.0,57.0,5.0,23.0,5.0,16.0,333.0
252.0,331.0,382.0,96.0,446.0,425.0,258.0,285.0,466.0,256.0,309.0,248.0,450.0,202.0,118.0
154.0,185.0,281.0,33.0,131.0,261.0,67.0,165.0,195.0,154.0,187.0,162.0,139.0,111.0,101.0
330.0,585.0,491.0,114.0,98.0,348.0,32.0,342.0,545.0,304.0,400.0,423.0,583.0,258.0,77.0
168.0,225.0,312.0,38.0,228.0,312.0,85.0,195.0,222.0,176.0,244.0,197.0,176.0,145.0,179.0
75.0,89.0,184.0,8.0,58.0,191.0,7.0,156.0,76.0,81.0,84.0,68.0,27.0,107.0,44.0
114.0,95.0,294.0,22.0,104.0,214.0,33.0,39.0,139.0,136.0,366.0,115.0,70.0,12.0,82.0
202.0,261.0,336.0,53.0,410.0,362.0,237.0,212.0,302.0,197.0,297.0,241.0,284.0,102.0,175.0
330.0,169.0,372.0,114.0,188.0,254.0,105.0,285.0,454.0,319.0,302.0,457.0,583.0,202.0,156.0
124.0,109.0,311.0,25.0,155.0,216.0,50.0,205.0,168.0,138.0,249.0,139.0,92.0,145.0,119.0
217.0,301.0,351.0,57.0,294.0,328.0,166.0,216.0,224.0,201.0,274.0,248.0,273.0,159.0,308.0
410.0,764.0,564.0,159.0,47.0,767.0,9.0,440.0,233.0,403.0,468.0,681.0,259.0,328.0,32.0
316.0,515.0,511.0,106.0,524.0,333.0,274.0,384.0,500.0,316.0,373.0,355.0,515.0,292.0,808.0
233.0,316.0,396.0,65.0,310.0,390.0,188.0,297.0,313.0,223.0,321.0,70.0,288.0,111.0,322.0
156.0,200.0,239.0,35.0,200.0,280.0,75.0,327.0,195.0,156.0,157.0,178.0,149.0,496.0,172.0
87.0,48.0,207.0,15.0,117.0,143.0,37.0,80.0,103.0,105.0,120.0,84.0,54.0,493.0,93.0
157.0,215.0,300.0,38.0,138.0,296.0,46.0,189.0,232.0,174.0,286.0,193.0,101.0,133.0,110.0
152.0,180.0,283.0,33.0,217.0,211.0,82.0,168.0,187.0,154.0,207.0,172.0,161.0,119.0,180.0
257.0,292.0,379.0,71.0,341.0,373.0,217.0,292.0,296.0,243.0,299.0,282.0,331.0,205.0,416.0
80.0,56.0,0.0,0.0,15.0,155.0,1.0,0.0,24.0,0.0,0.0,76.0,0.0,248.0,4.0
122.0,106.0,240.0,23.0,86.0,214.0,29.0,103.0,162.0,129.0,158.0,133.0,47.0,167.0,66.0
114.0,95.0,457.0,22.0,150.0,205.0,50.0,323.0,122.0,275.0,338.0,76.0,92.0,169.0,89.0
86.0,47.0,212.0,15.0,85.0,133.0,19.0,83.0,103.0,108.0,123.0,100.0,40.0,62.0,69.0
101.0,62.0,187.0,20.0,104.0,155.0,35.0,47.0,129.0,120.0,87.0,58.0,55.0,26.0,84.0
102.0,78.0,215.0,17.0,175.0,173.0,58.0,84.0,125.0,112.0,154.0,101.0,33.0,64.0,144.0
377.0,718.0,536.0,148.0,569.0,281.0,243.0,415.0,145.0,347.0,527.0,470.0,693.0,55.0,218.0
182.0,212.0,738.0,50.0,257.0,293.0,108.0,704.0,252.0,660.0,658.0,197.0,209.0,493.0,142.0
121.0,106.0,111.0,23.0,100.0,214.0,32.0,26.0,158.0,132.0,8.0,127.0,45.0,16.0,80.0
123.0,27.0,530.0,25.0,126.0,56.0,40.0,403.0,168.0,138.0,394.0,138.0,46.0,305.0,101.0
182.0,238.0,639.0,50.0,252.0,341.0,105.0,940.0,252.0,411.0,387.0,263.0,209.0,613.0,218.0
257.0,346.0,184.0,71.0,279.0,439.0,170.0,32.0,239.0,80.0,84.0,68.0,276.0,21.0,274.0
154.0,188.0,294.0,34.0,206.0,193.0,107.0,181.0,193.0,171.0,245.0,197.0,212.0,111.0,172.0
86.0,48.0,207.0,15.0,89.0,143.0,19.0,80.0,103.0,106.0,120.0,84.0,40.0,58.0,74.0
154.0,188.0,657.0,34.0,175.0,249.0,75.0,148.0,199.0,160.0,597.0,181.0,145.0,65.0,144.0
169.0,225.0,476.0,53.0,277.0,310.0,139.0,323.0,293.0,197.0,387.0,241.0,264.0,247.0,247.0
169.0,225.0,300.0,38.0,229.0,310.0,86.0,192.0,223.0,176.0,230.0,197.0,177.0,130.0,188.0
123.0,129.0,223.0,24.0,137.0,220.0,45.0,92.0,180.0,137.0,129.0,197.0,85.0,65.0,110.0
256.0,332.0,999.0,71.0,310.0,429.0,174.0,999.0,363.0,213.0,508.0,263.0,284.0,999.0,329.0
147.0,163.0,207.0,32.0,73.0,259.0,61.0,738.0,184.0,182.0,120.0,277.0,123.0,503.0,74.0
316.0,515.0,549.0,104.0,168.0,490.0,147.0,420.0,341.0,300.0,468.0,244.0,269.0,241.0,77.0
167.0,221.0,347.0,60.0,275.0,193.0,143.0,250.0,270.0,203.0,264.0,263.0,270.0,218.0,246.0
77.0,41.0,240.0,27.0,229.0,87.0,92.0,103.0,171.0,141.0,204.0,174.0,181.0,889.0,238.0
152.0,41.0,283.0,33.0,161.0,127.0,53.0,168.0,187.0,154.0,207.0,185.0,101.0,119.0,125.0
158.0,205.0,294.0,36.0,197.0,289.0,79.0,718.0,193.0,166.0,214.0,181.0,167.0,184.0,172.0
123.0,21.0,238.0,20.0,105.0,175.0,35.0,103.0,69.0,120.0,182.0,101.0,55.0,72.0,242.0
83.0,40.0,208.0,14.0,54.0,86.0,18.0,82.0,103.0,106.0,122.0,100.0,35.0,72.0,44.0
154.0,185.0,300.0,36.0,58.0,261.0,180.0,189.0,205.0,166.0,225.0,186.0,161.0,133.0,44.0
154.0,185.0,417.0,27.0,174.0,261.0,58.0,312.0,164.0,247.0,410.0,303.0,103.0,235.0,124.0
126.0,130.0,256.0,27.0,277.0,227.0,143.0,156.0,170.0,140.0,187.0,149.0,97.0,107.0,250.0
73.0,27.0,142.0,6.0,47.0,348.0,9.0,31.0,46.0,67.0,13.0,50.0,33.0,57.0,31.0
317.0,515.0,528.0,133.0,132.0,393.0,43.0,398.0,579.0,316.0,50.0,449.0,92.0,305.0,107.0
146.0,173.0,311.0,31.0,184.0,249.0,61.0,251.0,181.0,184.0,321.0,207.0,122.0,162.0,155.0
178.0,232.0,348.0,78.0,181.0,308.0,226.0,240.0,293.0,202.0,208.0,172.0,337.0,184.0,155.0
317.0,225.0,476.0,97.0,174.0,306.0,61.0,341.0,483.0,289.0,410.0,348.0,123.0,256.0,139.0
206.0,281.0,661.0,56.0,255.0,369.0,129.0,92.0,292.0,199.0,252.0,244.0,259.0,66.0,242.0
206.0,284.0,340.0,56.0,261.0,373.0,127.0,216.0,252.0,200.0,252.0,246.0,256.0,477.0,242.0
181.0,234.0,299.0,35.0,188.0,319.0,67.0,293.0,181.0,174.0,222.0,220.0,136.0,208.0,156.0
96.0,55.0,220.0,16.0,83.0,42.0,26.0,103.0,105.0,108.0,129.0,98.0,45.0,72.0,55.0
414.0,764.0,570.0,182.0,322.0,188.0,253.0,155.0,400.0,403.0,500.0,681.0,380.0,24.0,297.0
123.0,115.0,208.0,15.0,75.0,208.0,22.0,82.0,103.0,105.0,126.0,98.0,40.0,62.0,54.0
102.0,63.0,215.0,18.0,89.0,155.0,19.0,84.0,122.0,112.0,128.0,100.0,140.0,64.0,72.0
375.0,694.0,514.0,137.0,28.0,656.0,2.0,392.0,568.0,319.0,419.0,456.0,4.0,305.0,153.0
375.0,694.0,688.0,140.0,601.0,155.0,367.0,313.0,571.0,524.0,654.0,705.0,656.0,241.0,84.0
139.0,164.0,257.0,30.0,188.0,235.0,67.0,141.0,180.0,141.0,187.0,126.0,123.0,92.0,155.0
84.0,63.0,326.0,13.0,58.0,154.0,18.0,572.0,168.0,381.0,264.0,240.0,36.0,455.0,44.0
134.0,145.0,263.0,29.0,132.0,253.0,45.0,149.0,177.0,147.0,206.0,151.0,101.0,111.0,107.0
70.0,225.0,206.0,6.0,0.0,310.0,0.0,65.0,33.0,67.0,117.0,47.0,12.0,28.0,0.0
129.0,135.0,293.0,27.0,160.0,241.0,53.0,176.0,171.0,151.0,211.0,162.0,101.0,123.0,124.0
374.0,693.0,514.0,137.0,365.0,349.0,391.0,481.0,568.0,319.0,414.0,463.0,639.0,26.0,416.0
70.0,48.0,126.0,6.0,112.0,133.0,35.0,292.0,34.0,61.0,20.0,178.0,55.0,16.0,87.0
288.0,461.0,417.0,201.0,117.0,489.0,367.0,312.0,224.0,319.0,366.0,457.0,905.0,493.0,158.0
123.0,130.0,299.0,36.0,89.0,160.0,26.0,187.0,210.0,174.0,222.0,197.0,167.0,133.0,74.0
244.0,323.0,183.0,70.0,310.0,407.0,188.0,45.0,341.0,80.0,123.0,68.0,288.0,25.0,216.0
102.0,238.0,222.0,19.0,85.0,260.0,29.0,39.0,144.0,114.0,130.0,244.0,49.0,25.0,66.0
181.0,235.0,457.0,97.0,0.0,319.0,0.0,323.0,454.0,275.0,366.0,346.0,0.0,62.0,0.0
319.0,717.0,485.0,97.0,47.0,144.0,9.0,251.0,466.0,296.0,123.0,355.0,44.0,184.0,31.0
100.0,62.0,266.0,17.0,89.0,156.0,30.0,156.0,119.0,106.0,199.0,101.0,46.0,107.0,72.0
132.0,137.0,263.0,29.0,174.0,249.0,52.0,149.0,173.0,147.0,338.0,114.0,101.0,131.0,134.0
113.0,90.0,322.0,21.0,233.0,200.0,98.0,204.0,139.0,243.0,241.0,428.0,70.0,149.0,202.0
246.0,317.0,457.0,96.0,331.0,393.0,217.0,327.0,466.0,275.0,366.0,353.0,336.0,208.0,404.0
122.0,108.0,206.0,27.0,155.0,215.0,50.0,82.0,170.0,141.0,108.0,174.0,97.0,57.0,117.0
156.0,188.0,485.0,34.0,229.0,270.0,75.0,346.0,180.0,296.0,320.0,355.0,150.0,390.0,190.0
156.0,95.0,290.0,34.0,203.0,235.0,75.0,187.0,194.0,156.0,210.0,178.0,149.0,133.0,178.0
152.0,179.0,240.0,22.0,137.0,260.0,46.0,110.0,144.0,129.0,160.0,160.0,70.0,79.0,111.0
259.0,325.0,582.0,51.0,89.0,422.0,30.0,459.0,290.0,408.0,394.0,799.0,46.0,303.0,74.0
182.0,225.0,488.0,112.0,102.0,310.0,339.0,353.0,518.0,300.0,400.0,395.0,583.0,269.0,64.0
288.0,461.0,481.0,95.0,476.0,486.0,261.0,342.0,466.0,296.0,387.0,355.0,494.0,258.0,566.0
152.0,174.0,693.0,5.0,448.0,261.0,82.0,565.0,95.0,57.0,320.0,0.0,161.0,442.0,582.0
105.0,115.0,183.0,20.0,117.0,221.0,35.0,83.0,127.0,120.0,272.0,117.0,55.0,64.0,96.0
73.0,28.0,201.0,11.0,104.0,315.0,34.0,59.0,86.0,92.0,100.0,76.0,33.0,30.0,83.0
374.0,693.0,580.0,182.0,112.0,486.0,530.0,470.0,332.0,404.0,508.0,460.0,726.0,319.0,87.0
163.0,215.0,855.0,23.0,83.0,293.0,23.0,51.0,232.0,132.0,999.0,126.0,42.0,27.0,64.0
266.0,367.0,481.0,85.0,227.0,319.0,83.0,342.0,500.0,296.0,387.0,248.0,344.0,201.0,181.0
102.0,48.0,187.0,17.0,105.0,220.0,35.0,49.0,122.0,61.0,87.0,207.0,51.0,27.0,88.0
95.0,56.0,208.0,16.0,85.0,156.0,28.0,31.0,119.0,107.0,139.0,92.0,45.0,17.0,416.0
154.0,188.0,283.0,33.0,237.0,272.0,46.0,168.0,187.0,156.0,207.0,175.0,89.0,90.0,212.0
102.0,756.0,207.0,15.0,73.0,767.0,22.0,80.0,107.0,106.0,188.0,95.0,40.0,57.0,42.0
146.0,259.0,190.0,33.0,200.0,362.0,75.0,51.0,197.0,154.0,91.0,323.0,150.0,27.0,172.0
270.0,194.0,414.0,86.0,237.0,203.0,95.0,306.0,430.0,265.0,326.0,317.0,190.0,218.0,213.0
111.0,43.0,267.0,33.0,100.0,133.0,32.0,155.0,187.0,151.0,200.0,162.0,73.0,111.0,81.0
156.0,249.0,292.0,34.0,200.0,348.0,75.0,176.0,194.0,156.0,210.0,178.0,150.0,125.0,172.0
236.0,338.0,355.0,66.0,118.0,430.0,43.0,222.0,314.0,223.0,200.0,76.0,284.0,169.0,77.0
375.0,694.0,514.0,137.0,261.0,663.0,150.0,391.0,545.0,319.0,366.0,456.0,270.0,303.0,242.0
73.0,28.0,372.0,71.0,227.0,56.0,85.0,969.0,223.0,243.0,302.0,162.0,175.0,613.0,183.0
97.0,63.0,105.0,15.0,123.0,255.0,40.0,32.0,103.0,103.0,5.0,70.0,46.0,72.0,31.0
132.0,137.0,267.0,29.0,176.0,256.0,61.0,140.0,173.0,151.0,200.0,162.0,122.0,91.0,155.0
178.0,185.0,363.0,45.0,253.0,268.0,105.0,277.0,227.0,184.0,299.0,207.0,196.0,196.0,216.0
158.0,133.0,303.0,35.0,200.0,124.0,78.0,194.0,197.0,176.0,232.0,197.0,158.0,134.0,183.0
376.0,717.0,532.0,146.0,105.0,706.0,444.0,415.0,579.0,347.0,230.0,463.0,678.0,305.0,142.0
81.0,43.0,190.0,11.0,75.0,124.0,22.0,51.0,103.0,85.0,78.0,76.0,33.0,503.0,174.0
137.0,131.0,263.0,29.0,175.0,215.0,58.0,149.0,173.0,147.0,188.0,301.0,102.0,96.0,140.0
156.0,188.0,242.0,35.0,132.0,280.0,23.0,290.0,181.0,132.0,165.0,100.0,128.0,205.0,107.0
80.0,41.0,190.0,11.0,47.0,103.0,9.0,59.0,81.0,82.0,87.0,69.0,33.0,30.0,32.0
178.0,231.0,300.0,45.0,331.0,319.0,138.0,205.0,239.0,176.0,240.0,196.0,195.0,169.0,404.0
252.0,331.0,360.0,70.0,311.0,430.0,184.0,251.0,332.0,228.0,295.0,287.0,288.0,184.0,334.0
133.0,141.0,239.0,29.0,176.0,249.0,61.0,103.0,173.0,147.0,152.0,197.0,102.0,162.0,148.0
374.0,693.0,580.0,183.0,202.0,462.0,23.0,481.0,122.0,404.0,508.0,374.0,42.0,321.0,172.0
233.0,205.0,355.0,78.0,234.0,288.0,96.0,251.0,311.0,247.0,290.0,302.0,334.0,184.0,216.0
111.0,108.0,224.0,20.0,106.0,215.0,35.0,97.0,86.0,120.0,232.0,115.0,55.0,76.0,87.0
104.0,78.0,224.0,19.0,112.0,42.0,35.0,98.0,81.0,115.0,149.0,174.0,54.0,68.0,87.0
206.0,284.0,346.0,56.0,261.0,373.0,127.0,223.0,302.0,201.0,225.0,248.0,259.0,173.0,240.0
120.0,105.0,215.0,60.0,262.0,213.0,129.0,84.0,302.0,112.0,394.0,100.0,270.0,64.0,246.0
374.0,693.0,530.0,133.0,80.0,86.0,391.0,384.0,570.0,322.0,419.0,355.0,639.0,201.0,45.0
156.0,232.0,279.0,34.0,203.0,319.0,76.0,158.0,178.0,156.0,275.0,175.0,149.0,116.0,174.0
81.0,92.0,187.0,11.0,150.0,203.0,50.0,51.0,111.0,82.0,5.0,76.0,33.0,184.0,118.0
132.0,137.0,447.0,91.0,445.0,249.0,261.0,406.0,570.0,273.0,366.0,323.0,494.0,305.0,179.0
152.0,235.0,316.0,33.0,176.0,333.0,61.0,201.0,187.0,188.0,225.0,221.0,122.0,145.0,154.0
178.0,373.0,332.0,46.0,123.0,56.0,382.0,205.0,164.0,193.0,236.0,236.0,200.0,159.0,96.0
71.0,27.0,130.0,6.0,47.0,56.0,9.0,31.0,33.0,63.0,29.0,47.0,33.0,20.0,38.0
232.0,233.0,395.0,64.0,310.0,320.0,174.0,299.0,313.0,252.0,320.0,186.0,276.0,218.0,329.0
311.0,474.0,514.0,128.0,277.0,490.0,391.0,490.0,547.0,319.0,408.0,456.0,588.0,331.0,111.0
156.0,292.0,271.0,30.0,175.0,374.0,61.0,155.0,182.0,151.0,320.0,162.0,123.0,102.0,153.0
102.0,71.0,311.0,18.0,168.0,159.0,54.0,197.0,122.0,185.0,238.0,218.0,51.0,145.0,118.0
104.0,78.0,223.0,18.0,88.0,173.0,33.0,97.0,122.0,114.0,158.0,108.0,52.0,71.0,71.0
156.0,193.0,283.0,34.0,228.0,276.0,75.0,299.0,194.0,156.0,208.0,175.0,149.0,137.0,190.0
181.0,235.0,312.0,49.0,132.0,241.0,45.0,198.0,252.0,188.0,238.0,220.0,90.0,192.0,107.0
233.0,317.0,507.0,65.0,165.0,393.0,230.0,377.0,314.0,214.0,410.0,304.0,380.0,291.0,127.0
257.0,322.0,355.0,71.0,104.0,397.0,33.0,251.0,357.0,246.0,286.0,302.0,408.0,184.0,96.0
270.0,391.0,395.0,86.0,175.0,306.0,226.0,297.0,431.0,275.0,320.0,115.0,337.0,217.0,175.0
76.0,53.0,323.0,8.0,43.0,143.0,6.0,202.0,54.0,80.0,165.0,68.0,23.0,179.0,25.0
100.0,62.0,208.0,17.0,89.0,156.0,30.0,65.0,109.0,106.0,122.0,70.0,46.0,41.0,72.0
264.0,523.0,382.0,80.0,341.0,382.0,220.0,292.0,457.0,246.0,309.0,301.0,334.0,208.0,240.0
156.0,203.0,688.0,45.0,15.0,280.0,9.0,406.0,168.0,188.0,654.0,204.0,678.0,305.0,45.0
295.0,104.0,294.0,96.0,313.0,212.0,37.0,176.0,466.0,154.0,199.0,167.0,123.0,305.0,175.0
124.0,129.0,336.0,25.0,100.0,227.0,50.0,212.0,601.0,200.0,248.0,197.0,90.0,159.0,85.0
84.0,43.0,201.0,13.0,54.0,127.0,18.0,61.0,99.0,99.0,245.0,76.0,36.0,55.0,97.0
104.0,78.0,312.0,29.0,157.0,315.0,53.0,141.0,191.0,144.0,238.0,156.0,101.0,131.0,107.0
77.0,40.0,294.0,8.0,243.0,86.0,29.0,180.0,69.0,595.0,215.0,911.0,27.0,130.0,215.0
77.0,41.0,184.0,8.0,47.0,521.0,9.0,45.0,69.0,81.0,84.0,72.0,27.0,24.0,55.0
181.0,234.0,316.0,45.0,639.0,324.0,4.0,197.0,223.0,188.0,241.0,212.0,214.0,145.0,818.0
134.0,145.0,263.0,29.0,85.0,212.0,45.0,149.0,178.0,147.0,187.0,204.0,89.0,491.0,69.0
103.0,72.0,224.0,17.0,89.0,159.0,32.0,97.0,119.0,108.0,203.0,98.0,47.0,71.0,74.0
87.0,48.0,208.0,15.0,73.0,144.0,19.0,65.0,103.0,108.0,129.0,117.0,40.0,27.0,38.0
130.0,137.0,550.0,16.0,83.0,227.0,23.0,280.0,109.0,107.0,470.0,126.0,42.0,26.0,56.0
84.0,47.0,142.0,15.0,80.0,127.0,23.0,31.0,103.0,92.0,0.0,76.0,42.0,20.0,71.0
176.0,259.0,475.0,43.0,176.0,362.0,94.0,364.0,224.0,306.0,345.0,236.0,191.0,275.0,153.0
314.0,488.0,299.0,89.0,28.0,490.0,2.0,194.0,498.0,271.0,222.0,322.0,408.0,256.0,11.0
180.0,233.0,639.0,45.0,238.0,208.0,99.0,341.0,117.0,425.0,640.0,799.0,200.0,256.0,214.0
77.0,40.0,363.0,8.0,37.0,87.0,4.0,290.0,147.0,81.0,298.0,68.0,27.0,205.0,32.0
156.0,207.0,300.0,38.0,229.0,319.0,92.0,204.0,223.0,176.0,243.0,207.0,175.0,149.0,190.0
146.0,174.0,111.0,31.0,85.0,254.0,35.0,26.0,168.0,154.0,8.0,165.0,68.0,16.0,64.0
158.0,207.0,294.0,36.0,191.0,288.0,67.0,181.0,205.0,166.0,211.0,186.0,139.0,130.0,198.0
206.0,488.0,360.0,60.0,161.0,490.0,53.0,299.0,129.0,207.0,206.0,263.0,270.0,218.0,30.0
115.0,95.0,224.0,23.0,131.0,206.0,43.0,98.0,145.0,120.0,128.0,117.0,76.0,65.0,101.0
