70.0,95.0,661.0,6.0,85.0,216.0,29.0,509.0,34.0,63.0,351.0,47.0,33.0,408.0,64.0
236.0,317.0,363.0,66.0,341.0,393.0,220.0,313.0,120.0,225.0,295.0,282.0,284.0,240.0,93.0
169.0,185.0,347.0,38.0,131.0,268.0,43.0,228.0,223.0,176.0,272.0,197.0,84.0,167.0,101.0
181.0,234.0,336.0,45.0,233.0,328.0,53.0,240.0,233.0,188.0,252.0,214.0,200.0,145.0,201.0
288.0,461.0,449.0,95.0,341.0,484.0,220.0,322.0,343.0,275.0,326.0,323.0,429.0,493.0,404.0
83.0,90.0,204.0,14.0,100.0,200.0,32.0,62.0,122.0,99.0,108.0,76.0,49.0,34.0,63.0
268.0,372.0,356.0,85.0,257.0,445.0,108.0,259.0,425.0,223.0,211.0,280.0,288.0,169.0,247.0
80.0,169.0,180.0,11.0,292.0,255.0,15.0,62.0,111.0,76.0,63.0,76.0,33.0,35.0,307.0
73.0,28.0,180.0,7.0,28.0,56.0,1.0,39.0,46.0,76.0,63.0,423.0,4.0,24.0,97.0
319.0,406.0,507.0,109.0,255.0,460.0,43.0,620.0,500.0,306.0,408.0,430.0,48.0,343.0,134.0
152.0,180.0,126.0,6.0,58.0,260.0,1.0,29.0,33.0,61.0,13.0,193.0,10.0,314.0,44.0
152.0,180.0,346.0,57.0,275.0,261.0,139.0,250.0,297.0,201.0,154.0,249.0,264.0,184.0,246.0
178.0,90.0,661.0,70.0,174.0,213.0,58.0,509.0,184.0,228.0,582.0,287.0,288.0,305.0,82.0
123.0,212.0,266.0,24.0,723.0,294.0,54.0,154.0,122.0,141.0,200.0,151.0,101.0,106.0,469.0
122.0,89.0,251.0,24.0,151.0,193.0,75.0,103.0,182.0,137.0,173.0,127.0,84.0,72.0,156.0
113.0,90.0,582.0,217.0,999.0,200.0,999.0,470.0,829.0,408.0,470.0,705.0,999.0,319.0,999.0
181.0,234.0,323.0,46.0,237.0,422.0,99.0,204.0,270.0,171.0,240.0,137.0,200.0,131.0,212.0
156.0,200.0,283.0,35.0,186.0,280.0,65.0,168.0,171.0,156.0,207.0,178.0,158.0,119.0,155.0
71.0,27.0,475.0,6.0,55.0,365.0,18.0,331.0,34.0,269.0,394.0,316.0,12.0,173.0,110.0
259.0,367.0,283.0,30.0,85.0,448.0,28.0,175.0,182.0,346.0,207.0,463.0,44.0,205.0,64.0
0.0,0.0,223.0,0.0,83.0,0.0,24.0,94.0,0.0,92.0,220.0,76.0,0.0,68.0,63.0
232.0,325.0,355.0,64.0,292.0,425.0,170.0,251.0,313.0,223.0,286.0,282.0,276.0,184.0,322.0
266.0,373.0,353.0,80.0,131.0,445.0,203.0,251.0,419.0,252.0,286.0,374.0,336.0,184.0,101.0
232.0,281.0,180.0,86.0,344.0,373.0,222.0,39.0,347.0,225.0,64.0,282.0,369.0,25.0,422.0
100.0,62.0,215.0,17.0,89.0,155.0,30.0,92.0,120.0,112.0,245.0,101.0,46.0,66.0,74.0
311.0,461.0,500.0,112.0,258.0,490.0,108.0,363.0,501.0,304.0,408.0,430.0,579.0,458.0,179.0
115.0,103.0,220.0,21.0,106.0,211.0,35.0,92.0,139.0,112.0,165.0,101.0,70.0,72.0,87.0
182.0,233.0,372.0,91.0,415.0,320.0,247.0,292.0,454.0,273.0,302.0,323.0,419.0,184.0,604.0
165.0,215.0,279.0,38.0,237.0,297.0,83.0,160.0,213.0,154.0,204.0,156.0,174.0,184.0,160.0
103.0,76.0,336.0,18.0,83.0,348.0,5.0,241.0,127.0,196.0,241.0,257.0,23.0,169.0,182.0
129.0,137.0,550.0,14.0,89.0,393.0,30.0,431.0,95.0,106.0,470.0,61.0,33.0,312.0,73.0
257.0,488.0,356.0,71.0,476.0,490.0,262.0,264.0,357.0,225.0,0.0,282.0,44.0,409.0,99.0
130.0,137.0,266.0,29.0,211.0,241.0,78.0,155.0,184.0,151.0,240.0,162.0,109.0,81.0,175.0
264.0,259.0,379.0,80.0,360.0,215.0,226.0,214.0,425.0,246.0,309.0,446.0,337.0,186.0,190.0
270.0,376.0,303.0,86.0,277.0,407.0,213.0,509.0,428.0,278.0,232.0,346.0,316.0,408.0,247.0
126.0,131.0,336.0,27.0,157.0,241.0,52.0,111.0,170.0,138.0,241.0,138.0,90.0,76.0,119.0
114.0,90.0,240.0,22.0,54.0,200.0,40.0,111.0,141.0,129.0,160.0,160.0,70.0,77.0,43.0
288.0,278.0,999.0,95.0,723.0,372.0,274.0,999.0,237.0,273.0,410.0,323.0,450.0,999.0,818.0
375.0,694.0,542.0,140.0,261.0,82.0,274.0,969.0,571.0,346.0,465.0,355.0,515.0,628.0,242.0
71.0,27.0,180.0,29.0,134.0,422.0,45.0,39.0,178.0,147.0,64.0,162.0,76.0,25.0,110.0
71.0,63.0,187.0,11.0,55.0,143.0,16.0,49.0,81.0,83.0,126.0,84.0,33.0,116.0,44.0
196.0,257.0,852.0,51.0,200.0,348.0,75.0,353.0,271.0,193.0,351.0,244.0,212.0,269.0,172.0
71.0,27.0,142.0,6.0,73.0,56.0,19.0,31.0,34.0,58.0,128.0,249.0,36.0,21.0,38.0
157.0,214.0,661.0,243.0,228.0,297.0,95.0,509.0,184.0,521.0,508.0,856.0,122.0,343.0,179.0
122.0,115.0,320.0,3.0,28.0,215.0,2.0,202.0,0.0,188.0,241.0,220.0,4.0,159.0,11.0
71.0,27.0,257.0,6.0,28.0,56.0,2.0,148.0,34.0,63.0,187.0,47.0,10.0,96.0,107.0
167.0,225.0,279.0,38.0,211.0,349.0,78.0,158.0,205.0,154.0,203.0,165.0,176.0,111.0,175.0
256.0,332.0,374.0,71.0,255.0,429.0,119.0,115.0,363.0,243.0,232.0,298.0,264.0,72.0,231.0
330.0,276.0,648.0,128.0,260.0,365.0,61.0,509.0,501.0,306.0,295.0,428.0,624.0,491.0,275.0
152.0,193.0,283.0,33.0,184.0,310.0,65.0,156.0,252.0,153.0,207.0,163.0,127.0,101.0,155.0
114.0,95.0,240.0,22.0,202.0,210.0,75.0,110.0,147.0,129.0,238.0,126.0,70.0,76.0,173.0
97.0,55.0,242.0,23.0,123.0,155.0,40.0,65.0,145.0,132.0,250.0,126.0,76.0,41.0,95.0
163.0,215.0,294.0,36.0,248.0,296.0,101.0,180.0,215.0,166.0,321.0,186.0,190.0,130.0,215.0
217.0,304.0,457.0,95.0,191.0,388.0,69.0,323.0,457.0,275.0,366.0,317.0,140.0,245.0,153.0
181.0,234.0,657.0,46.0,230.0,328.0,99.0,493.0,237.0,188.0,582.0,50.0,202.0,493.0,190.0
202.0,274.0,279.0,33.0,47.0,362.0,9.0,175.0,184.0,154.0,122.0,174.0,109.0,123.0,32.0
181.0,235.0,530.0,45.0,200.0,253.0,99.0,205.0,168.0,188.0,419.0,212.0,200.0,180.0,172.0
168.0,225.0,240.0,33.0,117.0,310.0,35.0,90.0,184.0,129.0,160.0,124.0,123.0,65.0,89.0
182.0,235.0,130.0,16.0,43.0,310.0,16.0,31.0,109.0,107.0,27.0,115.0,44.0,20.0,180.0
97.0,55.0,208.0,16.0,145.0,193.0,29.0,65.0,117.0,107.0,122.0,81.0,46.0,510.0,117.0
210.0,284.0,303.0,53.0,216.0,373.0,99.0,194.0,290.0,176.0,232.0,203.0,200.0,134.0,179.0
126.0,130.0,224.0,27.0,279.0,230.0,99.0,97.0,168.0,138.0,176.0,139.0,202.0,71.0,274.0
156.0,210.0,294.0,35.0,86.0,289.0,35.0,180.0,199.0,156.0,244.0,187.0,55.0,130.0,66.0
167.0,221.0,303.0,38.0,175.0,445.0,58.0,194.0,222.0,176.0,226.0,175.0,108.0,134.0,144.0
241.0,128.0,353.0,70.0,188.0,253.0,67.0,240.0,333.0,228.0,286.0,287.0,494.0,583.0,156.0
205.0,276.0,336.0,56.0,176.0,362.0,382.0,251.0,293.0,197.0,245.0,241.0,656.0,184.0,153.0
86.0,48.0,693.0,15.0,55.0,315.0,19.0,572.0,103.0,296.0,658.0,353.0,40.0,455.0,52.0
81.0,42.0,207.0,15.0,217.0,211.0,82.0,73.0,99.0,106.0,120.0,69.0,171.0,65.0,74.0
126.0,130.0,457.0,96.0,446.0,230.0,258.0,323.0,480.0,275.0,366.0,346.0,450.0,245.0,582.0
83.0,43.0,201.0,11.0,104.0,200.0,33.0,61.0,139.0,92.0,100.0,76.0,52.0,34.0,83.0
212.0,300.0,346.0,57.0,229.0,374.0,92.0,251.0,297.0,201.0,261.0,248.0,190.0,184.0,198.0
206.0,281.0,346.0,56.0,310.0,369.0,139.0,481.0,293.0,200.0,177.0,244.0,264.0,613.0,247.0
123.0,109.0,278.0,24.0,131.0,214.0,45.0,158.0,164.0,151.0,201.0,162.0,89.0,111.0,102.0
138.0,169.0,263.0,29.0,211.0,255.0,78.0,149.0,177.0,147.0,203.0,100.0,161.0,101.0,175.0
113.0,90.0,239.0,21.0,261.0,200.0,121.0,104.0,139.0,128.0,152.0,117.0,252.0,72.0,238.0
84.0,47.0,507.0,11.0,47.0,203.0,16.0,601.0,69.0,316.0,408.0,457.0,33.0,477.0,154.0
156.0,179.0,355.0,36.0,261.0,260.0,83.0,251.0,205.0,201.0,286.0,241.0,161.0,184.0,220.0
115.0,105.0,224.0,15.0,126.0,213.0,40.0,98.0,103.0,140.0,158.0,117.0,36.0,72.0,96.0
306.0,43.0,701.0,97.0,184.0,216.0,61.0,532.0,480.0,275.0,394.0,325.0,95.0,409.0,155.0
232.0,320.0,111.0,64.0,310.0,393.0,172.0,26.0,313.0,214.0,5.0,264.0,276.0,16.0,329.0
210.0,284.0,346.0,57.0,117.0,372.0,35.0,223.0,122.0,201.0,262.0,249.0,264.0,173.0,88.0
271.0,338.0,440.0,89.0,445.0,430.0,254.0,346.0,425.0,271.0,345.0,323.0,406.0,259.0,574.0
114.0,95.0,252.0,61.0,360.0,203.0,129.0,140.0,363.0,138.0,177.0,138.0,273.0,91.0,455.0
87.0,48.0,279.0,32.0,131.0,143.0,45.0,160.0,188.0,154.0,204.0,155.0,83.0,122.0,101.0
124.0,128.0,246.0,23.0,150.0,221.0,50.0,130.0,165.0,132.0,170.0,149.0,92.0,169.0,117.0
114.0,95.0,240.0,22.0,112.0,208.0,35.0,111.0,314.0,129.0,160.0,133.0,70.0,77.0,87.0
103.0,180.0,481.0,18.0,100.0,260.0,33.0,342.0,181.0,113.0,387.0,108.0,52.0,258.0,54.0
115.0,95.0,549.0,22.0,128.0,211.0,42.0,420.0,145.0,115.0,468.0,178.0,70.0,311.0,102.0
71.0,27.0,207.0,6.0,157.0,56.0,50.0,78.0,34.0,106.0,120.0,81.0,92.0,66.0,122.0
236.0,338.0,317.0,46.0,228.0,430.0,85.0,198.0,239.0,188.0,257.0,322.0,175.0,101.0,192.0
124.0,130.0,300.0,25.0,150.0,230.0,50.0,189.0,163.0,154.0,241.0,165.0,92.0,173.0,118.0
178.0,233.0,300.0,38.0,211.0,312.0,78.0,756.0,223.0,176.0,222.0,197.0,204.0,458.0,175.0
156.0,203.0,255.0,35.0,200.0,280.0,75.0,141.0,204.0,139.0,200.0,138.0,150.0,76.0,172.0
270.0,409.0,414.0,86.0,524.0,767.0,274.0,306.0,431.0,265.0,326.0,317.0,515.0,218.0,174.0
102.0,71.0,207.0,18.0,132.0,160.0,45.0,80.0,122.0,107.0,160.0,98.0,49.0,255.0,107.0
77.0,41.0,180.0,15.0,175.0,101.0,19.0,39.0,107.0,101.0,63.0,76.0,36.0,24.0,142.0
122.0,105.0,553.0,46.0,229.0,215.0,121.0,438.0,281.0,188.0,470.0,218.0,239.0,312.0,246.0
156.0,187.0,111.0,34.0,261.0,270.0,121.0,26.0,194.0,58.0,152.0,23.0,176.0,17.0,242.0
154.0,185.0,290.0,33.0,234.0,261.0,67.0,168.0,191.0,154.0,238.0,160.0,140.0,158.0,212.0
86.0,78.0,183.0,15.0,200.0,200.0,65.0,45.0,103.0,82.0,154.0,69.0,175.0,25.0,174.0
178.0,231.0,339.0,58.0,200.0,315.0,147.0,222.0,296.0,199.0,640.0,124.0,269.0,58.0,172.0
115.0,103.0,260.0,29.0,54.0,211.0,18.0,225.0,191.0,144.0,187.0,105.0,36.0,174.0,42.0
169.0,219.0,322.0,40.0,233.0,297.0,96.0,155.0,223.0,188.0,241.0,186.0,181.0,174.0,81.0
130.0,180.0,254.0,26.0,160.0,260.0,50.0,146.0,170.0,138.0,182.0,138.0,92.0,95.0,124.0
138.0,257.0,293.0,29.0,252.0,288.0,105.0,176.0,178.0,150.0,211.0,162.0,101.0,129.0,220.0
71.0,27.0,125.0,6.0,73.0,56.0,19.0,27.0,158.0,63.0,20.0,47.0,12.0,17.0,55.0
81.0,55.0,187.0,11.0,145.0,155.0,15.0,49.0,81.0,83.0,87.0,312.0,33.0,68.0,116.0
314.0,488.0,747.0,58.0,278.0,491.0,147.0,601.0,297.0,660.0,207.0,221.0,269.0,477.0,262.0
176.0,229.0,317.0,49.0,145.0,315.0,50.0,202.0,122.0,188.0,264.0,221.0,204.0,134.0,116.0
244.0,310.0,363.0,70.0,313.0,390.0,199.0,277.0,341.0,238.0,295.0,298.0,291.0,193.0,297.0
156.0,193.0,511.0,34.0,188.0,268.0,67.0,384.0,193.0,103.0,419.0,91.0,155.0,300.0,155.0
115.0,95.0,299.0,23.0,122.0,206.0,39.0,176.0,145.0,176.0,222.0,221.0,70.0,125.0,94.0
160.0,188.0,313.0,29.0,117.0,341.0,35.0,205.0,173.0,144.0,239.0,156.0,101.0,57.0,93.0
76.0,36.0,187.0,8.0,32.0,221.0,2.0,47.0,34.0,81.0,78.0,68.0,10.0,26.0,12.0
115.0,105.0,300.0,23.0,131.0,213.0,40.0,189.0,145.0,176.0,226.0,197.0,76.0,133.0,101.0
154.0,185.0,222.0,33.0,177.0,261.0,61.0,92.0,173.0,154.0,175.0,173.0,127.0,72.0,155.0
76.0,233.0,542.0,8.0,112.0,320.0,35.0,420.0,54.0,356.0,465.0,221.0,43.0,309.0,87.0
103.0,76.0,747.0,29.0,174.0,193.0,58.0,493.0,177.0,660.0,833.0,61.0,103.0,339.0,139.0
103.0,78.0,204.0,17.0,100.0,175.0,32.0,62.0,119.0,129.0,120.0,133.0,49.0,35.0,88.0
152.0,185.0,294.0,35.0,86.0,341.0,75.0,180.0,99.0,156.0,215.0,178.0,154.0,130.0,201.0
94.0,56.0,207.0,16.0,15.0,155.0,1.0,78.0,188.0,108.0,120.0,91.0,33.0,111.0,4.0
97.0,331.0,204.0,16.0,85.0,418.0,29.0,65.0,117.0,99.0,108.0,76.0,46.0,107.0,66.0
270.0,373.0,414.0,86.0,310.0,445.0,174.0,322.0,120.0,265.0,326.0,50.0,369.0,246.0,198.0
338.0,232.0,507.0,133.0,322.0,319.0,217.0,316.0,252.0,311.0,408.0,911.0,331.0,235.0,455.0
319.0,515.0,487.0,109.0,131.0,490.0,46.0,346.0,503.0,296.0,394.0,374.0,219.0,259.0,83.0
224.0,304.0,355.0,63.0,261.0,362.0,127.0,322.0,311.0,225.0,286.0,282.0,272.0,246.0,238.0
181.0,234.0,336.0,45.0,217.0,297.0,82.0,175.0,222.0,182.0,299.0,207.0,171.0,132.0,180.0
83.0,41.0,201.0,13.0,73.0,156.0,18.0,61.0,99.0,92.0,100.0,76.0,36.0,35.0,45.0
139.0,164.0,279.0,30.0,188.0,348.0,67.0,163.0,195.0,153.0,203.0,162.0,136.0,184.0,156.0
84.0,47.0,207.0,14.0,88.0,156.0,29.0,73.0,99.0,99.0,117.0,76.0,35.0,62.0,64.0
171.0,231.0,322.0,51.0,202.0,362.0,75.0,315.0,272.0,190.0,241.0,221.0,175.0,303.0,172.0
160.0,205.0,300.0,38.0,238.0,281.0,82.0,181.0,223.0,176.0,230.0,151.0,171.0,134.0,213.0
180.0,233.0,240.0,45.0,237.0,320.0,98.0,90.0,222.0,129.0,157.0,125.0,200.0,491.0,212.0
114.0,92.0,263.0,22.0,128.0,407.0,42.0,341.0,139.0,138.0,240.0,138.0,70.0,312.0,307.0
104.0,78.0,72.0,3.0,243.0,143.0,106.0,15.0,38.0,25.0,0.0,0.0,36.0,16.0,216.0
306.0,474.0,130.0,97.0,476.0,490.0,262.0,39.0,293.0,293.0,5.0,338.0,450.0,57.0,107.0
156.0,203.0,206.0,36.0,175.0,281.0,58.0,31.0,199.0,151.0,128.0,162.0,155.0,17.0,155.0
244.0,325.0,363.0,70.0,228.0,259.0,121.0,273.0,341.0,238.0,299.0,160.0,239.0,193.0,181.0
130.0,137.0,258.0,29.0,229.0,297.0,105.0,148.0,173.0,144.0,179.0,158.0,171.0,101.0,416.0
126.0,133.0,303.0,43.0,230.0,241.0,94.0,180.0,232.0,176.0,203.0,117.0,190.0,132.0,201.0
322.0,306.0,330.0,51.0,312.0,389.0,198.0,204.0,290.0,193.0,244.0,236.0,238.0,134.0,341.0
163.0,215.0,294.0,36.0,229.0,296.0,82.0,158.0,210.0,167.0,382.0,186.0,171.0,106.0,190.0
154.0,187.0,0.0,33.0,186.0,270.0,67.0,0.0,188.0,156.0,0.0,172.0,139.0,0.0,155.0
103.0,72.0,386.0,18.0,50.0,164.0,6.0,297.0,122.0,247.0,320.0,25.0,25.0,339.0,43.0
77.0,76.0,550.0,8.0,50.0,143.0,5.0,392.0,120.0,368.0,470.0,580.0,25.0,292.0,55.0
104.0,78.0,322.0,19.0,104.0,164.0,34.0,204.0,117.0,174.0,241.0,197.0,54.0,150.0,84.0
111.0,89.0,254.0,21.0,85.0,188.0,30.0,141.0,129.0,138.0,179.0,139.0,46.0,79.0,69.0
114.0,87.0,125.0,22.0,85.0,276.0,38.0,27.0,141.0,57.0,88.0,186.0,70.0,17.0,64.0
268.0,373.0,298.0,32.0,208.0,445.0,61.0,140.0,184.0,154.0,302.0,241.0,122.0,91.0,175.0
428.0,769.0,580.0,185.0,258.0,250.0,598.0,440.0,99.0,404.0,500.0,856.0,905.0,312.0,148.0
97.0,56.0,208.0,16.0,85.0,155.0,29.0,82.0,117.0,108.0,128.0,98.0,46.0,62.0,71.0
268.0,373.0,379.0,89.0,966.0,445.0,598.0,297.0,616.0,256.0,309.0,312.0,864.0,218.0,881.0
375.0,259.0,507.0,143.0,216.0,372.0,444.0,377.0,571.0,306.0,408.0,430.0,678.0,291.0,178.0
83.0,42.0,214.0,16.0,85.0,521.0,28.0,180.0,122.0,108.0,128.0,100.0,45.0,131.0,64.0
316.0,515.0,481.0,106.0,344.0,272.0,274.0,415.0,501.0,296.0,387.0,353.0,524.0,308.0,422.0
87.0,108.0,347.0,15.0,28.0,215.0,19.0,228.0,99.0,105.0,264.0,84.0,40.0,179.0,12.0
287.0,423.0,385.0,95.0,446.0,479.0,258.0,292.0,452.0,247.0,245.0,303.0,450.0,218.0,566.0
196.0,259.0,240.0,35.0,202.0,362.0,76.0,103.0,198.0,151.0,0.0,162.0,155.0,162.0,179.0
374.0,693.0,536.0,137.0,735.0,247.0,396.0,392.0,571.0,346.0,458.0,460.0,639.0,186.0,604.0
233.0,316.0,507.0,128.0,601.0,390.0,382.0,377.0,551.0,306.0,408.0,428.0,590.0,291.0,818.0
183.0,232.0,310.0,50.0,277.0,319.0,99.0,197.0,253.0,176.0,234.0,197.0,211.0,145.0,275.0
167.0,227.0,300.0,38.0,45.0,191.0,9.0,192.0,223.0,176.0,230.0,133.0,109.0,133.0,94.0
206.0,278.0,303.0,18.0,126.0,407.0,35.0,32.0,122.0,176.0,232.0,167.0,48.0,21.0,99.0
271.0,406.0,549.0,89.0,188.0,159.0,67.0,459.0,314.0,271.0,468.0,456.0,408.0,583.0,156.0
158.0,205.0,294.0,36.0,188.0,294.0,67.0,186.0,233.0,167.0,215.0,241.0,161.0,132.0,156.0
167.0,225.0,263.0,38.0,227.0,310.0,83.0,149.0,213.0,171.0,189.0,100.0,174.0,256.0,95.0
75.0,40.0,184.0,8.0,45.0,143.0,5.0,969.0,223.0,80.0,78.0,68.0,26.0,617.0,38.0
113.0,90.0,240.0,21.0,100.0,272.0,33.0,124.0,139.0,129.0,157.0,113.0,68.0,292.0,81.0
287.0,372.0,386.0,104.0,503.0,445.0,274.0,312.0,500.0,275.0,320.0,348.0,500.0,240.0,216.0
257.0,55.0,396.0,71.0,360.0,155.0,226.0,297.0,466.0,243.0,302.0,298.0,337.0,205.0,455.0
288.0,461.0,201.0,95.0,176.0,479.0,253.0,323.0,457.0,273.0,94.0,323.0,438.0,247.0,148.0
77.0,41.0,184.0,8.0,32.0,102.0,5.0,45.0,69.0,81.0,64.0,68.0,27.0,25.0,12.0
187.0,257.0,487.0,80.0,277.0,348.0,129.0,392.0,425.0,296.0,394.0,374.0,269.0,303.0,139.0
191.0,259.0,476.0,51.0,277.0,254.0,121.0,341.0,204.0,196.0,382.0,241.0,239.0,256.0,248.0
120.0,105.0,215.0,6.0,202.0,213.0,75.0,205.0,164.0,81.0,129.0,68.0,168.0,152.0,173.0
104.0,76.0,411.0,18.0,128.0,155.0,40.0,306.0,117.0,113.0,200.0,263.0,73.0,218.0,99.0
167.0,222.0,299.0,38.0,186.0,308.0,94.0,187.0,223.0,174.0,222.0,174.0,176.0,185.0,155.0
212.0,276.0,125.0,6.0,15.0,372.0,2.0,15.0,98.0,61.0,165.0,76.0,5.0,16.0,699.0
165.0,118.0,279.0,38.0,212.0,221.0,75.0,163.0,213.0,154.0,203.0,162.0,149.0,409.0,175.0
271.0,406.0,528.0,87.0,410.0,272.0,237.0,398.0,571.0,300.0,410.0,263.0,408.0,308.0,469.0
124.0,137.0,549.0,15.0,216.0,241.0,79.0,420.0,103.0,108.0,470.0,100.0,43.0,309.0,183.0
169.0,225.0,363.0,38.0,118.0,255.0,33.0,280.0,223.0,176.0,290.0,151.0,52.0,202.0,94.0
183.0,249.0,190.0,11.0,258.0,348.0,101.0,51.0,164.0,84.0,91.0,81.0,33.0,41.0,213.0
115.0,106.0,246.0,21.0,117.0,270.0,35.0,124.0,129.0,130.0,179.0,126.0,59.0,131.0,107.0
268.0,373.0,363.0,71.0,277.0,445.0,172.0,175.0,341.0,228.0,298.0,287.0,288.0,123.0,248.0
119.0,103.0,356.0,23.0,131.0,211.0,45.0,259.0,158.0,132.0,264.0,140.0,76.0,184.0,81.0
73.0,27.0,111.0,6.0,50.0,56.0,5.0,26.0,120.0,67.0,5.0,50.0,19.0,16.0,93.0
103.0,72.0,207.0,17.0,100.0,155.0,32.0,59.0,139.0,103.0,88.0,76.0,48.0,28.0,80.0
232.0,225.0,449.0,64.0,237.0,310.0,98.0,266.0,313.0,275.0,64.0,460.0,276.0,133.0,212.0
271.0,423.0,457.0,91.0,261.0,261.0,61.0,322.0,454.0,271.0,366.0,323.0,419.0,246.0,240.0
264.0,367.0,346.0,80.0,410.0,445.0,226.0,223.0,425.0,200.0,203.0,246.0,337.0,291.0,473.0
96.0,55.0,212.0,17.0,341.0,143.0,203.0,84.0,120.0,113.0,122.0,149.0,303.0,64.0,250.0
180.0,233.0,300.0,45.0,238.0,320.0,99.0,189.0,129.0,176.0,225.0,196.0,200.0,131.0,212.0
235.0,317.0,372.0,70.0,104.0,393.0,34.0,285.0,333.0,243.0,310.0,298.0,288.0,202.0,84.0
73.0,27.0,126.0,6.0,28.0,56.0,4.0,29.0,141.0,61.0,8.0,21.0,19.0,21.0,11.0
171.0,234.0,340.0,58.0,85.0,341.0,28.0,315.0,296.0,201.0,241.0,263.0,45.0,241.0,52.0
163.0,207.0,311.0,36.0,216.0,297.0,78.0,187.0,184.0,187.0,236.0,115.0,156.0,133.0,329.0
130.0,137.0,220.0,18.0,161.0,281.0,53.0,90.0,122.0,112.0,130.0,101.0,101.0,66.0,240.0
171.0,227.0,207.0,18.0,132.0,235.0,46.0,78.0,122.0,112.0,117.0,101.0,83.0,57.0,818.0
428.0,717.0,361.0,201.0,80.0,255.0,23.0,292.0,999.0,256.0,179.0,312.0,923.0,208.0,54.0
414.0,764.0,125.0,182.0,206.0,254.0,598.0,27.0,660.0,381.0,20.0,124.0,726.0,21.0,198.0
375.0,694.0,661.0,243.0,218.0,663.0,80.0,509.0,858.0,521.0,173.0,856.0,145.0,339.0,178.0
126.0,128.0,252.0,25.0,145.0,222.0,50.0,140.0,168.0,138.0,176.0,140.0,92.0,91.0,117.0
233.0,301.0,355.0,65.0,292.0,491.0,166.0,251.0,314.0,223.0,286.0,263.0,284.0,184.0,322.0
152.0,235.0,125.0,5.0,47.0,341.0,2.0,27.0,46.0,58.0,508.0,23.0,5.0,55.0,31.0
130.0,137.0,386.0,29.0,89.0,256.0,30.0,293.0,172.0,247.0,320.0,303.0,101.0,208.0,74.0
97.0,56.0,208.0,16.0,85.0,155.0,29.0,80.0,117.0,108.0,117.0,98.0,46.0,88.0,64.0
330.0,585.0,500.0,117.0,248.0,404.0,217.0,364.0,547.0,304.0,408.0,76.0,583.0,275.0,214.0
196.0,259.0,266.0,51.0,224.0,372.0,121.0,154.0,272.0,138.0,199.0,139.0,239.0,102.0,181.0
115.0,103.0,240.0,21.0,126.0,211.0,40.0,104.0,139.0,129.0,157.0,118.0,59.0,72.0,229.0
0.0,0.0,0.0,0.0,0.0,0.0,0.0,0.0,0.0,0.0,0.0,21.0,0.0,491.0,0.0
214.0,301.0,536.0,143.0,177.0,382.0,530.0,459.0,571.0,347.0,458.0,470.0,678.0,458.0,155.0
202.0,304.0,320.0,45.0,54.0,388.0,19.0,202.0,117.0,188.0,241.0,214.0,288.0,146.0,43.0
103.0,78.0,294.0,19.0,85.0,429.0,19.0,180.0,122.0,128.0,215.0,118.0,54.0,65.0,214.0
114.0,409.0,550.0,22.0,123.0,490.0,38.0,431.0,163.0,368.0,470.0,580.0,70.0,312.0,95.0
133.0,141.0,263.0,29.0,175.0,249.0,58.0,83.0,173.0,147.0,206.0,348.0,102.0,64.0,142.0
375.0,694.0,511.0,140.0,262.0,663.0,119.0,202.0,173.0,319.0,419.0,457.0,239.0,148.0,247.0
167.0,219.0,317.0,36.0,228.0,297.0,85.0,200.0,188.0,201.0,238.0,248.0,175.0,145.0,188.0
163.0,215.0,396.0,36.0,28.0,296.0,6.0,297.0,204.0,160.0,261.0,303.0,168.0,217.0,25.0
154.0,78.0,294.0,33.0,168.0,155.0,65.0,180.0,187.0,156.0,220.0,254.0,128.0,130.0,125.0
202.0,261.0,303.0,41.0,233.0,382.0,95.0,146.0,223.0,176.0,191.0,316.0,77.0,96.0,201.0
75.0,40.0,72.0,7.0,98.0,86.0,33.0,10.0,50.0,81.0,8.0,69.0,27.0,17.0,107.0
103.0,72.0,223.0,19.0,112.0,155.0,35.0,97.0,95.0,115.0,157.0,173.0,55.0,72.0,87.0
232.0,95.0,350.0,64.0,312.0,281.0,170.0,251.0,313.0,213.0,274.0,264.0,276.0,184.0,469.0
202.0,261.0,215.0,51.0,280.0,365.0,148.0,84.0,272.0,196.0,191.0,207.0,270.0,62.0,275.0
157.0,205.0,111.0,23.0,128.0,297.0,42.0,32.0,134.0,132.0,63.0,307.0,76.0,20.0,238.0
77.0,41.0,184.0,7.0,228.0,56.0,19.0,45.0,281.0,81.0,57.0,68.0,36.0,25.0,188.0
97.0,55.0,208.0,16.0,200.0,144.0,59.0,481.0,117.0,106.0,119.0,95.0,43.0,328.0,172.0
169.0,238.0,360.0,71.0,448.0,369.0,213.0,266.0,122.0,213.0,225.0,263.0,330.0,192.0,220.0
270.0,409.0,414.0,86.0,89.0,250.0,226.0,16.0,430.0,265.0,326.0,449.0,344.0,16.0,74.0
114.0,89.0,379.0,6.0,174.0,191.0,59.0,312.0,38.0,151.0,5.0,162.0,127.0,409.0,139.0
81.0,40.0,511.0,11.0,47.0,86.0,9.0,391.0,81.0,316.0,411.0,456.0,33.0,300.0,42.0
83.0,55.0,170.0,13.0,54.0,155.0,18.0,32.0,199.0,92.0,57.0,91.0,36.0,132.0,42.0
129.0,137.0,246.0,23.0,131.0,250.0,43.0,141.0,69.0,132.0,249.0,127.0,77.0,90.0,101.0
76.0,21.0,111.0,7.0,45.0,56.0,6.0,26.0,103.0,57.0,290.0,23.0,26.0,16.0,44.0
0.0,0.0,0.0,0.0,0.0,0.0,0.0,111.0,0.0,0.0,0.0,76.0,0.0,72.0,0.0
163.0,231.0,316.0,45.0,322.0,159.0,99.0,198.0,568.0,188.0,240.0,208.0,177.0,137.0,390.0
114.0,76.0,481.0,22.0,218.0,159.0,75.0,346.0,165.0,296.0,387.0,355.0,149.0,292.0,175.0
126.0,133.0,255.0,27.0,175.0,241.0,59.0,141.0,122.0,139.0,201.0,186.0,109.0,88.0,173.0
205.0,276.0,336.0,53.0,262.0,362.0,129.0,206.0,297.0,197.0,245.0,240.0,260.0,158.0,247.0
102.0,225.0,220.0,17.0,83.0,306.0,19.0,90.0,122.0,112.0,130.0,100.0,68.0,65.0,566.0
178.0,235.0,125.0,5.0,0.0,328.0,0.0,16.0,314.0,58.0,13.0,25.0,0.0,16.0,0.0
157.0,187.0,379.0,35.0,89.0,270.0,30.0,292.0,198.0,150.0,275.0,160.0,54.0,208.0,72.0
338.0,227.0,481.0,109.0,277.0,297.0,147.0,363.0,503.0,296.0,387.0,387.0,269.0,271.0,250.0
95.0,55.0,279.0,31.0,174.0,124.0,61.0,160.0,170.0,154.0,203.0,165.0,122.0,107.0,142.0
113.0,90.0,240.0,21.0,191.0,203.0,69.0,109.0,139.0,129.0,157.0,117.0,49.0,76.0,154.0
333.0,612.0,507.0,128.0,83.0,462.0,29.0,392.0,571.0,306.0,408.0,395.0,579.0,300.0,81.0
163.0,212.0,294.0,36.0,73.0,460.0,19.0,180.0,210.0,167.0,220.0,187.0,171.0,111.0,52.0
202.0,320.0,549.0,51.0,150.0,393.0,33.0,459.0,297.0,300.0,468.0,138.0,52.0,314.0,119.0
73.0,41.0,142.0,7.0,112.0,102.0,32.0,31.0,54.0,71.0,117.0,134.0,51.0,17.0,87.0
252.0,331.0,361.0,65.0,310.0,425.0,172.0,273.0,314.0,227.0,298.0,282.0,284.0,314.0,55.0
322.0,523.0,414.0,77.0,277.0,518.0,143.0,312.0,210.0,265.0,326.0,325.0,334.0,235.0,248.0
210.0,284.0,346.0,57.0,310.0,374.0,172.0,223.0,293.0,201.0,262.0,248.0,276.0,170.0,329.0
130.0,137.0,256.0,29.0,161.0,249.0,53.0,144.0,173.0,144.0,187.0,139.0,101.0,101.0,101.0
375.0,709.0,281.0,146.0,175.0,160.0,59.0,165.0,180.0,154.0,203.0,158.0,122.0,205.0,125.0
77.0,40.0,372.0,8.0,45.0,86.0,6.0,285.0,69.0,80.0,302.0,127.0,27.0,202.0,11.0
235.0,316.0,337.0,65.0,310.0,390.0,172.0,264.0,314.0,223.0,249.0,282.0,284.0,186.0,56.0
330.0,585.0,500.0,117.0,310.0,518.0,174.0,363.0,545.0,304.0,408.0,428.0,276.0,271.0,329.0
196.0,259.0,346.0,51.0,168.0,348.0,54.0,222.0,270.0,197.0,272.0,241.0,101.0,170.0,116.0
76.0,37.0,180.0,7.0,17.0,86.0,2.0,39.0,46.0,76.0,63.0,47.0,10.0,25.0,12.0
235.0,317.0,514.0,57.0,275.0,393.0,138.0,392.0,292.0,319.0,414.0,456.0,264.0,311.0,179.0
163.0,205.0,294.0,36.0,211.0,293.0,82.0,180.0,232.0,160.0,215.0,178.0,168.0,88.0,175.0
126.0,131.0,252.0,27.0,176.0,250.0,59.0,130.0,204.0,140.0,203.0,140.0,113.0,90.0,69.0
102.0,71.0,207.0,18.0,104.0,160.0,33.0,80.0,122.0,113.0,119.0,105.0,54.0,57.0,84.0
212.0,284.0,476.0,51.0,258.0,374.0,119.0,205.0,296.0,289.0,387.0,348.0,238.0,156.0,231.0
96.0,55.0,208.0,16.0,243.0,155.0,18.0,83.0,184.0,107.0,126.0,95.0,40.0,64.0,215.0
73.0,37.0,187.0,6.0,83.0,82.0,5.0,59.0,38.0,67.0,88.0,58.0,19.0,185.0,55.0
167.0,210.0,299.0,38.0,277.0,358.0,101.0,187.0,222.0,176.0,222.0,167.0,175.0,16.0,250.0
123.0,90.0,582.0,25.0,15.0,197.0,1.0,403.0,170.0,408.0,509.0,803.0,90.0,296.0,333.0
288.0,461.0,487.0,109.0,735.0,491.0,339.0,342.0,503.0,296.0,394.0,374.0,464.0,258.0,87.0
96.0,55.0,183.0,16.0,104.0,154.0,35.0,45.0,109.0,107.0,57.0,98.0,43.0,25.0,84.0
206.0,274.0,330.0,56.0,234.0,362.0,96.0,204.0,292.0,192.0,244.0,181.0,259.0,150.0,201.0
96.0,55.0,208.0,16.0,0.0,173.0,23.0,82.0,105.0,106.0,122.0,164.0,42.0,64.0,0.0
311.0,348.0,255.0,23.0,83.0,429.0,23.0,141.0,163.0,132.0,175.0,127.0,42.0,92.0,63.0
210.0,249.0,346.0,57.0,258.0,348.0,129.0,225.0,168.0,201.0,215.0,248.0,259.0,145.0,234.0
115.0,105.0,300.0,21.0,28.0,175.0,26.0,189.0,139.0,176.0,208.0,204.0,44.0,167.0,11.0
235.0,348.0,300.0,65.0,310.0,430.0,180.0,189.0,314.0,140.0,211.0,236.0,284.0,133.0,329.0
101.0,64.0,363.0,17.0,104.0,112.0,33.0,273.0,120.0,71.0,299.0,21.0,51.0,240.0,84.0
156.0,194.0,252.0,25.0,150.0,277.0,50.0,137.0,168.0,138.0,175.0,138.0,92.0,88.0,119.0
125.0,130.0,449.0,26.0,89.0,272.0,30.0,322.0,163.0,137.0,366.0,137.0,47.0,412.0,74.0
271.0,406.0,438.0,89.0,415.0,430.0,243.0,342.0,457.0,271.0,338.0,330.0,419.0,318.0,297.0
86.0,48.0,449.0,91.0,446.0,144.0,258.0,322.0,454.0,273.0,176.0,323.0,438.0,246.0,582.0
86.0,47.0,347.0,33.0,224.0,227.0,94.0,204.0,184.0,246.0,264.0,302.0,191.0,321.0,182.0
77.0,40.0,184.0,8.0,75.0,86.0,5.0,59.0,117.0,80.0,78.0,68.0,27.0,30.0,55.0
103.0,72.0,223.0,18.0,100.0,362.0,33.0,15.0,122.0,112.0,152.0,100.0,51.0,21.0,81.0
154.0,188.0,283.0,34.0,200.0,213.0,75.0,168.0,193.0,154.0,207.0,167.0,149.0,122.0,173.0
168.0,225.0,300.0,38.0,224.0,319.0,86.0,187.0,223.0,176.0,226.0,178.0,176.0,133.0,179.0
187.0,249.0,326.0,51.0,131.0,348.0,58.0,156.0,272.0,191.0,244.0,228.0,219.0,87.0,101.0
104.0,87.0,208.0,15.0,112.0,154.0,35.0,82.0,103.0,105.0,122.0,92.0,33.0,58.0,246.0
160.0,210.0,693.0,248.0,999.0,294.0,999.0,509.0,95.0,580.0,165.0,894.0,999.0,408.0,999.0
86.0,47.0,130.0,21.0,89.0,118.0,40.0,31.0,139.0,129.0,27.0,118.0,73.0,20.0,81.0
100.0,63.0,293.0,23.0,128.0,156.0,42.0,176.0,290.0,160.0,211.0,175.0,76.0,583.0,107.0
266.0,367.0,582.0,133.0,723.0,422.0,396.0,470.0,571.0,408.0,527.0,803.0,656.0,319.0,818.0
205.0,276.0,360.0,70.0,313.0,393.0,199.0,280.0,333.0,230.0,298.0,288.0,276.0,201.0,308.0
111.0,89.0,257.0,21.0,128.0,193.0,43.0,146.0,134.0,120.0,257.0,115.0,76.0,96.0,101.0
244.0,316.0,346.0,70.0,313.0,388.0,199.0,481.0,341.0,207.0,262.0,263.0,291.0,333.0,242.0
156.0,194.0,257.0,36.0,228.0,277.0,99.0,146.0,199.0,139.0,188.0,423.0,202.0,96.0,201.0
158.0,205.0,293.0,35.0,226.0,289.0,82.0,175.0,194.0,160.0,211.0,137.0,156.0,123.0,179.0
330.0,590.0,553.0,128.0,243.0,518.0,75.0,438.0,551.0,306.0,387.0,470.0,590.0,312.0,246.0
180.0,233.0,360.0,45.0,238.0,320.0,99.0,266.0,232.0,188.0,286.0,212.0,200.0,305.0,229.0
163.0,205.0,296.0,36.0,310.0,281.0,180.0,181.0,205.0,167.0,220.0,165.0,288.0,131.0,334.0
134.0,145.0,457.0,96.0,434.0,276.0,253.0,323.0,431.0,275.0,366.0,338.0,444.0,247.0,566.0
212.0,304.0,360.0,58.0,112.0,133.0,129.0,202.0,296.0,201.0,218.0,470.0,259.0,145.0,87.0
206.0,278.0,207.0,15.0,175.0,369.0,54.0,78.0,400.0,106.0,100.0,117.0,42.0,134.0,202.0
182.0,105.0,530.0,97.0,151.0,124.0,274.0,403.0,503.0,347.0,419.0,460.0,500.0,305.0,124.0
147.0,227.0,303.0,41.0,415.0,249.0,243.0,194.0,223.0,176.0,257.0,203.0,256.0,159.0,250.0
111.0,95.0,238.0,21.0,117.0,206.0,35.0,292.0,132.0,120.0,152.0,114.0,59.0,208.0,87.0
154.0,185.0,292.0,35.0,206.0,261.0,79.0,296.0,210.0,156.0,210.0,178.0,167.0,186.0,175.0
196.0,257.0,303.0,51.0,243.0,348.0,105.0,201.0,122.0,176.0,240.0,196.0,264.0,148.0,215.0
232.0,259.0,323.0,64.0,176.0,389.0,61.0,204.0,313.0,223.0,241.0,280.0,122.0,318.0,101.0
97.0,56.0,212.0,16.0,176.0,155.0,61.0,155.0,117.0,108.0,130.0,98.0,46.0,106.0,153.0
317.0,434.0,481.0,109.0,429.0,479.0,253.0,363.0,501.0,296.0,387.0,355.0,438.0,162.0,566.0
180.0,234.0,363.0,64.0,310.0,156.0,171.0,277.0,314.0,214.0,297.0,167.0,284.0,202.0,334.0
288.0,76.0,311.0,95.0,104.0,230.0,261.0,198.0,223.0,214.0,236.0,268.0,444.0,119.0,77.0
180.0,233.0,855.0,95.0,434.0,320.0,253.0,940.0,457.0,273.0,999.0,325.0,438.0,496.0,566.0
96.0,55.0,254.0,16.0,86.0,156.0,23.0,353.0,105.0,136.0,179.0,134.0,42.0,269.0,81.0
92.0,36.0,476.0,15.0,83.0,225.0,23.0,415.0,107.0,108.0,386.0,98.0,42.0,308.0,56.0
160.0,207.0,549.0,36.0,131.0,306.0,40.0,420.0,204.0,202.0,468.0,241.0,167.0,312.0,101.0
181.0,64.0,187.0,46.0,216.0,235.0,95.0,49.0,568.0,82.0,87.0,68.0,212.0,27.0,178.0
80.0,41.0,855.0,11.0,86.0,102.0,28.0,509.0,171.0,871.0,999.0,999.0,33.0,390.0,71.0
146.0,169.0,279.0,30.0,188.0,249.0,67.0,160.0,182.0,153.0,203.0,163.0,77.0,107.0,156.0
182.0,214.0,542.0,153.0,191.0,328.0,69.0,420.0,616.0,356.0,274.0,580.0,726.0,292.0,157.0
236.0,331.0,224.0,65.0,132.0,388.0,19.0,97.0,330.0,214.0,148.0,268.0,284.0,71.0,114.0
100.0,185.0,222.0,18.0,117.0,261.0,35.0,92.0,122.0,113.0,129.0,101.0,59.0,71.0,89.0
71.0,27.0,170.0,6.0,123.0,56.0,2.0,32.0,343.0,63.0,27.0,23.0,12.0,21.0,95.0
71.0,27.0,639.0,60.0,278.0,159.0,147.0,704.0,314.0,207.0,527.0,263.0,269.0,503.0,275.0
377.0,515.0,536.0,148.0,28.0,491.0,570.0,415.0,46.0,347.0,458.0,470.0,751.0,308.0,12.0
73.0,36.0,179.0,7.0,85.0,310.0,19.0,969.0,50.0,75.0,123.0,61.0,36.0,458.0,316.0
181.0,235.0,550.0,183.0,360.0,333.0,254.0,392.0,171.0,404.0,470.0,246.0,639.0,303.0,455.0
146.0,164.0,693.0,34.0,55.0,249.0,16.0,470.0,180.0,106.0,654.0,91.0,191.0,319.0,42.0
259.0,373.0,385.0,80.0,260.0,445.0,226.0,280.0,425.0,247.0,128.0,303.0,309.0,201.0,154.0
376.0,718.0,536.0,148.0,313.0,741.0,43.0,508.0,545.0,347.0,458.0,470.0,726.0,409.0,473.0
154.0,182.0,222.0,33.0,303.0,261.0,171.0,59.0,191.0,113.0,128.0,221.0,284.0,122.0,322.0
76.0,43.0,111.0,8.0,216.0,127.0,80.0,26.0,103.0,80.0,50.0,76.0,26.0,16.0,63.0
181.0,234.0,317.0,45.0,229.0,297.0,92.0,201.0,237.0,188.0,240.0,282.0,190.0,145.0,192.0
375.0,694.0,549.0,153.0,410.0,687.0,230.0,420.0,195.0,358.0,468.0,374.0,726.0,311.0,66.0
232.0,284.0,311.0,64.0,331.0,374.0,217.0,132.0,313.0,214.0,236.0,446.0,276.0,90.0,404.0
214.0,304.0,999.0,56.0,277.0,388.0,139.0,999.0,293.0,416.0,243.0,822.0,264.0,999.0,250.0
100.0,63.0,855.0,17.0,83.0,155.0,24.0,885.0,224.0,368.0,999.0,582.0,47.0,583.0,71.0
196.0,257.0,550.0,33.0,341.0,348.0,220.0,431.0,188.0,374.0,470.0,582.0,334.0,312.0,416.0
287.0,423.0,449.0,95.0,448.0,479.0,261.0,293.0,457.0,273.0,508.0,323.0,464.0,208.0,329.0
375.0,709.0,549.0,153.0,252.0,349.0,105.0,406.0,430.0,358.0,468.0,353.0,726.0,26.0,218.0
259.0,210.0,386.0,77.0,85.0,294.0,28.0,296.0,119.0,247.0,320.0,303.0,331.0,213.0,66.0
333.0,618.0,507.0,128.0,123.0,365.0,253.0,391.0,425.0,306.0,408.0,430.0,583.0,303.0,96.0
376.0,717.0,542.0,146.0,310.0,706.0,174.0,420.0,568.0,322.0,465.0,456.0,693.0,312.0,329.0
137.0,169.0,294.0,30.0,83.0,256.0,26.0,180.0,172.0,151.0,243.0,162.0,54.0,130.0,87.0
103.0,71.0,223.0,18.0,89.0,159.0,32.0,94.0,122.0,114.0,139.0,108.0,49.0,68.0,74.0
205.0,284.0,488.0,55.0,15.0,373.0,166.0,353.0,290.0,300.0,400.0,463.0,273.0,269.0,69.0
322.0,612.0,528.0,128.0,174.0,534.0,382.0,364.0,518.0,306.0,419.0,911.0,590.0,275.0,124.0
126.0,130.0,251.0,27.0,157.0,227.0,52.0,155.0,170.0,129.0,173.0,126.0,92.0,123.0,101.0
157.0,205.0,322.0,35.0,202.0,281.0,75.0,264.0,198.0,188.0,241.0,221.0,155.0,296.0,174.0
154.0,185.0,267.0,29.0,176.0,268.0,61.0,154.0,199.0,151.0,200.0,162.0,116.0,111.0,153.0
314.0,133.0,488.0,109.0,524.0,197.0,274.0,346.0,503.0,300.0,400.0,162.0,524.0,259.0,678.0
70.0,304.0,382.0,16.0,89.0,389.0,30.0,292.0,107.0,246.0,309.0,50.0,43.0,208.0,74.0
86.0,48.0,223.0,15.0,83.0,143.0,24.0,97.0,107.0,112.0,126.0,101.0,43.0,218.0,275.0
217.0,306.0,336.0,70.0,238.0,389.0,226.0,206.0,332.0,230.0,240.0,288.0,337.0,245.0,212.0
183.0,231.0,337.0,50.0,105.0,319.0,33.0,31.0,253.0,190.0,245.0,220.0,211.0,34.0,85.0
167.0,225.0,300.0,38.0,255.0,156.0,107.0,192.0,223.0,176.0,345.0,197.0,177.0,111.0,220.0
196.0,259.0,336.0,51.0,191.0,348.0,69.0,205.0,292.0,198.0,245.0,241.0,219.0,152.0,160.0
102.0,103.0,582.0,185.0,123.0,211.0,79.0,476.0,34.0,408.0,527.0,856.0,923.0,321.0,43.0
146.0,76.0,255.0,31.0,188.0,56.0,67.0,323.0,187.0,138.0,187.0,139.0,136.0,247.0,154.0
119.0,105.0,239.0,23.0,123.0,213.0,40.0,146.0,252.0,132.0,154.0,127.0,76.0,116.0,111.0
139.0,163.0,204.0,30.0,176.0,255.0,61.0,83.0,178.0,151.0,833.0,162.0,116.0,64.0,153.0
428.0,174.0,326.0,185.0,28.0,259.0,2.0,490.0,616.0,404.0,241.0,803.0,923.0,331.0,12.0
138.0,694.0,303.0,30.0,161.0,687.0,53.0,204.0,181.0,176.0,232.0,204.0,101.0,150.0,77.0
376.0,718.0,542.0,148.0,229.0,767.0,92.0,493.0,454.0,356.0,458.0,207.0,190.0,333.0,201.0
77.0,41.0,184.0,8.0,75.0,127.0,22.0,216.0,69.0,81.0,88.0,68.0,27.0,179.0,142.0
76.0,48.0,126.0,8.0,45.0,156.0,7.0,29.0,54.0,80.0,206.0,68.0,26.0,111.0,30.0
129.0,135.0,461.0,29.0,202.0,241.0,58.0,327.0,172.0,524.0,297.0,187.0,101.0,248.0,175.0
205.0,276.0,336.0,0.0,261.0,489.0,0.0,206.0,0.0,0.0,248.0,81.0,0.0,218.0,242.0
268.0,323.0,476.0,97.0,233.0,143.0,83.0,341.0,571.0,293.0,211.0,346.0,171.0,256.0,201.0
105.0,87.0,222.0,19.0,191.0,191.0,1.0,94.0,127.0,115.0,126.0,100.0,46.0,68.0,307.0
103.0,78.0,208.0,19.0,117.0,214.0,35.0,82.0,127.0,106.0,122.0,91.0,40.0,58.0,89.0
183.0,274.0,326.0,36.0,131.0,362.0,43.0,216.0,270.0,167.0,187.0,175.0,177.0,309.0,101.0
256.0,331.0,300.0,51.0,242.0,382.0,107.0,189.0,271.0,197.0,232.0,244.0,212.0,133.0,201.0
235.0,515.0,355.0,65.0,313.0,489.0,199.0,280.0,314.0,223.0,272.0,277.0,291.0,192.0,322.0
125.0,130.0,251.0,25.0,150.0,225.0,50.0,137.0,168.0,138.0,204.0,138.0,92.0,88.0,187.0
77.0,41.0,353.0,8.0,47.0,155.0,45.0,290.0,69.0,57.0,286.0,21.0,85.0,205.0,107.0
0.0,0.0,372.0,0.0,229.0,0.0,86.0,285.0,0.0,660.0,309.0,257.0,0.0,202.0,190.0
183.0,249.0,385.0,56.0,288.0,348.0,166.0,296.0,293.0,246.0,295.0,301.0,264.0,213.0,248.0
126.0,130.0,661.0,24.0,132.0,221.0,43.0,572.0,165.0,190.0,640.0,212.0,89.0,455.0,107.0
121.0,105.0,294.0,25.0,150.0,210.0,50.0,176.0,168.0,151.0,210.0,162.0,92.0,130.0,201.0
97.0,48.0,208.0,16.0,85.0,42.0,29.0,493.0,117.0,108.0,123.0,98.0,46.0,311.0,64.0
100.0,62.0,180.0,17.0,228.0,156.0,85.0,39.0,120.0,108.0,248.0,101.0,155.0,25.0,187.0
270.0,372.0,311.0,86.0,280.0,445.0,170.0,197.0,430.0,265.0,208.0,338.0,284.0,169.0,329.0
270.0,323.0,414.0,86.0,329.0,404.0,213.0,306.0,428.0,265.0,326.0,317.0,330.0,510.0,404.0
236.0,316.0,356.0,66.0,258.0,390.0,129.0,280.0,293.0,223.0,290.0,280.0,284.0,201.0,229.0
169.0,225.0,215.0,40.0,212.0,310.0,67.0,84.0,223.0,112.0,129.0,100.0,127.0,64.0,175.0
232.0,53.0,386.0,64.0,234.0,143.0,95.0,293.0,313.0,256.0,320.0,298.0,276.0,186.0,69.0
123.0,28.0,187.0,41.0,252.0,328.0,95.0,47.0,223.0,82.0,87.0,70.0,191.0,26.0,218.0
244.0,284.0,363.0,70.0,117.0,373.0,35.0,290.0,296.0,238.0,299.0,298.0,291.0,218.0,89.0
187.0,233.0,224.0,20.0,206.0,320.0,33.0,98.0,129.0,120.0,94.0,137.0,55.0,65.0,175.0
235.0,317.0,125.0,65.0,310.0,393.0,174.0,27.0,314.0,223.0,5.0,280.0,284.0,21.0,329.0
133.0,141.0,256.0,29.0,155.0,249.0,53.0,16.0,173.0,150.0,309.0,163.0,101.0,16.0,114.0
154.0,187.0,201.0,33.0,227.0,270.0,85.0,61.0,293.0,85.0,100.0,134.0,140.0,34.0,182.0
224.0,304.0,348.0,60.0,238.0,388.0,150.0,232.0,302.0,207.0,272.0,263.0,272.0,106.0,187.0
167.0,222.0,491.0,38.0,229.0,308.0,86.0,358.0,222.0,304.0,419.0,430.0,176.0,269.0,190.0
202.0,261.0,339.0,58.0,83.0,362.0,26.0,214.0,297.0,201.0,250.0,100.0,269.0,162.0,63.0
104.0,78.0,208.0,20.0,112.0,348.0,35.0,82.0,132.0,115.0,126.0,117.0,55.0,66.0,87.0
97.0,234.0,347.0,16.0,157.0,205.0,50.0,228.0,144.0,203.0,210.0,149.0,46.0,167.0,119.0
202.0,292.0,550.0,56.0,261.0,200.0,129.0,431.0,293.0,200.0,470.0,280.0,260.0,192.0,234.0
152.0,130.0,300.0,33.0,312.0,230.0,180.0,192.0,170.0,154.0,236.0,162.0,127.0,145.0,202.0
115.0,95.0,240.0,23.0,175.0,211.0,58.0,110.0,145.0,129.0,207.0,127.0,108.0,81.0,155.0
206.0,332.0,363.0,56.0,261.0,430.0,127.0,273.0,292.0,278.0,299.0,346.0,259.0,92.0,242.0
271.0,348.0,351.0,80.0,0.0,437.0,226.0,240.0,425.0,214.0,297.0,246.0,337.0,101.0,0.0
100.0,63.0,215.0,17.0,89.0,143.0,30.0,84.0,119.0,112.0,128.0,101.0,46.0,184.0,331.0
129.0,259.0,347.0,58.0,260.0,241.0,126.0,32.0,297.0,201.0,264.0,248.0,269.0,25.0,238.0
126.0,130.0,223.0,27.0,126.0,227.0,40.0,92.0,170.0,114.0,173.0,95.0,73.0,66.0,91.0
111.0,90.0,300.0,18.0,98.0,205.0,32.0,189.0,122.0,114.0,154.0,70.0,49.0,133.0,77.0
119.0,104.0,395.0,36.0,100.0,212.0,33.0,296.0,198.0,247.0,321.0,303.0,89.0,218.0,80.0
114.0,95.0,240.0,22.0,117.0,205.0,35.0,110.0,144.0,129.0,175.0,125.0,70.0,116.0,127.0
122.0,108.0,240.0,24.0,132.0,215.0,45.0,148.0,164.0,129.0,157.0,118.0,84.0,219.0,107.0
115.0,323.0,187.0,22.0,260.0,310.0,127.0,49.0,145.0,129.0,87.0,118.0,70.0,27.0,238.0
158.0,306.0,267.0,35.0,203.0,388.0,77.0,148.0,198.0,174.0,200.0,196.0,155.0,96.0,174.0
271.0,403.0,481.0,87.0,410.0,462.0,237.0,346.0,425.0,296.0,387.0,355.0,406.0,259.0,473.0
163.0,219.0,661.0,243.0,723.0,297.0,396.0,493.0,858.0,521.0,654.0,856.0,588.0,333.0,54.0
84.0,235.0,222.0,14.0,32.0,206.0,19.0,92.0,111.0,99.0,130.0,76.0,43.0,64.0,12.0
71.0,27.0,111.0,6.0,102.0,200.0,2.0,26.0,98.0,63.0,5.0,47.0,5.0,16.0,94.0
224.0,304.0,317.0,60.0,288.0,388.0,165.0,204.0,302.0,188.0,286.0,221.0,272.0,477.0,248.0
154.0,188.0,266.0,33.0,191.0,277.0,69.0,154.0,178.0,154.0,200.0,165.0,140.0,102.0,154.0
311.0,474.0,550.0,183.0,89.0,490.0,598.0,438.0,676.0,381.0,470.0,137.0,888.0,312.0,72.0
80.0,41.0,190.0,11.0,226.0,208.0,85.0,51.0,141.0,83.0,91.0,70.0,33.0,28.0,175.0
97.0,36.0,0.0,0.0,0.0,127.0,0.0,0.0,0.0,0.0,0.0,117.0,0.0,0.0,0.0
122.0,82.0,283.0,35.0,175.0,188.0,5.0,111.0,184.0,156.0,208.0,126.0,25.0,77.0,140.0
104.0,82.0,215.0,17.0,100.0,191.0,32.0,84.0,120.0,112.0,128.0,100.0,49.0,617.0,81.0
206.0,253.0,355.0,55.0,212.0,348.0,101.0,290.0,297.0,197.0,389.0,162.0,209.0,205.0,212.0
121.0,103.0,142.0,24.0,131.0,211.0,45.0,31.0,111.0,136.0,120.0,76.0,84.0,20.0,96.0
202.0,261.0,323.0,51.0,32.0,349.0,382.0,204.0,288.0,193.0,245.0,236.0,588.0,149.0,12.0
168.0,225.0,283.0,38.0,229.0,310.0,83.0,0.0,204.0,165.0,207.0,181.0,174.0,28.0,188.0
181.0,234.0,215.0,46.0,242.0,328.0,99.0,83.0,199.0,112.0,128.0,101.0,202.0,64.0,180.0
158.0,376.0,411.0,61.0,294.0,324.0,166.0,299.0,296.0,265.0,325.0,316.0,273.0,218.0,307.0
288.0,434.0,507.0,95.0,445.0,479.0,254.0,384.0,547.0,296.0,410.0,353.0,438.0,303.0,574.0
375.0,694.0,475.0,140.0,446.0,663.0,261.0,331.0,579.0,322.0,299.0,561.0,726.0,255.0,604.0
167.0,221.0,346.0,41.0,242.0,230.0,99.0,225.0,224.0,176.0,244.0,203.0,195.0,510.0,215.0
178.0,235.0,738.0,45.0,181.0,404.0,61.0,601.0,224.0,185.0,220.0,207.0,195.0,458.0,156.0
132.0,137.0,298.0,29.0,174.0,212.0,58.0,187.0,162.0,147.0,222.0,175.0,108.0,132.0,85.0
316.0,515.0,485.0,106.0,85.0,164.0,29.0,346.0,501.0,296.0,386.0,355.0,33.0,258.0,66.0
316.0,515.0,476.0,243.0,448.0,254.0,261.0,290.0,858.0,521.0,382.0,856.0,494.0,205.0,604.0
160.0,205.0,207.0,36.0,157.0,281.0,50.0,83.0,213.0,188.0,91.0,246.0,158.0,62.0,126.0
273.0,403.0,580.0,89.0,228.0,462.0,85.0,470.0,452.0,408.0,29.0,822.0,177.0,312.0,404.0
154.0,188.0,260.0,34.0,202.0,270.0,75.0,148.0,193.0,144.0,189.0,138.0,154.0,218.0,173.0
152.0,188.0,201.0,33.0,258.0,276.0,48.0,392.0,188.0,156.0,94.0,167.0,70.0,303.0,144.0
73.0,63.0,180.0,7.0,17.0,156.0,5.0,470.0,139.0,75.0,64.0,58.0,23.0,319.0,117.0
264.0,90.0,395.0,80.0,117.0,124.0,35.0,297.0,139.0,252.0,321.0,304.0,177.0,217.0,91.0
314.0,301.0,580.0,185.0,83.0,382.0,61.0,738.0,122.0,404.0,508.0,911.0,864.0,96.0,55.0
154.0,188.0,511.0,128.0,601.0,276.0,367.0,391.0,551.0,316.0,411.0,449.0,588.0,123.0,94.0
181.0,225.0,313.0,45.0,234.0,310.0,96.0,187.0,223.0,187.0,239.0,207.0,195.0,133.0,212.0
167.0,221.0,290.0,38.0,132.0,60.0,45.0,148.0,170.0,156.0,210.0,178.0,84.0,96.0,119.0
120.0,95.0,239.0,24.0,206.0,193.0,50.0,103.0,163.0,130.0,160.0,126.0,95.0,72.0,175.0
314.0,278.0,290.0,97.0,410.0,369.0,237.0,137.0,457.0,156.0,201.0,277.0,406.0,184.0,416.0
126.0,141.0,179.0,27.0,102.0,259.0,33.0,297.0,170.0,140.0,128.0,164.0,43.0,218.0,83.0
178.0,231.0,303.0,45.0,106.0,320.0,43.0,15.0,227.0,188.0,238.0,282.0,195.0,16.0,87.0
377.0,233.0,532.0,148.0,177.0,319.0,70.0,406.0,579.0,347.0,382.0,470.0,161.0,305.0,154.0
146.0,173.0,283.0,31.0,165.0,256.0,61.0,168.0,184.0,154.0,208.0,301.0,122.0,170.0,154.0
330.0,612.0,532.0,117.0,601.0,534.0,367.0,406.0,547.0,347.0,449.0,463.0,588.0,292.0,881.0
999.0,999.0,999.0,999.0,999.0,999.0,999.0,999.0,999.0,999.0,681.0,156.0,999.0,999.0,999.0
182.0,233.0,317.0,49.0,230.0,319.0,99.0,201.0,302.0,188.0,240.0,220.0,204.0,458.0,201.0
104.0,105.0,208.0,19.0,83.0,212.0,23.0,83.0,125.0,114.0,220.0,84.0,42.0,64.0,66.0
288.0,461.0,449.0,95.0,445.0,308.0,258.0,322.0,466.0,275.0,386.0,162.0,444.0,91.0,574.0
157.0,200.0,267.0,35.0,100.0,280.0,32.0,32.0,198.0,165.0,200.0,197.0,155.0,21.0,80.0
81.0,42.0,238.0,11.0,86.0,112.0,28.0,103.0,117.0,120.0,158.0,108.0,33.0,72.0,72.0
125.0,137.0,126.0,6.0,112.0,206.0,35.0,29.0,117.0,61.0,8.0,23.0,55.0,17.0,87.0
71.0,27.0,190.0,11.0,50.0,60.0,15.0,51.0,314.0,83.0,160.0,70.0,33.0,76.0,45.0
273.0,89.0,564.0,80.0,360.0,319.0,226.0,391.0,425.0,252.0,408.0,305.0,337.0,305.0,140.0
147.0,27.0,311.0,36.0,200.0,143.0,75.0,197.0,184.0,167.0,238.0,193.0,150.0,184.0,198.0
196.0,259.0,476.0,97.0,189.0,388.0,67.0,341.0,483.0,289.0,400.0,348.0,136.0,256.0,156.0
236.0,322.0,356.0,66.0,105.0,374.0,35.0,264.0,341.0,225.0,287.0,282.0,284.0,186.0,102.0
95.0,55.0,283.0,16.0,83.0,143.0,24.0,168.0,109.0,156.0,208.0,174.0,43.0,119.0,66.0
256.0,332.0,661.0,71.0,229.0,429.0,243.0,508.0,293.0,524.0,681.0,856.0,334.0,218.0,180.0
264.0,338.0,392.0,80.0,331.0,418.0,217.0,312.0,425.0,252.0,320.0,305.0,330.0,240.0,404.0
104.0,231.0,111.0,18.0,43.0,320.0,9.0,26.0,122.0,67.0,297.0,50.0,44.0,16.0,172.0
115.0,95.0,247.0,23.0,128.0,212.0,42.0,132.0,145.0,129.0,175.0,126.0,76.0,82.0,99.0
196.0,259.0,332.0,51.0,280.0,348.0,83.0,216.0,293.0,193.0,298.0,218.0,174.0,169.0,246.0
112.0,90.0,238.0,20.0,112.0,203.0,35.0,103.0,168.0,120.0,152.0,137.0,55.0,72.0,174.0
202.0,278.0,350.0,51.0,100.0,344.0,32.0,565.0,272.0,214.0,274.0,263.0,256.0,442.0,89.0
237.0,322.0,361.0,67.0,238.0,407.0,138.0,266.0,332.0,227.0,302.0,263.0,288.0,186.0,242.0
374.0,693.0,639.0,137.0,123.0,656.0,40.0,490.0,571.0,381.0,387.0,446.0,639.0,331.0,55.0
133.0,141.0,254.0,29.0,134.0,249.0,58.0,154.0,173.0,138.0,208.0,140.0,102.0,131.0,110.0
376.0,717.0,550.0,143.0,85.0,656.0,29.0,438.0,571.0,346.0,470.0,460.0,678.0,496.0,66.0
206.0,278.0,336.0,56.0,261.0,372.0,127.0,206.0,293.0,199.0,248.0,244.0,259.0,158.0,242.0
182.0,118.0,337.0,60.0,277.0,333.0,138.0,205.0,302.0,202.0,199.0,155.0,270.0,137.0,248.0
103.0,89.0,266.0,61.0,32.0,448.0,38.0,154.0,292.0,201.0,207.0,218.0,70.0,102.0,9.0
311.0,618.0,491.0,112.0,446.0,156.0,258.0,358.0,518.0,304.0,408.0,101.0,579.0,269.0,212.0
140.0,214.0,247.0,29.0,134.0,297.0,39.0,130.0,178.0,151.0,176.0,162.0,68.0,132.0,110.0
97.0,55.0,220.0,16.0,112.0,155.0,39.0,90.0,117.0,112.0,148.0,95.0,46.0,68.0,127.0
154.0,188.0,738.0,33.0,237.0,276.0,99.0,285.0,188.0,165.0,128.0,423.0,128.0,202.0,213.0
133.0,141.0,281.0,30.0,157.0,249.0,52.0,165.0,122.0,153.0,206.0,163.0,97.0,72.0,134.0
224.0,304.0,363.0,60.0,448.0,393.0,166.0,202.0,302.0,67.0,295.0,137.0,273.0,148.0,566.0
154.0,180.0,281.0,33.0,189.0,260.0,67.0,165.0,193.0,154.0,201.0,167.0,139.0,111.0,155.0
103.0,71.0,303.0,18.0,80.0,159.0,18.0,620.0,122.0,176.0,262.0,203.0,36.0,477.0,55.0
152.0,188.0,283.0,33.0,128.0,276.0,42.0,168.0,188.0,154.0,207.0,387.0,85.0,119.0,99.0
241.0,322.0,283.0,51.0,253.0,397.0,119.0,168.0,270.0,156.0,208.0,175.0,238.0,219.0,218.0
163.0,42.0,296.0,36.0,208.0,124.0,78.0,186.0,188.0,167.0,236.0,187.0,174.0,132.0,182.0
176.0,229.0,332.0,51.0,50.0,315.0,19.0,205.0,281.0,193.0,245.0,231.0,43.0,308.0,45.0
160.0,222.0,300.0,35.0,206.0,308.0,77.0,186.0,199.0,192.0,226.0,231.0,155.0,131.0,201.0
266.0,373.0,392.0,80.0,415.0,534.0,226.0,297.0,425.0,252.0,468.0,305.0,337.0,205.0,566.0
181.0,234.0,283.0,30.0,145.0,296.0,50.0,168.0,180.0,154.0,207.0,172.0,113.0,119.0,116.0
233.0,346.0,326.0,51.0,312.0,230.0,198.0,212.0,270.0,191.0,244.0,228.0,309.0,145.0,316.0
237.0,338.0,360.0,67.0,322.0,425.0,203.0,273.0,314.0,227.0,297.0,282.0,288.0,193.0,404.0
101.0,63.0,215.0,17.0,104.0,156.0,33.0,508.0,117.0,112.0,128.0,101.0,54.0,339.0,84.0
237.0,322.0,356.0,67.0,228.0,382.0,85.0,259.0,227.0,225.0,241.0,282.0,330.0,169.0,187.0
191.0,257.0,346.0,53.0,137.0,349.0,46.0,232.0,313.0,197.0,262.0,241.0,284.0,184.0,111.0
167.0,234.0,239.0,33.0,188.0,319.0,67.0,104.0,187.0,151.0,152.0,162.0,136.0,72.0,102.0
152.0,182.0,279.0,33.0,176.0,261.0,67.0,31.0,187.0,154.0,203.0,172.0,136.0,20.0,158.0
241.0,323.0,356.0,70.0,446.0,389.0,258.0,353.0,332.0,228.0,286.0,287.0,288.0,269.0,390.0
103.0,72.0,224.0,20.0,360.0,159.0,226.0,98.0,129.0,120.0,187.0,114.0,344.0,72.0,179.0
330.0,769.0,500.0,117.0,524.0,809.0,339.0,470.0,545.0,304.0,408.0,423.0,583.0,318.0,240.0
81.0,42.0,207.0,15.0,83.0,102.0,24.0,80.0,103.0,105.0,122.0,84.0,46.0,57.0,87.0
270.0,130.0,487.0,89.0,403.0,230.0,243.0,403.0,601.0,296.0,394.0,374.0,408.0,305.0,469.0
235.0,316.0,374.0,65.0,445.0,390.0,254.0,363.0,314.0,223.0,310.0,282.0,284.0,271.0,111.0
237.0,322.0,360.0,65.0,310.0,154.0,172.0,364.0,314.0,223.0,275.0,277.0,284.0,275.0,307.0
73.0,36.0,179.0,7.0,47.0,60.0,9.0,39.0,46.0,71.0,320.0,58.0,27.0,24.0,32.0
103.0,92.0,215.0,18.0,86.0,208.0,29.0,83.0,165.0,112.0,120.0,98.0,46.0,64.0,71.0
165.0,219.0,542.0,38.0,217.0,297.0,82.0,493.0,187.0,174.0,465.0,193.0,174.0,339.0,179.0
165.0,222.0,293.0,41.0,229.0,308.0,86.0,141.0,224.0,154.0,211.0,190.0,177.0,92.0,190.0
102.0,71.0,661.0,15.0,104.0,160.0,34.0,509.0,172.0,105.0,654.0,84.0,51.0,409.0,84.0
102.0,72.0,222.0,18.0,89.0,155.0,32.0,83.0,120.0,113.0,126.0,76.0,46.0,64.0,74.0
156.0,187.0,292.0,34.0,189.0,270.0,67.0,187.0,195.0,156.0,210.0,181.0,149.0,30.0,157.0
374.0,693.0,536.0,137.0,503.0,489.0,274.0,415.0,570.0,347.0,458.0,423.0,639.0,308.0,0.0
75.0,182.0,999.0,57.0,275.0,261.0,139.0,999.0,293.0,201.0,238.0,248.0,264.0,999.0,242.0
270.0,304.0,386.0,86.0,200.0,388.0,75.0,292.0,430.0,252.0,320.0,304.0,127.0,208.0,172.0
322.0,590.0,481.0,109.0,126.0,518.0,40.0,342.0,501.0,296.0,387.0,374.0,529.0,258.0,101.0
157.0,205.0,310.0,35.0,89.0,281.0,30.0,264.0,198.0,182.0,236.0,186.0,47.0,186.0,74.0
232.0,304.0,294.0,36.0,28.0,389.0,4.0,181.0,178.0,167.0,222.0,76.0,168.0,130.0,25.0
270.0,434.0,411.0,86.0,476.0,191.0,247.0,363.0,431.0,265.0,325.0,316.0,419.0,412.0,158.0
71.0,27.0,126.0,6.0,73.0,60.0,5.0,16.0,12.0,63.0,130.0,47.0,12.0,27.0,52.0
104.0,78.0,207.0,16.0,186.0,460.0,33.0,73.0,197.0,106.0,120.0,98.0,52.0,55.0,155.0
178.0,233.0,247.0,45.0,503.0,320.0,274.0,115.0,171.0,187.0,176.0,208.0,195.0,27.0,172.0
163.0,212.0,379.0,70.0,117.0,294.0,37.0,293.0,341.0,243.0,310.0,298.0,68.0,208.0,107.0
270.0,373.0,440.0,91.0,429.0,445.0,247.0,316.0,454.0,273.0,307.0,323.0,429.0,408.0,566.0
77.0,41.0,313.0,8.0,277.0,133.0,5.0,225.0,69.0,76.0,238.0,156.0,27.0,179.0,247.0
156.0,200.0,292.0,35.0,206.0,280.0,75.0,176.0,197.0,156.0,210.0,178.0,150.0,129.0,179.0
77.0,41.0,360.0,50.0,229.0,86.0,95.0,264.0,163.0,190.0,88.0,220.0,195.0,308.0,183.0
83.0,43.0,130.0,11.0,100.0,127.0,33.0,31.0,205.0,85.0,29.0,76.0,33.0,20.0,80.0
999.0,999.0,999.0,999.0,601.0,999.0,367.0,999.0,999.0,999.0,681.0,100.0,999.0,999.0,808.0
376.0,709.0,224.0,148.0,292.0,663.0,226.0,205.0,601.0,347.0,149.0,470.0,726.0,159.0,307.0
314.0,281.0,386.0,71.0,277.0,373.0,138.0,420.0,347.0,243.0,320.0,298.0,303.0,311.0,248.0
114.0,95.0,215.0,22.0,117.0,205.0,35.0,240.0,144.0,112.0,128.0,100.0,70.0,184.0,91.0
233.0,316.0,346.0,58.0,277.0,382.0,139.0,223.0,296.0,201.0,244.0,249.0,269.0,208.0,247.0
232.0,406.0,356.0,64.0,261.0,486.0,170.0,259.0,313.0,223.0,175.0,304.0,276.0,185.0,238.0
211.0,249.0,346.0,57.0,175.0,348.0,138.0,225.0,293.0,201.0,326.0,248.0,264.0,132.0,246.0
412.0,764.0,553.0,177.0,248.0,288.0,101.0,438.0,288.0,381.0,226.0,561.0,209.0,617.0,215.0
241.0,323.0,313.0,57.0,275.0,333.0,139.0,200.0,297.0,201.0,239.0,248.0,264.0,134.0,248.0
160.0,56.0,294.0,36.0,208.0,155.0,78.0,181.0,215.0,167.0,207.0,186.0,158.0,185.0,173.0
241.0,323.0,363.0,70.0,303.0,259.0,171.0,240.0,145.0,238.0,295.0,162.0,284.0,184.0,307.0
412.0,764.0,507.0,177.0,176.0,687.0,61.0,572.0,400.0,306.0,408.0,277.0,751.0,455.0,154.0
167.0,221.0,310.0,41.0,227.0,235.0,94.0,195.0,223.0,182.0,236.0,208.0,191.0,146.0,182.0
94.0,55.0,214.0,16.0,83.0,156.0,24.0,111.0,107.0,108.0,128.0,133.0,43.0,77.0,192.0
130.0,137.0,266.0,29.0,161.0,241.0,53.0,154.0,171.0,144.0,199.0,156.0,101.0,132.0,124.0
196.0,259.0,322.0,51.0,261.0,238.0,127.0,204.0,271.0,188.0,241.0,221.0,219.0,149.0,246.0
257.0,348.0,303.0,77.0,429.0,393.0,247.0,194.0,314.0,247.0,50.0,303.0,334.0,134.0,566.0
202.0,238.0,320.0,60.0,117.0,550.0,35.0,183.0,369.0,188.0,245.0,186.0,54.0,131.0,94.0
81.0,45.0,187.0,11.0,28.0,127.0,2.0,704.0,86.0,83.0,84.0,81.0,33.0,493.0,201.0
80.0,41.0,111.0,9.0,45.0,102.0,9.0,26.0,76.0,25.0,248.0,0.0,33.0,55.0,82.0
233.0,317.0,475.0,65.0,313.0,445.0,199.0,342.0,314.0,214.0,119.0,236.0,288.0,258.0,351.0
156.0,169.0,350.0,43.0,217.0,260.0,82.0,241.0,224.0,184.0,274.0,207.0,176.0,218.0,101.0
414.0,764.0,582.0,182.0,311.0,767.0,184.0,469.0,660.0,403.0,509.0,799.0,288.0,318.0,333.0
103.0,71.0,222.0,18.0,150.0,159.0,33.0,92.0,122.0,113.0,139.0,101.0,52.0,66.0,131.0
233.0,316.0,356.0,64.0,294.0,393.0,170.0,259.0,314.0,223.0,287.0,280.0,284.0,218.0,322.0
100.0,63.0,263.0,32.0,174.0,155.0,67.0,149.0,184.0,147.0,158.0,162.0,123.0,90.0,139.0
126.0,131.0,201.0,23.0,132.0,280.0,45.0,124.0,172.0,132.0,91.0,126.0,77.0,87.0,192.0
119.0,109.0,252.0,23.0,128.0,210.0,42.0,140.0,162.0,120.0,176.0,100.0,76.0,149.0,99.0
154.0,187.0,360.0,33.0,191.0,270.0,69.0,273.0,191.0,227.0,264.0,282.0,140.0,196.0,175.0
156.0,76.0,292.0,35.0,261.0,155.0,121.0,32.0,197.0,156.0,210.0,162.0,239.0,21.0,240.0
146.0,173.0,279.0,30.0,28.0,261.0,19.0,163.0,425.0,153.0,203.0,163.0,40.0,111.0,30.0
104.0,78.0,255.0,27.0,322.0,206.0,171.0,156.0,184.0,139.0,222.0,140.0,284.0,442.0,110.0
196.0,259.0,312.0,51.0,312.0,319.0,121.0,197.0,314.0,185.0,245.0,207.0,238.0,192.0,94.0
316.0,515.0,485.0,106.0,446.0,490.0,258.0,313.0,500.0,296.0,84.0,355.0,494.0,235.0,574.0
156.0,200.0,206.0,35.0,174.0,280.0,58.0,65.0,205.0,184.0,128.0,204.0,113.0,41.0,140.0
257.0,234.0,351.0,73.0,341.0,333.0,217.0,232.0,341.0,214.0,297.0,277.0,330.0,314.0,406.0
236.0,317.0,337.0,65.0,310.0,393.0,172.0,459.0,314.0,198.0,249.0,246.0,284.0,318.0,170.0
233.0,322.0,485.0,97.0,429.0,390.0,253.0,346.0,483.0,296.0,373.0,355.0,438.0,259.0,566.0
229.0,304.0,491.0,61.0,157.0,388.0,52.0,323.0,425.0,304.0,402.0,241.0,264.0,186.0,119.0
104.0,78.0,223.0,18.0,104.0,173.0,34.0,94.0,122.0,113.0,139.0,280.0,52.0,57.0,85.0
71.0,27.0,130.0,6.0,28.0,56.0,4.0,27.0,38.0,58.0,387.0,21.0,25.0,17.0,9.0
97.0,56.0,320.0,16.0,75.0,155.0,22.0,202.0,117.0,188.0,240.0,221.0,46.0,314.0,153.0
270.0,373.0,395.0,80.0,331.0,445.0,217.0,299.0,430.0,252.0,321.0,307.0,331.0,218.0,406.0
181.0,233.0,246.0,23.0,89.0,324.0,30.0,140.0,145.0,132.0,175.0,126.0,76.0,390.0,74.0
115.0,95.0,476.0,97.0,312.0,216.0,198.0,490.0,480.0,289.0,322.0,348.0,303.0,314.0,334.0
157.0,274.0,224.0,33.0,189.0,362.0,67.0,98.0,184.0,214.0,110.0,249.0,128.0,72.0,201.0
100.0,64.0,281.0,58.0,278.0,215.0,143.0,165.0,297.0,154.0,230.0,165.0,269.0,123.0,175.0
75.0,36.0,111.0,6.0,86.0,164.0,5.0,26.0,210.0,92.0,8.0,76.0,12.0,16.0,69.0
330.0,590.0,487.0,109.0,448.0,333.0,261.0,323.0,498.0,296.0,394.0,374.0,494.0,247.0,157.0
156.0,193.0,290.0,34.0,131.0,277.0,43.0,176.0,194.0,156.0,222.0,178.0,77.0,123.0,101.0
156.0,284.0,293.0,34.0,229.0,373.0,86.0,181.0,199.0,160.0,211.0,127.0,176.0,305.0,188.0
330.0,27.0,126.0,117.0,445.0,56.0,258.0,32.0,547.0,304.0,129.0,428.0,588.0,24.0,574.0
306.0,234.0,372.0,95.0,415.0,310.0,243.0,285.0,457.0,243.0,299.0,298.0,438.0,202.0,198.0
100.0,62.0,206.0,14.0,89.0,156.0,30.0,65.0,69.0,99.0,110.0,76.0,35.0,41.0,74.0
83.0,40.0,481.0,14.0,112.0,86.0,35.0,342.0,103.0,296.0,387.0,374.0,55.0,258.0,87.0
229.0,306.0,311.0,63.0,288.0,389.0,171.0,197.0,314.0,188.0,232.0,214.0,284.0,145.0,119.0
271.0,409.0,528.0,87.0,503.0,308.0,237.0,363.0,178.0,256.0,419.0,312.0,406.0,218.0,45.0
152.0,108.0,251.0,25.0,175.0,215.0,61.0,137.0,168.0,138.0,170.0,138.0,92.0,87.0,139.0
120.0,95.0,240.0,23.0,161.0,241.0,53.0,104.0,162.0,130.0,164.0,165.0,90.0,72.0,139.0
295.0,461.0,438.0,96.0,312.0,489.0,5.0,392.0,466.0,273.0,338.0,325.0,999.0,28.0,142.0
84.0,145.0,661.0,11.0,75.0,249.0,22.0,481.0,99.0,84.0,243.0,76.0,33.0,173.0,55.0
375.0,694.0,550.0,153.0,253.0,663.0,237.0,26.0,579.0,356.0,470.0,125.0,726.0,16.0,218.0
75.0,36.0,187.0,6.0,277.0,272.0,139.0,47.0,271.0,82.0,87.0,69.0,264.0,26.0,250.0
271.0,403.0,550.0,87.0,329.0,490.0,217.0,415.0,498.0,368.0,470.0,449.0,380.0,308.0,404.0
270.0,376.0,428.0,86.0,434.0,397.0,247.0,312.0,431.0,269.0,333.0,325.0,419.0,245.0,566.0
129.0,137.0,266.0,27.0,132.0,261.0,45.0,156.0,172.0,144.0,200.0,204.0,85.0,107.0,107.0
319.0,523.0,125.0,110.0,569.0,188.0,382.0,27.0,616.0,57.0,20.0,23.0,590.0,184.0,808.0
154.0,188.0,293.0,33.0,181.0,259.0,67.0,176.0,194.0,154.0,211.0,165.0,139.0,87.0,153.0
134.0,118.0,263.0,29.0,155.0,127.0,52.0,155.0,178.0,147.0,236.0,138.0,97.0,106.0,84.0
132.0,133.0,350.0,29.0,206.0,221.0,53.0,240.0,173.0,144.0,274.0,138.0,101.0,184.0,175.0
103.0,76.0,190.0,18.0,83.0,191.0,24.0,509.0,120.0,150.0,91.0,163.0,42.0,408.0,64.0
257.0,338.0,385.0,77.0,329.0,429.0,217.0,264.0,297.0,247.0,325.0,303.0,331.0,186.0,297.0
156.0,193.0,511.0,34.0,200.0,272.0,75.0,315.0,194.0,404.0,411.0,264.0,149.0,240.0,172.0
252.0,331.0,372.0,71.0,341.0,422.0,23.0,315.0,363.0,243.0,262.0,301.0,42.0,241.0,469.0
257.0,323.0,530.0,73.0,105.0,164.0,217.0,406.0,357.0,347.0,419.0,460.0,331.0,305.0,85.0
206.0,284.0,346.0,55.0,277.0,374.0,147.0,225.0,290.0,198.0,261.0,241.0,270.0,179.0,242.0
317.0,515.0,657.0,97.0,85.0,425.0,485.0,508.0,347.0,289.0,582.0,449.0,726.0,412.0,42.0
410.0,764.0,661.0,243.0,344.0,999.0,222.0,620.0,601.0,521.0,373.0,856.0,336.0,491.0,422.0
183.0,257.0,661.0,41.0,45.0,348.0,86.0,306.0,223.0,182.0,250.0,204.0,175.0,247.0,31.0
115.0,95.0,220.0,17.0,100.0,221.0,32.0,160.0,120.0,112.0,122.0,100.0,47.0,111.0,87.0
169.0,229.0,303.0,40.0,200.0,315.0,75.0,194.0,223.0,176.0,232.0,208.0,150.0,134.0,170.0
165.0,210.0,183.0,7.0,280.0,293.0,19.0,39.0,50.0,75.0,64.0,167.0,54.0,24.0,148.0
257.0,106.0,355.0,70.0,186.0,220.0,33.0,241.0,343.0,223.0,272.0,280.0,419.0,184.0,142.0
112.0,90.0,449.0,96.0,275.0,206.0,258.0,322.0,480.0,275.0,386.0,338.0,450.0,613.0,247.0
256.0,332.0,550.0,70.0,310.0,429.0,184.0,398.0,332.0,228.0,470.0,287.0,288.0,131.0,334.0
94.0,53.0,251.0,16.0,100.0,143.0,35.0,130.0,122.0,108.0,173.0,98.0,54.0,88.0,82.0
182.0,241.0,207.0,50.0,255.0,362.0,107.0,78.0,252.0,190.0,245.0,221.0,209.0,57.0,214.0
202.0,322.0,549.0,51.0,261.0,390.0,121.0,420.0,86.0,132.0,468.0,137.0,252.0,309.0,240.0
100.0,64.0,0.0,0.0,0.0,155.0,0.0,32.0,0.0,0.0,0.0,21.0,0.0,30.0,0.0
123.0,106.0,252.0,24.0,131.0,214.0,43.0,146.0,139.0,138.0,175.0,134.0,90.0,111.0,101.0
259.0,205.0,550.0,58.0,98.0,281.0,35.0,438.0,296.0,192.0,470.0,240.0,269.0,477.0,77.0
314.0,235.0,657.0,97.0,151.0,333.0,50.0,493.0,518.0,273.0,27.0,91.0,264.0,617.0,125.0
111.0,82.0,222.0,21.0,80.0,222.0,23.0,155.0,134.0,108.0,175.0,117.0,42.0,106.0,55.0
322.0,585.0,488.0,110.0,277.0,518.0,143.0,353.0,518.0,300.0,400.0,305.0,260.0,269.0,175.0
154.0,185.0,738.0,33.0,191.0,261.0,69.0,493.0,199.0,160.0,84.0,186.0,140.0,333.0,134.0
122.0,104.0,266.0,21.0,122.0,212.0,39.0,154.0,139.0,153.0,201.0,162.0,47.0,102.0,91.0
256.0,332.0,379.0,71.0,176.0,429.0,76.0,292.0,293.0,243.0,287.0,298.0,291.0,208.0,153.0
163.0,215.0,204.0,36.0,206.0,293.0,77.0,62.0,210.0,129.0,5.0,118.0,168.0,35.0,175.0
125.0,130.0,246.0,23.0,106.0,214.0,38.0,124.0,215.0,132.0,189.0,127.0,70.0,90.0,87.0
232.0,304.0,130.0,64.0,446.0,388.0,213.0,508.0,313.0,84.0,29.0,118.0,276.0,76.0,148.0
202.0,261.0,360.0,51.0,288.0,362.0,165.0,273.0,290.0,193.0,394.0,236.0,272.0,343.0,390.0
158.0,205.0,256.0,35.0,242.0,288.0,99.0,144.0,198.0,165.0,187.0,174.0,156.0,134.0,160.0
338.0,325.0,582.0,133.0,117.0,404.0,35.0,470.0,288.0,408.0,508.0,799.0,54.0,319.0,87.0
314.0,488.0,475.0,91.0,476.0,490.0,203.0,331.0,454.0,273.0,373.0,323.0,408.0,255.0,11.0
257.0,346.0,580.0,77.0,341.0,430.0,226.0,470.0,147.0,404.0,508.0,681.0,336.0,319.0,175.0
119.0,104.0,252.0,16.0,28.0,212.0,2.0,146.0,109.0,139.0,177.0,101.0,12.0,79.0,31.0
111.0,89.0,201.0,21.0,117.0,663.0,35.0,61.0,139.0,82.0,351.0,72.0,59.0,34.0,89.0
330.0,612.0,507.0,128.0,88.0,534.0,35.0,364.0,551.0,306.0,408.0,139.0,590.0,303.0,55.0
156.0,194.0,701.0,51.0,248.0,294.0,99.0,620.0,343.0,252.0,833.0,304.0,209.0,477.0,218.0
75.0,36.0,130.0,8.0,83.0,56.0,24.0,31.0,178.0,80.0,29.0,68.0,23.0,20.0,64.0
306.0,515.0,549.0,97.0,117.0,491.0,35.0,420.0,483.0,289.0,468.0,346.0,419.0,309.0,89.0
210.0,284.0,392.0,57.0,150.0,373.0,139.0,293.0,296.0,252.0,321.0,305.0,264.0,208.0,122.0
76.0,63.0,363.0,8.0,47.0,156.0,15.0,280.0,281.0,80.0,298.0,68.0,33.0,201.0,32.0
271.0,325.0,187.0,89.0,228.0,422.0,226.0,47.0,430.0,271.0,87.0,323.0,344.0,57.0,187.0
156.0,210.0,311.0,36.0,262.0,294.0,78.0,197.0,195.0,167.0,241.0,186.0,156.0,185.0,246.0
158.0,205.0,260.0,35.0,132.0,288.0,43.0,148.0,199.0,160.0,29.0,185.0,128.0,96.0,80.0
123.0,129.0,256.0,25.0,184.0,280.0,62.0,144.0,165.0,138.0,187.0,139.0,128.0,95.0,155.0
412.0,764.0,747.0,177.0,243.0,706.0,99.0,469.0,222.0,660.0,833.0,241.0,200.0,179.0,215.0
252.0,331.0,385.0,77.0,410.0,430.0,217.0,293.0,428.0,247.0,298.0,303.0,331.0,208.0,473.0
217.0,276.0,180.0,60.0,292.0,362.0,166.0,10.0,302.0,207.0,64.0,264.0,273.0,192.0,316.0
105.0,63.0,184.0,15.0,100.0,160.0,23.0,45.0,163.0,106.0,88.0,98.0,42.0,25.0,81.0
333.0,618.0,184.0,133.0,601.0,312.0,367.0,45.0,570.0,311.0,84.0,446.0,624.0,25.0,808.0
237.0,320.0,661.0,77.0,117.0,388.0,35.0,620.0,129.0,247.0,597.0,303.0,330.0,412.0,80.0
288.0,461.0,396.0,95.0,188.0,489.0,67.0,297.0,466.0,275.0,320.0,330.0,419.0,132.0,156.0
217.0,281.0,661.0,60.0,288.0,308.0,165.0,509.0,302.0,203.0,658.0,257.0,272.0,409.0,308.0
191.0,212.0,336.0,51.0,184.0,294.0,61.0,205.0,271.0,188.0,245.0,220.0,122.0,158.0,155.0
182.0,238.0,322.0,50.0,200.0,462.0,82.0,205.0,252.0,188.0,241.0,221.0,209.0,156.0,170.0
268.0,372.0,411.0,87.0,403.0,445.0,237.0,306.0,570.0,264.0,286.0,316.0,406.0,79.0,473.0
256.0,332.0,363.0,70.0,98.0,429.0,32.0,290.0,347.0,238.0,297.0,298.0,12.0,331.0,126.0
314.0,474.0,299.0,38.0,229.0,468.0,86.0,175.0,213.0,174.0,244.0,246.0,176.0,123.0,91.0
196.0,259.0,283.0,51.0,118.0,328.0,75.0,168.0,271.0,153.0,207.0,163.0,204.0,57.0,94.0
156.0,215.0,298.0,41.0,218.0,296.0,391.0,194.0,223.0,174.0,222.0,193.0,624.0,12.0,179.0
183.0,238.0,323.0,50.0,243.0,362.0,99.0,31.0,292.0,190.0,238.0,246.0,211.0,20.0,215.0
176.0,229.0,247.0,30.0,73.0,315.0,61.0,140.0,181.0,137.0,182.0,133.0,122.0,91.0,63.0
86.0,95.0,311.0,11.0,126.0,230.0,40.0,197.0,141.0,83.0,238.0,72.0,33.0,145.0,94.0
154.0,235.0,488.0,33.0,191.0,382.0,69.0,469.0,199.0,300.0,373.0,355.0,140.0,339.0,156.0
139.0,145.0,281.0,30.0,128.0,250.0,42.0,163.0,171.0,154.0,203.0,207.0,73.0,133.0,215.0
181.0,235.0,476.0,46.0,117.0,341.0,5.0,341.0,232.0,202.0,386.0,241.0,25.0,255.0,96.0
178.0,232.0,72.0,45.0,280.0,319.0,98.0,10.0,223.0,188.0,173.0,246.0,195.0,16.0,111.0
146.0,306.0,258.0,32.0,228.0,388.0,85.0,141.0,184.0,144.0,187.0,155.0,196.0,16.0,154.0
333.0,257.0,488.0,128.0,503.0,348.0,382.0,353.0,177.0,304.0,400.0,456.0,588.0,269.0,329.0
163.0,225.0,303.0,38.0,227.0,310.0,83.0,175.0,223.0,176.0,232.0,197.0,177.0,180.0,160.0
205.0,276.0,336.0,53.0,260.0,374.0,121.0,176.0,288.0,200.0,248.0,249.0,252.0,125.0,240.0
111.0,90.0,661.0,21.0,98.0,215.0,32.0,509.0,134.0,128.0,640.0,117.0,49.0,628.0,77.0
377.0,27.0,536.0,148.0,165.0,56.0,54.0,415.0,571.0,347.0,458.0,470.0,726.0,256.0,127.0
257.0,372.0,528.0,73.0,341.0,445.0,217.0,469.0,158.0,300.0,681.0,470.0,331.0,318.0,416.0
266.0,214.0,296.0,36.0,216.0,294.0,80.0,175.0,296.0,167.0,220.0,185.0,168.0,123.0,178.0
270.0,391.0,353.0,80.0,200.0,276.0,75.0,251.0,425.0,252.0,286.0,139.0,150.0,184.0,172.0
100.0,62.0,279.0,31.0,165.0,155.0,61.0,160.0,194.0,154.0,204.0,167.0,122.0,107.0,127.0
152.0,187.0,294.0,33.0,176.0,270.0,65.0,180.0,187.0,160.0,214.0,181.0,128.0,130.0,153.0
105.0,90.0,293.0,20.0,104.0,193.0,35.0,186.0,162.0,160.0,211.0,186.0,55.0,132.0,84.0
428.0,764.0,223.0,183.0,341.0,404.0,367.0,290.0,676.0,404.0,139.0,799.0,588.0,205.0,416.0
246.0,310.0,386.0,70.0,278.0,390.0,147.0,296.0,343.0,230.0,321.0,288.0,269.0,184.0,307.0
100.0,63.0,239.0,58.0,131.0,155.0,34.0,104.0,297.0,156.0,833.0,173.0,269.0,81.0,154.0
311.0,320.0,549.0,57.0,128.0,397.0,42.0,420.0,296.0,201.0,468.0,248.0,76.0,305.0,173.0
183.0,257.0,303.0,38.0,227.0,349.0,85.0,194.0,105.0,176.0,232.0,197.0,175.0,134.0,215.0
244.0,322.0,481.0,71.0,132.0,87.0,45.0,264.0,134.0,296.0,387.0,187.0,303.0,192.0,107.0
92.0,48.0,251.0,27.0,168.0,144.0,54.0,141.0,178.0,138.0,173.0,139.0,97.0,92.0,131.0
115.0,163.0,240.0,23.0,128.0,319.0,45.0,110.0,145.0,129.0,187.0,127.0,76.0,76.0,96.0
163.0,214.0,296.0,36.0,248.0,656.0,105.0,183.0,215.0,167.0,222.0,173.0,168.0,179.0,216.0
101.0,63.0,239.0,23.0,126.0,155.0,40.0,104.0,145.0,144.0,154.0,162.0,73.0,17.0,95.0
214.0,301.0,183.0,58.0,117.0,393.0,35.0,49.0,296.0,202.0,187.0,92.0,269.0,28.0,87.0
123.0,63.0,240.0,25.0,191.0,156.0,69.0,109.0,170.0,129.0,157.0,127.0,140.0,77.0,157.0
115.0,95.0,240.0,22.0,175.0,296.0,61.0,111.0,145.0,130.0,164.0,126.0,116.0,82.0,156.0
158.0,205.0,999.0,20.0,112.0,288.0,35.0,999.0,163.0,246.0,640.0,301.0,55.0,999.0,73.0
130.0,137.0,293.0,35.0,218.0,277.0,77.0,176.0,198.0,165.0,211.0,167.0,176.0,12.0,179.0
178.0,234.0,550.0,45.0,234.0,404.0,95.0,431.0,227.0,184.0,470.0,208.0,195.0,409.0,190.0
104.0,78.0,251.0,20.0,161.0,160.0,32.0,62.0,127.0,120.0,170.0,173.0,54.0,409.0,125.0
375.0,764.0,532.0,143.0,175.0,767.0,339.0,415.0,571.0,347.0,449.0,207.0,678.0,64.0,144.0
83.0,43.0,201.0,13.0,83.0,188.0,19.0,62.0,98.0,92.0,100.0,76.0,36.0,35.0,66.0
77.0,43.0,348.0,153.0,261.0,127.0,127.0,313.0,579.0,207.0,272.0,263.0,45.0,308.0,242.0
80.0,41.0,208.0,9.0,47.0,101.0,9.0,82.0,76.0,82.0,122.0,70.0,33.0,192.0,30.0
160.0,193.0,294.0,36.0,106.0,272.0,78.0,181.0,199.0,165.0,236.0,158.0,161.0,132.0,87.0
180.0,233.0,299.0,41.0,218.0,268.0,78.0,180.0,147.0,176.0,222.0,196.0,211.0,173.0,101.0
288.0,461.0,481.0,95.0,279.0,462.0,148.0,342.0,178.0,296.0,387.0,23.0,269.0,258.0,275.0
257.0,304.0,511.0,71.0,341.0,390.0,226.0,469.0,311.0,243.0,410.0,301.0,337.0,318.0,404.0
157.0,205.0,292.0,35.0,218.0,281.0,79.0,204.0,198.0,156.0,210.0,174.0,155.0,169.0,181.0
264.0,348.0,414.0,86.0,403.0,430.0,203.0,327.0,430.0,265.0,326.0,317.0,219.0,248.0,469.0
271.0,409.0,428.0,87.0,176.0,468.0,247.0,313.0,419.0,269.0,200.0,338.0,408.0,240.0,154.0
123.0,137.0,240.0,24.0,175.0,208.0,46.0,111.0,163.0,129.0,160.0,127.0,89.0,72.0,144.0
152.0,179.0,283.0,33.0,191.0,260.0,75.0,168.0,187.0,154.0,207.0,76.0,150.0,122.0,157.0
330.0,278.0,500.0,117.0,138.0,365.0,367.0,509.0,454.0,304.0,408.0,430.0,588.0,408.0,114.0
129.0,135.0,661.0,27.0,174.0,241.0,58.0,509.0,171.0,140.0,582.0,117.0,103.0,409.0,96.0
252.0,331.0,661.0,91.0,360.0,382.0,274.0,509.0,454.0,273.0,597.0,323.0,515.0,409.0,469.0
120.0,104.0,240.0,29.0,88.0,212.0,29.0,111.0,178.0,129.0,164.0,126.0,47.0,81.0,71.0
113.0,90.0,251.0,36.0,313.0,127.0,199.0,10.0,180.0,136.0,165.0,124.0,369.0,16.0,333.0
233.0,306.0,187.0,66.0,310.0,389.0,180.0,90.0,330.0,82.0,87.0,76.0,284.0,106.0,329.0
111.0,89.0,142.0,20.0,117.0,203.0,35.0,10.0,117.0,114.0,63.0,193.0,55.0,16.0,83.0
152.0,180.0,278.0,31.0,117.0,260.0,61.0,0.0,184.0,151.0,201.0,165.0,122.0,0.0,91.0
154.0,259.0,207.0,33.0,191.0,341.0,69.0,80.0,204.0,106.0,117.0,134.0,140.0,58.0,212.0
167.0,221.0,361.0,56.0,410.0,306.0,15.0,0.0,293.0,227.0,297.0,282.0,36.0,0.0,469.0
330.0,169.0,570.0,182.0,28.0,255.0,4.0,469.0,579.0,403.0,500.0,681.0,12.0,328.0,11.0
191.0,182.0,476.0,51.0,145.0,261.0,50.0,341.0,281.0,196.0,366.0,236.0,42.0,300.0,63.0
241.0,323.0,379.0,77.0,341.0,407.0,220.0,163.0,431.0,247.0,309.0,304.0,334.0,116.0,422.0
114.0,87.0,363.0,30.0,176.0,191.0,61.0,228.0,180.0,252.0,299.0,304.0,116.0,169.0,153.0
100.0,62.0,336.0,58.0,277.0,155.0,143.0,212.0,297.0,201.0,248.0,307.0,269.0,184.0,248.0
181.0,234.0,372.0,65.0,227.0,348.0,85.0,285.0,314.0,223.0,302.0,280.0,269.0,76.0,183.0
257.0,322.0,382.0,73.0,310.0,390.0,184.0,16.0,314.0,246.0,309.0,298.0,330.0,20.0,331.0
104.0,78.0,283.0,97.0,85.0,173.0,32.0,198.0,616.0,154.0,207.0,165.0,273.0,145.0,64.0
126.0,131.0,240.0,25.0,151.0,241.0,50.0,200.0,168.0,138.0,274.0,138.0,92.0,146.0,116.0
178.0,233.0,385.0,45.0,176.0,320.0,95.0,297.0,237.0,247.0,274.0,303.0,209.0,291.0,153.0
169.0,225.0,300.0,40.0,89.0,310.0,32.0,189.0,223.0,176.0,225.0,207.0,190.0,133.0,74.0
377.0,764.0,530.0,148.0,476.0,706.0,262.0,403.0,660.0,347.0,419.0,470.0,380.0,305.0,38.0
316.0,515.0,488.0,104.0,15.0,241.0,230.0,353.0,501.0,300.0,400.0,58.0,515.0,269.0,4.0
273.0,310.0,447.0,91.0,80.0,390.0,217.0,469.0,454.0,273.0,351.0,323.0,429.0,409.0,55.0
266.0,372.0,386.0,80.0,212.0,445.0,222.0,296.0,425.0,247.0,320.0,304.0,336.0,208.0,178.0
146.0,180.0,283.0,33.0,188.0,260.0,67.0,168.0,187.0,154.0,208.0,172.0,136.0,119.0,156.0
129.0,95.0,240.0,24.0,175.0,208.0,46.0,103.0,182.0,137.0,165.0,181.0,89.0,72.0,144.0
202.0,367.0,125.0,5.0,50.0,362.0,15.0,27.0,224.0,58.0,20.0,23.0,4.0,17.0,42.0
115.0,95.0,550.0,146.0,261.0,206.0,121.0,459.0,571.0,347.0,470.0,126.0,693.0,314.0,240.0
167.0,221.0,311.0,38.0,186.0,260.0,78.0,204.0,194.0,185.0,204.0,207.0,175.0,146.0,154.0
241.0,323.0,267.0,36.0,128.0,397.0,78.0,154.0,181.0,166.0,200.0,186.0,161.0,107.0,101.0
330.0,618.0,491.0,117.0,54.0,534.0,18.0,353.0,547.0,304.0,206.0,428.0,583.0,269.0,38.0
169.0,214.0,326.0,51.0,255.0,288.0,121.0,205.0,270.0,191.0,245.0,228.0,239.0,152.0,242.0
410.0,756.0,476.0,153.0,999.0,270.0,570.0,331.0,601.0,346.0,483.0,460.0,726.0,255.0,999.0
211.0,284.0,298.0,49.0,242.0,362.0,99.0,292.0,223.0,171.0,220.0,186.0,200.0,196.0,214.0
235.0,323.0,363.0,66.0,310.0,404.0,180.0,313.0,330.0,223.0,298.0,280.0,284.0,240.0,55.0
92.0,45.0,208.0,16.0,288.0,127.0,217.0,83.0,165.0,106.0,122.0,98.0,43.0,64.0,331.0
83.0,48.0,348.0,21.0,43.0,164.0,38.0,316.0,129.0,120.0,272.0,162.0,59.0,271.0,81.0
156.0,238.0,204.0,36.0,202.0,390.0,75.0,62.0,222.0,167.0,157.0,190.0,150.0,41.0,172.0
114.0,95.0,300.0,15.0,55.0,208.0,18.0,186.0,107.0,82.0,250.0,69.0,42.0,132.0,32.0
154.0,164.0,283.0,33.0,233.0,253.0,98.0,168.0,194.0,154.0,207.0,172.0,113.0,119.0,202.0
154.0,187.0,126.0,33.0,188.0,270.0,67.0,27.0,95.0,156.0,389.0,323.0,161.0,28.0,157.0
202.0,306.0,580.0,183.0,233.0,373.0,99.0,470.0,660.0,404.0,187.0,681.0,923.0,319.0,201.0
156.0,193.0,747.0,34.0,200.0,280.0,75.0,509.0,187.0,660.0,29.0,190.0,150.0,408.0,110.0
217.0,301.0,206.0,11.0,75.0,382.0,22.0,73.0,122.0,84.0,108.0,84.0,40.0,72.0,55.0
154.0,180.0,648.0,29.0,168.0,256.0,54.0,490.0,173.0,416.0,245.0,999.0,101.0,314.0,54.0
154.0,185.0,224.0,24.0,137.0,188.0,46.0,98.0,170.0,137.0,400.0,138.0,89.0,71.0,107.0
429.0,844.0,580.0,183.0,131.0,191.0,43.0,481.0,660.0,404.0,508.0,705.0,204.0,312.0,101.0
319.0,523.0,487.0,109.0,310.0,206.0,174.0,297.0,500.0,296.0,394.0,374.0,284.0,219.0,329.0
114.0,90.0,528.0,109.0,503.0,206.0,274.0,438.0,501.0,304.0,414.0,681.0,524.0,312.0,574.0
126.0,109.0,256.0,27.0,157.0,214.0,52.0,187.0,168.0,140.0,189.0,158.0,97.0,123.0,122.0
92.0,43.0,310.0,15.0,126.0,87.0,22.0,195.0,103.0,182.0,234.0,158.0,42.0,184.0,158.0
86.0,47.0,208.0,18.0,161.0,261.0,50.0,83.0,122.0,108.0,188.0,105.0,49.0,21.0,126.0
100.0,62.0,648.0,67.0,227.0,155.0,171.0,204.0,332.0,411.0,582.0,456.0,284.0,158.0,183.0
126.0,133.0,279.0,27.0,145.0,225.0,50.0,176.0,171.0,154.0,203.0,165.0,92.0,125.0,107.0
104.0,78.0,215.0,19.0,112.0,272.0,35.0,84.0,139.0,112.0,149.0,117.0,54.0,72.0,87.0
259.0,348.0,263.0,29.0,155.0,439.0,50.0,149.0,163.0,147.0,64.0,162.0,101.0,245.0,119.0
271.0,409.0,414.0,86.0,415.0,489.0,261.0,312.0,430.0,265.0,326.0,316.0,369.0,240.0,64.0
316.0,515.0,481.0,109.0,446.0,491.0,258.0,342.0,503.0,296.0,387.0,374.0,588.0,258.0,699.0
319.0,225.0,481.0,110.0,230.0,310.0,274.0,342.0,518.0,296.0,400.0,353.0,524.0,258.0,201.0
156.0,207.0,326.0,51.0,255.0,293.0,107.0,204.0,281.0,192.0,243.0,263.0,212.0,496.0,231.0
237.0,323.0,507.0,133.0,47.0,425.0,16.0,363.0,570.0,311.0,408.0,446.0,583.0,269.0,32.0
160.0,106.0,263.0,29.0,216.0,214.0,70.0,296.0,173.0,147.0,203.0,158.0,101.0,213.0,242.0
244.0,317.0,363.0,70.0,292.0,393.0,198.0,277.0,341.0,230.0,298.0,282.0,291.0,196.0,307.0
146.0,55.0,201.0,30.0,118.0,462.0,199.0,61.0,182.0,84.0,100.0,127.0,145.0,30.0,181.0
317.0,331.0,266.0,29.0,176.0,425.0,53.0,154.0,173.0,151.0,203.0,162.0,101.0,102.0,153.0
103.0,72.0,361.0,20.0,100.0,154.0,33.0,266.0,147.0,252.0,295.0,317.0,54.0,333.0,81.0
77.0,41.0,396.0,15.0,80.0,103.0,23.0,297.0,105.0,106.0,307.0,108.0,42.0,218.0,55.0
182.0,331.0,476.0,97.0,311.0,255.0,184.0,358.0,480.0,289.0,386.0,348.0,219.0,292.0,333.0
95.0,55.0,208.0,16.0,122.0,144.0,23.0,80.0,109.0,106.0,122.0,138.0,42.0,62.0,101.0
178.0,235.0,688.0,51.0,132.0,344.0,18.0,509.0,270.0,191.0,658.0,228.0,181.0,408.0,107.0
196.0,259.0,738.0,58.0,279.0,358.0,148.0,704.0,297.0,197.0,84.0,248.0,269.0,493.0,275.0
103.0,53.0,476.0,18.0,83.0,143.0,26.0,341.0,122.0,113.0,386.0,302.0,51.0,256.0,55.0
999.0,999.0,693.0,999.0,999.0,999.0,999.0,565.0,999.0,580.0,681.0,894.0,999.0,442.0,999.0
129.0,137.0,206.0,15.0,47.0,439.0,15.0,83.0,105.0,103.0,110.0,81.0,36.0,57.0,32.0
157.0,235.0,360.0,35.0,177.0,315.0,50.0,266.0,198.0,160.0,170.0,175.0,92.0,185.0,154.0
273.0,238.0,395.0,80.0,238.0,293.0,217.0,32.0,454.0,252.0,321.0,305.0,344.0,12.0,214.0
111.0,89.0,252.0,24.0,134.0,191.0,45.0,140.0,139.0,138.0,187.0,139.0,85.0,91.0,110.0
233.0,221.0,374.0,71.0,310.0,328.0,188.0,306.0,281.0,243.0,307.0,298.0,288.0,314.0,329.0
268.0,373.0,395.0,78.0,255.0,373.0,107.0,297.0,454.0,252.0,325.0,282.0,238.0,184.0,231.0
229.0,306.0,322.0,60.0,292.0,389.0,150.0,202.0,311.0,188.0,240.0,212.0,272.0,148.0,94.0
97.0,56.0,999.0,16.0,128.0,155.0,16.0,290.0,117.0,107.0,508.0,101.0,46.0,205.0,97.0
244.0,241.0,372.0,70.0,313.0,348.0,199.0,969.0,332.0,243.0,302.0,298.0,291.0,617.0,95.0
181.0,234.0,488.0,45.0,238.0,324.0,99.0,358.0,223.0,188.0,297.0,214.0,200.0,269.0,119.0
252.0,331.0,372.0,70.0,311.0,365.0,184.0,285.0,343.0,243.0,239.0,298.0,303.0,202.0,333.0
176.0,231.0,240.0,43.0,229.0,319.0,83.0,115.0,232.0,129.0,160.0,114.0,174.0,72.0,331.0
146.0,187.0,283.0,33.0,186.0,270.0,65.0,175.0,163.0,156.0,207.0,117.0,128.0,146.0,153.0
167.0,137.0,187.0,38.0,50.0,247.0,15.0,200.0,223.0,176.0,158.0,197.0,176.0,145.0,43.0
133.0,141.0,255.0,29.0,175.0,249.0,58.0,32.0,173.0,144.0,129.0,155.0,102.0,17.0,142.0
94.0,56.0,212.0,16.0,151.0,156.0,26.0,175.0,122.0,108.0,129.0,98.0,43.0,123.0,118.0
182.0,235.0,570.0,183.0,132.0,341.0,629.0,440.0,676.0,403.0,500.0,681.0,888.0,314.0,73.0
81.0,42.0,184.0,11.0,54.0,112.0,18.0,45.0,95.0,83.0,78.0,76.0,33.0,25.0,52.0
412.0,764.0,310.0,182.0,242.0,214.0,261.0,195.0,171.0,269.0,234.0,307.0,464.0,134.0,214.0
73.0,27.0,111.0,6.0,88.0,56.0,23.0,26.0,38.0,67.0,0.0,25.0,19.0,16.0,71.0
163.0,212.0,290.0,35.0,200.0,294.0,75.0,175.0,197.0,156.0,210.0,187.0,150.0,314.0,170.0
429.0,310.0,648.0,201.0,28.0,390.0,9.0,493.0,829.0,416.0,582.0,181.0,905.0,333.0,9.0
256.0,332.0,374.0,71.0,252.0,429.0,119.0,470.0,357.0,243.0,307.0,301.0,238.0,321.0,218.0
115.0,95.0,252.0,23.0,100.0,101.0,43.0,141.0,145.0,137.0,176.0,137.0,73.0,92.0,83.0
96.0,55.0,240.0,29.0,403.0,154.0,50.0,109.0,173.0,129.0,157.0,115.0,76.0,72.0,469.0
376.0,693.0,549.0,146.0,258.0,468.0,121.0,420.0,518.0,356.0,321.0,470.0,693.0,311.0,248.0
217.0,300.0,355.0,51.0,261.0,373.0,126.0,285.0,281.0,223.0,245.0,282.0,256.0,202.0,242.0
122.0,118.0,240.0,24.0,132.0,221.0,45.0,110.0,163.0,136.0,160.0,134.0,84.0,58.0,107.0
163.0,215.0,299.0,38.0,47.0,297.0,15.0,187.0,172.0,174.0,222.0,246.0,102.0,133.0,9.0
176.0,229.0,311.0,36.0,255.0,315.0,82.0,197.0,210.0,184.0,248.0,207.0,171.0,162.0,240.0
317.0,515.0,570.0,106.0,360.0,486.0,226.0,469.0,500.0,408.0,508.0,799.0,337.0,339.0,333.0
115.0,95.0,336.0,23.0,128.0,214.0,38.0,212.0,145.0,201.0,245.0,178.0,70.0,72.0,99.0
167.0,221.0,440.0,43.0,157.0,235.0,52.0,316.0,224.0,273.0,366.0,323.0,97.0,305.0,95.0
126.0,130.0,255.0,23.0,128.0,348.0,42.0,32.0,145.0,139.0,225.0,138.0,76.0,21.0,97.0
374.0,693.0,639.0,148.0,524.0,372.0,262.0,756.0,98.0,347.0,373.0,470.0,529.0,496.0,473.0
95.0,55.0,294.0,36.0,100.0,155.0,59.0,312.0,199.0,165.0,214.0,185.0,109.0,235.0,45.0
152.0,28.0,263.0,29.0,86.0,56.0,29.0,149.0,178.0,144.0,189.0,162.0,46.0,95.0,72.0
322.0,585.0,447.0,91.0,341.0,382.0,220.0,322.0,452.0,273.0,470.0,323.0,334.0,491.0,101.0
244.0,323.0,363.0,70.0,141.0,407.0,32.0,141.0,341.0,230.0,87.0,288.0,291.0,92.0,110.0
375.0,694.0,476.0,140.0,311.0,656.0,172.0,346.0,571.0,358.0,382.0,705.0,583.0,259.0,334.0
104.0,43.0,340.0,19.0,117.0,0.0,35.0,250.0,119.0,198.0,248.0,241.0,54.0,180.0,89.0
97.0,55.0,208.0,16.0,85.0,155.0,29.0,82.0,117.0,108.0,123.0,76.0,46.0,58.0,77.0
236.0,323.0,294.0,66.0,277.0,344.0,188.0,180.0,330.0,171.0,214.0,186.0,284.0,130.0,250.0
181.0,234.0,263.0,36.0,191.0,308.0,83.0,149.0,184.0,207.0,250.0,264.0,174.0,30.0,110.0
156.0,188.0,294.0,34.0,203.0,270.0,76.0,176.0,195.0,156.0,210.0,175.0,150.0,409.0,172.0
163.0,225.0,457.0,36.0,224.0,249.0,83.0,323.0,213.0,171.0,366.0,204.0,174.0,247.0,181.0
210.0,284.0,348.0,57.0,311.0,374.0,199.0,204.0,272.0,201.0,272.0,248.0,464.0,408.0,351.0
126.0,133.0,747.0,27.0,145.0,173.0,50.0,476.0,168.0,660.0,833.0,911.0,95.0,318.0,127.0
138.0,317.0,72.0,21.0,104.0,393.0,35.0,10.0,139.0,154.0,0.0,156.0,54.0,79.0,83.0
71.0,28.0,661.0,15.0,89.0,60.0,32.0,509.0,103.0,356.0,177.0,156.0,49.0,408.0,74.0
295.0,461.0,457.0,97.0,415.0,489.0,243.0,297.0,400.0,275.0,366.0,218.0,408.0,218.0,566.0
187.0,253.0,311.0,51.0,262.0,348.0,107.0,201.0,270.0,193.0,188.0,214.0,212.0,146.0,248.0
100.0,62.0,208.0,17.0,89.0,156.0,30.0,82.0,107.0,106.0,119.0,114.0,46.0,64.0,44.0
102.0,71.0,126.0,6.0,288.0,160.0,121.0,29.0,170.0,61.0,13.0,25.0,239.0,17.0,333.0
123.0,108.0,252.0,24.0,138.0,215.0,46.0,140.0,163.0,137.0,139.0,125.0,90.0,90.0,118.0
132.0,137.0,184.0,15.0,80.0,250.0,26.0,45.0,103.0,82.0,148.0,70.0,44.0,25.0,55.0
123.0,55.0,542.0,183.0,161.0,154.0,46.0,420.0,660.0,203.0,465.0,214.0,923.0,311.0,153.0
180.0,233.0,322.0,45.0,104.0,320.0,34.0,327.0,223.0,187.0,234.0,207.0,583.0,248.0,84.0
330.0,585.0,491.0,114.0,303.0,341.0,339.0,358.0,571.0,304.0,287.0,446.0,583.0,269.0,160.0
206.0,284.0,339.0,56.0,277.0,373.0,139.0,214.0,187.0,200.0,250.0,246.0,260.0,162.0,122.0
152.0,187.0,290.0,33.0,191.0,270.0,67.0,156.0,187.0,156.0,210.0,181.0,139.0,57.0,158.0
83.0,42.0,212.0,15.0,429.0,208.0,33.0,84.0,103.0,101.0,120.0,84.0,54.0,64.0,604.0
165.0,210.0,311.0,38.0,229.0,296.0,86.0,59.0,222.0,184.0,239.0,207.0,176.0,30.0,201.0
288.0,331.0,661.0,95.0,188.0,429.0,99.0,509.0,457.0,275.0,419.0,323.0,190.0,343.0,156.0
77.0,41.0,204.0,8.0,43.0,103.0,6.0,62.0,69.0,85.0,108.0,76.0,27.0,555.0,52.0
210.0,284.0,336.0,57.0,292.0,373.0,170.0,322.0,296.0,201.0,245.0,240.0,284.0,246.0,308.0
314.0,212.0,411.0,97.0,227.0,294.0,274.0,132.0,164.0,264.0,322.0,240.0,524.0,72.0,183.0
167.0,154.0,303.0,51.0,248.0,261.0,106.0,601.0,271.0,191.0,230.0,228.0,212.0,458.0,216.0
311.0,372.0,414.0,97.0,150.0,445.0,50.0,323.0,276.0,227.0,325.0,241.0,92.0,247.0,118.0
211.0,284.0,239.0,58.0,188.0,372.0,150.0,98.0,454.0,120.0,64.0,117.0,269.0,72.0,192.0
288.0,461.0,514.0,95.0,415.0,372.0,243.0,83.0,281.0,319.0,414.0,457.0,444.0,30.0,469.0
316.0,488.0,396.0,70.0,341.0,486.0,203.0,322.0,369.0,228.0,322.0,282.0,316.0,122.0,416.0
232.0,304.0,350.0,64.0,262.0,388.0,230.0,240.0,313.0,214.0,274.0,316.0,270.0,184.0,246.0
236.0,317.0,142.0,6.0,174.0,393.0,58.0,363.0,223.0,63.0,170.0,47.0,12.0,312.0,144.0
92.0,53.0,257.0,17.0,55.0,143.0,9.0,756.0,122.0,75.0,188.0,208.0,36.0,219.0,44.0
271.0,406.0,661.0,243.0,191.0,373.0,50.0,509.0,858.0,524.0,654.0,449.0,95.0,442.0,182.0
167.0,234.0,353.0,38.0,228.0,0.0,85.0,251.0,222.0,176.0,286.0,185.0,176.0,184.0,188.0
268.0,372.0,428.0,85.0,341.0,445.0,220.0,327.0,425.0,252.0,333.0,323.0,344.0,64.0,181.0
126.0,188.0,263.0,27.0,155.0,272.0,50.0,149.0,170.0,140.0,338.0,149.0,95.0,96.0,119.0
196.0,257.0,336.0,51.0,88.0,348.0,23.0,206.0,501.0,196.0,245.0,246.0,171.0,148.0,77.0
236.0,322.0,532.0,133.0,257.0,393.0,108.0,415.0,571.0,347.0,465.0,460.0,905.0,318.0,156.0
206.0,323.0,330.0,55.0,131.0,425.0,40.0,205.0,290.0,192.0,236.0,151.0,83.0,156.0,148.0
73.0,27.0,313.0,45.0,237.0,56.0,99.0,292.0,313.0,187.0,239.0,208.0,196.0,202.0,202.0
257.0,348.0,386.0,71.0,83.0,388.0,166.0,202.0,184.0,247.0,326.0,304.0,273.0,71.0,73.0
163.0,215.0,294.0,36.0,175.0,445.0,82.0,175.0,210.0,120.0,366.0,117.0,171.0,123.0,148.0
270.0,310.0,447.0,91.0,176.0,390.0,61.0,363.0,457.0,273.0,351.0,323.0,260.0,271.0,157.0
287.0,372.0,457.0,95.0,446.0,445.0,258.0,323.0,457.0,275.0,366.0,288.0,438.0,241.0,157.0
295.0,461.0,447.0,95.0,365.0,491.0,226.0,322.0,466.0,273.0,257.0,317.0,369.0,245.0,566.0
180.0,233.0,310.0,45.0,238.0,320.0,98.0,195.0,232.0,188.0,234.0,212.0,200.0,134.0,213.0
111.0,89.0,266.0,21.0,73.0,241.0,19.0,156.0,139.0,120.0,200.0,117.0,40.0,107.0,77.0
123.0,200.0,252.0,24.0,104.0,280.0,54.0,156.0,163.0,137.0,220.0,140.0,101.0,184.0,83.0
87.0,27.0,215.0,15.0,75.0,56.0,22.0,84.0,103.0,112.0,128.0,101.0,40.0,64.0,54.0
132.0,137.0,224.0,20.0,112.0,249.0,35.0,83.0,134.0,120.0,152.0,113.0,55.0,72.0,87.0
273.0,434.0,485.0,104.0,313.0,486.0,199.0,346.0,498.0,296.0,387.0,355.0,406.0,259.0,351.0
114.0,92.0,252.0,24.0,202.0,255.0,75.0,140.0,163.0,137.0,176.0,134.0,85.0,90.0,179.0
205.0,406.0,278.0,36.0,117.0,448.0,35.0,158.0,290.0,160.0,201.0,207.0,59.0,107.0,89.0
206.0,36.0,549.0,57.0,203.0,127.0,75.0,420.0,98.0,201.0,468.0,248.0,264.0,311.0,180.0
377.0,769.0,258.0,29.0,168.0,767.0,54.0,146.0,173.0,144.0,188.0,149.0,101.0,96.0,88.0
158.0,205.0,294.0,36.0,257.0,288.0,108.0,180.0,213.0,166.0,214.0,186.0,150.0,101.0,231.0
268.0,373.0,485.0,80.0,360.0,445.0,226.0,358.0,419.0,296.0,419.0,355.0,337.0,510.0,56.0
244.0,232.0,360.0,70.0,83.0,319.0,24.0,509.0,357.0,228.0,298.0,287.0,288.0,390.0,63.0
317.0,515.0,488.0,97.0,261.0,373.0,121.0,353.0,483.0,300.0,400.0,187.0,252.0,269.0,242.0
181.0,234.0,317.0,41.0,229.0,324.0,99.0,201.0,224.0,182.0,241.0,221.0,195.0,169.0,190.0
180.0,233.0,511.0,133.0,313.0,320.0,199.0,364.0,570.0,316.0,402.0,449.0,291.0,269.0,125.0
257.0,284.0,411.0,71.0,260.0,373.0,121.0,141.0,173.0,243.0,320.0,298.0,252.0,92.0,242.0
123.0,108.0,252.0,23.0,150.0,214.0,45.0,132.0,163.0,132.0,175.0,127.0,84.0,87.0,118.0
181.0,234.0,299.0,38.0,224.0,306.0,75.0,187.0,213.0,174.0,222.0,193.0,174.0,131.0,181.0
181.0,235.0,111.0,18.0,106.0,333.0,32.0,26.0,122.0,112.0,179.0,108.0,51.0,12.0,87.0
154.0,187.0,223.0,33.0,168.0,270.0,77.0,0.0,466.0,156.0,87.0,174.0,181.0,0.0,127.0
123.0,109.0,657.0,217.0,89.0,215.0,29.0,232.0,281.0,416.0,400.0,208.0,888.0,256.0,72.0
138.0,164.0,279.0,30.0,117.0,255.0,35.0,155.0,178.0,153.0,203.0,162.0,59.0,106.0,89.0
316.0,515.0,487.0,109.0,524.0,486.0,274.0,346.0,501.0,296.0,394.0,288.0,524.0,259.0,181.0
235.0,316.0,355.0,65.0,280.0,261.0,170.0,251.0,314.0,223.0,286.0,186.0,284.0,343.0,274.0
70.0,41.0,208.0,6.0,83.0,143.0,23.0,83.0,34.0,63.0,122.0,47.0,12.0,64.0,66.0
158.0,205.0,266.0,35.0,211.0,281.0,78.0,392.0,193.0,160.0,225.0,181.0,156.0,291.0,175.0
102.0,72.0,208.0,16.0,85.0,160.0,28.0,15.0,117.0,106.0,122.0,91.0,44.0,16.0,64.0
156.0,182.0,292.0,35.0,200.0,261.0,75.0,176.0,164.0,156.0,210.0,178.0,155.0,125.0,170.0
157.0,205.0,294.0,35.0,197.0,289.0,76.0,180.0,198.0,165.0,222.0,178.0,155.0,122.0,127.0
156.0,193.0,311.0,36.0,278.0,270.0,139.0,197.0,204.0,167.0,236.0,186.0,161.0,145.0,247.0
123.0,241.0,461.0,97.0,434.0,348.0,253.0,476.0,579.0,278.0,373.0,167.0,438.0,312.0,566.0
330.0,590.0,491.0,112.0,329.0,154.0,391.0,342.0,483.0,304.0,295.0,248.0,656.0,258.0,404.0
129.0,225.0,252.0,25.0,157.0,362.0,50.0,140.0,168.0,138.0,108.0,134.0,92.0,91.0,124.0
156.0,200.0,111.0,35.0,105.0,280.0,75.0,26.0,187.0,156.0,29.0,457.0,150.0,17.0,85.0
156.0,203.0,296.0,36.0,206.0,280.0,79.0,176.0,193.0,167.0,148.0,187.0,161.0,123.0,173.0
264.0,128.0,852.0,67.0,310.0,164.0,184.0,885.0,333.0,227.0,165.0,101.0,288.0,583.0,331.0
75.0,41.0,207.0,8.0,45.0,102.0,6.0,80.0,122.0,106.0,120.0,91.0,26.0,57.0,38.0
167.0,221.0,661.0,36.0,227.0,296.0,85.0,476.0,215.0,165.0,27.0,186.0,175.0,321.0,180.0
266.0,373.0,395.0,80.0,279.0,425.0,222.0,163.0,232.0,252.0,320.0,305.0,336.0,111.0,274.0
288.0,300.0,447.0,95.0,476.0,374.0,253.0,322.0,454.0,273.0,230.0,298.0,438.0,246.0,404.0
139.0,173.0,215.0,29.0,117.0,255.0,35.0,84.0,178.0,112.0,245.0,100.0,109.0,64.0,89.0
120.0,104.0,207.0,15.0,168.0,210.0,50.0,62.0,103.0,105.0,119.0,61.0,25.0,184.0,97.0
237.0,205.0,852.0,65.0,310.0,288.0,180.0,885.0,314.0,595.0,465.0,911.0,284.0,496.0,38.0
114.0,92.0,246.0,23.0,128.0,208.0,42.0,130.0,144.0,132.0,189.0,127.0,76.0,27.0,97.0
138.0,163.0,258.0,29.0,161.0,261.0,54.0,346.0,276.0,144.0,187.0,155.0,101.0,259.0,87.0
80.0,41.0,183.0,9.0,47.0,156.0,9.0,32.0,76.0,82.0,220.0,68.0,33.0,55.0,38.0
268.0,372.0,417.0,85.0,216.0,445.0,98.0,306.0,425.0,264.0,389.0,167.0,344.0,247.0,180.0
154.0,135.0,661.0,243.0,200.0,260.0,75.0,508.0,829.0,521.0,239.0,856.0,156.0,343.0,172.0
95.0,55.0,206.0,16.0,75.0,144.0,28.0,83.0,122.0,107.0,222.0,98.0,48.0,24.0,55.0
163.0,215.0,303.0,36.0,203.0,261.0,75.0,189.0,223.0,156.0,210.0,187.0,168.0,131.0,175.0
167.0,221.0,347.0,38.0,233.0,306.0,86.0,228.0,222.0,176.0,264.0,197.0,176.0,179.0,220.0
246.0,47.0,374.0,71.0,322.0,173.0,213.0,299.0,302.0,243.0,299.0,204.0,309.0,218.0,180.0
237.0,323.0,386.0,67.0,329.0,203.0,184.0,293.0,332.0,227.0,320.0,282.0,288.0,218.0,116.0
266.0,367.0,414.0,86.0,331.0,445.0,217.0,312.0,454.0,271.0,177.0,323.0,380.0,219.0,406.0
114.0,92.0,255.0,22.0,118.0,203.0,38.0,141.0,141.0,139.0,203.0,138.0,70.0,92.0,94.0
156.0,187.0,279.0,34.0,226.0,270.0,78.0,160.0,188.0,154.0,203.0,257.0,158.0,116.0,183.0
152.0,179.0,279.0,33.0,175.0,260.0,58.0,163.0,187.0,154.0,203.0,165.0,127.0,111.0,140.0
152.0,235.0,507.0,133.0,161.0,341.0,53.0,440.0,568.0,311.0,410.0,446.0,101.0,312.0,125.0
375.0,694.0,528.0,137.0,243.0,663.0,139.0,398.0,571.0,319.0,386.0,456.0,751.0,305.0,215.0
191.0,259.0,247.0,16.0,83.0,348.0,23.0,146.0,168.0,106.0,170.0,92.0,43.0,81.0,63.0
75.0,41.0,190.0,7.0,89.0,103.0,32.0,59.0,50.0,75.0,91.0,220.0,51.0,30.0,74.0
111.0,89.0,238.0,20.0,112.0,191.0,35.0,201.0,188.0,120.0,152.0,125.0,55.0,148.0,85.0
92.0,284.0,208.0,16.0,86.0,373.0,28.0,103.0,132.0,108.0,117.0,98.0,45.0,72.0,155.0
163.0,222.0,310.0,36.0,233.0,308.0,95.0,195.0,182.0,167.0,236.0,172.0,168.0,145.0,202.0
103.0,76.0,214.0,20.0,112.0,133.0,35.0,132.0,125.0,115.0,128.0,139.0,55.0,247.0,87.0
138.0,131.0,184.0,29.0,161.0,430.0,53.0,45.0,173.0,81.0,175.0,68.0,101.0,25.0,125.0
256.0,332.0,336.0,70.0,310.0,312.0,188.0,206.0,333.0,197.0,244.0,241.0,288.0,158.0,329.0
102.0,137.0,187.0,17.0,89.0,225.0,30.0,32.0,117.0,83.0,100.0,72.0,46.0,21.0,83.0
187.0,249.0,294.0,51.0,102.0,348.0,28.0,176.0,281.0,191.0,199.0,228.0,212.0,125.0,82.0
288.0,331.0,461.0,95.0,200.0,430.0,82.0,297.0,332.0,275.0,210.0,346.0,171.0,314.0,153.0
154.0,185.0,279.0,33.0,176.0,261.0,67.0,160.0,187.0,154.0,200.0,92.0,136.0,111.0,154.0
96.0,55.0,208.0,16.0,102.0,155.0,33.0,82.0,132.0,108.0,130.0,98.0,52.0,62.0,89.0
139.0,164.0,278.0,30.0,175.0,254.0,61.0,158.0,184.0,151.0,201.0,162.0,116.0,173.0,144.0
122.0,109.0,283.0,25.0,128.0,216.0,50.0,175.0,168.0,138.0,210.0,140.0,92.0,123.0,93.0
330.0,95.0,487.0,117.0,503.0,156.0,147.0,346.0,545.0,296.0,394.0,428.0,583.0,256.0,678.0
375.0,694.0,511.0,140.0,277.0,656.0,139.0,364.0,571.0,304.0,411.0,323.0,264.0,312.0,248.0
246.0,391.0,855.0,217.0,476.0,460.0,262.0,969.0,347.0,416.0,999.0,799.0,751.0,628.0,175.0
94.0,53.0,252.0,20.0,160.0,143.0,35.0,140.0,139.0,137.0,203.0,221.0,55.0,185.0,127.0
268.0,372.0,266.0,27.0,176.0,445.0,59.0,83.0,178.0,150.0,201.0,162.0,109.0,57.0,156.0
376.0,717.0,542.0,146.0,261.0,276.0,213.0,420.0,570.0,374.0,465.0,582.0,656.0,305.0,455.0
126.0,130.0,179.0,26.0,132.0,230.0,45.0,137.0,171.0,101.0,236.0,84.0,84.0,72.0,107.0
224.0,304.0,326.0,51.0,227.0,389.0,99.0,175.0,147.0,191.0,244.0,228.0,200.0,145.0,181.0
264.0,367.0,438.0,89.0,206.0,213.0,77.0,316.0,454.0,271.0,338.0,305.0,264.0,219.0,175.0
168.0,225.0,549.0,38.0,229.0,315.0,92.0,420.0,223.0,356.0,465.0,463.0,177.0,311.0,218.0
132.0,141.0,260.0,29.0,161.0,249.0,53.0,176.0,95.0,144.0,189.0,298.0,101.0,125.0,125.0
126.0,133.0,240.0,27.0,145.0,203.0,2.0,204.0,170.0,129.0,203.0,21.0,5.0,149.0,122.0
330.0,585.0,582.0,133.0,331.0,663.0,217.0,470.0,501.0,416.0,509.0,353.0,726.0,319.0,404.0
244.0,164.0,530.0,133.0,261.0,254.0,121.0,403.0,579.0,316.0,419.0,470.0,624.0,305.0,240.0
377.0,590.0,339.0,41.0,237.0,445.0,99.0,481.0,223.0,198.0,252.0,241.0,177.0,328.0,212.0
270.0,409.0,392.0,80.0,280.0,479.0,139.0,264.0,369.0,252.0,320.0,307.0,264.0,81.0,262.0
202.0,261.0,396.0,77.0,341.0,362.0,222.0,297.0,457.0,247.0,322.0,303.0,336.0,217.0,406.0
86.0,36.0,204.0,15.0,128.0,393.0,42.0,62.0,103.0,103.0,129.0,84.0,76.0,35.0,99.0
138.0,90.0,339.0,29.0,197.0,230.0,53.0,214.0,177.0,154.0,244.0,140.0,101.0,167.0,155.0
86.0,47.0,111.0,6.0,176.0,127.0,78.0,26.0,24.0,42.0,5.0,58.0,0.0,16.0,157.0
113.0,90.0,379.0,21.0,128.0,193.0,42.0,296.0,139.0,264.0,152.0,316.0,76.0,213.0,99.0
122.0,257.0,258.0,29.0,261.0,348.0,121.0,141.0,172.0,144.0,189.0,156.0,101.0,88.0,247.0
202.0,320.0,475.0,97.0,188.0,393.0,67.0,331.0,343.0,296.0,411.0,338.0,136.0,41.0,154.0
119.0,105.0,242.0,23.0,138.0,220.0,43.0,476.0,147.0,132.0,165.0,127.0,76.0,321.0,110.0
268.0,372.0,661.0,91.0,100.0,445.0,35.0,103.0,454.0,256.0,597.0,312.0,55.0,180.0,45.0
244.0,325.0,355.0,70.0,313.0,312.0,199.0,280.0,181.0,230.0,286.0,304.0,291.0,202.0,341.0
91.0,48.0,208.0,15.0,83.0,206.0,23.0,82.0,107.0,106.0,122.0,76.0,42.0,116.0,74.0
111.0,89.0,240.0,21.0,132.0,213.0,45.0,109.0,147.0,129.0,157.0,124.0,59.0,122.0,43.0
270.0,391.0,417.0,91.0,218.0,439.0,82.0,312.0,454.0,296.0,320.0,355.0,181.0,219.0,180.0
102.0,71.0,350.0,96.0,117.0,159.0,7.0,225.0,466.0,213.0,274.0,264.0,450.0,131.0,94.0
187.0,253.0,693.0,51.0,117.0,348.0,46.0,565.0,173.0,347.0,658.0,430.0,238.0,412.0,88.0
287.0,259.0,449.0,95.0,434.0,306.0,253.0,322.0,457.0,273.0,149.0,323.0,438.0,246.0,566.0
202.0,261.0,396.0,38.0,248.0,498.0,101.0,313.0,223.0,165.0,325.0,186.0,209.0,241.0,214.0
271.0,391.0,855.0,91.0,415.0,460.0,253.0,940.0,454.0,273.0,999.0,323.0,438.0,131.0,582.0
138.0,154.0,271.0,29.0,54.0,255.0,61.0,358.0,178.0,151.0,200.0,162.0,109.0,269.0,43.0
133.0,141.0,852.0,29.0,174.0,249.0,58.0,168.0,177.0,139.0,152.0,100.0,113.0,28.0,242.0
202.0,276.0,323.0,51.0,131.0,372.0,45.0,49.0,210.0,191.0,241.0,228.0,85.0,65.0,101.0
214.0,301.0,346.0,58.0,278.0,382.0,147.0,223.0,297.0,201.0,199.0,134.0,269.0,170.0,242.0
111.0,89.0,204.0,16.0,165.0,193.0,29.0,315.0,117.0,92.0,108.0,76.0,46.0,173.0,127.0
241.0,323.0,549.0,70.0,312.0,407.0,198.0,323.0,333.0,296.0,468.0,470.0,288.0,247.0,212.0
24.0,55.0,111.0,15.0,117.0,156.0,35.0,15.0,105.0,103.0,5.0,72.0,42.0,16.0,89.0
202.0,274.0,332.0,51.0,248.0,362.0,101.0,205.0,293.0,193.0,245.0,236.0,238.0,152.0,308.0
317.0,523.0,488.0,112.0,206.0,518.0,99.0,353.0,454.0,300.0,400.0,395.0,579.0,269.0,175.0
83.0,72.0,220.0,12.0,50.0,159.0,19.0,90.0,95.0,112.0,130.0,108.0,36.0,107.0,77.0
311.0,338.0,661.0,243.0,106.0,429.0,35.0,508.0,858.0,521.0,658.0,856.0,55.0,343.0,87.0
80.0,40.0,201.0,11.0,80.0,86.0,15.0,61.0,195.0,84.0,120.0,98.0,33.0,41.0,55.0
338.0,618.0,500.0,117.0,310.0,550.0,213.0,377.0,162.0,304.0,408.0,428.0,316.0,269.0,322.0
206.0,306.0,339.0,56.0,403.0,297.0,75.0,201.0,293.0,198.0,286.0,241.0,264.0,148.0,469.0
257.0,346.0,363.0,70.0,86.0,430.0,29.0,280.0,145.0,238.0,298.0,330.0,44.0,208.0,80.0
167.0,221.0,693.0,248.0,476.0,297.0,262.0,572.0,139.0,580.0,658.0,894.0,500.0,328.0,678.0
100.0,63.0,240.0,17.0,89.0,156.0,30.0,109.0,195.0,129.0,157.0,115.0,46.0,76.0,85.0
102.0,72.0,379.0,46.0,243.0,160.0,99.0,292.0,252.0,246.0,214.0,302.0,202.0,208.0,213.0
229.0,300.0,312.0,60.0,292.0,373.0,165.0,363.0,302.0,203.0,245.0,254.0,272.0,275.0,308.0
182.0,235.0,223.0,30.0,176.0,241.0,61.0,92.0,168.0,151.0,87.0,162.0,116.0,82.0,175.0
168.0,225.0,299.0,38.0,104.0,312.0,80.0,206.0,222.0,176.0,222.0,187.0,176.0,16.0,84.0
244.0,325.0,363.0,70.0,313.0,422.0,199.0,273.0,341.0,238.0,299.0,298.0,291.0,193.0,351.0
121.0,95.0,246.0,23.0,141.0,112.0,19.0,346.0,158.0,132.0,170.0,127.0,36.0,256.0,74.0
273.0,95.0,111.0,70.0,242.0,222.0,106.0,250.0,333.0,252.0,157.0,305.0,288.0,184.0,238.0
338.0,306.0,396.0,71.0,288.0,389.0,170.0,346.0,357.0,243.0,326.0,221.0,276.0,269.0,240.0
270.0,406.0,251.0,86.0,243.0,460.0,99.0,137.0,428.0,112.0,173.0,101.0,202.0,81.0,214.0
91.0,48.0,353.0,16.0,85.0,133.0,26.0,251.0,122.0,107.0,286.0,95.0,44.0,184.0,96.0
104.0,82.0,348.0,15.0,65.0,182.0,23.0,240.0,120.0,105.0,272.0,84.0,42.0,503.0,44.0
80.0,41.0,340.0,9.0,47.0,102.0,9.0,32.0,76.0,106.0,257.0,91.0,33.0,21.0,32.0
163.0,207.0,428.0,27.0,175.0,289.0,58.0,346.0,171.0,140.0,261.0,155.0,102.0,291.0,77.0
121.0,104.0,347.0,60.0,279.0,212.0,148.0,92.0,311.0,203.0,264.0,264.0,270.0,72.0,12.0
77.0,27.0,184.0,8.0,310.0,155.0,180.0,45.0,69.0,81.0,84.0,69.0,27.0,25.0,322.0
154.0,108.0,204.0,38.0,224.0,215.0,83.0,62.0,213.0,214.0,108.0,277.0,175.0,35.0,144.0
376.0,222.0,111.0,148.0,310.0,308.0,33.0,885.0,271.0,347.0,8.0,470.0,999.0,613.0,334.0
100.0,55.0,395.0,17.0,85.0,155.0,28.0,297.0,129.0,252.0,320.0,304.0,45.0,213.0,64.0
125.0,130.0,346.0,60.0,278.0,241.0,139.0,223.0,302.0,203.0,402.0,303.0,270.0,170.0,242.0
86.0,42.0,207.0,15.0,73.0,118.0,19.0,80.0,103.0,106.0,120.0,91.0,40.0,65.0,44.0
154.0,188.0,267.0,29.0,175.0,270.0,58.0,115.0,178.0,150.0,200.0,160.0,108.0,149.0,107.0
154.0,188.0,283.0,23.0,131.0,293.0,43.0,168.0,145.0,154.0,207.0,173.0,76.0,122.0,101.0
126.0,41.0,271.0,24.0,132.0,101.0,45.0,83.0,177.0,151.0,200.0,162.0,85.0,64.0,107.0
167.0,221.0,337.0,41.0,0.0,490.0,0.0,232.0,223.0,198.0,239.0,241.0,0.0,174.0,0.0
156.0,193.0,290.0,34.0,191.0,277.0,70.0,313.0,191.0,156.0,210.0,167.0,145.0,240.0,157.0
158.0,207.0,294.0,36.0,200.0,293.0,85.0,183.0,198.0,166.0,211.0,186.0,176.0,131.0,124.0
167.0,221.0,170.0,6.0,45.0,521.0,6.0,32.0,132.0,61.0,63.0,246.0,25.0,409.0,32.0
152.0,169.0,279.0,33.0,186.0,254.0,65.0,158.0,187.0,154.0,218.0,98.0,128.0,271.0,155.0
124.0,129.0,252.0,24.0,112.0,214.0,35.0,137.0,132.0,137.0,177.0,137.0,73.0,82.0,88.0
244.0,323.0,208.0,15.0,181.0,404.0,59.0,83.0,103.0,103.0,123.0,127.0,54.0,57.0,87.0
163.0,212.0,296.0,36.0,203.0,294.0,76.0,194.0,333.0,167.0,215.0,298.0,168.0,27.0,172.0
319.0,274.0,355.0,109.0,445.0,362.0,258.0,273.0,503.0,304.0,286.0,162.0,429.0,193.0,574.0
103.0,64.0,207.0,15.0,83.0,175.0,23.0,80.0,103.0,105.0,139.0,84.0,42.0,30.0,55.0
182.0,276.0,661.0,50.0,237.0,333.0,99.0,509.0,248.0,247.0,297.0,305.0,209.0,408.0,214.0
156.0,78.0,293.0,248.0,117.0,247.0,213.0,176.0,480.0,160.0,211.0,151.0,316.0,442.0,84.0
158.0,205.0,353.0,6.0,104.0,241.0,35.0,251.0,33.0,223.0,286.0,282.0,59.0,184.0,82.0
319.0,515.0,481.0,109.0,446.0,489.0,198.0,83.0,503.0,296.0,387.0,196.0,291.0,64.0,107.0
257.0,338.0,385.0,77.0,184.0,429.0,226.0,292.0,105.0,247.0,295.0,303.0,337.0,208.0,155.0
317.0,515.0,488.0,104.0,255.0,404.0,226.0,346.0,173.0,300.0,400.0,430.0,500.0,259.0,333.0
266.0,406.0,372.0,110.0,104.0,462.0,34.0,285.0,518.0,243.0,302.0,298.0,270.0,202.0,82.0
311.0,391.0,372.0,77.0,83.0,429.0,230.0,285.0,332.0,247.0,241.0,303.0,369.0,201.0,74.0
152.0,174.0,481.0,33.0,174.0,259.0,58.0,342.0,184.0,346.0,387.0,174.0,128.0,258.0,126.0
129.0,137.0,475.0,27.0,161.0,259.0,53.0,83.0,171.0,140.0,386.0,81.0,101.0,64.0,122.0
257.0,338.0,361.0,71.0,118.0,297.0,38.0,315.0,314.0,228.0,298.0,287.0,70.0,269.0,94.0
115.0,89.0,240.0,22.0,344.0,439.0,33.0,110.0,144.0,129.0,160.0,125.0,70.0,72.0,422.0
132.0,137.0,283.0,33.0,112.0,221.0,5.0,168.0,547.0,154.0,207.0,173.0,191.0,119.0,77.0
163.0,215.0,296.0,36.0,224.0,306.0,82.0,183.0,210.0,167.0,243.0,395.0,168.0,132.0,116.0
115.0,95.0,242.0,23.0,257.0,212.0,127.0,16.0,145.0,132.0,272.0,127.0,92.0,16.0,231.0
273.0,130.0,417.0,87.0,310.0,222.0,237.0,306.0,400.0,271.0,333.0,323.0,406.0,218.0,329.0
133.0,105.0,283.0,25.0,145.0,215.0,50.0,130.0,168.0,129.0,207.0,125.0,92.0,102.0,213.0
205.0,276.0,590.0,70.0,288.0,344.0,165.0,481.0,343.0,411.0,389.0,374.0,272.0,321.0,307.0
156.0,193.0,283.0,35.0,189.0,281.0,67.0,168.0,297.0,154.0,207.0,165.0,139.0,116.0,250.0
264.0,367.0,303.0,114.0,248.0,445.0,339.0,194.0,0.0,176.0,232.0,463.0,583.0,123.0,216.0
241.0,323.0,256.0,24.0,132.0,491.0,45.0,144.0,163.0,137.0,187.0,137.0,84.0,167.0,111.0
123.0,115.0,657.0,24.0,131.0,60.0,45.0,509.0,163.0,137.0,582.0,138.0,84.0,333.0,87.0
84.0,47.0,360.0,12.0,47.0,112.0,18.0,264.0,107.0,139.0,295.0,139.0,36.0,184.0,12.0
163.0,207.0,208.0,36.0,176.0,268.0,62.0,83.0,210.0,113.0,128.0,115.0,168.0,64.0,148.0
139.0,164.0,207.0,15.0,186.0,253.0,53.0,82.0,103.0,105.0,91.0,84.0,54.0,58.0,155.0
152.0,185.0,257.0,33.0,184.0,260.0,61.0,160.0,187.0,144.0,119.0,117.0,140.0,107.0,155.0
146.0,163.0,281.0,30.0,181.0,254.0,67.0,140.0,184.0,153.0,203.0,167.0,150.0,95.0,155.0
96.0,331.0,105.0,16.0,137.0,280.0,46.0,32.0,117.0,71.0,100.0,76.0,43.0,21.0,111.0
232.0,310.0,293.0,61.0,294.0,390.0,170.0,175.0,313.0,154.0,210.0,127.0,276.0,458.0,262.0
181.0,234.0,316.0,45.0,83.0,425.0,23.0,201.0,105.0,188.0,239.0,98.0,43.0,134.0,69.0
241.0,323.0,360.0,70.0,310.0,308.0,171.0,280.0,314.0,227.0,57.0,282.0,284.0,193.0,329.0
77.0,48.0,125.0,5.0,47.0,155.0,1.0,27.0,12.0,58.0,248.0,23.0,4.0,17.0,25.0
91.0,48.0,271.0,29.0,105.0,144.0,33.0,155.0,177.0,150.0,199.0,126.0,52.0,133.0,85.0
165.0,214.0,279.0,30.0,175.0,308.0,58.0,156.0,184.0,151.0,200.0,160.0,5.0,106.0,131.0
120.0,105.0,271.0,30.0,229.0,221.0,86.0,205.0,178.0,151.0,199.0,162.0,176.0,152.0,154.0
156.0,200.0,294.0,36.0,197.0,280.0,78.0,155.0,210.0,167.0,199.0,186.0,158.0,106.0,174.0
76.0,36.0,224.0,6.0,145.0,154.0,48.0,98.0,233.0,25.0,226.0,0.0,10.0,72.0,101.0
163.0,212.0,500.0,36.0,86.0,294.0,82.0,469.0,194.0,304.0,408.0,456.0,168.0,321.0,82.0
410.0,769.0,639.0,177.0,255.0,315.0,530.0,620.0,145.0,374.0,597.0,582.0,726.0,458.0,116.0
163.0,215.0,296.0,36.0,83.0,296.0,82.0,103.0,194.0,167.0,220.0,101.0,171.0,296.0,142.0
137.0,137.0,279.0,30.0,174.0,247.0,58.0,756.0,182.0,153.0,203.0,163.0,77.0,27.0,91.0
137.0,154.0,279.0,27.0,161.0,254.0,53.0,202.0,171.0,153.0,203.0,163.0,101.0,148.0,131.0
111.0,95.0,187.0,7.0,17.0,208.0,2.0,32.0,187.0,82.0,87.0,214.0,5.0,21.0,334.0
217.0,323.0,374.0,71.0,429.0,422.0,253.0,285.0,363.0,243.0,302.0,282.0,438.0,202.0,566.0
156.0,249.0,187.0,34.0,165.0,348.0,50.0,49.0,195.0,82.0,214.0,108.0,149.0,27.0,127.0
311.0,409.0,661.0,183.0,230.0,404.0,0.0,509.0,272.0,404.0,152.0,894.0,923.0,491.0,201.0
86.0,48.0,201.0,6.0,176.0,143.0,5.0,83.0,33.0,92.0,100.0,76.0,26.0,62.0,153.0
375.0,694.0,536.0,140.0,252.0,663.0,105.0,415.0,571.0,347.0,458.0,463.0,330.0,308.0,218.0
224.0,304.0,417.0,61.0,89.0,389.0,30.0,476.0,222.0,269.0,274.0,322.0,272.0,331.0,74.0
271.0,423.0,511.0,78.0,280.0,484.0,150.0,384.0,431.0,247.0,386.0,304.0,270.0,442.0,262.0
152.0,215.0,292.0,35.0,145.0,297.0,50.0,180.0,199.0,156.0,248.0,178.0,92.0,133.0,117.0
100.0,62.0,386.0,77.0,341.0,155.0,217.0,293.0,281.0,246.0,320.0,301.0,330.0,208.0,390.0
273.0,423.0,438.0,86.0,365.0,490.0,226.0,342.0,12.0,271.0,338.0,323.0,369.0,256.0,455.0
211.0,200.0,550.0,51.0,176.0,280.0,61.0,431.0,224.0,193.0,470.0,236.0,116.0,312.0,154.0
105.0,109.0,271.0,30.0,58.0,211.0,33.0,155.0,181.0,151.0,200.0,162.0,59.0,96.0,44.0
288.0,461.0,461.0,95.0,313.0,489.0,199.0,327.0,466.0,275.0,188.0,302.0,444.0,248.0,307.0
100.0,62.0,201.0,16.0,83.0,155.0,24.0,73.0,119.0,92.0,100.0,76.0,43.0,87.0,55.0
126.0,131.0,363.0,27.0,155.0,212.0,50.0,251.0,173.0,141.0,299.0,470.0,92.0,184.0,119.0
268.0,373.0,475.0,91.0,237.0,445.0,99.0,331.0,454.0,273.0,345.0,323.0,12.0,269.0,212.0
156.0,193.0,290.0,34.0,0.0,277.0,0.0,212.0,194.0,156.0,210.0,175.0,0.0,186.0,0.0
132.0,137.0,266.0,6.0,233.0,249.0,96.0,146.0,24.0,61.0,211.0,244.0,10.0,96.0,202.0
429.0,131.0,360.0,201.0,155.0,254.0,52.0,264.0,858.0,374.0,299.0,582.0,905.0,493.0,119.0
178.0,231.0,303.0,45.0,228.0,288.0,78.0,175.0,215.0,176.0,230.0,204.0,195.0,184.0,180.0
257.0,331.0,374.0,71.0,341.0,498.0,220.0,290.0,158.0,243.0,307.0,298.0,309.0,208.0,416.0
111.0,89.0,300.0,20.0,112.0,188.0,35.0,175.0,579.0,176.0,240.0,212.0,55.0,173.0,84.0
330.0,137.0,549.0,117.0,217.0,249.0,69.0,420.0,547.0,358.0,468.0,580.0,140.0,309.0,179.0
428.0,585.0,693.0,183.0,174.0,521.0,58.0,572.0,616.0,580.0,394.0,894.0,103.0,455.0,139.0
111.0,89.0,316.0,51.0,211.0,191.0,79.0,363.0,270.0,192.0,230.0,165.0,209.0,271.0,175.0
97.0,55.0,208.0,16.0,55.0,155.0,19.0,26.0,117.0,107.0,123.0,95.0,46.0,16.0,174.0
316.0,515.0,550.0,153.0,203.0,484.0,50.0,322.0,676.0,368.0,470.0,580.0,726.0,458.0,172.0
256.0,332.0,313.0,80.0,310.0,429.0,243.0,198.0,425.0,188.0,244.0,221.0,270.0,133.0,329.0
375.0,694.0,738.0,140.0,89.0,112.0,30.0,704.0,571.0,346.0,640.0,463.0,624.0,303.0,74.0
114.0,95.0,240.0,21.0,80.0,203.0,23.0,111.0,139.0,129.0,157.0,118.0,42.0,76.0,55.0
167.0,221.0,688.0,38.0,218.0,306.0,85.0,476.0,210.0,174.0,654.0,197.0,175.0,321.0,180.0
273.0,53.0,481.0,97.0,288.0,143.0,165.0,342.0,419.0,289.0,387.0,348.0,284.0,269.0,334.0
120.0,115.0,201.0,23.0,104.0,220.0,35.0,61.0,191.0,129.0,382.0,117.0,54.0,186.0,84.0
160.0,205.0,294.0,38.0,224.0,288.0,83.0,176.0,213.0,167.0,333.0,186.0,174.0,125.0,181.0
244.0,523.0,355.0,70.0,157.0,489.0,53.0,297.0,330.0,238.0,128.0,298.0,284.0,217.0,119.0
146.0,173.0,279.0,31.0,177.0,256.0,61.0,206.0,184.0,154.0,203.0,165.0,122.0,158.0,154.0
999.0,999.0,999.0,999.0,999.0,999.0,999.0,999.0,999.0,999.0,681.0,911.0,999.0,999.0,999.0
191.0,173.0,326.0,51.0,292.0,256.0,217.0,204.0,293.0,191.0,243.0,228.0,214.0,150.0,144.0
130.0,137.0,292.0,29.0,161.0,256.0,53.0,195.0,177.0,156.0,210.0,178.0,101.0,134.0,125.0
103.0,76.0,201.0,18.0,106.0,173.0,33.0,84.0,122.0,92.0,87.0,76.0,52.0,57.0,87.0
237.0,332.0,337.0,60.0,248.0,425.0,148.0,202.0,288.0,203.0,249.0,248.0,270.0,148.0,74.0
152.0,215.0,549.0,33.0,89.0,296.0,30.0,420.0,187.0,154.0,468.0,167.0,46.0,491.0,74.0
140.0,173.0,278.0,30.0,89.0,256.0,30.0,158.0,233.0,151.0,201.0,162.0,113.0,111.0,153.0
100.0,64.0,224.0,17.0,228.0,159.0,28.0,98.0,120.0,120.0,177.0,117.0,45.0,72.0,122.0
124.0,129.0,242.0,23.0,134.0,222.0,42.0,103.0,313.0,132.0,84.0,117.0,76.0,72.0,110.0
80.0,41.0,549.0,9.0,47.0,101.0,9.0,420.0,76.0,381.0,468.0,374.0,33.0,311.0,31.0
246.0,346.0,348.0,70.0,312.0,439.0,198.0,232.0,343.0,230.0,272.0,288.0,291.0,133.0,333.0
181.0,235.0,322.0,46.0,261.0,445.0,108.0,204.0,237.0,188.0,241.0,76.0,202.0,145.0,242.0
100.0,63.0,747.0,16.0,58.0,173.0,23.0,738.0,107.0,660.0,84.0,856.0,42.0,503.0,44.0
81.0,42.0,440.0,11.0,47.0,253.0,9.0,316.0,98.0,408.0,338.0,799.0,33.0,412.0,32.0
73.0,37.0,300.0,112.0,503.0,112.0,274.0,183.0,551.0,252.0,154.0,307.0,529.0,132.0,582.0
311.0,474.0,511.0,97.0,448.0,491.0,261.0,391.0,204.0,319.0,408.0,117.0,500.0,300.0,212.0
123.0,145.0,204.0,27.0,112.0,260.0,35.0,62.0,204.0,92.0,110.0,76.0,55.0,35.0,87.0
217.0,300.0,346.0,60.0,253.0,404.0,106.0,225.0,290.0,203.0,264.0,246.0,269.0,174.0,214.0
288.0,434.0,363.0,95.0,434.0,448.0,253.0,251.0,457.0,273.0,307.0,325.0,438.0,184.0,566.0
196.0,257.0,332.0,51.0,203.0,349.0,75.0,205.0,276.0,193.0,245.0,236.0,149.0,152.0,174.0
319.0,461.0,514.0,112.0,446.0,489.0,230.0,363.0,483.0,319.0,414.0,460.0,579.0,328.0,202.0
126.0,131.0,190.0,27.0,83.0,155.0,24.0,51.0,170.0,140.0,87.0,155.0,46.0,28.0,101.0
165.0,219.0,283.0,38.0,117.0,297.0,82.0,168.0,288.0,174.0,200.0,196.0,177.0,133.0,307.0
316.0,515.0,485.0,106.0,126.0,490.0,40.0,363.0,500.0,296.0,389.0,348.0,73.0,269.0,95.0
100.0,62.0,223.0,17.0,89.0,155.0,30.0,59.0,119.0,114.0,449.0,162.0,47.0,58.0,74.0
123.0,109.0,252.0,24.0,134.0,281.0,46.0,312.0,163.0,137.0,164.0,138.0,89.0,179.0,114.0
133.0,141.0,549.0,36.0,253.0,249.0,75.0,420.0,197.0,356.0,468.0,117.0,154.0,309.0,242.0
76.0,37.0,183.0,8.0,47.0,310.0,9.0,45.0,119.0,80.0,245.0,68.0,33.0,169.0,32.0
375.0,709.0,278.0,30.0,150.0,208.0,75.0,264.0,178.0,151.0,201.0,162.0,150.0,186.0,118.0
375.0,694.0,278.0,133.0,175.0,308.0,77.0,158.0,570.0,154.0,201.0,165.0,167.0,107.0,144.0
94.0,249.0,240.0,16.0,83.0,348.0,23.0,109.0,99.0,129.0,157.0,134.0,42.0,66.0,74.0
330.0,403.0,507.0,133.0,157.0,462.0,53.0,384.0,571.0,311.0,419.0,446.0,579.0,296.0,122.0
374.0,693.0,353.0,137.0,735.0,490.0,391.0,509.0,570.0,368.0,286.0,582.0,639.0,343.0,881.0
81.0,43.0,372.0,71.0,312.0,173.0,198.0,490.0,341.0,243.0,302.0,301.0,316.0,331.0,308.0
163.0,215.0,661.0,248.0,261.0,297.0,121.0,509.0,452.0,524.0,275.0,423.0,239.0,408.0,242.0
181.0,227.0,111.0,29.0,0.0,312.0,0.0,0.0,178.0,147.0,5.0,158.0,23.0,17.0,0.0
126.0,130.0,279.0,38.0,203.0,230.0,92.0,158.0,213.0,153.0,203.0,163.0,284.0,101.0,172.0
376.0,717.0,351.0,97.0,476.0,225.0,262.0,228.0,180.0,214.0,483.0,280.0,494.0,169.0,678.0
288.0,241.0,461.0,95.0,445.0,348.0,254.0,322.0,99.0,275.0,234.0,325.0,444.0,247.0,574.0
123.0,115.0,252.0,24.0,141.0,227.0,46.0,137.0,162.0,137.0,189.0,61.0,90.0,129.0,89.0
126.0,188.0,207.0,27.0,229.0,270.0,83.0,509.0,173.0,106.0,120.0,91.0,174.0,390.0,198.0
154.0,185.0,224.0,33.0,191.0,268.0,69.0,353.0,193.0,167.0,148.0,185.0,140.0,269.0,175.0
113.0,90.0,363.0,21.0,75.0,230.0,26.0,266.0,141.0,120.0,299.0,115.0,59.0,186.0,52.0
91.0,48.0,207.0,15.0,176.0,143.0,61.0,78.0,103.0,106.0,122.0,91.0,44.0,106.0,153.0
152.0,179.0,294.0,36.0,200.0,254.0,75.0,31.0,182.0,167.0,218.0,186.0,122.0,41.0,172.0
333.0,618.0,283.0,67.0,242.0,479.0,138.0,168.0,332.0,156.0,208.0,175.0,264.0,119.0,82.0
122.0,103.0,240.0,24.0,132.0,211.0,45.0,111.0,163.0,136.0,158.0,133.0,84.0,79.0,107.0
111.0,87.0,240.0,21.0,255.0,200.0,32.0,346.0,141.0,129.0,157.0,118.0,68.0,16.0,119.0
160.0,207.0,222.0,18.0,104.0,281.0,34.0,141.0,122.0,112.0,149.0,221.0,51.0,92.0,80.0
156.0,174.0,255.0,35.0,277.0,259.0,76.0,144.0,199.0,139.0,173.0,115.0,156.0,95.0,240.0
158.0,205.0,353.0,35.0,216.0,270.0,77.0,493.0,198.0,154.0,286.0,186.0,155.0,333.0,178.0
120.0,104.0,242.0,23.0,131.0,212.0,43.0,39.0,147.0,132.0,165.0,126.0,76.0,24.0,119.0
119.0,104.0,240.0,23.0,118.0,212.0,38.0,163.0,129.0,130.0,164.0,126.0,70.0,133.0,64.0
237.0,323.0,339.0,67.0,312.0,404.0,198.0,216.0,483.0,252.0,257.0,108.0,288.0,184.0,334.0
154.0,185.0,207.0,33.0,191.0,270.0,69.0,80.0,222.0,156.0,110.0,164.0,140.0,184.0,250.0
111.0,89.0,204.0,21.0,131.0,193.0,43.0,62.0,103.0,120.0,239.0,115.0,77.0,30.0,101.0
123.0,109.0,255.0,27.0,174.0,101.0,58.0,141.0,144.0,139.0,177.0,138.0,103.0,92.0,44.0
103.0,72.0,449.0,16.0,83.0,255.0,24.0,322.0,98.0,132.0,238.0,127.0,43.0,246.0,55.0
83.0,47.0,549.0,14.0,47.0,127.0,9.0,31.0,105.0,358.0,470.0,68.0,33.0,17.0,38.0
319.0,585.0,485.0,109.0,128.0,518.0,42.0,346.0,570.0,296.0,386.0,355.0,524.0,259.0,99.0
429.0,232.0,580.0,183.0,476.0,319.0,262.0,470.0,571.0,404.0,165.0,705.0,494.0,311.0,157.0
104.0,78.0,224.0,19.0,112.0,259.0,33.0,97.0,170.0,115.0,165.0,114.0,52.0,72.0,52.0
167.0,221.0,852.0,38.0,275.0,308.0,99.0,756.0,290.0,174.0,508.0,124.0,212.0,503.0,250.0
96.0,55.0,220.0,16.0,89.0,144.0,29.0,90.0,117.0,114.0,129.0,108.0,46.0,458.0,73.0
244.0,325.0,316.0,56.0,47.0,425.0,9.0,285.0,293.0,188.0,240.0,322.0,33.0,202.0,32.0
132.0,137.0,356.0,29.0,176.0,518.0,61.0,259.0,173.0,154.0,164.0,167.0,116.0,218.0,153.0
163.0,214.0,360.0,36.0,216.0,315.0,82.0,176.0,210.0,228.0,297.0,287.0,171.0,132.0,175.0
111.0,89.0,747.0,33.0,189.0,213.0,67.0,718.0,187.0,660.0,64.0,894.0,139.0,510.0,154.0
87.0,71.0,187.0,15.0,89.0,159.0,30.0,39.0,452.0,92.0,211.0,76.0,46.0,25.0,74.0
338.0,348.0,999.0,112.0,45.0,437.0,9.0,999.0,428.0,304.0,298.0,457.0,583.0,999.0,30.0
257.0,346.0,396.0,77.0,83.0,498.0,24.0,297.0,400.0,247.0,309.0,303.0,288.0,246.0,55.0
146.0,82.0,530.0,133.0,601.0,230.0,274.0,403.0,638.0,346.0,419.0,460.0,515.0,235.0,331.0
87.0,48.0,206.0,15.0,261.0,173.0,23.0,65.0,129.0,106.0,286.0,91.0,42.0,57.0,179.0
235.0,310.0,356.0,65.0,104.0,390.0,33.0,251.0,314.0,223.0,287.0,282.0,284.0,184.0,83.0
233.0,323.0,392.0,96.0,28.0,203.0,570.0,312.0,501.0,252.0,320.0,302.0,751.0,133.0,11.0
123.0,185.0,542.0,24.0,160.0,261.0,45.0,420.0,163.0,356.0,465.0,355.0,85.0,311.0,134.0
87.0,48.0,457.0,97.0,257.0,143.0,61.0,470.0,570.0,275.0,366.0,312.0,999.0,319.0,231.0
104.0,82.0,536.0,19.0,106.0,216.0,35.0,358.0,132.0,347.0,458.0,460.0,54.0,292.0,87.0
202.0,205.0,206.0,51.0,262.0,288.0,121.0,62.0,297.0,196.0,128.0,236.0,239.0,35.0,246.0
156.0,207.0,294.0,36.0,212.0,294.0,78.0,176.0,191.0,166.0,218.0,186.0,161.0,123.0,175.0
182.0,185.0,313.0,45.0,197.0,268.0,65.0,251.0,232.0,188.0,244.0,212.0,196.0,184.0,157.0
165.0,133.0,351.0,60.0,294.0,289.0,170.0,241.0,311.0,213.0,274.0,264.0,273.0,184.0,322.0
83.0,43.0,105.0,11.0,229.0,206.0,50.0,16.0,105.0,120.0,0.0,68.0,36.0,16.0,331.0
375.0,694.0,361.0,133.0,639.0,656.0,391.0,306.0,616.0,228.0,295.0,203.0,624.0,235.0,999.0
156.0,182.0,290.0,34.0,206.0,261.0,67.0,176.0,187.0,156.0,210.0,175.0,149.0,111.0,117.0
167.0,222.0,281.0,38.0,227.0,308.0,85.0,163.0,223.0,154.0,207.0,353.0,175.0,145.0,183.0
76.0,141.0,130.0,7.0,28.0,249.0,5.0,31.0,95.0,67.0,29.0,50.0,23.0,17.0,25.0
288.0,241.0,247.0,45.0,100.0,348.0,92.0,140.0,253.0,120.0,187.0,218.0,181.0,122.0,74.0
87.0,104.0,187.0,12.0,75.0,212.0,22.0,47.0,147.0,83.0,274.0,68.0,40.0,25.0,55.0
210.0,284.0,298.0,57.0,292.0,389.0,165.0,200.0,276.0,201.0,483.0,248.0,272.0,146.0,308.0
123.0,115.0,252.0,24.0,191.0,222.0,46.0,137.0,99.0,137.0,175.0,178.0,89.0,192.0,155.0
133.0,137.0,271.0,29.0,175.0,297.0,58.0,205.0,173.0,151.0,201.0,162.0,102.0,162.0,144.0
306.0,323.0,475.0,97.0,278.0,656.0,147.0,292.0,501.0,275.0,387.0,355.0,269.0,208.0,212.0
87.0,47.0,240.0,21.0,117.0,133.0,35.0,109.0,181.0,129.0,157.0,113.0,59.0,72.0,94.0
138.0,241.0,372.0,30.0,189.0,407.0,67.0,205.0,178.0,243.0,302.0,298.0,128.0,156.0,155.0
257.0,338.0,852.0,77.0,45.0,210.0,18.0,620.0,333.0,871.0,239.0,999.0,36.0,458.0,31.0
156.0,200.0,292.0,35.0,242.0,280.0,39.0,176.0,223.0,156.0,210.0,221.0,70.0,129.0,214.0
140.0,238.0,294.0,35.0,212.0,521.0,77.0,180.0,199.0,165.0,218.0,156.0,156.0,130.0,82.0
214.0,301.0,661.0,55.0,261.0,382.0,126.0,509.0,290.0,524.0,373.0,894.0,256.0,314.0,242.0
377.0,718.0,536.0,140.0,137.0,144.0,45.0,620.0,571.0,347.0,389.0,456.0,751.0,510.0,110.0
103.0,76.0,240.0,18.0,132.0,191.0,45.0,110.0,122.0,129.0,160.0,76.0,85.0,77.0,153.0
165.0,292.0,322.0,35.0,203.0,767.0,76.0,32.0,199.0,171.0,241.0,165.0,155.0,17.0,172.0
196.0,259.0,332.0,51.0,47.0,373.0,13.0,718.0,276.0,193.0,244.0,236.0,4.0,491.0,30.0
374.0,693.0,564.0,137.0,294.0,550.0,203.0,403.0,571.0,319.0,500.0,149.0,726.0,305.0,322.0
91.0,95.0,215.0,16.0,85.0,203.0,29.0,39.0,117.0,108.0,128.0,98.0,46.0,24.0,82.0
123.0,118.0,246.0,23.0,503.0,221.0,61.0,132.0,162.0,132.0,177.0,127.0,123.0,87.0,74.0
268.0,373.0,411.0,85.0,252.0,445.0,99.0,299.0,425.0,264.0,325.0,277.0,200.0,137.0,218.0
122.0,109.0,283.0,24.0,132.0,216.0,45.0,168.0,163.0,154.0,207.0,105.0,84.0,134.0,87.0
73.0,55.0,111.0,7.0,58.0,144.0,19.0,26.0,46.0,25.0,5.0,0.0,40.0,16.0,43.0
73.0,105.0,201.0,7.0,83.0,212.0,15.0,59.0,180.0,85.0,94.0,81.0,25.0,30.0,247.0
165.0,241.0,254.0,20.0,112.0,348.0,35.0,155.0,145.0,138.0,214.0,139.0,55.0,95.0,88.0
217.0,249.0,336.0,33.0,161.0,348.0,53.0,206.0,188.0,156.0,245.0,173.0,140.0,339.0,122.0
156.0,249.0,290.0,34.0,132.0,348.0,45.0,176.0,187.0,156.0,408.0,178.0,150.0,125.0,107.0
111.0,89.0,260.0,21.0,117.0,182.0,35.0,146.0,122.0,128.0,189.0,117.0,59.0,96.0,89.0
235.0,274.0,322.0,51.0,255.0,362.0,107.0,204.0,271.0,190.0,241.0,221.0,212.0,152.0,307.0
178.0,231.0,312.0,45.0,242.0,320.0,98.0,201.0,237.0,187.0,239.0,208.0,195.0,148.0,214.0
138.0,164.0,336.0,30.0,191.0,250.0,69.0,206.0,178.0,151.0,249.0,162.0,140.0,162.0,160.0
314.0,145.0,485.0,104.0,233.0,206.0,274.0,346.0,500.0,296.0,389.0,353.0,515.0,259.0,154.0
271.0,403.0,363.0,70.0,310.0,468.0,203.0,327.0,428.0,238.0,220.0,162.0,303.0,248.0,322.0
160.0,214.0,294.0,36.0,203.0,261.0,78.0,181.0,205.0,167.0,215.0,186.0,161.0,106.0,94.0
111.0,154.0,223.0,11.0,54.0,215.0,18.0,94.0,98.0,114.0,220.0,108.0,35.0,57.0,96.0
152.0,182.0,300.0,33.0,248.0,261.0,101.0,189.0,171.0,176.0,234.0,196.0,128.0,131.0,201.0
191.0,225.0,300.0,58.0,278.0,397.0,147.0,192.0,296.0,176.0,244.0,197.0,269.0,134.0,158.0
104.0,56.0,336.0,18.0,106.0,155.0,33.0,572.0,145.0,198.0,248.0,248.0,52.0,628.0,87.0
202.0,331.0,300.0,51.0,89.0,429.0,30.0,189.0,288.0,196.0,238.0,125.0,238.0,133.0,74.0
125.0,129.0,111.0,25.0,85.0,247.0,29.0,90.0,168.0,25.0,5.0,0.0,92.0,71.0,64.0
114.0,95.0,142.0,23.0,128.0,205.0,42.0,31.0,132.0,130.0,245.0,117.0,76.0,17.0,99.0
104.0,55.0,208.0,22.0,105.0,154.0,38.0,83.0,141.0,107.0,5.0,95.0,70.0,64.0,85.0
212.0,219.0,346.0,58.0,278.0,297.0,143.0,225.0,333.0,201.0,321.0,249.0,269.0,158.0,262.0
114.0,95.0,564.0,22.0,122.0,205.0,39.0,363.0,144.0,129.0,640.0,118.0,70.0,132.0,94.0
181.0,234.0,299.0,45.0,181.0,498.0,78.0,187.0,204.0,176.0,222.0,207.0,156.0,133.0,155.0
163.0,225.0,296.0,36.0,248.0,312.0,82.0,181.0,210.0,167.0,220.0,156.0,171.0,131.0,216.0
257.0,348.0,657.0,77.0,310.0,324.0,188.0,481.0,173.0,247.0,321.0,303.0,284.0,333.0,322.0
91.0,43.0,582.0,185.0,104.0,127.0,598.0,459.0,173.0,404.0,500.0,799.0,888.0,92.0,84.0
124.0,129.0,263.0,29.0,122.0,221.0,45.0,149.0,173.0,147.0,179.0,101.0,101.0,101.0,94.0
158.0,205.0,661.0,35.0,278.0,288.0,170.0,509.0,109.0,165.0,470.0,187.0,156.0,339.0,262.0
154.0,185.0,283.0,33.0,310.0,268.0,75.0,168.0,194.0,154.0,207.0,172.0,154.0,119.0,134.0
138.0,43.0,278.0,29.0,184.0,127.0,61.0,181.0,227.0,151.0,201.0,162.0,122.0,132.0,155.0
104.0,78.0,224.0,19.0,89.0,197.0,30.0,353.0,117.0,114.0,182.0,108.0,54.0,269.0,69.0
101.0,45.0,299.0,23.0,128.0,127.0,42.0,187.0,145.0,130.0,222.0,126.0,76.0,132.0,178.0
112.0,40.0,240.0,21.0,83.0,86.0,24.0,110.0,139.0,129.0,165.0,101.0,59.0,79.0,88.0
196.0,259.0,348.0,60.0,117.0,197.0,150.0,232.0,302.0,207.0,272.0,263.0,270.0,193.0,94.0
104.0,82.0,224.0,19.0,229.0,143.0,82.0,97.0,193.0,120.0,148.0,114.0,54.0,71.0,131.0
154.0,188.0,239.0,45.0,242.0,270.0,99.0,111.0,233.0,136.0,176.0,197.0,202.0,77.0,212.0
169.0,253.0,300.0,40.0,229.0,348.0,92.0,168.0,223.0,176.0,226.0,185.0,181.0,314.0,201.0
83.0,43.0,475.0,11.0,47.0,227.0,13.0,331.0,105.0,84.0,394.0,76.0,35.0,255.0,38.0
76.0,37.0,190.0,8.0,191.0,87.0,5.0,158.0,111.0,80.0,100.0,61.0,23.0,106.0,97.0
84.0,129.0,184.0,14.0,73.0,214.0,19.0,15.0,99.0,82.0,78.0,203.0,35.0,12.0,54.0
80.0,41.0,201.0,6.0,47.0,341.0,15.0,62.0,197.0,92.0,91.0,76.0,33.0,35.0,32.0
236.0,317.0,476.0,66.0,310.0,393.0,184.0,331.0,332.0,225.0,63.0,282.0,284.0,255.0,322.0
122.0,130.0,246.0,24.0,132.0,225.0,45.0,146.0,199.0,132.0,208.0,127.0,84.0,72.0,107.0
123.0,106.0,999.0,24.0,132.0,214.0,50.0,999.0,164.0,137.0,640.0,137.0,92.0,628.0,107.0
134.0,141.0,266.0,29.0,150.0,249.0,53.0,155.0,177.0,147.0,200.0,208.0,101.0,106.0,102.0
114.0,92.0,657.0,27.0,54.0,221.0,15.0,756.0,171.0,144.0,325.0,156.0,95.0,617.0,44.0
167.0,232.0,224.0,38.0,168.0,319.0,54.0,97.0,223.0,92.0,157.0,76.0,101.0,72.0,119.0
311.0,474.0,222.0,58.0,310.0,164.0,83.0,92.0,296.0,113.0,130.0,98.0,284.0,66.0,329.0
288.0,317.0,449.0,96.0,277.0,393.0,139.0,384.0,466.0,275.0,366.0,330.0,264.0,503.0,247.0
87.0,48.0,255.0,23.0,73.0,203.0,19.0,141.0,172.0,139.0,182.0,138.0,40.0,92.0,45.0
163.0,214.0,293.0,36.0,216.0,294.0,82.0,296.0,210.0,213.0,211.0,263.0,171.0,173.0,190.0
268.0,373.0,340.0,85.0,277.0,249.0,165.0,240.0,425.0,199.0,215.0,263.0,272.0,184.0,250.0
374.0,693.0,999.0,137.0,197.0,706.0,253.0,999.0,571.0,319.0,681.0,456.0,656.0,999.0,178.0
83.0,45.0,385.0,70.0,260.0,127.0,121.0,240.0,333.0,247.0,326.0,303.0,288.0,184.0,238.0
178.0,232.0,283.0,33.0,174.0,319.0,58.0,168.0,197.0,154.0,207.0,212.0,103.0,90.0,122.0
122.0,108.0,0.0,0.0,262.0,215.0,0.0,0.0,0.0,0.0,0.0,21.0,0.0,0.0,247.0
156.0,207.0,290.0,35.0,279.0,280.0,143.0,175.0,199.0,156.0,210.0,178.0,270.0,101.0,274.0
104.0,78.0,242.0,27.0,161.0,197.0,53.0,32.0,170.0,132.0,165.0,127.0,101.0,21.0,126.0
154.0,185.0,279.0,35.0,229.0,268.0,78.0,222.0,197.0,153.0,203.0,164.0,158.0,458.0,198.0
202.0,276.0,347.0,51.0,257.0,369.0,121.0,200.0,311.0,196.0,164.0,264.0,252.0,145.0,231.0
178.0,234.0,322.0,45.0,211.0,324.0,106.0,204.0,184.0,188.0,241.0,207.0,204.0,149.0,175.0
235.0,317.0,299.0,65.0,310.0,393.0,174.0,187.0,314.0,214.0,222.0,254.0,284.0,72.0,331.0
196.0,249.0,330.0,51.0,175.0,348.0,121.0,212.0,271.0,192.0,244.0,231.0,238.0,162.0,144.0
999.0,999.0,999.0,999.0,999.0,999.0,999.0,999.0,999.0,999.0,658.0,325.0,999.0,628.0,999.0
123.0,118.0,251.0,24.0,131.0,221.0,45.0,137.0,163.0,137.0,175.0,137.0,85.0,185.0,160.0
73.0,27.0,207.0,15.0,73.0,56.0,19.0,78.0,86.0,105.0,120.0,84.0,40.0,57.0,42.0
126.0,131.0,256.0,29.0,228.0,254.0,50.0,146.0,173.0,144.0,187.0,61.0,101.0,96.0,188.0
113.0,90.0,294.0,21.0,217.0,220.0,82.0,156.0,139.0,167.0,211.0,185.0,175.0,314.0,190.0
104.0,78.0,246.0,19.0,105.0,175.0,33.0,80.0,139.0,132.0,119.0,911.0,54.0,81.0,107.0
241.0,322.0,379.0,70.0,260.0,388.0,121.0,32.0,343.0,243.0,211.0,138.0,252.0,17.0,242.0
232.0,301.0,330.0,51.0,226.0,348.0,85.0,175.0,272.0,192.0,244.0,244.0,214.0,122.0,170.0
103.0,185.0,207.0,19.0,112.0,261.0,35.0,78.0,125.0,103.0,241.0,84.0,54.0,58.0,87.0
999.0,999.0,999.0,999.0,175.0,999.0,58.0,999.0,999.0,999.0,597.0,999.0,999.0,999.0,140.0
257.0,338.0,385.0,71.0,322.0,430.0,213.0,293.0,343.0,243.0,310.0,303.0,330.0,184.0,416.0
181.0,234.0,320.0,45.0,227.0,324.0,85.0,202.0,232.0,188.0,240.0,214.0,176.0,145.0,187.0
429.0,317.0,491.0,183.0,50.0,393.0,15.0,327.0,660.0,304.0,402.0,387.0,33.0,201.0,30.0
146.0,173.0,224.0,31.0,200.0,256.0,2.0,97.0,182.0,120.0,129.0,113.0,5.0,184.0,172.0
237.0,332.0,363.0,67.0,288.0,437.0,166.0,251.0,332.0,227.0,298.0,280.0,288.0,184.0,262.0
375.0,709.0,532.0,146.0,168.0,390.0,382.0,476.0,568.0,347.0,468.0,457.0,864.0,628.0,87.0
97.0,55.0,411.0,16.0,54.0,155.0,29.0,306.0,117.0,264.0,325.0,323.0,46.0,314.0,32.0
412.0,764.0,476.0,183.0,228.0,767.0,213.0,341.0,184.0,381.0,252.0,580.0,923.0,256.0,187.0
152.0,188.0,283.0,33.0,132.0,276.0,45.0,490.0,184.0,154.0,207.0,346.0,127.0,331.0,107.0
77.0,41.0,184.0,8.0,47.0,102.0,13.0,10.0,81.0,81.0,128.0,68.0,27.0,90.0,38.0
211.0,284.0,347.0,57.0,277.0,333.0,139.0,292.0,248.0,202.0,264.0,254.0,264.0,208.0,250.0
428.0,709.0,553.0,201.0,117.0,430.0,37.0,438.0,676.0,374.0,468.0,582.0,905.0,314.0,94.0
999.0,999.0,999.0,999.0,329.0,999.0,999.0,999.0,999.0,999.0,88.0,999.0,999.0,889.0,307.0
140.0,131.0,190.0,16.0,278.0,521.0,106.0,83.0,120.0,108.0,91.0,98.0,54.0,62.0,94.0
97.0,56.0,223.0,16.0,100.0,155.0,29.0,94.0,117.0,108.0,214.0,98.0,46.0,71.0,74.0
156.0,109.0,590.0,35.0,233.0,210.0,80.0,476.0,197.0,160.0,508.0,186.0,156.0,328.0,201.0
76.0,115.0,240.0,8.0,45.0,221.0,6.0,104.0,34.0,129.0,157.0,117.0,26.0,82.0,30.0
316.0,515.0,487.0,109.0,310.0,276.0,274.0,358.0,501.0,296.0,394.0,387.0,524.0,256.0,333.0
96.0,55.0,214.0,16.0,105.0,214.0,33.0,83.0,163.0,108.0,128.0,193.0,45.0,66.0,83.0
202.0,261.0,303.0,33.0,174.0,362.0,58.0,363.0,184.0,176.0,230.0,190.0,123.0,271.0,125.0
270.0,391.0,337.0,58.0,191.0,312.0,61.0,280.0,296.0,198.0,239.0,241.0,122.0,192.0,119.0
196.0,259.0,260.0,27.0,117.0,390.0,180.0,148.0,171.0,141.0,508.0,221.0,101.0,96.0,89.0
374.0,693.0,332.0,137.0,429.0,407.0,254.0,205.0,570.0,347.0,245.0,178.0,429.0,152.0,566.0
376.0,717.0,532.0,133.0,524.0,706.0,530.0,415.0,570.0,347.0,449.0,470.0,624.0,308.0,180.0
256.0,332.0,374.0,71.0,341.0,429.0,220.0,285.0,313.0,243.0,298.0,301.0,334.0,202.0,999.0
147.0,180.0,283.0,32.0,175.0,260.0,61.0,168.0,184.0,154.0,207.0,173.0,123.0,122.0,99.0
183.0,232.0,528.0,50.0,446.0,319.0,106.0,132.0,253.0,190.0,414.0,221.0,211.0,87.0,582.0
147.0,174.0,283.0,29.0,229.0,259.0,82.0,175.0,177.0,151.0,208.0,162.0,92.0,123.0,192.0
322.0,409.0,350.0,63.0,410.0,489.0,237.0,240.0,314.0,213.0,274.0,263.0,406.0,184.0,473.0
233.0,317.0,392.0,61.0,292.0,393.0,170.0,297.0,313.0,213.0,320.0,263.0,276.0,217.0,307.0
83.0,43.0,283.0,13.0,58.0,127.0,18.0,168.0,98.0,154.0,207.0,163.0,36.0,122.0,45.0
268.0,373.0,300.0,29.0,310.0,439.0,54.0,189.0,239.0,144.0,225.0,156.0,101.0,122.0,341.0
233.0,317.0,296.0,36.0,403.0,393.0,253.0,183.0,290.0,167.0,226.0,187.0,167.0,131.0,422.0
270.0,130.0,414.0,86.0,277.0,227.0,127.0,228.0,430.0,265.0,326.0,317.0,260.0,555.0,250.0
123.0,115.0,536.0,41.0,229.0,221.0,92.0,415.0,223.0,346.0,458.0,457.0,190.0,308.0,187.0
102.0,71.0,222.0,18.0,104.0,159.0,33.0,212.0,122.0,113.0,129.0,117.0,52.0,162.0,84.0
196.0,372.0,332.0,51.0,310.0,247.0,170.0,205.0,296.0,193.0,297.0,214.0,256.0,152.0,331.0
246.0,332.0,247.0,45.0,54.0,429.0,19.0,130.0,233.0,188.0,173.0,208.0,209.0,81.0,43.0
80.0,109.0,252.0,24.0,137.0,214.0,46.0,140.0,184.0,137.0,248.0,137.0,89.0,90.0,110.0
84.0,47.0,220.0,15.0,75.0,215.0,22.0,16.0,170.0,112.0,117.0,101.0,40.0,57.0,55.0
330.0,590.0,360.0,133.0,253.0,439.0,99.0,327.0,122.0,311.0,290.0,446.0,202.0,248.0,220.0
123.0,118.0,252.0,24.0,217.0,221.0,80.0,222.0,163.0,137.0,176.0,137.0,90.0,170.0,142.0
126.0,131.0,190.0,8.0,47.0,281.0,9.0,62.0,54.0,80.0,94.0,68.0,42.0,34.0,192.0
140.0,130.0,258.0,23.0,228.0,297.0,85.0,111.0,147.0,144.0,188.0,155.0,76.0,76.0,32.0
252.0,331.0,363.0,86.0,278.0,425.0,165.0,277.0,171.0,265.0,299.0,317.0,273.0,201.0,174.0
97.0,56.0,266.0,16.0,47.0,155.0,19.0,154.0,117.0,129.0,200.0,105.0,46.0,185.0,32.0
187.0,241.0,298.0,51.0,257.0,348.0,106.0,192.0,270.0,191.0,222.0,228.0,211.0,131.0,234.0
156.0,200.0,279.0,27.0,157.0,280.0,50.0,160.0,170.0,154.0,203.0,164.0,92.0,111.0,119.0
114.0,95.0,298.0,22.0,132.0,230.0,43.0,192.0,145.0,129.0,222.0,126.0,70.0,205.0,107.0
165.0,215.0,311.0,38.0,161.0,297.0,53.0,198.0,213.0,185.0,245.0,207.0,101.0,184.0,125.0
257.0,348.0,693.0,183.0,279.0,439.0,148.0,565.0,483.0,580.0,681.0,61.0,905.0,583.0,69.0
126.0,133.0,266.0,27.0,191.0,203.0,50.0,137.0,177.0,141.0,189.0,151.0,95.0,309.0,157.0
86.0,55.0,207.0,15.0,83.0,143.0,24.0,78.0,103.0,106.0,120.0,92.0,42.0,107.0,74.0
104.0,78.0,240.0,20.0,28.0,212.0,2.0,104.0,122.0,129.0,157.0,117.0,59.0,72.0,0.0
124.0,128.0,440.0,91.0,112.0,220.0,35.0,327.0,452.0,273.0,345.0,323.0,55.0,208.0,82.0
154.0,187.0,266.0,33.0,191.0,288.0,69.0,140.0,210.0,150.0,200.0,162.0,140.0,81.0,160.0
330.0,346.0,457.0,128.0,294.0,315.0,367.0,312.0,181.0,306.0,366.0,428.0,588.0,241.0,316.0
271.0,406.0,428.0,86.0,177.0,462.0,226.0,315.0,341.0,269.0,57.0,446.0,369.0,241.0,154.0
233.0,515.0,346.0,65.0,86.0,490.0,18.0,204.0,314.0,214.0,261.0,301.0,35.0,150.0,238.0
91.0,48.0,204.0,15.0,123.0,144.0,23.0,62.0,296.0,99.0,108.0,76.0,42.0,30.0,95.0
156.0,106.0,283.0,35.0,106.0,214.0,34.0,168.0,197.0,156.0,207.0,175.0,73.0,102.0,87.0
94.0,55.0,263.0,29.0,203.0,143.0,107.0,149.0,162.0,147.0,187.0,68.0,102.0,106.0,175.0
237.0,323.0,360.0,67.0,310.0,404.0,199.0,273.0,333.0,227.0,286.0,282.0,288.0,305.0,308.0
154.0,188.0,279.0,29.0,128.0,308.0,42.0,163.0,184.0,154.0,203.0,165.0,83.0,149.0,99.0
152.0,95.0,550.0,33.0,145.0,205.0,50.0,431.0,188.0,368.0,470.0,582.0,92.0,192.0,116.0
139.0,164.0,260.0,30.0,200.0,254.0,75.0,148.0,181.0,151.0,188.0,162.0,149.0,90.0,172.0
180.0,233.0,263.0,29.0,176.0,60.0,61.0,149.0,173.0,147.0,119.0,127.0,116.0,96.0,124.0
80.0,43.0,187.0,11.0,151.0,127.0,50.0,45.0,81.0,82.0,87.0,69.0,35.0,25.0,110.0
232.0,323.0,363.0,65.0,234.0,200.0,121.0,251.0,314.0,223.0,298.0,457.0,284.0,184.0,331.0
140.0,164.0,125.0,3.0,132.0,254.0,43.0,31.0,182.0,57.0,0.0,23.0,68.0,17.0,119.0
125.0,130.0,852.0,25.0,150.0,225.0,50.0,756.0,168.0,154.0,758.0,162.0,92.0,613.0,117.0
210.0,284.0,311.0,57.0,277.0,281.0,139.0,163.0,314.0,201.0,414.0,248.0,264.0,116.0,250.0
114.0,90.0,251.0,22.0,123.0,238.0,38.0,132.0,141.0,137.0,299.0,127.0,70.0,88.0,95.0
0.0,0.0,0.0,0.0,177.0,0.0,2.0,132.0,0.0,0.0,0.0,21.0,5.0,106.0,154.0
156.0,76.0,296.0,34.0,176.0,155.0,75.0,183.0,195.0,167.0,204.0,190.0,149.0,132.0,153.0
233.0,317.0,360.0,65.0,445.0,393.0,396.0,273.0,314.0,223.0,295.0,133.0,276.0,218.0,574.0
158.0,205.0,294.0,35.0,229.0,281.0,78.0,273.0,199.0,160.0,211.0,186.0,158.0,196.0,190.0
156.0,188.0,239.0,34.0,226.0,87.0,82.0,297.0,197.0,185.0,154.0,207.0,196.0,218.0,182.0
113.0,90.0,240.0,21.0,117.0,156.0,35.0,756.0,139.0,129.0,157.0,160.0,59.0,333.0,213.0
256.0,332.0,485.0,71.0,261.0,429.0,127.0,342.0,363.0,296.0,373.0,355.0,330.0,493.0,242.0
126.0,137.0,298.0,25.0,448.0,250.0,50.0,186.0,168.0,171.0,222.0,190.0,92.0,133.0,201.0
111.0,89.0,201.0,21.0,429.0,208.0,15.0,146.0,129.0,106.0,94.0,91.0,33.0,184.0,566.0
114.0,42.0,240.0,22.0,126.0,156.0,40.0,110.0,163.0,129.0,160.0,124.0,70.0,76.0,95.0
311.0,474.0,310.0,97.0,445.0,489.0,261.0,195.0,400.0,176.0,238.0,204.0,494.0,134.0,574.0
160.0,276.0,351.0,36.0,248.0,369.0,101.0,251.0,237.0,166.0,272.0,186.0,161.0,186.0,216.0
0.0,0.0,507.0,0.0,0.0,0.0,0.0,377.0,215.0,322.0,410.0,457.0,0.0,305.0,0.0
126.0,131.0,300.0,29.0,161.0,214.0,54.0,189.0,172.0,160.0,226.0,181.0,101.0,132.0,126.0
111.0,92.0,238.0,21.0,117.0,203.0,35.0,103.0,132.0,120.0,152.0,126.0,54.0,72.0,97.0
214.0,301.0,363.0,70.0,329.0,297.0,203.0,280.0,343.0,238.0,298.0,312.0,288.0,617.0,85.0
196.0,259.0,457.0,51.0,54.0,369.0,18.0,323.0,270.0,275.0,366.0,330.0,33.0,248.0,45.0
232.0,310.0,372.0,70.0,260.0,390.0,121.0,285.0,601.0,246.0,302.0,302.0,252.0,202.0,175.0
273.0,434.0,411.0,86.0,277.0,498.0,166.0,306.0,430.0,265.0,325.0,317.0,273.0,218.0,247.0
270.0,373.0,414.0,86.0,445.0,280.0,254.0,306.0,428.0,265.0,326.0,312.0,444.0,491.0,238.0
171.0,227.0,294.0,41.0,238.0,319.0,94.0,187.0,177.0,176.0,222.0,158.0,191.0,132.0,214.0
196.0,257.0,356.0,65.0,310.0,373.0,174.0,259.0,314.0,214.0,94.0,187.0,284.0,184.0,329.0
202.0,274.0,311.0,51.0,262.0,362.0,127.0,32.0,332.0,196.0,240.0,241.0,219.0,21.0,246.0
156.0,130.0,417.0,35.0,524.0,211.0,75.0,313.0,199.0,156.0,345.0,178.0,154.0,235.0,469.0
163.0,180.0,296.0,36.0,134.0,260.0,54.0,476.0,210.0,167.0,410.0,155.0,168.0,17.0,80.0
112.0,95.0,0.0,0.0,0.0,205.0,0.0,0.0,0.0,0.0,0.0,21.0,0.0,0.0,0.0
96.0,55.0,208.0,15.0,75.0,155.0,23.0,82.0,105.0,106.0,122.0,92.0,42.0,57.0,110.0
156.0,215.0,299.0,35.0,212.0,261.0,79.0,198.0,199.0,174.0,222.0,196.0,156.0,173.0,173.0
181.0,234.0,317.0,45.0,200.0,310.0,99.0,200.0,187.0,188.0,250.0,214.0,200.0,146.0,182.0
75.0,36.0,396.0,6.0,88.0,289.0,30.0,297.0,173.0,61.0,320.0,228.0,46.0,305.0,71.0
97.0,55.0,224.0,18.0,203.0,144.0,77.0,98.0,122.0,120.0,152.0,115.0,149.0,496.0,174.0
126.0,130.0,224.0,33.0,137.0,255.0,75.0,97.0,188.0,144.0,149.0,190.0,90.0,68.0,111.0
169.0,229.0,300.0,40.0,175.0,315.0,58.0,293.0,223.0,176.0,222.0,197.0,123.0,208.0,144.0
100.0,64.0,312.0,5.0,15.0,143.0,1.0,198.0,122.0,58.0,238.0,25.0,4.0,510.0,4.0
163.0,221.0,0.0,0.0,257.0,306.0,0.0,0.0,0.0,0.0,0.0,204.0,0.0,0.0,116.0
83.0,43.0,187.0,6.0,15.0,124.0,1.0,49.0,33.0,82.0,88.0,69.0,4.0,27.0,4.0
100.0,62.0,180.0,7.0,200.0,156.0,2.0,312.0,419.0,76.0,57.0,68.0,23.0,219.0,178.0
330.0,173.0,500.0,117.0,446.0,256.0,396.0,493.0,547.0,304.0,408.0,428.0,583.0,333.0,66.0
157.0,205.0,111.0,35.0,128.0,297.0,42.0,26.0,198.0,92.0,389.0,76.0,76.0,12.0,94.0
112.0,90.0,111.0,21.0,262.0,206.0,79.0,26.0,195.0,42.0,13.0,105.0,167.0,16.0,248.0
123.0,109.0,0.0,0.0,15.0,216.0,2.0,0.0,0.0,0.0,0.0,68.0,0.0,0.0,4.0
264.0,367.0,360.0,78.0,310.0,390.0,222.0,222.0,425.0,271.0,295.0,323.0,336.0,218.0,178.0
330.0,618.0,507.0,78.0,43.0,296.0,5.0,364.0,660.0,256.0,411.0,312.0,334.0,291.0,94.0
271.0,403.0,311.0,89.0,128.0,462.0,42.0,197.0,454.0,184.0,232.0,207.0,54.0,146.0,99.0
87.0,48.0,207.0,15.0,73.0,143.0,23.0,194.0,105.0,105.0,108.0,76.0,42.0,179.0,30.0
111.0,90.0,201.0,21.0,117.0,344.0,35.0,80.0,134.0,75.0,94.0,68.0,59.0,58.0,87.0
119.0,104.0,257.0,23.0,128.0,212.0,42.0,144.0,129.0,144.0,187.0,149.0,76.0,617.0,213.0
214.0,301.0,693.0,21.0,123.0,297.0,39.0,565.0,95.0,153.0,658.0,163.0,59.0,308.0,95.0
123.0,115.0,353.0,24.0,131.0,220.0,46.0,259.0,173.0,137.0,286.0,167.0,89.0,79.0,102.0
126.0,129.0,204.0,14.0,89.0,222.0,30.0,62.0,141.0,99.0,110.0,76.0,46.0,41.0,73.0
330.0,585.0,542.0,114.0,128.0,518.0,40.0,459.0,172.0,356.0,465.0,561.0,70.0,311.0,101.0
191.0,259.0,316.0,51.0,191.0,310.0,54.0,201.0,272.0,188.0,241.0,221.0,212.0,111.0,96.0
428.0,306.0,582.0,185.0,233.0,389.0,95.0,470.0,829.0,408.0,509.0,856.0,102.0,192.0,201.0
80.0,43.0,183.0,11.0,54.0,127.0,19.0,39.0,122.0,83.0,299.0,72.0,33.0,16.0,44.0
212.0,301.0,111.0,58.0,229.0,393.0,92.0,26.0,302.0,201.0,325.0,246.0,269.0,16.0,220.0
214.0,301.0,322.0,33.0,189.0,390.0,67.0,481.0,184.0,188.0,241.0,221.0,136.0,617.0,154.0
270.0,241.0,414.0,86.0,28.0,348.0,261.0,363.0,430.0,265.0,351.0,317.0,464.0,300.0,11.0
412.0,764.0,570.0,177.0,257.0,767.0,95.0,469.0,181.0,374.0,302.0,582.0,195.0,318.0,231.0
167.0,221.0,312.0,51.0,261.0,319.0,121.0,202.0,178.0,214.0,238.0,268.0,239.0,148.0,242.0
287.0,373.0,447.0,95.0,434.0,362.0,243.0,187.0,454.0,273.0,321.0,325.0,429.0,133.0,566.0
271.0,409.0,411.0,87.0,310.0,479.0,172.0,214.0,454.0,264.0,326.0,346.0,408.0,167.0,566.0
122.0,109.0,278.0,30.0,257.0,213.0,121.0,92.0,180.0,151.0,201.0,162.0,239.0,66.0,231.0
163.0,215.0,340.0,36.0,175.0,56.0,58.0,206.0,210.0,200.0,210.0,246.0,171.0,96.0,117.0
84.0,47.0,126.0,13.0,181.0,124.0,18.0,31.0,98.0,99.0,27.0,76.0,36.0,17.0,155.0
182.0,391.0,322.0,49.0,279.0,460.0,99.0,440.0,239.0,188.0,241.0,220.0,202.0,442.0,274.0
316.0,515.0,507.0,133.0,257.0,479.0,119.0,364.0,571.0,311.0,410.0,460.0,624.0,275.0,180.0
152.0,179.0,530.0,133.0,233.0,260.0,96.0,403.0,551.0,311.0,419.0,423.0,196.0,318.0,213.0
111.0,89.0,204.0,21.0,104.0,191.0,35.0,62.0,210.0,120.0,108.0,117.0,44.0,333.0,84.0
154.0,185.0,283.0,33.0,191.0,268.0,67.0,200.0,187.0,156.0,200.0,248.0,139.0,146.0,160.0
156.0,229.0,279.0,33.0,200.0,315.0,75.0,160.0,184.0,154.0,203.0,165.0,145.0,184.0,172.0
84.0,37.0,855.0,13.0,157.0,82.0,50.0,969.0,98.0,92.0,999.0,76.0,36.0,617.0,119.0
152.0,179.0,553.0,153.0,132.0,260.0,570.0,438.0,616.0,356.0,468.0,58.0,726.0,312.0,107.0
156.0,185.0,283.0,34.0,503.0,268.0,75.0,163.0,290.0,156.0,208.0,181.0,149.0,146.0,308.0
244.0,62.0,336.0,51.0,191.0,155.0,82.0,206.0,369.0,197.0,249.0,173.0,175.0,152.0,158.0
100.0,62.0,183.0,23.0,189.0,155.0,67.0,146.0,162.0,57.0,64.0,23.0,136.0,162.0,125.0
211.0,145.0,346.0,57.0,278.0,203.0,139.0,222.0,252.0,201.0,208.0,248.0,264.0,159.0,87.0
111.0,90.0,336.0,20.0,112.0,200.0,35.0,228.0,173.0,196.0,245.0,236.0,55.0,173.0,87.0
235.0,332.0,363.0,70.0,280.0,429.0,148.0,277.0,330.0,228.0,298.0,287.0,269.0,291.0,250.0
139.0,164.0,283.0,30.0,176.0,418.0,61.0,176.0,180.0,151.0,207.0,162.0,116.0,123.0,153.0
163.0,212.0,266.0,33.0,174.0,293.0,58.0,154.0,188.0,154.0,208.0,165.0,102.0,96.0,94.0
316.0,515.0,488.0,112.0,228.0,437.0,85.0,353.0,571.0,300.0,400.0,304.0,579.0,269.0,160.0
257.0,323.0,374.0,71.0,261.0,404.0,127.0,285.0,168.0,243.0,302.0,298.0,260.0,71.0,242.0
235.0,348.0,363.0,65.0,303.0,407.0,171.0,290.0,314.0,225.0,299.0,282.0,284.0,218.0,322.0
257.0,367.0,511.0,133.0,155.0,373.0,39.0,391.0,568.0,316.0,411.0,456.0,656.0,308.0,181.0
146.0,174.0,300.0,31.0,168.0,255.0,54.0,189.0,180.0,160.0,210.0,167.0,113.0,256.0,248.0
257.0,461.0,392.0,80.0,445.0,484.0,226.0,15.0,171.0,252.0,320.0,304.0,337.0,28.0,469.0
163.0,215.0,283.0,33.0,176.0,296.0,58.0,490.0,184.0,154.0,207.0,174.0,128.0,339.0,148.0
126.0,131.0,385.0,26.0,141.0,319.0,0.0,292.0,168.0,247.0,307.0,303.0,92.0,208.0,118.0
139.0,164.0,170.0,33.0,176.0,241.0,61.0,32.0,184.0,154.0,470.0,165.0,116.0,21.0,153.0
140.0,173.0,278.0,30.0,216.0,250.0,78.0,155.0,180.0,151.0,201.0,162.0,116.0,76.0,179.0
376.0,717.0,536.0,148.0,188.0,348.0,382.0,440.0,601.0,347.0,458.0,355.0,590.0,133.0,157.0
77.0,41.0,260.0,8.0,47.0,118.0,6.0,194.0,69.0,144.0,188.0,151.0,27.0,134.0,32.0
271.0,406.0,549.0,63.0,277.0,462.0,143.0,420.0,210.0,368.0,468.0,580.0,269.0,312.0,250.0
330.0,590.0,580.0,183.0,261.0,362.0,121.0,470.0,660.0,404.0,527.0,705.0,252.0,319.0,242.0
111.0,89.0,240.0,21.0,227.0,203.0,85.0,146.0,233.0,129.0,157.0,173.0,195.0,96.0,250.0
264.0,373.0,392.0,80.0,476.0,445.0,262.0,201.0,425.0,252.0,322.0,307.0,464.0,146.0,604.0
130.0,21.0,258.0,29.0,313.0,182.0,199.0,146.0,173.0,144.0,188.0,158.0,101.0,55.0,351.0
115.0,95.0,111.0,23.0,112.0,211.0,50.0,26.0,145.0,129.0,158.0,125.0,92.0,81.0,87.0
377.0,367.0,536.0,148.0,75.0,439.0,530.0,438.0,571.0,347.0,458.0,460.0,726.0,311.0,55.0
176.0,229.0,187.0,20.0,83.0,315.0,26.0,49.0,132.0,120.0,129.0,125.0,43.0,64.0,155.0
206.0,284.0,179.0,32.0,176.0,372.0,61.0,32.0,158.0,75.0,63.0,21.0,123.0,21.0,153.0
122.0,108.0,294.0,24.0,134.0,215.0,45.0,180.0,187.0,165.0,211.0,185.0,84.0,131.0,110.0
206.0,284.0,346.0,56.0,117.0,373.0,37.0,225.0,292.0,202.0,262.0,257.0,259.0,174.0,94.0
233.0,316.0,648.0,58.0,288.0,390.0,165.0,565.0,296.0,201.0,468.0,47.0,272.0,245.0,297.0
81.0,42.0,187.0,11.0,32.0,255.0,5.0,47.0,33.0,83.0,87.0,246.0,33.0,26.0,12.0
130.0,137.0,330.0,29.0,168.0,127.0,54.0,205.0,290.0,192.0,244.0,231.0,101.0,152.0,87.0
83.0,56.0,206.0,12.0,73.0,155.0,19.0,73.0,98.0,107.0,88.0,100.0,36.0,149.0,242.0
126.0,131.0,252.0,27.0,174.0,220.0,58.0,111.0,170.0,140.0,287.0,133.0,103.0,77.0,190.0
156.0,235.0,224.0,35.0,229.0,348.0,86.0,92.0,195.0,156.0,152.0,178.0,176.0,71.0,190.0
244.0,325.0,361.0,70.0,329.0,348.0,165.0,266.0,333.0,228.0,298.0,287.0,288.0,186.0,250.0
235.0,317.0,336.0,51.0,252.0,393.0,101.0,206.0,270.0,191.0,120.0,228.0,212.0,145.0,220.0
191.0,227.0,322.0,51.0,255.0,312.0,107.0,204.0,302.0,191.0,241.0,228.0,212.0,158.0,220.0
376.0,717.0,999.0,153.0,735.0,706.0,485.0,999.0,483.0,214.0,252.0,338.0,726.0,999.0,9.0
120.0,109.0,350.0,60.0,415.0,222.0,276.0,240.0,302.0,213.0,274.0,263.0,259.0,184.0,71.0
125.0,129.0,299.0,38.0,230.0,221.0,83.0,187.0,223.0,174.0,222.0,100.0,174.0,134.0,213.0
158.0,205.0,157.0,36.0,234.0,289.0,98.0,313.0,188.0,67.0,179.0,126.0,158.0,269.0,140.0
123.0,115.0,247.0,27.0,165.0,221.0,53.0,192.0,178.0,139.0,222.0,124.0,101.0,201.0,126.0
183.0,261.0,564.0,183.0,32.0,362.0,19.0,420.0,170.0,404.0,483.0,894.0,751.0,318.0,12.0
130.0,137.0,258.0,29.0,118.0,312.0,38.0,155.0,173.0,144.0,188.0,156.0,101.0,88.0,89.0
167.0,221.0,263.0,38.0,229.0,462.0,92.0,149.0,223.0,147.0,189.0,186.0,175.0,107.0,248.0
100.0,63.0,279.0,17.0,83.0,155.0,26.0,250.0,120.0,154.0,203.0,167.0,44.0,493.0,74.0
181.0,234.0,316.0,45.0,75.0,328.0,23.0,194.0,223.0,188.0,240.0,212.0,42.0,26.0,54.0
115.0,103.0,238.0,20.0,112.0,211.0,35.0,103.0,127.0,120.0,139.0,95.0,55.0,72.0,87.0
163.0,188.0,481.0,36.0,131.0,253.0,45.0,322.0,210.0,58.0,387.0,23.0,92.0,269.0,102.0
77.0,41.0,184.0,8.0,15.0,534.0,1.0,45.0,69.0,81.0,122.0,68.0,27.0,25.0,72.0
147.0,174.0,457.0,97.0,503.0,259.0,274.0,204.0,503.0,275.0,366.0,149.0,500.0,122.0,262.0
257.0,346.0,476.0,70.0,311.0,468.0,184.0,59.0,545.0,228.0,999.0,287.0,288.0,30.0,334.0
205.0,276.0,507.0,55.0,258.0,362.0,119.0,470.0,293.0,311.0,410.0,803.0,256.0,319.0,242.0
154.0,188.0,310.0,24.0,176.0,268.0,50.0,195.0,163.0,137.0,230.0,133.0,92.0,134.0,160.0
183.0,207.0,339.0,50.0,176.0,288.0,106.0,214.0,252.0,190.0,249.0,323.0,211.0,159.0,153.0
76.0,53.0,310.0,8.0,150.0,143.0,50.0,198.0,54.0,182.0,234.0,196.0,92.0,145.0,157.0
114.0,95.0,283.0,20.0,83.0,227.0,24.0,175.0,103.0,120.0,208.0,115.0,42.0,328.0,157.0
375.0,717.0,536.0,148.0,160.0,86.0,274.0,469.0,571.0,347.0,366.0,449.0,693.0,169.0,124.0
111.0,89.0,266.0,27.0,410.0,193.0,54.0,16.0,170.0,144.0,182.0,162.0,101.0,16.0,566.0
84.0,45.0,258.0,13.0,54.0,127.0,18.0,148.0,547.0,144.0,182.0,155.0,36.0,101.0,45.0
123.0,188.0,553.0,26.0,157.0,296.0,50.0,420.0,162.0,381.0,321.0,105.0,92.0,308.0,119.0
114.0,87.0,386.0,6.0,89.0,188.0,30.0,293.0,141.0,246.0,320.0,301.0,102.0,208.0,73.0
256.0,332.0,312.0,71.0,261.0,429.0,121.0,197.0,341.0,243.0,238.0,301.0,239.0,145.0,242.0
180.0,233.0,476.0,32.0,118.0,320.0,35.0,358.0,184.0,176.0,179.0,193.0,59.0,331.0,94.0
224.0,304.0,346.0,63.0,292.0,388.0,166.0,223.0,252.0,207.0,261.0,263.0,273.0,101.0,308.0
156.0,618.0,461.0,33.0,174.0,418.0,58.0,323.0,184.0,425.0,373.0,190.0,103.0,247.0,142.0
154.0,185.0,201.0,5.0,176.0,261.0,54.0,61.0,33.0,85.0,64.0,76.0,59.0,34.0,154.0
111.0,89.0,125.0,7.0,50.0,193.0,16.0,27.0,54.0,58.0,8.0,449.0,19.0,17.0,42.0
376.0,717.0,476.0,143.0,415.0,362.0,339.0,341.0,571.0,319.0,250.0,456.0,678.0,256.0,55.0
95.0,55.0,208.0,16.0,89.0,155.0,30.0,97.0,107.0,106.0,122.0,127.0,44.0,314.0,74.0
146.0,229.0,363.0,63.0,403.0,315.0,166.0,264.0,162.0,214.0,320.0,338.0,273.0,159.0,469.0
97.0,55.0,208.0,16.0,88.0,155.0,30.0,82.0,117.0,108.0,128.0,98.0,46.0,57.0,71.0
214.0,284.0,111.0,58.0,191.0,373.0,95.0,26.0,296.0,25.0,13.0,0.0,269.0,17.0,157.0
132.0,137.0,999.0,29.0,174.0,255.0,58.0,155.0,173.0,147.0,299.0,162.0,103.0,111.0,139.0
206.0,241.0,340.0,53.0,260.0,348.0,121.0,493.0,168.0,197.0,252.0,244.0,252.0,333.0,240.0
134.0,145.0,351.0,70.0,229.0,250.0,213.0,290.0,347.0,243.0,274.0,298.0,316.0,205.0,190.0
202.0,274.0,126.0,7.0,37.0,362.0,5.0,29.0,50.0,76.0,84.0,61.0,23.0,16.0,84.0
24.0,109.0,361.0,3.0,174.0,315.0,2.0,313.0,103.0,42.0,297.0,305.0,4.0,219.0,118.0
317.0,391.0,488.0,109.0,403.0,462.0,230.0,353.0,601.0,300.0,400.0,277.0,419.0,111.0,469.0
205.0,276.0,476.0,97.0,341.0,289.0,217.0,341.0,498.0,293.0,386.0,338.0,330.0,493.0,416.0
268.0,207.0,360.0,70.0,310.0,294.0,198.0,251.0,343.0,243.0,160.0,298.0,303.0,184.0,331.0
77.0,40.0,263.0,29.0,137.0,103.0,61.0,149.0,163.0,147.0,201.0,158.0,101.0,111.0,111.0
96.0,55.0,267.0,16.0,174.0,144.0,58.0,175.0,120.0,108.0,200.0,98.0,48.0,123.0,125.0
156.0,235.0,283.0,35.0,191.0,249.0,69.0,264.0,195.0,156.0,211.0,178.0,140.0,196.0,126.0
114.0,76.0,240.0,22.0,50.0,173.0,18.0,111.0,141.0,129.0,157.0,118.0,70.0,77.0,38.0
147.0,174.0,179.0,32.0,175.0,261.0,58.0,293.0,191.0,154.0,64.0,165.0,123.0,208.0,142.0
244.0,306.0,449.0,70.0,312.0,389.0,198.0,322.0,341.0,243.0,222.0,298.0,291.0,246.0,31.0
414.0,764.0,582.0,182.0,32.0,388.0,274.0,470.0,601.0,381.0,509.0,244.0,524.0,319.0,12.0
154.0,188.0,283.0,34.0,197.0,277.0,75.0,168.0,193.0,156.0,207.0,174.0,174.0,107.0,172.0
167.0,274.0,279.0,38.0,228.0,362.0,85.0,163.0,223.0,154.0,210.0,167.0,175.0,107.0,181.0
319.0,109.0,590.0,183.0,429.0,215.0,247.0,476.0,95.0,411.0,508.0,799.0,864.0,321.0,566.0
256.0,332.0,372.0,70.0,329.0,238.0,213.0,285.0,293.0,238.0,299.0,298.0,337.0,192.0,390.0
121.0,104.0,238.0,27.0,141.0,212.0,46.0,31.0,171.0,144.0,158.0,151.0,101.0,20.0,122.0
163.0,225.0,257.0,36.0,252.0,310.0,105.0,175.0,210.0,144.0,232.0,160.0,171.0,91.0,212.0
91.0,48.0,224.0,15.0,75.0,164.0,23.0,98.0,117.0,114.0,148.0,117.0,42.0,71.0,74.0
84.0,95.0,347.0,51.0,191.0,212.0,69.0,225.0,272.0,203.0,449.0,246.0,219.0,180.0,160.0
205.0,276.0,260.0,53.0,258.0,365.0,108.0,148.0,292.0,198.0,189.0,241.0,214.0,96.0,229.0
92.0,56.0,207.0,15.0,28.0,155.0,23.0,146.0,46.0,106.0,63.0,91.0,42.0,96.0,12.0
73.0,28.0,187.0,7.0,128.0,203.0,9.0,47.0,122.0,84.0,88.0,72.0,27.0,26.0,99.0
319.0,523.0,414.0,63.0,277.0,518.0,143.0,132.0,313.0,252.0,326.0,307.0,269.0,87.0,248.0
191.0,259.0,346.0,41.0,189.0,349.0,99.0,223.0,222.0,182.0,232.0,207.0,200.0,170.0,157.0
232.0,154.0,353.0,65.0,174.0,101.0,171.0,251.0,314.0,223.0,243.0,282.0,284.0,208.0,175.0
104.0,78.0,311.0,18.0,100.0,254.0,32.0,176.0,122.0,105.0,236.0,84.0,49.0,129.0,80.0
95.0,55.0,246.0,16.0,102.0,143.0,32.0,124.0,127.0,132.0,176.0,117.0,47.0,111.0,82.0
132.0,137.0,360.0,14.0,32.0,249.0,5.0,264.0,12.0,223.0,302.0,303.0,23.0,311.0,12.0
375.0,756.0,511.0,133.0,312.0,656.0,213.0,391.0,571.0,316.0,414.0,307.0,316.0,300.0,331.0
111.0,89.0,440.0,21.0,117.0,193.0,35.0,0.0,134.0,264.0,410.0,257.0,59.0,0.0,89.0
233.0,317.0,661.0,65.0,310.0,393.0,172.0,490.0,314.0,214.0,654.0,248.0,284.0,333.0,416.0
288.0,461.0,661.0,243.0,429.0,486.0,253.0,493.0,858.0,521.0,211.0,856.0,923.0,333.0,566.0
181.0,234.0,326.0,51.0,230.0,143.0,105.0,32.0,271.0,191.0,243.0,307.0,209.0,21.0,83.0
244.0,323.0,457.0,95.0,312.0,348.0,203.0,280.0,290.0,275.0,366.0,187.0,303.0,291.0,334.0
169.0,137.0,385.0,40.0,229.0,249.0,86.0,293.0,223.0,227.0,320.0,323.0,176.0,213.0,214.0
77.0,200.0,298.0,8.0,45.0,280.0,6.0,186.0,117.0,81.0,389.0,68.0,27.0,123.0,30.0
103.0,72.0,184.0,18.0,104.0,159.0,33.0,45.0,122.0,113.0,148.0,101.0,52.0,25.0,87.0
270.0,325.0,239.0,86.0,128.0,422.0,1.0,146.0,430.0,271.0,152.0,323.0,123.0,26.0,107.0
375.0,694.0,536.0,140.0,601.0,663.0,339.0,15.0,571.0,346.0,458.0,460.0,656.0,16.0,881.0
80.0,41.0,311.0,11.0,58.0,102.0,19.0,146.0,141.0,198.0,366.0,241.0,33.0,96.0,45.0
246.0,331.0,336.0,70.0,126.0,247.0,40.0,322.0,363.0,238.0,248.0,301.0,73.0,246.0,94.0
181.0,234.0,111.0,46.0,176.0,312.0,108.0,26.0,222.0,167.0,8.0,187.0,214.0,442.0,148.0
97.0,301.0,293.0,29.0,168.0,320.0,54.0,176.0,177.0,147.0,211.0,134.0,101.0,129.0,99.0
126.0,131.0,461.0,27.0,134.0,255.0,45.0,327.0,199.0,273.0,351.0,322.0,92.0,248.0,110.0
167.0,221.0,292.0,38.0,227.0,333.0,85.0,192.0,198.0,156.0,210.0,178.0,175.0,88.0,183.0
104.0,82.0,220.0,18.0,100.0,188.0,33.0,90.0,127.0,113.0,108.0,114.0,52.0,65.0,69.0
86.0,221.0,542.0,15.0,73.0,312.0,19.0,420.0,95.0,356.0,465.0,446.0,40.0,309.0,107.0
154.0,188.0,266.0,33.0,89.0,270.0,32.0,154.0,215.0,156.0,206.0,174.0,128.0,101.0,74.0
73.0,36.0,190.0,5.0,175.0,206.0,1.0,10.0,145.0,57.0,91.0,23.0,5.0,27.0,142.0
217.0,300.0,299.0,36.0,202.0,294.0,75.0,192.0,457.0,167.0,222.0,185.0,155.0,90.0,173.0
330.0,612.0,500.0,117.0,446.0,534.0,261.0,363.0,547.0,304.0,408.0,428.0,588.0,271.0,198.0
210.0,338.0,311.0,57.0,260.0,429.0,139.0,39.0,292.0,201.0,20.0,248.0,264.0,25.0,242.0
167.0,253.0,337.0,38.0,100.0,348.0,213.0,206.0,223.0,198.0,249.0,241.0,316.0,158.0,96.0
158.0,205.0,491.0,133.0,448.0,288.0,261.0,363.0,117.0,304.0,408.0,856.0,450.0,271.0,699.0
154.0,281.0,283.0,33.0,191.0,373.0,69.0,168.0,168.0,156.0,208.0,173.0,140.0,91.0,157.0
268.0,373.0,395.0,85.0,365.0,445.0,367.0,292.0,419.0,252.0,321.0,307.0,344.0,208.0,416.0
100.0,62.0,208.0,17.0,73.0,155.0,19.0,16.0,119.0,108.0,130.0,100.0,47.0,16.0,66.0
257.0,284.0,379.0,70.0,313.0,374.0,199.0,165.0,330.0,238.0,310.0,325.0,303.0,412.0,158.0
96.0,55.0,208.0,16.0,88.0,261.0,30.0,82.0,132.0,106.0,123.0,305.0,46.0,58.0,71.0
181.0,235.0,507.0,45.0,237.0,333.0,99.0,377.0,139.0,296.0,408.0,69.0,200.0,88.0,212.0
152.0,376.0,111.0,33.0,191.0,430.0,95.0,26.0,184.0,154.0,8.0,167.0,127.0,16.0,157.0
202.0,284.0,532.0,51.0,191.0,373.0,69.0,406.0,272.0,347.0,408.0,463.0,219.0,296.0,160.0
210.0,284.0,337.0,57.0,277.0,374.0,139.0,194.0,292.0,198.0,338.0,241.0,264.0,134.0,248.0
376.0,87.0,532.0,146.0,445.0,188.0,262.0,406.0,571.0,347.0,164.0,457.0,309.0,328.0,574.0
52.0,164.0,385.0,70.0,360.0,270.0,150.0,292.0,333.0,247.0,326.0,304.0,270.0,339.0,473.0
266.0,169.0,417.0,73.0,83.0,277.0,70.0,323.0,430.0,246.0,382.0,301.0,334.0,291.0,107.0
71.0,27.0,130.0,6.0,73.0,430.0,19.0,31.0,33.0,63.0,29.0,47.0,10.0,17.0,81.0
181.0,235.0,126.0,49.0,157.0,270.0,50.0,27.0,237.0,57.0,164.0,68.0,204.0,245.0,153.0
103.0,72.0,105.0,18.0,191.0,418.0,69.0,16.0,122.0,113.0,0.0,101.0,140.0,16.0,158.0
52.0,40.0,125.0,5.0,15.0,241.0,1.0,27.0,579.0,58.0,13.0,25.0,4.0,17.0,4.0
196.0,257.0,353.0,51.0,288.0,348.0,165.0,205.0,272.0,193.0,286.0,236.0,272.0,145.0,173.0
83.0,41.0,125.0,18.0,132.0,197.0,32.0,27.0,122.0,71.0,321.0,58.0,48.0,180.0,101.0
152.0,185.0,449.0,95.0,227.0,261.0,85.0,322.0,457.0,275.0,274.0,346.0,419.0,247.0,183.0
156.0,194.0,215.0,35.0,253.0,277.0,76.0,84.0,198.0,154.0,128.0,164.0,155.0,64.0,214.0
374.0,693.0,514.0,137.0,723.0,468.0,396.0,214.0,568.0,319.0,414.0,456.0,656.0,162.0,192.0
103.0,76.0,207.0,19.0,0.0,173.0,35.0,80.0,122.0,114.0,120.0,127.0,55.0,58.0,0.0
322.0,154.0,590.0,114.0,261.0,253.0,126.0,469.0,547.0,408.0,274.0,803.0,583.0,318.0,242.0
91.0,48.0,207.0,15.0,75.0,143.0,22.0,83.0,363.0,105.0,128.0,84.0,40.0,64.0,52.0
101.0,41.0,222.0,18.0,132.0,101.0,38.0,92.0,122.0,112.0,129.0,101.0,45.0,66.0,102.0
113.0,90.0,201.0,23.0,128.0,213.0,42.0,61.0,139.0,92.0,100.0,76.0,76.0,34.0,69.0
154.0,185.0,281.0,33.0,188.0,261.0,70.0,165.0,170.0,154.0,176.0,163.0,140.0,122.0,157.0
317.0,523.0,500.0,112.0,279.0,518.0,139.0,364.0,501.0,304.0,408.0,231.0,583.0,275.0,275.0
266.0,488.0,449.0,80.0,360.0,490.0,226.0,322.0,457.0,252.0,187.0,304.0,337.0,246.0,455.0
257.0,348.0,372.0,71.0,999.0,369.0,230.0,285.0,347.0,243.0,302.0,298.0,303.0,202.0,999.0
80.0,43.0,187.0,11.0,54.0,124.0,18.0,47.0,248.0,82.0,119.0,98.0,33.0,26.0,52.0
429.0,257.0,299.0,201.0,175.0,348.0,59.0,183.0,33.0,176.0,222.0,197.0,905.0,132.0,102.0
104.0,78.0,260.0,20.0,175.0,155.0,35.0,59.0,132.0,120.0,274.0,115.0,55.0,65.0,140.0
156.0,234.0,292.0,35.0,312.0,155.0,188.0,176.0,204.0,156.0,210.0,178.0,288.0,123.0,4.0
999.0,999.0,999.0,999.0,248.0,999.0,101.0,999.0,999.0,999.0,419.0,92.0,999.0,999.0,216.0
154.0,185.0,322.0,51.0,278.0,261.0,147.0,204.0,551.0,191.0,241.0,228.0,269.0,149.0,262.0
71.0,27.0,130.0,6.0,55.0,56.0,18.0,31.0,24.0,63.0,29.0,47.0,36.0,21.0,116.0
171.0,215.0,252.0,24.0,186.0,296.0,46.0,137.0,164.0,137.0,173.0,137.0,89.0,107.0,156.0
167.0,221.0,293.0,38.0,202.0,294.0,75.0,176.0,223.0,160.0,211.0,186.0,176.0,129.0,172.0
80.0,41.0,353.0,15.0,191.0,87.0,67.0,241.0,103.0,214.0,200.0,186.0,40.0,184.0,139.0
158.0,130.0,246.0,23.0,117.0,230.0,38.0,130.0,122.0,132.0,220.0,127.0,70.0,66.0,94.0
70.0,36.0,323.0,6.0,202.0,534.0,79.0,204.0,34.0,58.0,248.0,25.0,10.0,149.0,173.0
152.0,200.0,317.0,34.0,47.0,280.0,7.0,144.0,194.0,188.0,240.0,221.0,177.0,95.0,32.0
137.0,37.0,279.0,32.0,106.0,250.0,35.0,195.0,184.0,154.0,207.0,165.0,55.0,134.0,87.0
374.0,693.0,350.0,97.0,128.0,293.0,42.0,240.0,180.0,214.0,274.0,298.0,76.0,184.0,99.0
224.0,304.0,348.0,60.0,310.0,388.0,180.0,251.0,302.0,203.0,272.0,167.0,284.0,184.0,331.0
130.0,137.0,553.0,23.0,181.0,249.0,43.0,346.0,168.0,132.0,483.0,127.0,76.0,57.0,155.0
115.0,95.0,252.0,25.0,98.0,212.0,32.0,140.0,168.0,137.0,177.0,137.0,92.0,81.0,77.0
115.0,103.0,240.0,22.0,122.0,211.0,39.0,111.0,144.0,129.0,234.0,163.0,70.0,77.0,94.0
224.0,304.0,157.0,60.0,278.0,388.0,143.0,32.0,302.0,75.0,57.0,114.0,269.0,20.0,43.0
112.0,232.0,240.0,22.0,117.0,315.0,38.0,111.0,134.0,129.0,157.0,118.0,70.0,79.0,91.0
232.0,331.0,356.0,64.0,228.0,425.0,105.0,297.0,313.0,223.0,287.0,303.0,276.0,217.0,201.0
191.0,322.0,316.0,45.0,176.0,422.0,59.0,201.0,232.0,188.0,240.0,236.0,200.0,613.0,158.0
0.0,0.0,542.0,0.0,15.0,0.0,1.0,493.0,0.0,0.0,468.0,21.0,0.0,409.0,4.0
999.0,999.0,263.0,999.0,999.0,999.0,999.0,285.0,999.0,999.0,210.0,911.0,999.0,202.0,999.0
75.0,37.0,313.0,15.0,75.0,156.0,22.0,140.0,103.0,190.0,238.0,186.0,40.0,91.0,54.0
206.0,257.0,481.0,55.0,415.0,348.0,82.0,342.0,290.0,296.0,419.0,353.0,156.0,90.0,0.0
374.0,693.0,111.0,104.0,216.0,390.0,82.0,32.0,431.0,296.0,8.0,355.0,239.0,20.0,182.0
100.0,63.0,553.0,17.0,89.0,156.0,30.0,438.0,139.0,207.0,470.0,263.0,46.0,312.0,74.0
101.0,434.0,738.0,11.0,65.0,87.0,18.0,704.0,86.0,83.0,640.0,72.0,33.0,496.0,44.0
202.0,261.0,298.0,51.0,278.0,124.0,121.0,565.0,293.0,196.0,222.0,240.0,239.0,458.0,220.0
70.0,43.0,481.0,60.0,294.0,127.0,170.0,39.0,302.0,296.0,387.0,353.0,272.0,496.0,308.0
196.0,257.0,332.0,51.0,261.0,348.0,121.0,202.0,272.0,193.0,245.0,241.0,239.0,57.0,242.0
183.0,180.0,323.0,50.0,243.0,260.0,82.0,163.0,253.0,190.0,243.0,212.0,212.0,201.0,74.0
122.0,129.0,252.0,24.0,132.0,213.0,45.0,140.0,163.0,137.0,176.0,197.0,84.0,106.0,107.0
147.0,618.0,298.0,30.0,176.0,250.0,61.0,186.0,182.0,171.0,262.0,197.0,122.0,133.0,192.0
80.0,43.0,281.0,31.0,294.0,127.0,61.0,165.0,188.0,154.0,411.0,167.0,122.0,116.0,188.0
137.0,154.0,330.0,51.0,228.0,249.0,85.0,187.0,272.0,192.0,244.0,240.0,176.0,133.0,158.0
180.0,233.0,322.0,45.0,410.0,320.0,99.0,204.0,227.0,188.0,238.0,212.0,202.0,150.0,469.0
235.0,241.0,353.0,70.0,104.0,349.0,35.0,251.0,314.0,238.0,286.0,305.0,55.0,162.0,88.0
206.0,278.0,339.0,56.0,145.0,362.0,129.0,222.0,292.0,199.0,244.0,287.0,259.0,173.0,122.0
288.0,461.0,361.0,95.0,446.0,486.0,254.0,264.0,457.0,275.0,204.0,160.0,444.0,186.0,582.0
181.0,229.0,313.0,46.0,73.0,315.0,19.0,197.0,193.0,188.0,236.0,204.0,40.0,145.0,52.0
121.0,109.0,224.0,20.0,112.0,214.0,35.0,98.0,132.0,120.0,154.0,115.0,55.0,328.0,91.0
156.0,185.0,292.0,35.0,175.0,261.0,58.0,176.0,182.0,156.0,210.0,175.0,108.0,158.0,201.0
73.0,28.0,142.0,6.0,47.0,60.0,5.0,31.0,33.0,67.0,188.0,50.0,19.0,343.0,142.0
114.0,95.0,438.0,22.0,126.0,210.0,40.0,316.0,141.0,271.0,338.0,323.0,70.0,241.0,101.0
235.0,316.0,347.0,60.0,131.0,390.0,45.0,228.0,302.0,203.0,264.0,236.0,309.0,173.0,101.0
73.0,163.0,142.0,6.0,28.0,254.0,2.0,31.0,81.0,67.0,207.0,50.0,4.0,20.0,158.0
270.0,372.0,396.0,87.0,415.0,445.0,237.0,202.0,223.0,271.0,322.0,323.0,406.0,149.0,469.0
124.0,130.0,363.0,65.0,126.0,706.0,129.0,277.0,314.0,223.0,307.0,282.0,284.0,491.0,94.0
214.0,90.0,701.0,60.0,277.0,112.0,143.0,572.0,333.0,203.0,833.0,254.0,269.0,455.0,250.0
103.0,76.0,215.0,18.0,168.0,160.0,54.0,84.0,122.0,112.0,320.0,101.0,101.0,64.0,99.0
113.0,90.0,240.0,21.0,105.0,200.0,35.0,31.0,111.0,129.0,157.0,118.0,68.0,17.0,85.0
314.0,515.0,385.0,97.0,212.0,272.0,276.0,293.0,198.0,247.0,309.0,316.0,500.0,208.0,175.0
100.0,43.0,385.0,17.0,89.0,127.0,30.0,296.0,194.0,247.0,351.0,303.0,46.0,205.0,74.0
410.0,764.0,488.0,112.0,85.0,809.0,382.0,440.0,227.0,300.0,400.0,374.0,583.0,312.0,64.0
375.0,694.0,536.0,148.0,280.0,518.0,530.0,392.0,194.0,347.0,458.0,470.0,693.0,303.0,275.0
181.0,235.0,311.0,46.0,229.0,348.0,92.0,176.0,239.0,184.0,240.0,207.0,181.0,125.0,190.0
158.0,207.0,507.0,133.0,132.0,294.0,45.0,364.0,601.0,306.0,408.0,430.0,693.0,275.0,246.0
206.0,278.0,379.0,56.0,211.0,373.0,78.0,296.0,314.0,199.0,373.0,244.0,176.0,208.0,175.0
129.0,137.0,263.0,29.0,174.0,261.0,58.0,391.0,173.0,144.0,191.0,155.0,102.0,314.0,140.0
288.0,461.0,414.0,86.0,260.0,498.0,119.0,509.0,431.0,265.0,325.0,322.0,291.0,408.0,238.0
154.0,188.0,260.0,33.0,176.0,315.0,78.0,148.0,188.0,165.0,191.0,101.0,156.0,96.0,155.0
129.0,129.0,353.0,30.0,104.0,225.0,34.0,205.0,139.0,151.0,286.0,162.0,113.0,152.0,54.0
273.0,391.0,224.0,33.0,128.0,460.0,42.0,97.0,184.0,129.0,149.0,149.0,76.0,71.0,99.0
124.0,193.0,240.0,25.0,126.0,261.0,46.0,132.0,165.0,137.0,173.0,134.0,92.0,116.0,96.0
163.0,215.0,294.0,36.0,344.0,112.0,222.0,176.0,223.0,167.0,200.0,236.0,336.0,122.0,422.0
133.0,135.0,661.0,29.0,118.0,241.0,213.0,509.0,173.0,150.0,239.0,162.0,316.0,309.0,94.0
257.0,348.0,157.0,114.0,310.0,486.0,174.0,73.0,676.0,252.0,100.0,301.0,284.0,62.0,329.0
163.0,222.0,187.0,36.0,228.0,310.0,82.0,49.0,210.0,144.0,88.0,98.0,171.0,27.0,158.0
317.0,515.0,491.0,97.0,47.0,479.0,9.0,297.0,545.0,296.0,402.0,355.0,429.0,218.0,85.0
163.0,207.0,310.0,51.0,89.0,289.0,32.0,195.0,271.0,182.0,200.0,446.0,51.0,133.0,69.0
182.0,238.0,312.0,45.0,191.0,344.0,99.0,296.0,332.0,185.0,238.0,236.0,200.0,213.0,155.0
211.0,276.0,303.0,56.0,212.0,362.0,80.0,130.0,293.0,200.0,264.0,246.0,260.0,291.0,175.0
259.0,310.0,428.0,91.0,248.0,390.0,253.0,315.0,570.0,273.0,322.0,323.0,429.0,617.0,190.0
80.0,41.0,187.0,9.0,117.0,102.0,37.0,47.0,76.0,82.0,87.0,69.0,33.0,57.0,818.0
187.0,253.0,382.0,51.0,45.0,348.0,6.0,280.0,272.0,246.0,302.0,302.0,26.0,201.0,32.0
125.0,130.0,256.0,25.0,145.0,261.0,50.0,476.0,168.0,138.0,187.0,138.0,92.0,305.0,153.0
156.0,78.0,266.0,45.0,226.0,173.0,98.0,154.0,227.0,187.0,200.0,207.0,200.0,102.0,187.0
137.0,300.0,271.0,29.0,157.0,319.0,53.0,97.0,173.0,151.0,208.0,162.0,101.0,107.0,126.0
138.0,173.0,279.0,30.0,102.0,256.0,50.0,146.0,184.0,154.0,203.0,167.0,92.0,88.0,87.0
154.0,194.0,279.0,33.0,15.0,276.0,67.0,158.0,332.0,154.0,201.0,167.0,139.0,107.0,4.0
112.0,90.0,461.0,70.0,310.0,203.0,217.0,312.0,341.0,238.0,509.0,298.0,309.0,219.0,202.0
428.0,694.0,204.0,15.0,73.0,404.0,19.0,62.0,103.0,101.0,148.0,76.0,40.0,34.0,131.0
414.0,105.0,507.0,112.0,73.0,462.0,391.0,398.0,431.0,300.0,408.0,395.0,590.0,305.0,55.0
104.0,78.0,224.0,18.0,85.0,175.0,28.0,176.0,122.0,113.0,149.0,105.0,45.0,129.0,66.0
152.0,180.0,105.0,33.0,161.0,260.0,53.0,264.0,188.0,154.0,0.0,173.0,101.0,192.0,102.0
154.0,203.0,293.0,33.0,157.0,280.0,50.0,290.0,187.0,154.0,211.0,178.0,92.0,205.0,119.0
256.0,332.0,396.0,77.0,280.0,429.0,150.0,156.0,195.0,252.0,295.0,307.0,330.0,107.0,218.0
376.0,717.0,294.0,153.0,218.0,486.0,629.0,176.0,616.0,356.0,257.0,172.0,726.0,111.0,180.0
196.0,292.0,855.0,45.0,237.0,373.0,99.0,940.0,222.0,188.0,999.0,218.0,200.0,613.0,213.0
97.0,55.0,212.0,16.0,80.0,155.0,28.0,94.0,117.0,108.0,126.0,282.0,46.0,71.0,55.0
217.0,56.0,347.0,60.0,131.0,155.0,45.0,313.0,343.0,203.0,264.0,264.0,85.0,184.0,101.0
113.0,90.0,240.0,22.0,175.0,270.0,38.0,155.0,141.0,129.0,200.0,125.0,70.0,90.0,157.0
196.0,257.0,281.0,51.0,89.0,294.0,30.0,165.0,281.0,120.0,203.0,173.0,4.0,134.0,69.0
114.0,92.0,240.0,22.0,131.0,203.0,38.0,109.0,139.0,129.0,157.0,118.0,70.0,76.0,102.0
112.0,90.0,238.0,20.0,117.0,200.0,35.0,103.0,122.0,120.0,152.0,101.0,55.0,132.0,93.0
115.0,173.0,223.0,23.0,89.0,256.0,32.0,92.0,145.0,129.0,129.0,125.0,76.0,65.0,74.0
115.0,95.0,251.0,23.0,104.0,222.0,34.0,140.0,145.0,136.0,175.0,133.0,70.0,91.0,84.0
81.0,42.0,379.0,11.0,54.0,159.0,15.0,292.0,194.0,275.0,322.0,323.0,33.0,208.0,231.0
270.0,403.0,438.0,86.0,415.0,462.0,226.0,146.0,428.0,271.0,338.0,323.0,369.0,82.0,566.0
120.0,76.0,252.0,25.0,202.0,155.0,76.0,140.0,168.0,138.0,177.0,138.0,92.0,90.0,173.0
129.0,137.0,347.0,60.0,229.0,281.0,148.0,228.0,271.0,203.0,264.0,249.0,269.0,174.0,182.0
169.0,222.0,266.0,40.0,227.0,308.0,85.0,154.0,223.0,197.0,199.0,240.0,175.0,102.0,201.0
146.0,205.0,298.0,31.0,243.0,272.0,99.0,273.0,182.0,128.0,222.0,117.0,191.0,159.0,214.0
114.0,95.0,360.0,23.0,123.0,225.0,40.0,205.0,145.0,136.0,307.0,125.0,73.0,152.0,95.0
316.0,515.0,246.0,106.0,476.0,490.0,274.0,756.0,501.0,106.0,243.0,101.0,524.0,510.0,678.0
171.0,225.0,322.0,41.0,226.0,312.0,95.0,205.0,223.0,176.0,241.0,212.0,195.0,156.0,182.0
95.0,55.0,747.0,14.0,85.0,133.0,29.0,509.0,302.0,660.0,758.0,158.0,33.0,343.0,72.0
168.0,225.0,317.0,38.0,229.0,155.0,86.0,202.0,223.0,188.0,240.0,212.0,177.0,148.0,188.0
140.0,164.0,312.0,11.0,229.0,254.0,94.0,293.0,99.0,198.0,243.0,241.0,33.0,184.0,201.0
84.0,41.0,240.0,12.0,50.0,216.0,15.0,323.0,98.0,112.0,164.0,91.0,36.0,247.0,42.0
338.0,194.0,530.0,133.0,104.0,277.0,34.0,403.0,545.0,311.0,321.0,449.0,70.0,333.0,84.0
103.0,41.0,201.0,18.0,102.0,102.0,33.0,61.0,122.0,92.0,100.0,76.0,59.0,30.0,32.0
205.0,276.0,396.0,55.0,260.0,288.0,121.0,297.0,292.0,200.0,326.0,236.0,256.0,218.0,238.0
103.0,27.0,239.0,18.0,227.0,56.0,5.0,156.0,122.0,113.0,154.0,100.0,25.0,106.0,183.0
111.0,89.0,224.0,22.0,112.0,154.0,75.0,98.0,144.0,120.0,119.0,117.0,70.0,72.0,87.0
244.0,367.0,350.0,65.0,415.0,498.0,247.0,264.0,314.0,213.0,274.0,264.0,284.0,184.0,74.0
210.0,284.0,271.0,58.0,292.0,373.0,147.0,156.0,297.0,151.0,201.0,162.0,269.0,184.0,131.0
410.0,238.0,449.0,91.0,188.0,205.0,67.0,322.0,454.0,273.0,326.0,323.0,136.0,305.0,156.0
232.0,310.0,855.0,64.0,288.0,390.0,165.0,940.0,313.0,246.0,999.0,302.0,272.0,583.0,297.0
146.0,185.0,293.0,30.0,277.0,268.0,147.0,176.0,182.0,153.0,211.0,163.0,270.0,116.0,247.0
268.0,373.0,457.0,41.0,128.0,445.0,42.0,323.0,223.0,275.0,366.0,346.0,70.0,247.0,94.0
236.0,320.0,417.0,66.0,310.0,294.0,180.0,306.0,330.0,225.0,351.0,298.0,284.0,218.0,334.0
268.0,373.0,385.0,77.0,723.0,445.0,396.0,293.0,164.0,247.0,310.0,303.0,639.0,503.0,329.0
156.0,205.0,303.0,36.0,200.0,260.0,85.0,195.0,313.0,176.0,225.0,139.0,176.0,311.0,160.0
181.0,253.0,580.0,185.0,524.0,348.0,598.0,315.0,187.0,404.0,320.0,164.0,888.0,308.0,107.0
266.0,461.0,267.0,27.0,203.0,491.0,76.0,156.0,172.0,144.0,165.0,151.0,101.0,129.0,174.0
224.0,304.0,350.0,61.0,279.0,389.0,148.0,273.0,302.0,213.0,274.0,263.0,269.0,202.0,274.0
232.0,310.0,396.0,64.0,294.0,390.0,170.0,297.0,313.0,225.0,320.0,282.0,276.0,218.0,308.0
205.0,276.0,481.0,55.0,89.0,365.0,32.0,342.0,290.0,198.0,500.0,241.0,46.0,258.0,74.0
76.0,37.0,179.0,7.0,83.0,82.0,24.0,32.0,127.0,76.0,64.0,69.0,43.0,21.0,63.0
287.0,128.0,580.0,95.0,569.0,212.0,253.0,15.0,457.0,404.0,508.0,156.0,438.0,16.0,999.0
115.0,106.0,485.0,21.0,89.0,214.0,30.0,346.0,139.0,296.0,408.0,355.0,46.0,269.0,87.0
182.0,523.0,417.0,41.0,445.0,518.0,75.0,346.0,223.0,185.0,210.0,220.0,176.0,291.0,574.0
167.0,43.0,283.0,38.0,228.0,127.0,85.0,168.0,222.0,176.0,207.0,197.0,175.0,134.0,187.0
71.0,180.0,130.0,6.0,227.0,260.0,85.0,31.0,125.0,63.0,386.0,47.0,175.0,20.0,187.0
178.0,231.0,475.0,45.0,237.0,315.0,95.0,331.0,224.0,187.0,382.0,203.0,195.0,193.0,213.0
316.0,515.0,125.0,109.0,208.0,490.0,76.0,222.0,503.0,58.0,411.0,69.0,344.0,88.0,187.0
268.0,372.0,491.0,70.0,310.0,445.0,188.0,346.0,343.0,304.0,468.0,457.0,303.0,259.0,124.0
330.0,179.0,488.0,109.0,230.0,260.0,274.0,353.0,466.0,300.0,154.0,374.0,524.0,269.0,201.0
91.0,48.0,294.0,16.0,83.0,143.0,23.0,165.0,111.0,107.0,286.0,101.0,44.0,116.0,55.0
376.0,717.0,532.0,146.0,310.0,211.0,598.0,406.0,579.0,347.0,509.0,460.0,888.0,305.0,329.0
121.0,104.0,252.0,24.0,137.0,212.0,46.0,140.0,34.0,137.0,176.0,137.0,89.0,493.0,118.0
103.0,72.0,215.0,17.0,238.0,173.0,101.0,83.0,144.0,112.0,128.0,100.0,49.0,64.0,220.0
264.0,306.0,476.0,112.0,476.0,389.0,262.0,341.0,224.0,300.0,449.0,316.0,450.0,291.0,699.0
214.0,215.0,350.0,35.0,212.0,296.0,77.0,241.0,223.0,213.0,230.0,263.0,156.0,184.0,175.0
191.0,249.0,379.0,51.0,132.0,439.0,58.0,264.0,276.0,243.0,307.0,298.0,109.0,185.0,52.0
287.0,409.0,350.0,96.0,360.0,663.0,101.0,62.0,466.0,213.0,274.0,316.0,102.0,41.0,297.0
165.0,257.0,491.0,38.0,224.0,348.0,83.0,358.0,213.0,304.0,402.0,430.0,174.0,17.0,181.0
100.0,63.0,279.0,31.0,176.0,155.0,61.0,155.0,180.0,154.0,203.0,165.0,123.0,102.0,153.0
270.0,391.0,385.0,77.0,341.0,460.0,220.0,293.0,213.0,247.0,310.0,302.0,334.0,208.0,390.0
314.0,225.0,590.0,97.0,524.0,312.0,274.0,440.0,480.0,293.0,187.0,346.0,524.0,312.0,604.0
77.0,43.0,201.0,8.0,165.0,127.0,54.0,111.0,69.0,81.0,94.0,72.0,27.0,202.0,126.0
124.0,130.0,187.0,24.0,132.0,222.0,45.0,47.0,163.0,83.0,91.0,72.0,89.0,101.0,107.0
124.0,129.0,283.0,25.0,132.0,225.0,43.0,163.0,171.0,138.0,200.0,138.0,90.0,111.0,119.0
134.0,145.0,395.0,29.0,0.0,250.0,0.0,297.0,173.0,144.0,321.0,155.0,92.0,186.0,0.0
147.0,174.0,258.0,29.0,161.0,261.0,53.0,146.0,170.0,144.0,188.0,68.0,101.0,91.0,125.0
178.0,284.0,657.0,45.0,228.0,365.0,98.0,508.0,227.0,411.0,654.0,822.0,195.0,491.0,188.0
270.0,253.0,475.0,80.0,365.0,348.0,226.0,331.0,425.0,264.0,187.0,317.0,336.0,255.0,107.0
133.0,141.0,260.0,29.0,174.0,249.0,58.0,148.0,178.0,144.0,189.0,160.0,108.0,96.0,131.0
236.0,320.0,361.0,66.0,310.0,390.0,180.0,273.0,341.0,227.0,302.0,282.0,284.0,57.0,329.0
113.0,90.0,240.0,21.0,118.0,203.0,38.0,718.0,139.0,129.0,157.0,118.0,70.0,134.0,101.0
182.0,474.0,207.0,45.0,243.0,741.0,99.0,212.0,237.0,188.0,8.0,174.0,202.0,132.0,240.0
126.0,131.0,296.0,23.0,131.0,235.0,43.0,176.0,170.0,132.0,220.0,134.0,76.0,125.0,99.0
123.0,187.0,252.0,25.0,145.0,270.0,50.0,140.0,168.0,138.0,177.0,138.0,92.0,79.0,117.0
168.0,225.0,351.0,38.0,224.0,310.0,83.0,0.0,213.0,176.0,207.0,218.0,174.0,0.0,182.0
163.0,210.0,303.0,45.0,228.0,281.0,99.0,194.0,233.0,176.0,238.0,185.0,196.0,219.0,81.0
205.0,284.0,549.0,55.0,157.0,373.0,50.0,420.0,293.0,358.0,468.0,298.0,92.0,291.0,122.0
125.0,129.0,582.0,26.0,150.0,208.0,50.0,470.0,178.0,408.0,509.0,803.0,92.0,319.0,95.0
101.0,76.0,105.0,21.0,200.0,160.0,78.0,216.0,119.0,92.0,5.0,76.0,751.0,149.0,172.0
167.0,221.0,278.0,38.0,28.0,200.0,4.0,160.0,122.0,151.0,201.0,162.0,176.0,81.0,12.0
124.0,130.0,356.0,25.0,131.0,225.0,45.0,204.0,184.0,138.0,833.0,140.0,77.0,150.0,101.0
124.0,129.0,360.0,57.0,243.0,225.0,76.0,222.0,292.0,228.0,290.0,287.0,155.0,55.0,215.0
183.0,185.0,330.0,50.0,261.0,260.0,101.0,205.0,253.0,192.0,244.0,228.0,209.0,314.0,242.0
119.0,104.0,336.0,15.0,73.0,212.0,19.0,205.0,103.0,136.0,248.0,138.0,40.0,149.0,107.0
138.0,234.0,347.0,30.0,175.0,261.0,61.0,250.0,178.0,198.0,264.0,241.0,109.0,184.0,187.0
182.0,235.0,323.0,45.0,226.0,328.0,78.0,204.0,232.0,188.0,366.0,214.0,158.0,149.0,182.0
256.0,332.0,507.0,128.0,279.0,422.0,35.0,32.0,54.0,306.0,410.0,105.0,579.0,16.0,274.0
196.0,261.0,292.0,51.0,83.0,143.0,23.0,565.0,369.0,156.0,210.0,355.0,42.0,442.0,55.0
83.0,43.0,126.0,11.0,47.0,112.0,9.0,29.0,95.0,84.0,325.0,76.0,33.0,27.0,30.0
126.0,129.0,258.0,27.0,150.0,227.0,50.0,146.0,170.0,144.0,320.0,163.0,92.0,106.0,201.0
311.0,301.0,661.0,97.0,446.0,373.0,258.0,493.0,454.0,275.0,29.0,287.0,450.0,312.0,83.0
256.0,332.0,372.0,78.0,341.0,430.0,220.0,285.0,419.0,247.0,290.0,305.0,334.0,202.0,416.0
165.0,221.0,283.0,33.0,176.0,429.0,61.0,168.0,188.0,154.0,207.0,172.0,127.0,134.0,157.0
257.0,346.0,550.0,86.0,329.0,445.0,217.0,346.0,430.0,304.0,470.0,457.0,380.0,296.0,202.0
111.0,89.0,549.0,20.0,200.0,214.0,75.0,420.0,103.0,136.0,468.0,133.0,54.0,311.0,172.0
76.0,41.0,184.0,8.0,292.0,127.0,6.0,45.0,46.0,80.0,275.0,134.0,26.0,55.0,307.0
152.0,180.0,549.0,33.0,341.0,260.0,75.0,420.0,184.0,358.0,468.0,582.0,149.0,312.0,404.0
311.0,338.0,481.0,110.0,229.0,175.0,86.0,315.0,551.0,296.0,387.0,98.0,529.0,240.0,107.0
178.0,241.0,320.0,45.0,233.0,348.0,96.0,204.0,222.0,188.0,241.0,172.0,195.0,65.0,202.0
217.0,310.0,507.0,133.0,524.0,390.0,391.0,364.0,571.0,319.0,410.0,456.0,624.0,291.0,101.0
146.0,133.0,283.0,31.0,83.0,241.0,19.0,165.0,253.0,154.0,208.0,100.0,36.0,152.0,63.0
270.0,185.0,294.0,36.0,89.0,227.0,82.0,180.0,205.0,166.0,215.0,181.0,171.0,130.0,72.0
103.0,78.0,215.0,18.0,106.0,213.0,35.0,92.0,501.0,113.0,128.0,133.0,54.0,66.0,87.0
214.0,718.0,299.0,60.0,230.0,767.0,165.0,83.0,302.0,214.0,222.0,249.0,272.0,57.0,201.0
123.0,108.0,491.0,24.0,105.0,215.0,43.0,358.0,163.0,304.0,400.0,231.0,90.0,477.0,87.0
270.0,187.0,590.0,86.0,131.0,268.0,226.0,476.0,431.0,408.0,345.0,803.0,337.0,173.0,198.0
163.0,128.0,661.0,243.0,329.0,87.0,61.0,16.0,457.0,524.0,206.0,257.0,122.0,81.0,406.0
119.0,95.0,256.0,27.0,212.0,445.0,78.0,148.0,222.0,141.0,226.0,151.0,161.0,96.0,178.0
288.0,461.0,417.0,95.0,141.0,486.0,54.0,195.0,571.0,273.0,320.0,323.0,429.0,88.0,111.0
410.0,367.0,580.0,183.0,448.0,437.0,396.0,363.0,111.0,404.0,508.0,822.0,923.0,292.0,678.0
376.0,718.0,536.0,146.0,47.0,706.0,13.0,415.0,579.0,346.0,458.0,460.0,678.0,510.0,43.0
168.0,225.0,386.0,38.0,227.0,310.0,85.0,296.0,223.0,187.0,320.0,208.0,175.0,218.0,153.0
92.0,28.0,385.0,15.0,73.0,56.0,23.0,32.0,127.0,247.0,298.0,303.0,42.0,21.0,38.0
288.0,193.0,449.0,95.0,311.0,261.0,184.0,322.0,457.0,273.0,366.0,355.0,408.0,246.0,334.0
156.0,205.0,317.0,34.0,211.0,288.0,78.0,204.0,191.0,188.0,239.0,162.0,158.0,146.0,175.0
374.0,693.0,361.0,137.0,234.0,422.0,98.0,285.0,568.0,306.0,297.0,430.0,678.0,202.0,216.0
83.0,47.0,204.0,14.0,73.0,133.0,19.0,83.0,111.0,99.0,206.0,76.0,40.0,64.0,30.0
126.0,130.0,254.0,27.0,168.0,397.0,54.0,140.0,171.0,140.0,187.0,162.0,101.0,88.0,25.0
232.0,185.0,355.0,65.0,292.0,261.0,170.0,251.0,314.0,223.0,295.0,268.0,284.0,184.0,455.0
163.0,325.0,223.0,13.0,45.0,422.0,9.0,92.0,98.0,120.0,152.0,101.0,33.0,66.0,31.0
429.0,259.0,514.0,201.0,88.0,362.0,30.0,391.0,184.0,381.0,414.0,580.0,905.0,305.0,71.0
125.0,130.0,254.0,25.0,131.0,230.0,50.0,141.0,168.0,138.0,226.0,162.0,92.0,95.0,74.0
999.0,999.0,999.0,999.0,85.0,999.0,15.0,999.0,999.0,999.0,681.0,822.0,999.0,999.0,64.0
257.0,238.0,379.0,71.0,75.0,319.0,226.0,292.0,369.0,243.0,309.0,175.0,337.0,208.0,55.0
268.0,373.0,395.0,80.0,344.0,230.0,222.0,297.0,571.0,252.0,321.0,302.0,336.0,292.0,422.0
271.0,409.0,511.0,87.0,174.0,490.0,247.0,391.0,330.0,358.0,408.0,580.0,408.0,292.0,117.0
196.0,259.0,190.0,51.0,151.0,212.0,99.0,98.0,272.0,191.0,91.0,228.0,200.0,79.0,190.0
132.0,137.0,507.0,29.0,157.0,249.0,54.0,377.0,168.0,316.0,410.0,449.0,101.0,291.0,201.0
122.0,92.0,240.0,23.0,128.0,328.0,42.0,111.0,145.0,129.0,160.0,126.0,76.0,76.0,99.0
257.0,346.0,580.0,183.0,735.0,333.0,485.0,470.0,357.0,404.0,500.0,312.0,864.0,318.0,119.0
271.0,48.0,238.0,89.0,329.0,315.0,213.0,115.0,454.0,120.0,148.0,117.0,316.0,101.0,32.0
115.0,95.0,258.0,22.0,117.0,205.0,45.0,146.0,141.0,144.0,203.0,197.0,54.0,96.0,69.0
244.0,323.0,363.0,70.0,184.0,56.0,237.0,266.0,343.0,238.0,299.0,207.0,419.0,186.0,155.0
113.0,90.0,396.0,21.0,86.0,200.0,29.0,297.0,199.0,129.0,326.0,164.0,45.0,101.0,69.0
330.0,612.0,500.0,117.0,73.0,534.0,23.0,476.0,38.0,304.0,408.0,428.0,583.0,409.0,213.0
121.0,104.0,242.0,23.0,28.0,213.0,2.0,130.0,33.0,132.0,165.0,127.0,19.0,82.0,12.0
157.0,205.0,326.0,35.0,83.0,297.0,76.0,323.0,198.0,160.0,243.0,561.0,155.0,628.0,107.0
111.0,89.0,207.0,21.0,112.0,191.0,35.0,83.0,188.0,106.0,126.0,81.0,55.0,62.0,87.0
73.0,27.0,142.0,6.0,45.0,56.0,4.0,31.0,38.0,67.0,128.0,50.0,19.0,17.0,154.0
375.0,194.0,542.0,148.0,280.0,247.0,530.0,420.0,38.0,358.0,468.0,374.0,726.0,308.0,307.0
377.0,95.0,738.0,140.0,216.0,212.0,107.0,704.0,571.0,322.0,245.0,460.0,200.0,493.0,175.0
160.0,214.0,701.0,27.0,200.0,143.0,80.0,509.0,168.0,174.0,833.0,197.0,167.0,409.0,173.0
178.0,233.0,340.0,45.0,184.0,320.0,61.0,223.0,139.0,188.0,250.0,221.0,122.0,184.0,156.0
154.0,185.0,363.0,33.0,310.0,261.0,172.0,228.0,184.0,154.0,299.0,241.0,140.0,174.0,89.0
217.0,304.0,347.0,60.0,280.0,388.0,150.0,240.0,297.0,203.0,261.0,155.0,270.0,184.0,43.0
138.0,182.0,126.0,25.0,151.0,261.0,50.0,29.0,195.0,61.0,27.0,0.0,92.0,16.0,154.0
375.0,193.0,528.0,140.0,639.0,276.0,391.0,264.0,571.0,322.0,411.0,457.0,864.0,186.0,818.0
330.0,133.0,449.0,96.0,445.0,308.0,254.0,322.0,466.0,275.0,129.0,221.0,380.0,246.0,246.0
236.0,322.0,281.0,51.0,177.0,393.0,99.0,83.0,270.0,191.0,207.0,228.0,200.0,64.0,154.0
999.0,999.0,999.0,999.0,999.0,999.0,999.0,999.0,999.0,999.0,373.0,264.0,999.0,999.0,999.0
123.0,129.0,294.0,24.0,138.0,200.0,46.0,181.0,314.0,137.0,201.0,137.0,89.0,170.0,114.0
132.0,137.0,356.0,63.0,277.0,247.0,147.0,223.0,210.0,225.0,274.0,282.0,269.0,170.0,229.0
244.0,323.0,693.0,70.0,278.0,341.0,180.0,565.0,341.0,580.0,252.0,125.0,288.0,442.0,351.0
271.0,403.0,475.0,87.0,186.0,310.0,237.0,331.0,134.0,269.0,382.0,322.0,406.0,255.0,155.0
111.0,89.0,299.0,21.0,28.0,87.0,4.0,195.0,119.0,228.0,222.0,287.0,12.0,192.0,11.0
244.0,323.0,379.0,70.0,303.0,182.0,171.0,292.0,170.0,238.0,299.0,298.0,284.0,208.0,334.0
167.0,300.0,303.0,38.0,229.0,373.0,85.0,39.0,223.0,176.0,232.0,197.0,176.0,24.0,201.0
77.0,41.0,179.0,8.0,47.0,102.0,19.0,32.0,69.0,67.0,465.0,50.0,27.0,79.0,32.0
126.0,131.0,657.0,248.0,448.0,235.0,78.0,415.0,829.0,416.0,509.0,822.0,161.0,308.0,331.0
181.0,235.0,363.0,70.0,322.0,362.0,203.0,280.0,343.0,230.0,298.0,288.0,303.0,87.0,390.0
146.0,173.0,223.0,23.0,365.0,230.0,188.0,94.0,145.0,129.0,248.0,139.0,76.0,173.0,582.0
317.0,515.0,487.0,109.0,226.0,212.0,274.0,358.0,500.0,296.0,322.0,387.0,524.0,269.0,175.0
156.0,193.0,201.0,35.0,189.0,277.0,76.0,61.0,197.0,223.0,94.0,126.0,156.0,34.0,157.0
316.0,515.0,180.0,106.0,476.0,498.0,262.0,39.0,503.0,296.0,108.0,355.0,500.0,25.0,582.0
152.0,179.0,278.0,33.0,292.0,260.0,59.0,313.0,184.0,151.0,201.0,162.0,102.0,235.0,308.0
147.0,174.0,179.0,17.0,112.0,259.0,45.0,39.0,120.0,112.0,63.0,100.0,83.0,24.0,192.0
154.0,182.0,207.0,16.0,98.0,260.0,32.0,83.0,107.0,107.0,117.0,108.0,49.0,64.0,180.0
202.0,278.0,336.0,51.0,262.0,259.0,121.0,212.0,281.0,193.0,249.0,236.0,239.0,162.0,247.0
129.0,89.0,240.0,27.0,197.0,193.0,75.0,205.0,170.0,129.0,157.0,127.0,85.0,152.0,116.0
196.0,257.0,336.0,51.0,191.0,348.0,67.0,206.0,271.0,197.0,248.0,241.0,140.0,149.0,155.0
97.0,55.0,105.0,16.0,89.0,143.0,29.0,16.0,117.0,108.0,88.0,98.0,46.0,16.0,74.0
73.0,28.0,157.0,6.0,43.0,56.0,2.0,32.0,38.0,67.0,57.0,50.0,19.0,21.0,25.0
154.0,188.0,311.0,34.0,168.0,270.0,75.0,186.0,193.0,156.0,164.0,178.0,145.0,17.0,154.0
140.0,163.0,208.0,30.0,176.0,255.0,50.0,80.0,178.0,112.0,126.0,100.0,108.0,57.0,148.0
152.0,180.0,279.0,33.0,15.0,260.0,1.0,163.0,199.0,154.0,204.0,165.0,0.0,107.0,4.0
330.0,612.0,475.0,112.0,429.0,534.0,253.0,364.0,107.0,304.0,394.0,203.0,583.0,275.0,566.0
130.0,137.0,553.0,29.0,253.0,241.0,106.0,438.0,178.0,151.0,470.0,162.0,44.0,311.0,220.0
306.0,40.0,488.0,91.0,329.0,86.0,213.0,346.0,454.0,273.0,400.0,196.0,579.0,255.0,122.0
87.0,48.0,379.0,71.0,303.0,60.0,171.0,296.0,357.0,243.0,299.0,298.0,284.0,213.0,333.0
375.0,717.0,395.0,143.0,229.0,259.0,43.0,297.0,276.0,356.0,321.0,98.0,678.0,217.0,187.0
259.0,118.0,382.0,77.0,83.0,221.0,28.0,718.0,314.0,247.0,309.0,304.0,48.0,496.0,64.0
152.0,188.0,201.0,33.0,168.0,277.0,54.0,83.0,187.0,92.0,100.0,76.0,101.0,64.0,102.0
311.0,276.0,224.0,97.0,243.0,281.0,99.0,97.0,498.0,278.0,179.0,348.0,264.0,57.0,215.0
137.0,185.0,278.0,30.0,233.0,261.0,95.0,202.0,181.0,151.0,201.0,162.0,195.0,148.0,9.0
270.0,376.0,411.0,91.0,311.0,491.0,180.0,322.0,454.0,264.0,326.0,298.0,284.0,246.0,157.0
113.0,90.0,125.0,21.0,141.0,294.0,40.0,27.0,139.0,120.0,29.0,98.0,68.0,24.0,55.0
271.0,406.0,392.0,80.0,344.0,479.0,222.0,565.0,419.0,252.0,214.0,302.0,336.0,491.0,422.0
158.0,205.0,417.0,80.0,277.0,288.0,139.0,83.0,428.0,271.0,204.0,322.0,264.0,64.0,248.0
196.0,257.0,346.0,57.0,277.0,349.0,139.0,297.0,271.0,201.0,257.0,248.0,264.0,291.0,248.0
181.0,235.0,322.0,46.0,252.0,143.0,99.0,204.0,239.0,120.0,241.0,117.0,200.0,149.0,218.0
288.0,461.0,330.0,95.0,446.0,259.0,258.0,205.0,547.0,192.0,245.0,228.0,444.0,149.0,582.0
210.0,284.0,340.0,57.0,275.0,373.0,139.0,216.0,293.0,201.0,250.0,248.0,264.0,218.0,247.0
317.0,515.0,382.0,97.0,434.0,373.0,261.0,292.0,503.0,246.0,309.0,304.0,494.0,208.0,566.0
271.0,406.0,507.0,104.0,191.0,489.0,69.0,391.0,168.0,306.0,408.0,423.0,140.0,300.0,157.0
163.0,205.0,350.0,36.0,277.0,281.0,139.0,240.0,210.0,197.0,274.0,241.0,264.0,179.0,247.0
114.0,257.0,258.0,23.0,228.0,348.0,85.0,83.0,199.0,129.0,189.0,125.0,76.0,64.0,190.0
206.0,281.0,322.0,51.0,112.0,308.0,121.0,204.0,122.0,193.0,241.0,236.0,238.0,134.0,88.0
168.0,225.0,300.0,38.0,229.0,310.0,92.0,192.0,223.0,176.0,215.0,197.0,145.0,133.0,190.0
115.0,103.0,255.0,20.0,112.0,211.0,35.0,718.0,134.0,139.0,182.0,164.0,55.0,496.0,87.0
133.0,141.0,238.0,29.0,85.0,249.0,29.0,202.0,173.0,120.0,152.0,115.0,101.0,146.0,69.0
95.0,55.0,223.0,16.0,410.0,143.0,9.0,94.0,117.0,108.0,117.0,95.0,46.0,122.0,473.0
266.0,372.0,385.0,85.0,446.0,445.0,226.0,292.0,425.0,256.0,325.0,312.0,344.0,16.0,582.0
187.0,253.0,283.0,51.0,257.0,348.0,108.0,163.0,271.0,156.0,208.0,173.0,214.0,107.0,220.0
273.0,346.0,386.0,91.0,524.0,460.0,247.0,296.0,454.0,247.0,320.0,307.0,419.0,248.0,699.0
156.0,163.0,292.0,34.0,200.0,261.0,79.0,180.0,194.0,156.0,208.0,178.0,145.0,72.0,172.0
270.0,249.0,239.0,20.0,112.0,349.0,35.0,111.0,132.0,128.0,230.0,117.0,55.0,71.0,80.0
217.0,135.0,747.0,60.0,279.0,241.0,148.0,718.0,296.0,660.0,758.0,911.0,270.0,503.0,274.0
270.0,391.0,414.0,86.0,313.0,460.0,199.0,313.0,430.0,265.0,326.0,312.0,291.0,300.0,351.0
76.0,41.0,208.0,15.0,75.0,112.0,22.0,83.0,105.0,105.0,91.0,84.0,40.0,64.0,55.0
152.0,179.0,240.0,33.0,288.0,312.0,76.0,110.0,232.0,129.0,149.0,124.0,155.0,208.0,202.0
104.0,78.0,215.0,19.0,89.0,210.0,32.0,84.0,125.0,112.0,170.0,101.0,48.0,64.0,74.0
123.0,109.0,214.0,23.0,248.0,220.0,101.0,264.0,145.0,108.0,128.0,100.0,76.0,409.0,218.0
139.0,163.0,278.0,30.0,174.0,261.0,58.0,158.0,120.0,151.0,201.0,162.0,128.0,107.0,99.0
414.0,769.0,549.0,153.0,253.0,809.0,530.0,420.0,232.0,356.0,465.0,561.0,726.0,312.0,153.0
178.0,241.0,298.0,45.0,277.0,213.0,138.0,222.0,172.0,171.0,208.0,155.0,195.0,170.0,250.0
80.0,41.0,111.0,15.0,73.0,102.0,19.0,26.0,103.0,105.0,5.0,84.0,40.0,16.0,55.0
84.0,27.0,747.0,12.0,55.0,42.0,18.0,738.0,99.0,660.0,833.0,705.0,36.0,496.0,99.0
157.0,210.0,260.0,36.0,83.0,293.0,75.0,148.0,173.0,167.0,204.0,186.0,154.0,101.0,32.0
165.0,232.0,299.0,36.0,176.0,315.0,61.0,189.0,213.0,167.0,220.0,246.0,174.0,269.0,153.0
257.0,367.0,294.0,71.0,134.0,418.0,45.0,204.0,237.0,243.0,654.0,298.0,330.0,150.0,32.0
105.0,82.0,294.0,32.0,226.0,60.0,83.0,180.0,182.0,160.0,244.0,163.0,156.0,106.0,180.0
133.0,129.0,183.0,29.0,132.0,212.0,43.0,45.0,173.0,144.0,64.0,155.0,77.0,25.0,107.0
119.0,104.0,283.0,33.0,137.0,212.0,46.0,31.0,184.0,154.0,207.0,172.0,128.0,20.0,111.0
124.0,130.0,476.0,24.0,137.0,253.0,46.0,341.0,163.0,304.0,382.0,428.0,89.0,16.0,110.0
233.0,461.0,355.0,61.0,288.0,486.0,165.0,251.0,223.0,202.0,320.0,254.0,272.0,184.0,308.0
182.0,310.0,316.0,50.0,229.0,390.0,95.0,201.0,302.0,188.0,239.0,244.0,195.0,90.0,201.0
160.0,434.0,316.0,45.0,238.0,468.0,99.0,201.0,215.0,188.0,230.0,139.0,200.0,148.0,214.0
147.0,185.0,693.0,32.0,216.0,268.0,98.0,509.0,223.0,154.0,411.0,165.0,123.0,339.0,179.0
233.0,316.0,355.0,67.0,303.0,448.0,171.0,251.0,270.0,225.0,286.0,282.0,284.0,184.0,83.0
113.0,90.0,240.0,21.0,176.0,200.0,61.0,109.0,139.0,129.0,157.0,118.0,70.0,201.0,148.0
156.0,717.0,340.0,15.0,73.0,706.0,18.0,241.0,103.0,201.0,290.0,208.0,40.0,192.0,87.0
205.0,274.0,347.0,51.0,175.0,272.0,58.0,225.0,292.0,197.0,262.0,246.0,273.0,173.0,144.0
152.0,182.0,549.0,45.0,230.0,261.0,98.0,420.0,292.0,192.0,468.0,231.0,200.0,308.0,201.0
71.0,27.0,179.0,7.0,47.0,56.0,7.0,39.0,50.0,76.0,63.0,61.0,26.0,24.0,55.0
338.0,45.0,336.0,51.0,150.0,127.0,50.0,214.0,272.0,196.0,248.0,162.0,92.0,169.0,144.0
100.0,64.0,532.0,17.0,89.0,156.0,30.0,403.0,119.0,347.0,419.0,456.0,47.0,305.0,107.0
168.0,225.0,252.0,40.0,569.0,328.0,254.0,363.0,223.0,75.0,176.0,76.0,175.0,269.0,322.0
83.0,43.0,258.0,12.0,45.0,124.0,15.0,148.0,99.0,144.0,188.0,155.0,33.0,96.0,30.0
176.0,461.0,326.0,51.0,279.0,238.0,148.0,214.0,227.0,192.0,234.0,228.0,269.0,145.0,274.0
163.0,225.0,293.0,35.0,208.0,310.0,78.0,176.0,199.0,160.0,211.0,181.0,155.0,129.0,175.0
102.0,71.0,542.0,112.0,445.0,159.0,262.0,420.0,199.0,304.0,468.0,428.0,579.0,309.0,180.0
154.0,188.0,580.0,34.0,161.0,270.0,23.0,364.0,193.0,403.0,508.0,681.0,145.0,122.0,31.0
113.0,90.0,252.0,24.0,118.0,154.0,50.0,140.0,184.0,137.0,200.0,149.0,92.0,91.0,97.0
158.0,205.0,312.0,35.0,211.0,288.0,78.0,198.0,199.0,185.0,238.0,240.0,158.0,145.0,175.0
288.0,461.0,339.0,56.0,310.0,486.0,184.0,290.0,293.0,199.0,226.0,246.0,288.0,205.0,341.0
257.0,346.0,532.0,71.0,175.0,430.0,339.0,406.0,333.0,347.0,527.0,460.0,309.0,309.0,140.0
71.0,21.0,179.0,6.0,45.0,42.0,6.0,39.0,187.0,76.0,400.0,118.0,26.0,25.0,30.0
80.0,42.0,386.0,60.0,175.0,103.0,59.0,296.0,302.0,203.0,333.0,263.0,270.0,218.0,153.0
94.0,55.0,206.0,16.0,112.0,160.0,35.0,73.0,172.0,103.0,122.0,156.0,55.0,16.0,91.0
115.0,95.0,240.0,23.0,85.0,221.0,28.0,111.0,145.0,130.0,154.0,125.0,76.0,77.0,63.0
103.0,76.0,215.0,18.0,100.0,182.0,32.0,194.0,122.0,112.0,119.0,100.0,51.0,159.0,81.0
73.0,28.0,179.0,6.0,47.0,60.0,15.0,62.0,24.0,71.0,239.0,58.0,36.0,28.0,81.0
206.0,274.0,339.0,56.0,288.0,362.0,165.0,216.0,292.0,199.0,250.0,257.0,259.0,167.0,201.0
73.0,21.0,125.0,7.0,55.0,249.0,16.0,27.0,46.0,58.0,78.0,23.0,19.0,17.0,45.0
112.0,105.0,257.0,21.0,112.0,210.0,35.0,146.0,139.0,136.0,123.0,126.0,55.0,96.0,124.0
132.0,137.0,206.0,29.0,217.0,247.0,78.0,83.0,173.0,25.0,110.0,0.0,102.0,57.0,187.0
146.0,173.0,258.0,27.0,117.0,256.0,50.0,146.0,171.0,144.0,188.0,149.0,95.0,71.0,87.0
319.0,154.0,491.0,114.0,524.0,254.0,274.0,440.0,98.0,304.0,241.0,374.0,583.0,312.0,582.0
252.0,331.0,549.0,80.0,365.0,374.0,226.0,420.0,330.0,252.0,225.0,325.0,337.0,311.0,678.0
138.0,235.0,257.0,30.0,175.0,656.0,58.0,144.0,81.0,154.0,188.0,197.0,113.0,95.0,142.0
165.0,222.0,247.0,38.0,448.0,308.0,83.0,141.0,213.0,139.0,128.0,316.0,174.0,92.0,604.0
84.0,48.0,207.0,14.0,55.0,214.0,18.0,78.0,107.0,101.0,122.0,115.0,36.0,57.0,43.0
84.0,47.0,187.0,11.0,54.0,333.0,15.0,738.0,95.0,84.0,87.0,117.0,35.0,496.0,42.0
123.0,92.0,215.0,24.0,117.0,211.0,45.0,90.0,163.0,112.0,325.0,101.0,85.0,68.0,87.0
126.0,169.0,260.0,27.0,161.0,235.0,53.0,141.0,173.0,140.0,201.0,428.0,101.0,92.0,125.0
80.0,41.0,693.0,9.0,47.0,102.0,9.0,565.0,271.0,82.0,654.0,69.0,33.0,493.0,32.0
183.0,249.0,323.0,50.0,177.0,348.0,75.0,144.0,253.0,190.0,241.0,228.0,149.0,95.0,155.0
152.0,180.0,283.0,33.0,177.0,260.0,61.0,168.0,210.0,154.0,207.0,167.0,149.0,133.0,154.0
138.0,185.0,279.0,33.0,128.0,261.0,40.0,175.0,184.0,154.0,204.0,165.0,73.0,123.0,101.0
268.0,373.0,386.0,91.0,197.0,445.0,119.0,316.0,454.0,273.0,320.0,323.0,583.0,256.0,148.0
86.0,37.0,254.0,15.0,73.0,277.0,19.0,140.0,103.0,138.0,222.0,139.0,40.0,91.0,43.0
233.0,316.0,360.0,65.0,252.0,393.0,107.0,204.0,314.0,223.0,295.0,277.0,212.0,503.0,218.0
80.0,45.0,201.0,11.0,191.0,127.0,54.0,32.0,98.0,85.0,94.0,76.0,44.0,21.0,156.0
80.0,41.0,142.0,9.0,132.0,101.0,45.0,31.0,76.0,67.0,333.0,50.0,84.0,21.0,114.0
122.0,105.0,240.0,24.0,203.0,156.0,99.0,115.0,163.0,136.0,165.0,133.0,84.0,241.0,170.0
73.0,53.0,300.0,6.0,28.0,143.0,2.0,189.0,38.0,67.0,226.0,50.0,19.0,123.0,11.0
205.0,346.0,363.0,55.0,311.0,479.0,121.0,280.0,288.0,198.0,302.0,241.0,252.0,201.0,334.0
157.0,205.0,323.0,35.0,131.0,289.0,43.0,140.0,198.0,190.0,239.0,221.0,155.0,116.0,102.0
154.0,187.0,266.0,51.0,238.0,270.0,107.0,154.0,270.0,191.0,200.0,228.0,212.0,106.0,213.0
270.0,403.0,461.0,86.0,261.0,462.0,247.0,299.0,431.0,275.0,470.0,76.0,380.0,82.0,242.0
126.0,129.0,257.0,27.0,128.0,211.0,42.0,155.0,171.0,141.0,188.0,138.0,27.0,106.0,95.0
114.0,89.0,251.0,22.0,132.0,193.0,43.0,132.0,145.0,132.0,164.0,126.0,70.0,87.0,125.0
196.0,259.0,346.0,58.0,279.0,155.0,148.0,240.0,296.0,201.0,325.0,246.0,269.0,180.0,216.0
191.0,261.0,184.0,51.0,257.0,358.0,121.0,45.0,292.0,190.0,78.0,220.0,239.0,28.0,216.0
232.0,310.0,130.0,91.0,238.0,390.0,99.0,31.0,454.0,273.0,29.0,323.0,101.0,106.0,213.0
126.0,131.0,385.0,26.0,131.0,293.0,45.0,293.0,170.0,247.0,386.0,304.0,85.0,205.0,101.0
104.0,78.0,105.0,18.0,15.0,143.0,1.0,16.0,122.0,113.0,240.0,127.0,10.0,16.0,183.0
92.0,203.0,207.0,15.0,83.0,281.0,23.0,82.0,54.0,106.0,179.0,91.0,42.0,62.0,55.0
126.0,130.0,252.0,26.0,157.0,288.0,50.0,140.0,69.0,137.0,176.0,137.0,92.0,91.0,119.0
182.0,238.0,322.0,50.0,237.0,348.0,108.0,225.0,253.0,188.0,241.0,221.0,209.0,123.0,218.0
178.0,231.0,322.0,45.0,100.0,315.0,33.0,204.0,199.0,188.0,241.0,353.0,195.0,150.0,81.0
271.0,403.0,449.0,87.0,415.0,175.0,243.0,327.0,457.0,269.0,402.0,323.0,408.0,248.0,473.0
181.0,231.0,326.0,45.0,176.0,315.0,58.0,198.0,117.0,187.0,226.0,240.0,200.0,145.0,154.0
140.0,130.0,532.0,32.0,228.0,56.0,85.0,406.0,184.0,347.0,449.0,463.0,123.0,318.0,87.0
133.0,141.0,278.0,29.0,137.0,249.0,46.0,481.0,173.0,150.0,201.0,162.0,204.0,503.0,111.0
376.0,717.0,532.0,146.0,117.0,706.0,35.0,406.0,369.0,347.0,410.0,460.0,726.0,305.0,94.0
181.0,234.0,316.0,46.0,86.0,310.0,75.0,200.0,271.0,188.0,241.0,236.0,154.0,296.0,56.0
138.0,137.0,279.0,30.0,175.0,212.0,59.0,205.0,178.0,153.0,203.0,163.0,108.0,149.0,144.0
100.0,62.0,105.0,17.0,89.0,155.0,30.0,31.0,223.0,108.0,5.0,100.0,46.0,17.0,43.0
138.0,137.0,278.0,30.0,175.0,238.0,58.0,163.0,180.0,151.0,201.0,162.0,109.0,111.0,119.0
92.0,48.0,126.0,6.0,191.0,127.0,69.0,29.0,270.0,58.0,0.0,23.0,155.0,17.0,153.0
124.0,137.0,251.0,27.0,137.0,249.0,46.0,137.0,170.0,140.0,173.0,151.0,89.0,134.0,97.0
264.0,367.0,553.0,109.0,403.0,460.0,230.0,459.0,501.0,296.0,470.0,374.0,406.0,314.0,469.0
97.0,55.0,530.0,16.0,85.0,143.0,28.0,406.0,117.0,106.0,274.0,92.0,46.0,305.0,66.0
73.0,43.0,142.0,6.0,0.0,127.0,0.0,31.0,34.0,63.0,249.0,47.0,0.0,20.0,0.0
206.0,292.0,382.0,56.0,262.0,373.0,129.0,296.0,290.0,207.0,320.0,263.0,260.0,201.0,246.0
211.0,301.0,266.0,57.0,360.0,393.0,226.0,738.0,296.0,201.0,87.0,248.0,369.0,496.0,455.0
123.0,130.0,550.0,153.0,17.0,188.0,2.0,470.0,111.0,356.0,470.0,561.0,726.0,321.0,9.0
264.0,306.0,382.0,80.0,365.0,393.0,226.0,403.0,425.0,246.0,321.0,301.0,344.0,305.0,455.0
330.0,612.0,488.0,114.0,322.0,767.0,213.0,353.0,551.0,304.0,400.0,460.0,583.0,303.0,93.0
256.0,332.0,322.0,133.0,723.0,430.0,396.0,204.0,568.0,190.0,241.0,214.0,624.0,150.0,566.0
271.0,391.0,580.0,97.0,252.0,460.0,217.0,470.0,452.0,580.0,274.0,894.0,330.0,305.0,218.0
73.0,27.0,142.0,6.0,128.0,56.0,42.0,31.0,38.0,67.0,240.0,70.0,195.0,21.0,119.0
206.0,278.0,374.0,56.0,261.0,365.0,127.0,232.0,292.0,243.0,309.0,298.0,259.0,180.0,242.0
73.0,36.0,180.0,7.0,43.0,227.0,5.0,39.0,46.0,76.0,63.0,61.0,23.0,17.0,12.0
235.0,317.0,385.0,77.0,303.0,393.0,217.0,296.0,147.0,247.0,250.0,303.0,331.0,213.0,329.0
113.0,90.0,240.0,21.0,54.0,200.0,16.0,144.0,139.0,129.0,160.0,125.0,95.0,218.0,42.0
202.0,259.0,336.0,51.0,131.0,348.0,217.0,322.0,276.0,196.0,245.0,236.0,369.0,246.0,99.0
140.0,164.0,111.0,30.0,175.0,260.0,58.0,32.0,178.0,120.0,27.0,117.0,109.0,79.0,144.0
180.0,233.0,855.0,29.0,168.0,320.0,54.0,940.0,184.0,106.0,999.0,91.0,101.0,889.0,102.0
70.0,21.0,111.0,19.0,186.0,222.0,32.0,26.0,145.0,58.0,149.0,173.0,49.0,16.0,182.0
100.0,62.0,215.0,17.0,100.0,155.0,32.0,84.0,103.0,112.0,128.0,100.0,44.0,64.0,81.0
210.0,281.0,350.0,57.0,277.0,272.0,139.0,251.0,281.0,201.0,275.0,248.0,264.0,184.0,240.0
235.0,317.0,350.0,65.0,277.0,393.0,139.0,59.0,314.0,214.0,274.0,165.0,284.0,28.0,247.0
187.0,253.0,385.0,77.0,448.0,348.0,254.0,297.0,347.0,247.0,310.0,172.0,288.0,218.0,331.0
112.0,90.0,323.0,21.0,175.0,191.0,58.0,204.0,122.0,188.0,241.0,221.0,108.0,201.0,157.0
241.0,323.0,255.0,70.0,242.0,407.0,99.0,141.0,333.0,214.0,177.0,268.0,202.0,111.0,214.0
319.0,515.0,428.0,114.0,188.0,460.0,67.0,620.0,545.0,296.0,373.0,355.0,583.0,308.0,157.0
154.0,188.0,238.0,34.0,229.0,270.0,92.0,103.0,191.0,112.0,152.0,98.0,181.0,106.0,190.0
168.0,225.0,271.0,30.0,128.0,310.0,226.0,175.0,180.0,151.0,200.0,162.0,288.0,133.0,117.0
181.0,233.0,279.0,46.0,218.0,320.0,99.0,176.0,210.0,154.0,203.0,155.0,200.0,152.0,170.0
86.0,48.0,267.0,8.0,47.0,118.0,9.0,144.0,69.0,101.0,200.0,68.0,27.0,412.0,32.0
375.0,693.0,528.0,140.0,55.0,220.0,166.0,398.0,571.0,322.0,408.0,457.0,588.0,173.0,43.0
217.0,423.0,511.0,133.0,73.0,220.0,5.0,398.0,570.0,316.0,57.0,449.0,238.0,496.0,118.0
235.0,325.0,356.0,65.0,104.0,425.0,35.0,214.0,314.0,223.0,307.0,280.0,284.0,162.0,84.0
167.0,40.0,300.0,38.0,227.0,86.0,85.0,189.0,223.0,176.0,222.0,197.0,175.0,133.0,183.0
330.0,331.0,530.0,133.0,723.0,222.0,396.0,403.0,547.0,306.0,419.0,428.0,624.0,305.0,469.0
101.0,64.0,396.0,87.0,329.0,156.0,222.0,297.0,428.0,269.0,320.0,322.0,336.0,20.0,229.0
24.0,21.0,179.0,3.0,45.0,215.0,5.0,39.0,12.0,25.0,241.0,0.0,23.0,312.0,31.0
75.0,37.0,180.0,14.0,112.0,82.0,2.0,39.0,99.0,99.0,64.0,76.0,25.0,27.0,93.0
123.0,115.0,207.0,16.0,83.0,222.0,23.0,80.0,122.0,106.0,120.0,92.0,43.0,57.0,64.0
114.0,95.0,260.0,22.0,128.0,205.0,42.0,154.0,144.0,144.0,188.0,140.0,70.0,95.0,99.0
333.0,338.0,507.0,128.0,55.0,429.0,382.0,61.0,547.0,306.0,408.0,430.0,588.0,34.0,43.0
181.0,235.0,316.0,46.0,279.0,341.0,99.0,201.0,232.0,188.0,239.0,303.0,202.0,148.0,111.0
91.0,48.0,207.0,15.0,177.0,143.0,32.0,155.0,105.0,106.0,164.0,91.0,42.0,107.0,154.0
237.0,323.0,361.0,70.0,216.0,404.0,166.0,214.0,333.0,228.0,408.0,288.0,288.0,173.0,180.0
123.0,104.0,252.0,25.0,117.0,212.0,46.0,141.0,168.0,137.0,204.0,137.0,92.0,92.0,101.0
333.0,612.0,511.0,133.0,261.0,534.0,75.0,363.0,571.0,316.0,411.0,446.0,579.0,271.0,242.0
232.0,310.0,351.0,60.0,288.0,390.0,165.0,201.0,302.0,213.0,286.0,263.0,272.0,162.0,173.0
270.0,403.0,693.0,248.0,184.0,462.0,203.0,572.0,173.0,580.0,408.0,894.0,369.0,409.0,155.0
156.0,185.0,346.0,57.0,261.0,268.0,139.0,223.0,271.0,201.0,264.0,248.0,264.0,170.0,238.0
114.0,78.0,240.0,22.0,118.0,250.0,38.0,111.0,141.0,129.0,157.0,125.0,70.0,77.0,102.0
