271.0,406.0,639.0,153.0,85.0,460.0,530.0,481.0,454.0,411.0,500.0,803.0,726.0,328.0,66.0
75.0,41.0,184.0,8.0,75.0,82.0,22.0,39.0,54.0,80.0,88.0,72.0,26.0,24.0,56.0
96.0,55.0,0.0,0.0,0.0,155.0,0.0,16.0,466.0,0.0,0.0,84.0,0.0,296.0,0.0
317.0,331.0,661.0,109.0,476.0,422.0,262.0,509.0,501.0,580.0,465.0,911.0,529.0,339.0,678.0
202.0,261.0,310.0,41.0,292.0,288.0,99.0,195.0,222.0,182.0,226.0,207.0,202.0,116.0,307.0
306.0,434.0,485.0,104.0,476.0,484.0,262.0,392.0,500.0,296.0,389.0,355.0,500.0,503.0,678.0
95.0,55.0,485.0,96.0,208.0,156.0,261.0,323.0,466.0,296.0,175.0,355.0,464.0,247.0,175.0
154.0,185.0,339.0,51.0,211.0,260.0,78.0,205.0,271.0,192.0,203.0,178.0,214.0,17.0,175.0
271.0,241.0,414.0,86.0,89.0,348.0,30.0,312.0,430.0,265.0,326.0,317.0,70.0,296.0,73.0
256.0,332.0,553.0,77.0,329.0,439.0,220.0,476.0,178.0,247.0,483.0,303.0,334.0,321.0,404.0
126.0,131.0,738.0,104.0,524.0,238.0,274.0,438.0,503.0,411.0,249.0,374.0,524.0,312.0,144.0
233.0,316.0,353.0,64.0,258.0,393.0,127.0,297.0,314.0,214.0,272.0,268.0,259.0,246.0,250.0
84.0,43.0,207.0,14.0,55.0,127.0,16.0,297.0,99.0,106.0,117.0,91.0,33.0,218.0,9.0
103.0,76.0,187.0,19.0,403.0,238.0,226.0,49.0,129.0,82.0,87.0,70.0,344.0,57.0,469.0
316.0,515.0,351.0,153.0,106.0,486.0,35.0,327.0,571.0,356.0,230.0,561.0,726.0,248.0,87.0
76.0,41.0,320.0,8.0,43.0,143.0,6.0,202.0,54.0,188.0,240.0,221.0,26.0,148.0,12.0
178.0,232.0,317.0,45.0,212.0,319.0,99.0,202.0,237.0,188.0,210.0,214.0,200.0,148.0,187.0
104.0,78.0,222.0,18.0,218.0,425.0,32.0,98.0,122.0,112.0,129.0,101.0,51.0,72.0,188.0
171.0,210.0,316.0,56.0,261.0,270.0,126.0,306.0,293.0,200.0,239.0,248.0,260.0,146.0,214.0
129.0,129.0,385.0,80.0,132.0,249.0,222.0,297.0,425.0,247.0,214.0,303.0,336.0,217.0,107.0
96.0,55.0,223.0,16.0,86.0,155.0,29.0,459.0,145.0,115.0,203.0,76.0,43.0,122.0,71.0
138.0,105.0,336.0,63.0,292.0,238.0,166.0,206.0,311.0,197.0,249.0,240.0,276.0,158.0,307.0
152.0,130.0,240.0,23.0,85.0,230.0,28.0,353.0,158.0,136.0,165.0,126.0,77.0,269.0,64.0
271.0,391.0,738.0,86.0,191.0,429.0,75.0,620.0,430.0,264.0,200.0,317.0,264.0,312.0,158.0
111.0,89.0,661.0,21.0,279.0,191.0,148.0,509.0,134.0,595.0,321.0,911.0,408.0,390.0,246.0
196.0,259.0,336.0,51.0,261.0,319.0,126.0,206.0,271.0,197.0,245.0,323.0,219.0,158.0,242.0
80.0,693.0,207.0,11.0,83.0,489.0,23.0,83.0,171.0,106.0,119.0,91.0,33.0,412.0,455.0
103.0,71.0,222.0,18.0,118.0,159.0,38.0,92.0,125.0,113.0,182.0,105.0,43.0,66.0,142.0
152.0,185.0,310.0,51.0,50.0,268.0,2.0,192.0,270.0,185.0,234.0,212.0,5.0,111.0,87.0
182.0,154.0,311.0,50.0,128.0,241.0,105.0,197.0,253.0,188.0,483.0,221.0,209.0,145.0,32.0
123.0,115.0,582.0,11.0,89.0,212.0,30.0,601.0,81.0,408.0,509.0,799.0,33.0,442.0,77.0
83.0,36.0,278.0,13.0,55.0,56.0,18.0,158.0,98.0,151.0,201.0,162.0,35.0,57.0,131.0
104.0,78.0,222.0,18.0,89.0,220.0,30.0,94.0,122.0,113.0,117.0,105.0,49.0,169.0,72.0
205.0,284.0,180.0,6.0,161.0,372.0,53.0,39.0,500.0,75.0,64.0,58.0,44.0,245.0,125.0
163.0,214.0,240.0,86.0,89.0,294.0,226.0,110.0,428.0,275.0,164.0,231.0,369.0,77.0,73.0
134.0,130.0,258.0,29.0,288.0,230.0,61.0,146.0,173.0,144.0,189.0,139.0,102.0,493.0,416.0
163.0,215.0,332.0,36.0,242.0,297.0,83.0,202.0,210.0,171.0,245.0,185.0,167.0,148.0,214.0
77.0,40.0,312.0,8.0,37.0,87.0,5.0,198.0,69.0,184.0,238.0,207.0,12.0,34.0,71.0
271.0,346.0,255.0,86.0,415.0,437.0,230.0,124.0,431.0,264.0,165.0,312.0,419.0,134.0,566.0
233.0,317.0,311.0,65.0,252.0,260.0,121.0,198.0,297.0,246.0,236.0,302.0,252.0,137.0,213.0
103.0,72.0,222.0,18.0,100.0,159.0,33.0,297.0,122.0,113.0,199.0,125.0,52.0,217.0,81.0
80.0,41.0,187.0,11.0,89.0,155.0,19.0,47.0,81.0,82.0,84.0,268.0,33.0,26.0,83.0
123.0,109.0,350.0,24.0,131.0,216.0,45.0,240.0,163.0,137.0,234.0,137.0,89.0,184.0,101.0
73.0,43.0,157.0,7.0,50.0,124.0,6.0,31.0,117.0,71.0,57.0,76.0,19.0,21.0,44.0
287.0,434.0,294.0,95.0,104.0,498.0,33.0,187.0,454.0,165.0,214.0,190.0,35.0,491.0,89.0
163.0,210.0,263.0,33.0,132.0,293.0,45.0,149.0,215.0,147.0,189.0,162.0,145.0,333.0,107.0
101.0,106.0,187.0,5.0,0.0,214.0,0.0,32.0,38.0,82.0,87.0,70.0,0.0,17.0,0.0
124.0,141.0,532.0,201.0,229.0,249.0,86.0,406.0,313.0,347.0,449.0,456.0,905.0,328.0,188.0
77.0,41.0,266.0,8.0,28.0,191.0,4.0,154.0,69.0,80.0,200.0,58.0,27.0,102.0,9.0
129.0,21.0,266.0,27.0,260.0,382.0,121.0,16.0,171.0,141.0,200.0,149.0,309.0,16.0,240.0
233.0,205.0,386.0,65.0,237.0,288.0,99.0,92.0,314.0,247.0,320.0,302.0,284.0,66.0,213.0
104.0,78.0,180.0,23.0,128.0,188.0,42.0,15.0,158.0,76.0,63.0,61.0,76.0,17.0,99.0
256.0,332.0,382.0,73.0,344.0,429.0,222.0,292.0,172.0,246.0,310.0,302.0,330.0,259.0,422.0
104.0,205.0,283.0,18.0,47.0,281.0,9.0,168.0,122.0,156.0,207.0,68.0,33.0,119.0,32.0
111.0,89.0,201.0,23.0,128.0,191.0,42.0,83.0,139.0,92.0,100.0,76.0,76.0,72.0,99.0
256.0,332.0,382.0,78.0,415.0,429.0,226.0,297.0,425.0,247.0,307.0,304.0,334.0,213.0,187.0
126.0,131.0,240.0,27.0,226.0,272.0,82.0,103.0,177.0,132.0,176.0,127.0,97.0,72.0,187.0
232.0,323.0,266.0,29.0,131.0,404.0,43.0,154.0,178.0,150.0,200.0,162.0,76.0,106.0,119.0
196.0,257.0,313.0,65.0,310.0,348.0,172.0,115.0,290.0,188.0,234.0,221.0,284.0,613.0,329.0
311.0,106.0,657.0,248.0,999.0,215.0,999.0,508.0,999.0,425.0,509.0,282.0,999.0,496.0,999.0
160.0,222.0,283.0,33.0,191.0,308.0,69.0,156.0,187.0,154.0,207.0,172.0,140.0,134.0,158.0
202.0,274.0,852.0,70.0,446.0,362.0,258.0,756.0,333.0,228.0,189.0,287.0,288.0,510.0,107.0
178.0,233.0,475.0,45.0,229.0,320.0,99.0,342.0,232.0,188.0,241.0,214.0,195.0,258.0,201.0
84.0,47.0,240.0,14.0,86.0,127.0,29.0,110.0,99.0,129.0,160.0,174.0,46.0,77.0,329.0
270.0,301.0,447.0,91.0,117.0,390.0,35.0,322.0,454.0,273.0,366.0,323.0,380.0,246.0,89.0
241.0,323.0,360.0,65.0,303.0,404.0,171.0,205.0,314.0,223.0,295.0,302.0,284.0,132.0,307.0
73.0,27.0,530.0,6.0,184.0,56.0,5.0,403.0,38.0,347.0,419.0,84.0,23.0,308.0,155.0
122.0,106.0,283.0,26.0,329.0,214.0,50.0,168.0,168.0,150.0,207.0,162.0,92.0,131.0,262.0
330.0,590.0,491.0,114.0,229.0,373.0,5.0,10.0,297.0,304.0,402.0,423.0,23.0,17.0,190.0
100.0,62.0,207.0,17.0,89.0,155.0,30.0,92.0,120.0,112.0,8.0,95.0,46.0,66.0,73.0
123.0,118.0,256.0,26.0,157.0,221.0,50.0,144.0,168.0,139.0,187.0,140.0,92.0,241.0,122.0
105.0,64.0,125.0,5.0,17.0,155.0,2.0,27.0,54.0,58.0,87.0,0.0,5.0,17.0,0.0
97.0,55.0,187.0,16.0,86.0,154.0,29.0,49.0,117.0,82.0,87.0,167.0,46.0,314.0,69.0
115.0,95.0,215.0,23.0,126.0,210.0,40.0,84.0,144.0,112.0,128.0,101.0,73.0,28.0,95.0
152.0,137.0,278.0,32.0,191.0,250.0,69.0,222.0,171.0,165.0,201.0,187.0,140.0,173.0,173.0
121.0,105.0,72.0,23.0,131.0,208.0,45.0,31.0,184.0,132.0,100.0,127.0,84.0,21.0,101.0
206.0,205.0,481.0,55.0,218.0,297.0,150.0,391.0,292.0,296.0,387.0,151.0,256.0,300.0,178.0
319.0,233.0,738.0,201.0,134.0,320.0,40.0,704.0,158.0,403.0,582.0,221.0,864.0,493.0,307.0
103.0,78.0,582.0,19.0,43.0,261.0,29.0,299.0,119.0,114.0,509.0,100.0,46.0,79.0,32.0
182.0,241.0,340.0,50.0,310.0,348.0,203.0,398.0,252.0,196.0,252.0,244.0,195.0,305.0,201.0
156.0,203.0,330.0,41.0,230.0,280.0,94.0,290.0,223.0,192.0,244.0,423.0,191.0,205.0,201.0
156.0,193.0,300.0,34.0,89.0,277.0,30.0,189.0,195.0,174.0,64.0,196.0,177.0,137.0,73.0
91.0,48.0,207.0,15.0,83.0,133.0,23.0,62.0,147.0,105.0,148.0,61.0,42.0,613.0,74.0
205.0,276.0,337.0,56.0,476.0,270.0,262.0,206.0,293.0,199.0,249.0,241.0,260.0,137.0,139.0
113.0,90.0,549.0,21.0,32.0,203.0,5.0,420.0,139.0,358.0,468.0,95.0,25.0,311.0,12.0
306.0,87.0,580.0,183.0,415.0,210.0,570.0,470.0,129.0,404.0,508.0,681.0,888.0,312.0,231.0
80.0,36.0,688.0,17.0,89.0,103.0,30.0,532.0,119.0,108.0,654.0,68.0,46.0,412.0,73.0
126.0,130.0,299.0,20.0,83.0,230.0,35.0,175.0,182.0,176.0,222.0,197.0,55.0,90.0,43.0
233.0,306.0,356.0,65.0,312.0,390.0,171.0,251.0,314.0,223.0,287.0,280.0,284.0,184.0,158.0
81.0,205.0,507.0,13.0,122.0,281.0,23.0,364.0,105.0,101.0,408.0,25.0,42.0,271.0,94.0
133.0,141.0,852.0,23.0,261.0,249.0,254.0,565.0,145.0,130.0,241.0,126.0,444.0,58.0,242.0
71.0,27.0,201.0,6.0,32.0,320.0,5.0,98.0,33.0,85.0,94.0,76.0,12.0,72.0,12.0
182.0,306.0,336.0,50.0,255.0,389.0,107.0,212.0,252.0,198.0,248.0,241.0,209.0,149.0,231.0
178.0,232.0,336.0,45.0,234.0,319.0,166.0,266.0,232.0,197.0,681.0,241.0,273.0,186.0,172.0
138.0,145.0,278.0,30.0,176.0,197.0,61.0,156.0,178.0,151.0,201.0,162.0,44.0,328.0,153.0
158.0,205.0,263.0,26.0,476.0,288.0,5.0,140.0,341.0,120.0,320.0,113.0,23.0,91.0,110.0
229.0,306.0,385.0,53.0,261.0,393.0,121.0,292.0,288.0,247.0,465.0,304.0,252.0,208.0,238.0
257.0,346.0,363.0,73.0,341.0,445.0,217.0,277.0,369.0,246.0,298.0,302.0,331.0,333.0,416.0
123.0,106.0,438.0,71.0,227.0,214.0,213.0,315.0,271.0,271.0,338.0,322.0,330.0,241.0,183.0
111.0,89.0,238.0,21.0,104.0,203.0,35.0,97.0,163.0,120.0,152.0,113.0,59.0,88.0,99.0
266.0,227.0,392.0,80.0,341.0,310.0,226.0,297.0,158.0,252.0,320.0,298.0,337.0,217.0,406.0
214.0,78.0,475.0,97.0,292.0,203.0,217.0,323.0,181.0,289.0,658.0,287.0,334.0,245.0,308.0
224.0,304.0,303.0,38.0,229.0,390.0,86.0,194.0,223.0,176.0,232.0,197.0,176.0,167.0,246.0
83.0,43.0,201.0,13.0,28.0,127.0,5.0,62.0,95.0,85.0,94.0,76.0,36.0,35.0,9.0
122.0,103.0,214.0,24.0,132.0,222.0,45.0,292.0,163.0,108.0,128.0,98.0,84.0,496.0,107.0
306.0,284.0,385.0,77.0,310.0,372.0,217.0,293.0,425.0,247.0,325.0,303.0,331.0,208.0,329.0
119.0,130.0,252.0,25.0,128.0,197.0,42.0,140.0,168.0,137.0,176.0,137.0,92.0,92.0,93.0
271.0,409.0,252.0,25.0,145.0,484.0,50.0,140.0,168.0,138.0,152.0,140.0,92.0,90.0,116.0
96.0,55.0,208.0,16.0,131.0,154.0,23.0,141.0,117.0,108.0,120.0,98.0,42.0,81.0,87.0
271.0,409.0,693.0,248.0,89.0,479.0,391.0,601.0,601.0,580.0,508.0,894.0,639.0,409.0,74.0
212.0,310.0,346.0,58.0,278.0,390.0,139.0,223.0,296.0,201.0,295.0,248.0,264.0,170.0,422.0
163.0,214.0,220.0,17.0,117.0,294.0,38.0,97.0,119.0,112.0,117.0,101.0,68.0,133.0,94.0
154.0,188.0,298.0,36.0,202.0,276.0,75.0,165.0,204.0,167.0,215.0,186.0,156.0,111.0,174.0
176.0,229.0,300.0,41.0,242.0,315.0,99.0,192.0,224.0,176.0,230.0,101.0,200.0,180.0,216.0
122.0,108.0,242.0,24.0,132.0,215.0,45.0,111.0,215.0,132.0,165.0,193.0,84.0,77.0,107.0
154.0,174.0,111.0,33.0,294.0,259.0,107.0,26.0,194.0,57.0,295.0,84.0,145.0,16.0,307.0
319.0,249.0,330.0,29.0,161.0,221.0,53.0,187.0,182.0,192.0,243.0,240.0,101.0,291.0,126.0
115.0,105.0,475.0,20.0,104.0,213.0,35.0,342.0,127.0,120.0,386.0,167.0,55.0,258.0,84.0
123.0,284.0,222.0,70.0,257.0,373.0,106.0,92.0,343.0,230.0,129.0,316.0,214.0,296.0,248.0
182.0,235.0,323.0,49.0,189.0,333.0,67.0,204.0,252.0,188.0,240.0,228.0,139.0,159.0,144.0
114.0,92.0,278.0,30.0,174.0,103.0,58.0,158.0,181.0,151.0,201.0,162.0,103.0,107.0,139.0
95.0,55.0,207.0,15.0,117.0,143.0,35.0,16.0,103.0,105.0,119.0,98.0,59.0,57.0,118.0
152.0,205.0,283.0,33.0,175.0,294.0,58.0,168.0,187.0,154.0,208.0,257.0,139.0,119.0,148.0
100.0,185.0,190.0,17.0,28.0,260.0,4.0,51.0,119.0,106.0,91.0,95.0,49.0,24.0,12.0
187.0,253.0,267.0,30.0,186.0,348.0,62.0,155.0,181.0,151.0,204.0,162.0,113.0,90.0,153.0
114.0,95.0,251.0,23.0,128.0,205.0,40.0,146.0,145.0,129.0,245.0,125.0,73.0,96.0,99.0
241.0,323.0,361.0,70.0,292.0,404.0,138.0,266.0,333.0,228.0,206.0,287.0,288.0,185.0,307.0
374.0,693.0,532.0,148.0,100.0,430.0,35.0,132.0,215.0,346.0,449.0,463.0,55.0,88.0,81.0
73.0,28.0,260.0,7.0,37.0,56.0,5.0,202.0,46.0,144.0,241.0,158.0,23.0,149.0,157.0
160.0,207.0,294.0,36.0,229.0,294.0,79.0,180.0,204.0,166.0,215.0,186.0,161.0,123.0,190.0
157.0,106.0,294.0,36.0,216.0,214.0,79.0,180.0,233.0,166.0,272.0,186.0,161.0,79.0,175.0
154.0,188.0,283.0,34.0,217.0,320.0,52.0,175.0,168.0,156.0,208.0,175.0,145.0,123.0,43.0
154.0,188.0,283.0,33.0,227.0,315.0,19.0,175.0,191.0,156.0,207.0,173.0,36.0,312.0,183.0
105.0,87.0,180.0,20.0,157.0,188.0,54.0,292.0,127.0,71.0,63.0,50.0,101.0,208.0,119.0
120.0,105.0,208.0,16.0,100.0,203.0,4.0,83.0,302.0,108.0,120.0,100.0,19.0,41.0,81.0
75.0,37.0,350.0,6.0,128.0,156.0,2.0,240.0,187.0,198.0,274.0,241.0,5.0,184.0,52.0
176.0,225.0,303.0,43.0,277.0,310.0,139.0,39.0,223.0,176.0,232.0,181.0,264.0,25.0,248.0
70.0,43.0,111.0,3.0,229.0,127.0,5.0,26.0,0.0,42.0,5.0,221.0,25.0,16.0,190.0
191.0,241.0,385.0,77.0,331.0,348.0,217.0,293.0,579.0,247.0,215.0,303.0,330.0,218.0,404.0
181.0,235.0,351.0,46.0,242.0,333.0,99.0,251.0,119.0,188.0,239.0,174.0,200.0,185.0,214.0
121.0,87.0,240.0,24.0,128.0,188.0,45.0,110.0,163.0,129.0,160.0,68.0,84.0,137.0,102.0
178.0,231.0,353.0,41.0,37.0,319.0,5.0,251.0,223.0,184.0,286.0,207.0,25.0,193.0,11.0
182.0,259.0,340.0,49.0,28.0,349.0,2.0,216.0,296.0,188.0,208.0,220.0,10.0,169.0,107.0
374.0,693.0,507.0,137.0,735.0,261.0,485.0,364.0,571.0,306.0,408.0,338.0,693.0,275.0,881.0
316.0,515.0,507.0,106.0,360.0,312.0,274.0,377.0,500.0,296.0,410.0,325.0,529.0,292.0,297.0
156.0,200.0,292.0,35.0,174.0,280.0,58.0,176.0,195.0,156.0,210.0,221.0,123.0,129.0,139.0
202.0,261.0,258.0,24.0,137.0,393.0,46.0,156.0,164.0,137.0,188.0,162.0,89.0,72.0,201.0
317.0,515.0,738.0,182.0,341.0,439.0,220.0,738.0,503.0,403.0,758.0,240.0,334.0,503.0,351.0
375.0,717.0,530.0,143.0,434.0,534.0,253.0,398.0,570.0,346.0,419.0,460.0,678.0,311.0,566.0
237.0,322.0,449.0,95.0,150.0,372.0,67.0,322.0,457.0,273.0,326.0,207.0,624.0,218.0,125.0
319.0,764.0,688.0,110.0,601.0,429.0,367.0,565.0,191.0,304.0,128.0,428.0,588.0,442.0,154.0
102.0,72.0,257.0,17.0,98.0,270.0,32.0,144.0,122.0,139.0,188.0,203.0,49.0,95.0,77.0
112.0,95.0,240.0,21.0,28.0,210.0,35.0,476.0,281.0,129.0,157.0,118.0,55.0,328.0,12.0
180.0,233.0,438.0,38.0,229.0,320.0,86.0,316.0,288.0,271.0,338.0,322.0,176.0,248.0,190.0
101.0,45.0,449.0,96.0,445.0,127.0,258.0,322.0,466.0,275.0,500.0,323.0,450.0,245.0,582.0
96.0,55.0,212.0,16.0,80.0,156.0,23.0,83.0,107.0,108.0,157.0,98.0,42.0,58.0,55.0
183.0,253.0,323.0,50.0,255.0,348.0,107.0,204.0,293.0,190.0,240.0,244.0,211.0,156.0,229.0
157.0,205.0,293.0,35.0,206.0,281.0,77.0,183.0,198.0,160.0,207.0,197.0,155.0,21.0,175.0
126.0,131.0,252.0,27.0,150.0,238.0,50.0,132.0,171.0,141.0,177.0,158.0,92.0,408.0,118.0
217.0,301.0,449.0,97.0,476.0,397.0,262.0,322.0,454.0,275.0,182.0,139.0,500.0,246.0,416.0
125.0,130.0,293.0,25.0,150.0,225.0,50.0,176.0,168.0,160.0,94.0,162.0,92.0,87.0,122.0
232.0,348.0,351.0,64.0,294.0,430.0,170.0,241.0,313.0,214.0,262.0,282.0,276.0,180.0,308.0
202.0,325.0,215.0,16.0,15.0,429.0,29.0,83.0,111.0,108.0,128.0,115.0,43.0,62.0,234.0
210.0,284.0,360.0,70.0,261.0,373.0,99.0,168.0,341.0,228.0,261.0,287.0,204.0,116.0,297.0
95.0,55.0,246.0,23.0,117.0,118.0,35.0,363.0,145.0,132.0,214.0,127.0,59.0,292.0,89.0
124.0,129.0,252.0,25.0,104.0,214.0,34.0,140.0,164.0,137.0,110.0,139.0,47.0,146.0,77.0
156.0,188.0,353.0,35.0,203.0,225.0,75.0,285.0,132.0,156.0,286.0,178.0,154.0,193.0,174.0
233.0,317.0,396.0,65.0,75.0,393.0,171.0,297.0,314.0,214.0,325.0,322.0,284.0,218.0,55.0
232.0,323.0,361.0,64.0,310.0,249.0,172.0,273.0,313.0,214.0,470.0,303.0,276.0,55.0,322.0
167.0,221.0,266.0,38.0,229.0,280.0,85.0,154.0,213.0,174.0,199.0,167.0,175.0,106.0,190.0
154.0,185.0,263.0,32.0,80.0,260.0,18.0,149.0,187.0,147.0,199.0,178.0,123.0,101.0,55.0
130.0,137.0,258.0,29.0,168.0,341.0,54.0,144.0,173.0,144.0,210.0,317.0,101.0,123.0,134.0
97.0,47.0,208.0,16.0,117.0,133.0,38.0,82.0,117.0,108.0,122.0,100.0,46.0,28.0,88.0
212.0,304.0,323.0,58.0,288.0,388.0,165.0,327.0,297.0,202.0,241.0,254.0,269.0,248.0,188.0
410.0,523.0,580.0,183.0,434.0,319.0,629.0,470.0,676.0,404.0,483.0,799.0,888.0,409.0,566.0
94.0,41.0,187.0,11.0,104.0,127.0,33.0,49.0,103.0,83.0,177.0,72.0,33.0,27.0,83.0
122.0,104.0,266.0,24.0,137.0,212.0,46.0,146.0,171.0,137.0,187.0,187.0,89.0,96.0,125.0
163.0,214.0,549.0,36.0,262.0,294.0,121.0,490.0,357.0,358.0,470.0,580.0,288.0,331.0,406.0
167.0,221.0,310.0,38.0,216.0,333.0,80.0,200.0,215.0,184.0,309.0,207.0,168.0,240.0,274.0
270.0,376.0,348.0,89.0,229.0,445.0,92.0,228.0,454.0,207.0,262.0,264.0,175.0,613.0,242.0
73.0,63.0,142.0,33.0,184.0,156.0,61.0,31.0,170.0,154.0,199.0,117.0,127.0,21.0,155.0
214.0,300.0,346.0,58.0,278.0,362.0,148.0,225.0,297.0,201.0,261.0,248.0,269.0,174.0,250.0
152.0,179.0,283.0,33.0,229.0,260.0,99.0,168.0,181.0,154.0,207.0,165.0,200.0,116.0,190.0
182.0,106.0,292.0,50.0,257.0,214.0,108.0,176.0,252.0,156.0,234.0,178.0,209.0,169.0,231.0
86.0,45.0,183.0,15.0,83.0,86.0,23.0,45.0,107.0,106.0,64.0,92.0,42.0,25.0,64.0
122.0,108.0,242.0,23.0,151.0,215.0,45.0,202.0,170.0,132.0,165.0,346.0,85.0,91.0,119.0
156.0,215.0,283.0,34.0,117.0,296.0,35.0,168.0,194.0,156.0,208.0,174.0,59.0,119.0,94.0
316.0,515.0,363.0,106.0,117.0,294.0,276.0,189.0,500.0,252.0,298.0,298.0,515.0,133.0,89.0
311.0,474.0,395.0,73.0,175.0,491.0,59.0,32.0,127.0,252.0,320.0,282.0,330.0,21.0,140.0
97.0,55.0,256.0,27.0,157.0,143.0,50.0,144.0,170.0,139.0,187.0,138.0,95.0,96.0,119.0
140.0,200.0,428.0,30.0,176.0,280.0,61.0,315.0,181.0,153.0,333.0,263.0,116.0,241.0,153.0
178.0,231.0,382.0,45.0,203.0,328.0,98.0,132.0,199.0,246.0,309.0,302.0,200.0,87.0,172.0
157.0,203.0,300.0,38.0,258.0,280.0,83.0,189.0,210.0,174.0,226.0,193.0,174.0,132.0,124.0
288.0,461.0,507.0,95.0,83.0,486.0,59.0,469.0,194.0,293.0,410.0,374.0,406.0,412.0,85.0
181.0,194.0,283.0,45.0,227.0,277.0,83.0,168.0,86.0,154.0,207.0,173.0,174.0,116.0,183.0
91.0,48.0,207.0,15.0,50.0,143.0,22.0,80.0,103.0,105.0,120.0,84.0,40.0,81.0,71.0
165.0,219.0,251.0,38.0,229.0,297.0,83.0,130.0,213.0,174.0,170.0,196.0,174.0,57.0,32.0
126.0,137.0,260.0,29.0,200.0,247.0,58.0,148.0,184.0,144.0,211.0,163.0,101.0,17.0,172.0
157.0,89.0,353.0,35.0,200.0,191.0,75.0,206.0,248.0,167.0,320.0,190.0,156.0,179.0,175.0
182.0,235.0,317.0,49.0,248.0,82.0,99.0,384.0,239.0,188.0,240.0,220.0,202.0,296.0,214.0
288.0,434.0,411.0,80.0,126.0,479.0,40.0,322.0,425.0,264.0,207.0,317.0,624.0,246.0,94.0
103.0,72.0,252.0,18.0,75.0,155.0,22.0,140.0,122.0,112.0,176.0,101.0,40.0,55.0,56.0
412.0,764.0,449.0,89.0,410.0,767.0,237.0,315.0,272.0,271.0,164.0,322.0,419.0,218.0,455.0
212.0,300.0,999.0,58.0,278.0,312.0,148.0,999.0,223.0,201.0,681.0,249.0,269.0,999.0,274.0
146.0,756.0,283.0,32.0,47.0,160.0,9.0,168.0,184.0,154.0,207.0,167.0,33.0,477.0,32.0
130.0,135.0,293.0,23.0,102.0,241.0,35.0,15.0,178.0,132.0,211.0,92.0,76.0,16.0,84.0
97.0,55.0,184.0,16.0,100.0,155.0,29.0,45.0,117.0,85.0,57.0,76.0,46.0,25.0,74.0
268.0,372.0,224.0,85.0,429.0,445.0,247.0,98.0,425.0,120.0,154.0,118.0,726.0,71.0,566.0
288.0,434.0,530.0,95.0,47.0,445.0,237.0,403.0,466.0,271.0,419.0,323.0,444.0,305.0,32.0
126.0,130.0,190.0,24.0,137.0,230.0,46.0,51.0,164.0,83.0,91.0,70.0,89.0,27.0,111.0
152.0,200.0,279.0,33.0,175.0,280.0,58.0,160.0,178.0,154.0,200.0,167.0,108.0,305.0,144.0
181.0,234.0,688.0,45.0,279.0,320.0,143.0,532.0,223.0,188.0,654.0,193.0,269.0,184.0,274.0
181.0,234.0,187.0,45.0,255.0,319.0,99.0,47.0,237.0,82.0,87.0,76.0,200.0,12.0,213.0
182.0,193.0,340.0,56.0,280.0,277.0,138.0,222.0,293.0,200.0,241.0,185.0,260.0,170.0,234.0
76.0,41.0,296.0,8.0,32.0,124.0,5.0,183.0,54.0,167.0,148.0,187.0,27.0,409.0,12.0
317.0,612.0,487.0,109.0,118.0,534.0,274.0,342.0,501.0,296.0,394.0,374.0,524.0,12.0,97.0
83.0,41.0,449.0,12.0,137.0,102.0,18.0,322.0,98.0,275.0,366.0,323.0,36.0,208.0,111.0
183.0,249.0,320.0,50.0,277.0,348.0,106.0,285.0,253.0,188.0,240.0,221.0,211.0,185.0,416.0
214.0,301.0,187.0,58.0,280.0,374.0,147.0,47.0,296.0,82.0,87.0,69.0,269.0,331.0,262.0
154.0,187.0,187.0,36.0,211.0,270.0,78.0,47.0,210.0,82.0,87.0,69.0,161.0,26.0,160.0
126.0,131.0,350.0,27.0,189.0,241.0,67.0,240.0,170.0,141.0,274.0,139.0,145.0,180.0,155.0
100.0,62.0,208.0,17.0,75.0,155.0,30.0,78.0,120.0,108.0,126.0,101.0,46.0,58.0,55.0
214.0,37.0,347.0,60.0,288.0,87.0,148.0,223.0,292.0,203.0,264.0,330.0,269.0,72.0,45.0
80.0,41.0,336.0,11.0,310.0,112.0,174.0,206.0,122.0,197.0,248.0,236.0,35.0,158.0,331.0
233.0,316.0,300.0,65.0,262.0,390.0,127.0,183.0,314.0,213.0,226.0,263.0,259.0,133.0,84.0
169.0,234.0,330.0,51.0,238.0,324.0,98.0,205.0,272.0,192.0,244.0,298.0,219.0,156.0,218.0
375.0,694.0,580.0,140.0,117.0,663.0,35.0,470.0,571.0,408.0,508.0,799.0,864.0,218.0,93.0
374.0,693.0,550.0,148.0,137.0,362.0,46.0,420.0,184.0,347.0,470.0,470.0,89.0,503.0,111.0
154.0,185.0,283.0,34.0,203.0,249.0,70.0,168.0,193.0,156.0,207.0,175.0,145.0,292.0,174.0
271.0,409.0,395.0,91.0,234.0,484.0,76.0,181.0,454.0,273.0,321.0,323.0,155.0,131.0,182.0
256.0,332.0,363.0,71.0,311.0,430.0,217.0,251.0,357.0,243.0,299.0,312.0,331.0,184.0,333.0
101.0,62.0,356.0,36.0,83.0,156.0,26.0,273.0,296.0,223.0,322.0,282.0,145.0,193.0,55.0
256.0,72.0,528.0,77.0,331.0,390.0,217.0,398.0,363.0,247.0,345.0,303.0,331.0,192.0,404.0
126.0,129.0,293.0,27.0,184.0,225.0,50.0,183.0,170.0,139.0,210.0,207.0,92.0,132.0,155.0
146.0,163.0,550.0,183.0,89.0,254.0,30.0,431.0,81.0,368.0,470.0,580.0,59.0,312.0,74.0
257.0,346.0,386.0,80.0,161.0,437.0,53.0,201.0,428.0,252.0,320.0,282.0,270.0,296.0,127.0
97.0,55.0,224.0,17.0,100.0,155.0,32.0,97.0,119.0,112.0,152.0,100.0,46.0,41.0,80.0
111.0,43.0,279.0,20.0,112.0,127.0,35.0,292.0,129.0,154.0,203.0,165.0,55.0,185.0,107.0
77.0,41.0,590.0,8.0,216.0,101.0,62.0,470.0,227.0,411.0,508.0,822.0,27.0,319.0,182.0
123.0,115.0,252.0,24.0,257.0,210.0,108.0,140.0,164.0,137.0,176.0,137.0,95.0,90.0,231.0
256.0,323.0,481.0,71.0,233.0,365.0,99.0,342.0,518.0,243.0,387.0,302.0,200.0,258.0,178.0
167.0,225.0,303.0,38.0,229.0,312.0,92.0,391.0,223.0,176.0,232.0,207.0,176.0,305.0,190.0
104.0,78.0,207.0,20.0,106.0,200.0,35.0,83.0,125.0,120.0,119.0,190.0,55.0,64.0,87.0
119.0,105.0,252.0,27.0,50.0,213.0,15.0,140.0,171.0,140.0,176.0,149.0,102.0,91.0,38.0
120.0,118.0,346.0,51.0,258.0,193.0,121.0,225.0,281.0,196.0,262.0,186.0,239.0,219.0,240.0
77.0,41.0,999.0,7.0,47.0,82.0,13.0,999.0,50.0,75.0,272.0,58.0,27.0,999.0,119.0
182.0,373.0,356.0,53.0,243.0,462.0,2.0,259.0,141.0,198.0,274.0,241.0,25.0,159.0,216.0
123.0,104.0,246.0,24.0,75.0,212.0,22.0,205.0,164.0,137.0,187.0,138.0,40.0,152.0,55.0
113.0,90.0,263.0,29.0,118.0,203.0,38.0,149.0,177.0,147.0,226.0,163.0,123.0,82.0,94.0
154.0,185.0,283.0,33.0,211.0,261.0,77.0,168.0,125.0,156.0,208.0,174.0,140.0,111.0,175.0
73.0,95.0,240.0,7.0,15.0,390.0,5.0,110.0,297.0,129.0,160.0,126.0,19.0,79.0,91.0
130.0,137.0,514.0,133.0,275.0,249.0,105.0,322.0,343.0,319.0,414.0,456.0,639.0,245.0,242.0
101.0,259.0,207.0,17.0,45.0,349.0,67.0,78.0,122.0,103.0,117.0,47.0,109.0,57.0,30.0
158.0,207.0,283.0,36.0,55.0,312.0,16.0,168.0,205.0,156.0,210.0,175.0,161.0,122.0,43.0
182.0,231.0,322.0,50.0,217.0,319.0,82.0,290.0,252.0,188.0,241.0,221.0,209.0,218.0,178.0
333.0,585.0,481.0,104.0,344.0,460.0,222.0,342.0,293.0,296.0,382.0,355.0,336.0,258.0,422.0
84.0,42.0,204.0,14.0,80.0,173.0,23.0,144.0,105.0,99.0,29.0,76.0,40.0,65.0,55.0
146.0,173.0,447.0,31.0,174.0,256.0,61.0,322.0,184.0,273.0,351.0,323.0,122.0,208.0,153.0
158.0,205.0,294.0,35.0,217.0,288.0,79.0,180.0,199.0,165.0,214.0,173.0,156.0,130.0,218.0
87.0,48.0,639.0,41.0,217.0,143.0,99.0,493.0,223.0,411.0,500.0,822.0,200.0,201.0,180.0
157.0,205.0,254.0,25.0,89.0,281.0,34.0,141.0,171.0,138.0,157.0,139.0,92.0,71.0,116.0
97.0,21.0,208.0,16.0,85.0,127.0,28.0,83.0,117.0,106.0,122.0,76.0,46.0,64.0,64.0
270.0,205.0,339.0,55.0,260.0,281.0,121.0,264.0,293.0,199.0,275.0,244.0,256.0,185.0,274.0
206.0,281.0,386.0,77.0,112.0,373.0,226.0,313.0,69.0,252.0,320.0,307.0,344.0,219.0,87.0
999.0,999.0,852.0,999.0,999.0,999.0,999.0,885.0,999.0,999.0,177.0,470.0,999.0,613.0,999.0
206.0,207.0,348.0,53.0,224.0,293.0,83.0,225.0,223.0,207.0,272.0,263.0,174.0,173.0,181.0
154.0,37.0,283.0,33.0,206.0,254.0,70.0,168.0,210.0,156.0,203.0,164.0,140.0,119.0,175.0
97.0,56.0,207.0,16.0,112.0,155.0,35.0,481.0,117.0,106.0,120.0,91.0,44.0,321.0,87.0
115.0,367.0,126.0,23.0,128.0,439.0,42.0,27.0,145.0,76.0,20.0,61.0,76.0,24.0,64.0
257.0,331.0,363.0,70.0,217.0,404.0,213.0,290.0,343.0,238.0,299.0,298.0,316.0,205.0,179.0
152.0,179.0,355.0,27.0,145.0,260.0,50.0,251.0,171.0,139.0,245.0,140.0,109.0,184.0,117.0
178.0,233.0,180.0,14.0,54.0,320.0,19.0,39.0,107.0,99.0,63.0,76.0,35.0,25.0,110.0
270.0,409.0,475.0,87.0,434.0,143.0,261.0,572.0,430.0,269.0,402.0,325.0,406.0,442.0,566.0
268.0,434.0,688.0,85.0,145.0,468.0,45.0,704.0,357.0,425.0,654.0,246.0,77.0,555.0,116.0
157.0,205.0,292.0,43.0,229.0,281.0,94.0,176.0,224.0,156.0,210.0,174.0,191.0,129.0,220.0
0.0,0.0,0.0,0.0,0.0,0.0,0.0,0.0,0.0,0.0,0.0,456.0,0.0,0.0,0.0
139.0,164.0,323.0,58.0,278.0,253.0,147.0,204.0,296.0,188.0,199.0,221.0,269.0,133.0,262.0
178.0,231.0,257.0,38.0,211.0,490.0,78.0,146.0,223.0,139.0,238.0,203.0,158.0,96.0,175.0
103.0,76.0,240.0,20.0,174.0,270.0,58.0,109.0,129.0,129.0,157.0,118.0,36.0,76.0,139.0
123.0,109.0,252.0,24.0,134.0,225.0,45.0,146.0,197.0,137.0,214.0,139.0,85.0,583.0,94.0
71.0,27.0,208.0,15.0,75.0,102.0,19.0,80.0,105.0,105.0,123.0,76.0,40.0,57.0,54.0
167.0,221.0,449.0,41.0,230.0,306.0,98.0,32.0,227.0,182.0,13.0,207.0,200.0,21.0,201.0
154.0,188.0,417.0,41.0,126.0,270.0,40.0,312.0,223.0,182.0,220.0,207.0,73.0,235.0,97.0
115.0,106.0,220.0,23.0,123.0,215.0,40.0,32.0,145.0,130.0,130.0,126.0,73.0,21.0,95.0
252.0,133.0,379.0,70.0,242.0,241.0,139.0,297.0,430.0,228.0,302.0,287.0,303.0,213.0,215.0
181.0,235.0,337.0,46.0,100.0,333.0,99.0,194.0,239.0,199.0,257.0,423.0,200.0,145.0,81.0
156.0,187.0,257.0,34.0,202.0,276.0,75.0,130.0,197.0,156.0,187.0,178.0,150.0,82.0,173.0
181.0,235.0,337.0,45.0,229.0,319.0,99.0,296.0,233.0,188.0,250.0,231.0,200.0,208.0,190.0
146.0,173.0,257.0,31.0,175.0,249.0,50.0,297.0,181.0,154.0,182.0,282.0,92.0,217.0,155.0
77.0,41.0,111.0,8.0,45.0,60.0,6.0,26.0,120.0,76.0,8.0,61.0,27.0,20.0,172.0
252.0,332.0,356.0,70.0,311.0,429.0,184.0,313.0,333.0,228.0,287.0,282.0,288.0,235.0,333.0
182.0,234.0,339.0,56.0,313.0,328.0,199.0,205.0,293.0,200.0,245.0,263.0,291.0,156.0,351.0
333.0,612.0,507.0,133.0,229.0,468.0,382.0,738.0,545.0,311.0,410.0,449.0,590.0,493.0,201.0
206.0,261.0,340.0,56.0,65.0,362.0,18.0,205.0,293.0,200.0,402.0,246.0,177.0,156.0,99.0
146.0,173.0,206.0,31.0,312.0,276.0,198.0,61.0,193.0,154.0,200.0,165.0,219.0,34.0,333.0
182.0,235.0,457.0,49.0,252.0,388.0,99.0,323.0,302.0,275.0,366.0,151.0,202.0,247.0,218.0
206.0,92.0,461.0,97.0,322.0,214.0,226.0,327.0,480.0,278.0,78.0,353.0,529.0,218.0,231.0
182.0,235.0,348.0,49.0,15.0,333.0,33.0,225.0,271.0,207.0,272.0,263.0,19.0,174.0,4.0
229.0,306.0,363.0,61.0,117.0,393.0,217.0,280.0,253.0,213.0,298.0,248.0,272.0,613.0,89.0
182.0,185.0,316.0,45.0,238.0,261.0,99.0,202.0,232.0,188.0,239.0,221.0,200.0,291.0,119.0
168.0,225.0,351.0,67.0,312.0,308.0,199.0,241.0,332.0,214.0,57.0,268.0,288.0,305.0,275.0
115.0,103.0,208.0,22.0,47.0,211.0,13.0,82.0,144.0,106.0,122.0,98.0,70.0,58.0,32.0
322.0,618.0,511.0,133.0,261.0,439.0,126.0,346.0,570.0,316.0,400.0,449.0,590.0,259.0,242.0
70.0,21.0,126.0,6.0,32.0,143.0,5.0,29.0,34.0,63.0,274.0,47.0,19.0,24.0,12.0
125.0,130.0,278.0,25.0,141.0,362.0,48.0,438.0,184.0,140.0,201.0,149.0,92.0,308.0,114.0
71.0,27.0,257.0,6.0,0.0,241.0,0.0,146.0,122.0,63.0,187.0,47.0,12.0,96.0,0.0
178.0,231.0,320.0,32.0,176.0,312.0,61.0,205.0,184.0,165.0,241.0,164.0,123.0,17.0,140.0
319.0,372.0,487.0,109.0,476.0,445.0,262.0,327.0,503.0,296.0,274.0,374.0,515.0,131.0,52.0
317.0,515.0,438.0,106.0,85.0,498.0,29.0,316.0,500.0,271.0,338.0,323.0,43.0,241.0,66.0
288.0,461.0,449.0,95.0,434.0,489.0,253.0,322.0,466.0,275.0,326.0,282.0,444.0,247.0,566.0
83.0,43.0,111.0,13.0,54.0,143.0,18.0,16.0,120.0,247.0,0.0,470.0,36.0,16.0,42.0
103.0,76.0,281.0,18.0,75.0,490.0,33.0,200.0,122.0,154.0,203.0,165.0,52.0,145.0,55.0
84.0,42.0,201.0,11.0,75.0,112.0,22.0,94.0,24.0,92.0,203.0,76.0,33.0,72.0,54.0
111.0,89.0,222.0,30.0,32.0,191.0,5.0,92.0,182.0,113.0,286.0,101.0,25.0,66.0,12.0
999.0,999.0,999.0,999.0,445.0,999.0,247.0,999.0,999.0,999.0,658.0,999.0,999.0,496.0,574.0
154.0,43.0,283.0,33.0,311.0,127.0,184.0,163.0,178.0,154.0,207.0,173.0,140.0,146.0,331.0
104.0,78.0,222.0,18.0,85.0,175.0,29.0,92.0,232.0,113.0,414.0,100.0,54.0,66.0,64.0
126.0,135.0,332.0,27.0,132.0,241.0,50.0,205.0,172.0,193.0,245.0,236.0,97.0,156.0,119.0
287.0,323.0,351.0,60.0,117.0,249.0,35.0,241.0,302.0,213.0,326.0,264.0,269.0,184.0,89.0
121.0,105.0,247.0,23.0,132.0,213.0,45.0,32.0,162.0,115.0,173.0,139.0,92.0,21.0,107.0
100.0,62.0,855.0,17.0,89.0,156.0,30.0,940.0,109.0,112.0,999.0,95.0,46.0,613.0,80.0
338.0,488.0,550.0,217.0,47.0,491.0,13.0,431.0,98.0,416.0,470.0,298.0,219.0,305.0,32.0
377.0,718.0,396.0,148.0,310.0,297.0,444.0,469.0,571.0,368.0,261.0,582.0,693.0,339.0,329.0
270.0,376.0,461.0,97.0,89.0,429.0,30.0,323.0,178.0,275.0,366.0,241.0,176.0,247.0,72.0
163.0,210.0,142.0,7.0,28.0,390.0,2.0,31.0,223.0,76.0,27.0,61.0,5.0,17.0,12.0
73.0,41.0,126.0,6.0,28.0,102.0,2.0,29.0,24.0,58.0,29.0,25.0,10.0,17.0,117.0
271.0,274.0,564.0,70.0,181.0,362.0,99.0,440.0,333.0,228.0,157.0,287.0,288.0,275.0,83.0
429.0,185.0,553.0,153.0,341.0,268.0,222.0,438.0,571.0,358.0,470.0,304.0,288.0,296.0,416.0
306.0,709.0,396.0,97.0,100.0,365.0,33.0,297.0,501.0,278.0,287.0,348.0,52.0,218.0,80.0
205.0,276.0,336.0,55.0,260.0,365.0,43.0,212.0,466.0,198.0,245.0,241.0,330.0,167.0,238.0
115.0,95.0,313.0,65.0,132.0,210.0,43.0,406.0,314.0,185.0,175.0,207.0,284.0,442.0,107.0
100.0,63.0,224.0,17.0,73.0,160.0,19.0,97.0,120.0,112.0,149.0,101.0,40.0,71.0,74.0
224.0,304.0,336.0,58.0,277.0,388.0,148.0,206.0,297.0,197.0,248.0,218.0,269.0,248.0,240.0
152.0,185.0,337.0,7.0,32.0,261.0,5.0,214.0,343.0,188.0,188.0,220.0,23.0,162.0,32.0
171.0,225.0,303.0,40.0,261.0,310.0,126.0,49.0,223.0,176.0,225.0,280.0,181.0,28.0,220.0
212.0,292.0,312.0,70.0,208.0,374.0,78.0,198.0,333.0,185.0,240.0,207.0,288.0,65.0,175.0
100.0,62.0,207.0,17.0,89.0,155.0,30.0,82.0,119.0,106.0,120.0,92.0,46.0,122.0,69.0
73.0,63.0,126.0,6.0,28.0,164.0,4.0,31.0,46.0,67.0,29.0,50.0,19.0,17.0,119.0
97.0,56.0,222.0,17.0,89.0,155.0,30.0,364.0,117.0,113.0,130.0,72.0,46.0,275.0,74.0
146.0,169.0,223.0,30.0,292.0,256.0,61.0,124.0,163.0,154.0,252.0,167.0,122.0,185.0,307.0
233.0,316.0,299.0,65.0,288.0,390.0,165.0,187.0,168.0,174.0,222.0,196.0,272.0,133.0,333.0
314.0,515.0,254.0,30.0,174.0,490.0,58.0,565.0,178.0,144.0,177.0,186.0,108.0,442.0,131.0
314.0,461.0,481.0,97.0,43.0,490.0,274.0,342.0,498.0,296.0,208.0,353.0,524.0,258.0,25.0
268.0,348.0,201.0,17.0,132.0,389.0,45.0,59.0,132.0,85.0,94.0,76.0,84.0,30.0,107.0
160.0,276.0,449.0,97.0,161.0,365.0,53.0,322.0,276.0,278.0,262.0,346.0,101.0,246.0,192.0
104.0,78.0,238.0,20.0,112.0,182.0,35.0,39.0,333.0,120.0,152.0,115.0,55.0,25.0,96.0
271.0,461.0,440.0,95.0,175.0,479.0,58.0,316.0,454.0,273.0,297.0,282.0,102.0,219.0,142.0
287.0,409.0,536.0,148.0,238.0,479.0,99.0,440.0,601.0,347.0,458.0,470.0,726.0,312.0,220.0
115.0,95.0,294.0,53.0,176.0,235.0,121.0,180.0,168.0,192.0,207.0,231.0,252.0,130.0,148.0
160.0,227.0,299.0,36.0,218.0,315.0,78.0,187.0,227.0,174.0,222.0,301.0,161.0,133.0,180.0
158.0,207.0,330.0,51.0,230.0,288.0,95.0,130.0,292.0,192.0,244.0,231.0,239.0,82.0,201.0
210.0,284.0,346.0,57.0,83.0,373.0,24.0,223.0,239.0,201.0,257.0,248.0,264.0,173.0,66.0
126.0,137.0,293.0,27.0,145.0,241.0,50.0,176.0,170.0,160.0,211.0,178.0,95.0,88.0,117.0
235.0,346.0,356.0,65.0,310.0,404.0,172.0,259.0,314.0,223.0,240.0,280.0,284.0,412.0,329.0
270.0,372.0,392.0,86.0,189.0,445.0,67.0,297.0,428.0,252.0,322.0,50.0,211.0,208.0,157.0
156.0,131.0,292.0,35.0,277.0,235.0,78.0,176.0,197.0,156.0,199.0,175.0,158.0,125.0,248.0
77.0,41.0,130.0,8.0,229.0,193.0,92.0,31.0,466.0,81.0,201.0,68.0,190.0,88.0,188.0
114.0,95.0,247.0,22.0,117.0,205.0,35.0,137.0,343.0,130.0,187.0,126.0,70.0,88.0,96.0
270.0,373.0,414.0,86.0,446.0,241.0,258.0,327.0,430.0,265.0,326.0,76.0,380.0,122.0,229.0
377.0,284.0,549.0,148.0,117.0,374.0,35.0,420.0,579.0,347.0,321.0,470.0,35.0,308.0,89.0
210.0,284.0,332.0,63.0,277.0,373.0,143.0,738.0,314.0,207.0,234.0,263.0,269.0,291.0,250.0
121.0,104.0,223.0,23.0,132.0,211.0,45.0,94.0,145.0,132.0,179.0,127.0,84.0,68.0,107.0
52.0,185.0,201.0,16.0,85.0,155.0,28.0,61.0,139.0,92.0,128.0,76.0,45.0,28.0,74.0
147.0,164.0,336.0,51.0,243.0,255.0,121.0,212.0,276.0,196.0,245.0,241.0,239.0,159.0,215.0
152.0,179.0,281.0,33.0,176.0,260.0,61.0,176.0,184.0,154.0,272.0,167.0,122.0,149.0,154.0
257.0,348.0,385.0,77.0,248.0,439.0,217.0,293.0,182.0,247.0,310.0,303.0,331.0,309.0,240.0
120.0,95.0,257.0,22.0,117.0,288.0,37.0,141.0,141.0,132.0,189.0,162.0,68.0,92.0,94.0
123.0,115.0,252.0,24.0,137.0,220.0,46.0,392.0,164.0,137.0,176.0,126.0,89.0,889.0,110.0
266.0,323.0,411.0,86.0,73.0,439.0,2.0,315.0,425.0,264.0,325.0,317.0,369.0,241.0,63.0
211.0,28.0,346.0,57.0,277.0,60.0,139.0,250.0,332.0,201.0,208.0,248.0,264.0,134.0,248.0
236.0,323.0,353.0,66.0,311.0,407.0,171.0,290.0,302.0,225.0,286.0,282.0,284.0,205.0,334.0
154.0,292.0,283.0,33.0,191.0,374.0,69.0,490.0,171.0,156.0,208.0,173.0,140.0,333.0,158.0
158.0,207.0,179.0,60.0,288.0,288.0,165.0,39.0,302.0,25.0,94.0,0.0,272.0,96.0,333.0
156.0,179.0,201.0,38.0,174.0,260.0,79.0,61.0,223.0,92.0,100.0,76.0,167.0,30.0,122.0
156.0,185.0,252.0,33.0,191.0,270.0,79.0,160.0,213.0,153.0,201.0,118.0,167.0,496.0,157.0
214.0,300.0,214.0,58.0,260.0,491.0,147.0,83.0,297.0,201.0,128.0,249.0,269.0,16.0,238.0
83.0,43.0,240.0,18.0,104.0,127.0,33.0,103.0,122.0,129.0,157.0,118.0,49.0,72.0,84.0
83.0,323.0,111.0,12.0,429.0,319.0,19.0,26.0,81.0,83.0,175.0,72.0,36.0,16.0,566.0
206.0,276.0,298.0,56.0,277.0,315.0,143.0,186.0,292.0,199.0,257.0,244.0,264.0,133.0,250.0
168.0,225.0,298.0,51.0,255.0,310.0,107.0,315.0,271.0,154.0,222.0,178.0,212.0,240.0,229.0
412.0,764.0,550.0,177.0,639.0,418.0,530.0,431.0,660.0,374.0,470.0,582.0,726.0,318.0,818.0
156.0,194.0,330.0,51.0,128.0,281.0,42.0,214.0,272.0,192.0,244.0,173.0,76.0,24.0,99.0
157.0,203.0,299.0,35.0,242.0,280.0,76.0,200.0,198.0,171.0,222.0,185.0,155.0,184.0,215.0
235.0,317.0,355.0,65.0,310.0,393.0,172.0,175.0,314.0,223.0,286.0,316.0,284.0,129.0,333.0
167.0,233.0,303.0,40.0,229.0,320.0,92.0,204.0,223.0,176.0,236.0,207.0,181.0,68.0,175.0
295.0,461.0,476.0,97.0,446.0,373.0,258.0,341.0,483.0,293.0,382.0,197.0,438.0,412.0,582.0
138.0,174.0,361.0,29.0,175.0,259.0,58.0,266.0,178.0,151.0,302.0,162.0,109.0,185.0,125.0
113.0,90.0,661.0,21.0,100.0,197.0,32.0,509.0,134.0,112.0,449.0,101.0,49.0,314.0,94.0
196.0,257.0,281.0,51.0,331.0,349.0,382.0,165.0,270.0,193.0,130.0,236.0,590.0,132.0,406.0
138.0,71.0,346.0,32.0,177.0,159.0,61.0,16.0,184.0,185.0,261.0,185.0,123.0,16.0,154.0
138.0,221.0,661.0,30.0,176.0,213.0,61.0,509.0,188.0,151.0,220.0,162.0,113.0,408.0,153.0
73.0,36.0,239.0,6.0,75.0,280.0,22.0,98.0,141.0,114.0,110.0,277.0,127.0,55.0,54.0
154.0,188.0,281.0,33.0,202.0,294.0,70.0,156.0,191.0,154.0,210.0,114.0,140.0,107.0,173.0
119.0,207.0,507.0,23.0,131.0,297.0,42.0,364.0,181.0,304.0,408.0,428.0,76.0,314.0,102.0
288.0,461.0,414.0,91.0,168.0,489.0,54.0,313.0,454.0,273.0,326.0,323.0,406.0,240.0,173.0
270.0,346.0,414.0,86.0,176.0,382.0,61.0,306.0,430.0,265.0,326.0,316.0,101.0,219.0,154.0
154.0,185.0,283.0,33.0,191.0,268.0,67.0,15.0,184.0,156.0,210.0,173.0,140.0,16.0,154.0
111.0,78.0,252.0,16.0,128.0,208.0,42.0,140.0,107.0,103.0,176.0,76.0,25.0,91.0,101.0
83.0,40.0,190.0,11.0,117.0,86.0,35.0,51.0,103.0,85.0,299.0,76.0,35.0,28.0,89.0
126.0,131.0,252.0,24.0,123.0,238.0,40.0,140.0,164.0,137.0,179.0,76.0,73.0,91.0,95.0
288.0,461.0,536.0,112.0,329.0,489.0,217.0,358.0,141.0,347.0,458.0,463.0,579.0,269.0,155.0
101.0,55.0,337.0,15.0,98.0,143.0,23.0,206.0,103.0,129.0,249.0,125.0,42.0,158.0,77.0
123.0,115.0,207.0,14.0,212.0,220.0,19.0,80.0,103.0,106.0,123.0,91.0,33.0,71.0,175.0
206.0,169.0,339.0,56.0,260.0,256.0,126.0,214.0,293.0,199.0,250.0,244.0,259.0,162.0,238.0
133.0,141.0,240.0,23.0,131.0,247.0,43.0,175.0,127.0,129.0,244.0,125.0,77.0,123.0,101.0
167.0,234.0,240.0,22.0,117.0,324.0,38.0,110.0,144.0,129.0,160.0,126.0,70.0,343.0,91.0
139.0,164.0,267.0,30.0,229.0,254.0,75.0,154.0,180.0,151.0,200.0,162.0,149.0,134.0,148.0
156.0,194.0,290.0,34.0,233.0,256.0,95.0,176.0,195.0,156.0,210.0,175.0,149.0,129.0,218.0
111.0,48.0,126.0,6.0,98.0,143.0,32.0,940.0,34.0,63.0,29.0,47.0,51.0,613.0,77.0
125.0,130.0,476.0,19.0,85.0,227.0,28.0,398.0,129.0,120.0,382.0,115.0,54.0,305.0,64.0
429.0,618.0,657.0,243.0,174.0,550.0,75.0,508.0,858.0,416.0,509.0,241.0,905.0,339.0,180.0
224.0,373.0,347.0,60.0,174.0,437.0,58.0,228.0,302.0,203.0,262.0,207.0,272.0,179.0,124.0
259.0,372.0,386.0,77.0,155.0,445.0,50.0,204.0,363.0,247.0,320.0,303.0,92.0,123.0,119.0
314.0,434.0,372.0,97.0,176.0,479.0,61.0,331.0,503.0,293.0,287.0,174.0,122.0,201.0,154.0
84.0,27.0,190.0,8.0,191.0,56.0,69.0,51.0,172.0,81.0,91.0,68.0,27.0,66.0,157.0
273.0,409.0,511.0,153.0,723.0,550.0,485.0,59.0,127.0,316.0,470.0,203.0,726.0,34.0,77.0
182.0,235.0,336.0,50.0,262.0,312.0,121.0,214.0,253.0,188.0,222.0,221.0,211.0,129.0,246.0
157.0,488.0,294.0,36.0,105.0,490.0,35.0,180.0,224.0,165.0,302.0,186.0,55.0,130.0,88.0
206.0,278.0,346.0,51.0,258.0,534.0,121.0,223.0,276.0,196.0,264.0,69.0,239.0,134.0,173.0
96.0,55.0,125.0,16.0,168.0,154.0,23.0,27.0,109.0,58.0,20.0,307.0,42.0,17.0,110.0
154.0,185.0,266.0,33.0,191.0,294.0,69.0,154.0,191.0,156.0,200.0,117.0,140.0,102.0,116.0
244.0,325.0,363.0,70.0,331.0,222.0,198.0,277.0,341.0,230.0,210.0,288.0,291.0,196.0,404.0
182.0,188.0,316.0,45.0,75.0,270.0,105.0,200.0,292.0,188.0,240.0,221.0,200.0,146.0,55.0
178.0,210.0,322.0,49.0,132.0,206.0,43.0,285.0,210.0,188.0,241.0,220.0,89.0,202.0,107.0
181.0,235.0,317.0,46.0,102.0,272.0,33.0,202.0,483.0,188.0,240.0,108.0,51.0,21.0,71.0
96.0,55.0,215.0,23.0,150.0,154.0,50.0,481.0,145.0,112.0,128.0,101.0,92.0,328.0,114.0
156.0,182.0,339.0,51.0,341.0,261.0,126.0,216.0,270.0,196.0,211.0,236.0,259.0,162.0,404.0
202.0,90.0,310.0,51.0,83.0,203.0,24.0,195.0,302.0,188.0,238.0,221.0,43.0,134.0,73.0
236.0,320.0,417.0,106.0,476.0,390.0,274.0,297.0,501.0,296.0,240.0,355.0,515.0,213.0,406.0
76.0,89.0,184.0,8.0,75.0,191.0,22.0,45.0,54.0,80.0,249.0,68.0,27.0,25.0,55.0
130.0,137.0,271.0,29.0,161.0,249.0,53.0,346.0,172.0,150.0,199.0,163.0,101.0,259.0,117.0
81.0,42.0,184.0,11.0,131.0,247.0,43.0,45.0,86.0,71.0,94.0,138.0,33.0,25.0,101.0
183.0,253.0,111.0,41.0,230.0,348.0,92.0,26.0,222.0,203.0,29.0,463.0,181.0,16.0,201.0
330.0,590.0,252.0,85.0,329.0,521.0,217.0,140.0,425.0,252.0,177.0,303.0,330.0,76.0,406.0
330.0,612.0,549.0,97.0,723.0,212.0,274.0,313.0,314.0,275.0,465.0,277.0,529.0,219.0,678.0
92.0,53.0,187.0,11.0,157.0,143.0,15.0,32.0,120.0,84.0,88.0,76.0,33.0,555.0,119.0
322.0,756.0,507.0,128.0,524.0,741.0,367.0,391.0,204.0,306.0,408.0,430.0,588.0,296.0,699.0
146.0,173.0,303.0,31.0,186.0,256.0,62.0,194.0,184.0,176.0,241.0,214.0,123.0,133.0,154.0
317.0,515.0,487.0,109.0,226.0,319.0,274.0,353.0,501.0,296.0,394.0,374.0,524.0,493.0,182.0
140.0,284.0,293.0,35.0,216.0,372.0,82.0,176.0,195.0,160.0,211.0,430.0,171.0,129.0,175.0
181.0,231.0,449.0,96.0,446.0,319.0,258.0,322.0,466.0,275.0,411.0,298.0,450.0,246.0,81.0
429.0,300.0,481.0,114.0,230.0,373.0,82.0,342.0,173.0,296.0,387.0,355.0,583.0,292.0,201.0
330.0,769.0,491.0,112.0,569.0,706.0,276.0,358.0,545.0,304.0,402.0,449.0,583.0,193.0,582.0
181.0,234.0,320.0,49.0,174.0,319.0,58.0,358.0,163.0,188.0,245.0,220.0,204.0,269.0,139.0
96.0,55.0,212.0,16.0,104.0,173.0,22.0,83.0,107.0,108.0,27.0,98.0,40.0,57.0,54.0
181.0,225.0,317.0,46.0,211.0,312.0,78.0,297.0,239.0,188.0,240.0,181.0,161.0,174.0,175.0
163.0,210.0,256.0,5.0,17.0,294.0,2.0,144.0,270.0,114.0,187.0,108.0,5.0,58.0,9.0
133.0,203.0,247.0,34.0,243.0,280.0,99.0,130.0,199.0,156.0,249.0,167.0,167.0,82.0,214.0
152.0,182.0,292.0,35.0,191.0,261.0,69.0,346.0,199.0,156.0,210.0,178.0,150.0,259.0,96.0
316.0,515.0,507.0,114.0,639.0,491.0,95.0,509.0,545.0,306.0,408.0,395.0,583.0,296.0,818.0
80.0,41.0,201.0,11.0,200.0,270.0,15.0,132.0,419.0,83.0,57.0,72.0,33.0,88.0,172.0
154.0,169.0,252.0,33.0,186.0,255.0,62.0,140.0,187.0,156.0,173.0,175.0,145.0,88.0,155.0
206.0,278.0,449.0,91.0,277.0,362.0,226.0,322.0,454.0,271.0,345.0,323.0,337.0,245.0,248.0
134.0,145.0,311.0,29.0,168.0,315.0,54.0,195.0,158.0,144.0,241.0,156.0,101.0,145.0,126.0
183.0,249.0,336.0,50.0,89.0,348.0,30.0,206.0,253.0,197.0,248.0,241.0,145.0,245.0,74.0
146.0,225.0,111.0,33.0,189.0,310.0,65.0,718.0,170.0,82.0,203.0,70.0,128.0,496.0,157.0
270.0,403.0,549.0,86.0,184.0,460.0,253.0,415.0,430.0,265.0,189.0,317.0,380.0,314.0,155.0
163.0,215.0,346.0,36.0,102.0,397.0,35.0,222.0,210.0,223.0,252.0,463.0,168.0,81.0,82.0
205.0,276.0,395.0,56.0,73.0,373.0,19.0,297.0,293.0,199.0,320.0,244.0,260.0,269.0,84.0
111.0,87.0,240.0,21.0,100.0,188.0,32.0,115.0,132.0,128.0,160.0,117.0,51.0,79.0,80.0
224.0,304.0,396.0,63.0,434.0,388.0,226.0,297.0,311.0,269.0,322.0,322.0,369.0,217.0,566.0
182.0,235.0,320.0,50.0,203.0,344.0,98.0,202.0,252.0,188.0,211.0,221.0,200.0,148.0,173.0
137.0,188.0,187.0,5.0,446.0,82.0,253.0,49.0,34.0,82.0,87.0,68.0,438.0,27.0,242.0
428.0,693.0,283.0,153.0,360.0,388.0,5.0,168.0,616.0,225.0,208.0,282.0,23.0,111.0,175.0
273.0,461.0,438.0,89.0,261.0,484.0,119.0,313.0,173.0,271.0,338.0,323.0,380.0,331.0,242.0
319.0,27.0,491.0,110.0,277.0,164.0,121.0,358.0,173.0,304.0,402.0,323.0,529.0,269.0,250.0
259.0,205.0,363.0,70.0,434.0,281.0,253.0,250.0,302.0,238.0,299.0,298.0,288.0,493.0,566.0
163.0,215.0,187.0,17.0,89.0,259.0,30.0,49.0,119.0,82.0,88.0,69.0,48.0,28.0,73.0
316.0,515.0,738.0,97.0,434.0,490.0,253.0,738.0,425.0,275.0,366.0,277.0,464.0,496.0,566.0
311.0,585.0,476.0,97.0,258.0,518.0,19.0,420.0,163.0,289.0,410.0,241.0,579.0,311.0,212.0
237.0,320.0,279.0,67.0,341.0,260.0,220.0,83.0,332.0,150.0,203.0,162.0,288.0,132.0,212.0
115.0,45.0,224.0,23.0,212.0,127.0,79.0,98.0,158.0,120.0,160.0,118.0,128.0,72.0,246.0
70.0,21.0,126.0,6.0,88.0,277.0,2.0,27.0,34.0,58.0,5.0,23.0,10.0,17.0,71.0
126.0,129.0,252.0,27.0,141.0,341.0,48.0,140.0,171.0,140.0,176.0,138.0,92.0,442.0,242.0
156.0,48.0,293.0,35.0,200.0,143.0,76.0,176.0,198.0,160.0,211.0,241.0,155.0,111.0,170.0
111.0,89.0,411.0,21.0,117.0,211.0,35.0,299.0,129.0,120.0,322.0,126.0,59.0,218.0,87.0
157.0,118.0,346.0,57.0,322.0,221.0,139.0,204.0,184.0,201.0,249.0,248.0,264.0,318.0,333.0
176.0,235.0,395.0,80.0,168.0,328.0,54.0,297.0,425.0,252.0,321.0,304.0,344.0,217.0,94.0
319.0,261.0,382.0,73.0,311.0,365.0,217.0,293.0,363.0,246.0,309.0,301.0,330.0,218.0,329.0
259.0,325.0,382.0,78.0,312.0,270.0,198.0,285.0,466.0,247.0,310.0,254.0,303.0,308.0,329.0
287.0,423.0,449.0,95.0,639.0,479.0,253.0,322.0,314.0,273.0,199.0,322.0,438.0,246.0,202.0
165.0,207.0,296.0,36.0,86.0,293.0,82.0,183.0,210.0,167.0,220.0,185.0,171.0,132.0,66.0
163.0,214.0,266.0,23.0,175.0,200.0,61.0,285.0,144.0,132.0,200.0,127.0,102.0,202.0,188.0
146.0,163.0,278.0,32.0,176.0,227.0,61.0,160.0,184.0,151.0,201.0,162.0,116.0,107.0,148.0
241.0,323.0,999.0,77.0,503.0,404.0,274.0,999.0,54.0,247.0,681.0,303.0,330.0,889.0,172.0
287.0,317.0,351.0,63.0,191.0,393.0,188.0,240.0,314.0,214.0,261.0,50.0,284.0,111.0,117.0
235.0,320.0,322.0,65.0,310.0,388.0,180.0,204.0,314.0,202.0,241.0,151.0,284.0,132.0,329.0
237.0,322.0,348.0,67.0,312.0,397.0,203.0,198.0,483.0,207.0,272.0,263.0,288.0,107.0,334.0
147.0,185.0,0.0,0.0,0.0,268.0,0.0,0.0,0.0,0.0,0.0,76.0,0.0,0.0,0.0
202.0,274.0,363.0,51.0,303.0,348.0,143.0,277.0,357.0,196.0,298.0,241.0,264.0,218.0,134.0
288.0,461.0,385.0,63.0,277.0,486.0,143.0,293.0,223.0,247.0,310.0,303.0,269.0,184.0,250.0
122.0,106.0,266.0,24.0,132.0,214.0,45.0,154.0,163.0,106.0,204.0,92.0,84.0,106.0,107.0
24.0,188.0,111.0,3.0,145.0,294.0,2.0,15.0,281.0,25.0,5.0,0.0,5.0,16.0,12.0
181.0,234.0,514.0,45.0,253.0,374.0,99.0,251.0,233.0,319.0,148.0,456.0,200.0,201.0,216.0
103.0,78.0,222.0,18.0,100.0,173.0,33.0,90.0,125.0,113.0,128.0,92.0,52.0,269.0,80.0
100.0,62.0,207.0,17.0,89.0,203.0,30.0,59.0,119.0,108.0,119.0,100.0,46.0,30.0,99.0
76.0,41.0,0.0,0.0,54.0,112.0,1.0,0.0,95.0,0.0,0.0,186.0,0.0,0.0,42.0
183.0,249.0,323.0,50.0,242.0,382.0,99.0,204.0,252.0,190.0,241.0,240.0,211.0,134.0,214.0
73.0,41.0,125.0,7.0,161.0,102.0,53.0,15.0,46.0,57.0,182.0,117.0,101.0,16.0,125.0
77.0,41.0,224.0,8.0,45.0,268.0,5.0,83.0,69.0,120.0,366.0,114.0,27.0,64.0,44.0
322.0,585.0,488.0,110.0,100.0,521.0,32.0,353.0,205.0,300.0,400.0,387.0,259.0,269.0,81.0
233.0,317.0,356.0,65.0,277.0,393.0,119.0,232.0,314.0,223.0,290.0,277.0,284.0,333.0,246.0
212.0,301.0,346.0,58.0,278.0,382.0,147.0,232.0,302.0,201.0,264.0,246.0,269.0,179.0,95.0
211.0,249.0,346.0,57.0,174.0,348.0,58.0,266.0,272.0,201.0,309.0,248.0,264.0,185.0,158.0
83.0,42.0,582.0,13.0,55.0,127.0,18.0,470.0,98.0,316.0,509.0,449.0,36.0,319.0,43.0
163.0,212.0,296.0,36.0,243.0,294.0,75.0,176.0,147.0,167.0,220.0,186.0,149.0,125.0,218.0
414.0,769.0,385.0,153.0,45.0,404.0,7.0,293.0,616.0,247.0,333.0,303.0,25.0,208.0,30.0
134.0,145.0,428.0,146.0,723.0,256.0,396.0,313.0,571.0,580.0,597.0,894.0,693.0,240.0,95.0
163.0,221.0,346.0,36.0,216.0,42.0,80.0,225.0,210.0,174.0,240.0,173.0,168.0,185.0,179.0
211.0,179.0,337.0,51.0,723.0,260.0,444.0,212.0,343.0,191.0,250.0,228.0,209.0,81.0,87.0
154.0,188.0,322.0,33.0,104.0,124.0,32.0,204.0,187.0,132.0,351.0,127.0,48.0,150.0,83.0
160.0,188.0,323.0,51.0,255.0,272.0,107.0,364.0,292.0,191.0,243.0,228.0,212.0,275.0,229.0
322.0,590.0,542.0,133.0,132.0,521.0,40.0,420.0,111.0,311.0,470.0,446.0,419.0,309.0,110.0
314.0,130.0,294.0,21.0,118.0,230.0,40.0,180.0,139.0,129.0,218.0,124.0,59.0,123.0,94.0
196.0,259.0,332.0,51.0,98.0,348.0,32.0,205.0,276.0,193.0,243.0,236.0,0.0,159.0,77.0
428.0,764.0,693.0,243.0,229.0,767.0,86.0,481.0,858.0,580.0,654.0,894.0,923.0,328.0,190.0
338.0,515.0,507.0,133.0,191.0,460.0,77.0,377.0,184.0,311.0,411.0,456.0,639.0,291.0,157.0
156.0,188.0,283.0,34.0,229.0,281.0,67.0,168.0,194.0,156.0,208.0,25.0,127.0,134.0,114.0
123.0,105.0,111.0,24.0,242.0,213.0,46.0,26.0,164.0,137.0,84.0,137.0,89.0,17.0,214.0
232.0,317.0,417.0,64.0,303.0,393.0,170.0,322.0,313.0,214.0,322.0,280.0,276.0,312.0,316.0
210.0,284.0,346.0,57.0,280.0,390.0,139.0,306.0,276.0,201.0,257.0,248.0,264.0,179.0,74.0
244.0,376.0,363.0,70.0,312.0,390.0,203.0,277.0,199.0,238.0,290.0,298.0,291.0,201.0,71.0
273.0,406.0,661.0,137.0,83.0,389.0,50.0,509.0,170.0,319.0,351.0,456.0,656.0,339.0,71.0
165.0,163.0,310.0,38.0,292.0,254.0,139.0,201.0,213.0,174.0,225.0,203.0,264.0,146.0,247.0
146.0,48.0,187.0,30.0,176.0,143.0,61.0,293.0,182.0,82.0,87.0,69.0,122.0,208.0,153.0
147.0,188.0,252.0,25.0,157.0,306.0,50.0,137.0,170.0,138.0,333.0,162.0,92.0,88.0,122.0
232.0,306.0,361.0,70.0,242.0,389.0,99.0,273.0,369.0,230.0,297.0,288.0,127.0,218.0,216.0
103.0,72.0,266.0,18.0,100.0,159.0,33.0,323.0,122.0,114.0,240.0,25.0,52.0,247.0,111.0
165.0,219.0,279.0,38.0,226.0,297.0,83.0,572.0,145.0,174.0,203.0,181.0,174.0,442.0,182.0
180.0,233.0,360.0,46.0,227.0,280.0,98.0,266.0,314.0,188.0,309.0,181.0,200.0,186.0,180.0
75.0,37.0,208.0,16.0,155.0,87.0,23.0,73.0,109.0,106.0,122.0,95.0,42.0,28.0,56.0
91.0,48.0,212.0,15.0,83.0,182.0,23.0,292.0,105.0,108.0,130.0,100.0,42.0,208.0,52.0
140.0,163.0,267.0,30.0,58.0,247.0,18.0,154.0,181.0,151.0,200.0,162.0,48.0,134.0,44.0
152.0,180.0,661.0,33.0,168.0,260.0,54.0,509.0,187.0,416.0,272.0,822.0,101.0,390.0,32.0
212.0,222.0,347.0,53.0,261.0,308.0,121.0,205.0,292.0,197.0,264.0,241.0,252.0,291.0,234.0
257.0,215.0,648.0,71.0,341.0,296.0,220.0,493.0,363.0,411.0,582.0,355.0,429.0,333.0,43.0
152.0,103.0,240.0,22.0,117.0,211.0,38.0,109.0,122.0,129.0,157.0,118.0,70.0,72.0,84.0
130.0,317.0,258.0,29.0,175.0,390.0,54.0,144.0,164.0,144.0,187.0,175.0,101.0,95.0,131.0
123.0,62.0,491.0,112.0,429.0,155.0,276.0,358.0,292.0,304.0,351.0,298.0,579.0,269.0,566.0
130.0,137.0,355.0,26.0,217.0,241.0,50.0,251.0,168.0,223.0,286.0,277.0,92.0,184.0,175.0
154.0,187.0,488.0,33.0,226.0,270.0,82.0,353.0,204.0,156.0,262.0,174.0,171.0,269.0,274.0
165.0,235.0,361.0,70.0,313.0,310.0,199.0,266.0,343.0,230.0,299.0,288.0,291.0,192.0,71.0
229.0,320.0,347.0,51.0,253.0,390.0,106.0,241.0,272.0,197.0,238.0,241.0,211.0,184.0,218.0
196.0,259.0,332.0,51.0,176.0,294.0,226.0,205.0,302.0,193.0,245.0,236.0,337.0,156.0,153.0
96.0,55.0,208.0,16.0,88.0,154.0,45.0,82.0,518.0,106.0,108.0,91.0,45.0,30.0,45.0
80.0,41.0,201.0,9.0,47.0,102.0,9.0,59.0,76.0,82.0,94.0,70.0,33.0,34.0,32.0
123.0,188.0,255.0,24.0,126.0,206.0,50.0,141.0,204.0,137.0,182.0,47.0,92.0,92.0,95.0
256.0,331.0,374.0,71.0,344.0,310.0,230.0,290.0,363.0,243.0,307.0,312.0,331.0,205.0,422.0
271.0,406.0,208.0,70.0,211.0,479.0,96.0,82.0,347.0,223.0,152.0,282.0,309.0,58.0,175.0
244.0,205.0,363.0,70.0,260.0,288.0,199.0,280.0,341.0,230.0,299.0,288.0,291.0,196.0,238.0
167.0,232.0,207.0,38.0,229.0,320.0,83.0,39.0,223.0,106.0,94.0,91.0,174.0,24.0,190.0
211.0,276.0,553.0,53.0,83.0,348.0,23.0,438.0,195.0,368.0,320.0,580.0,259.0,291.0,55.0
154.0,188.0,257.0,33.0,145.0,173.0,50.0,148.0,184.0,156.0,122.0,186.0,140.0,111.0,154.0
163.0,212.0,300.0,36.0,75.0,294.0,19.0,189.0,210.0,167.0,222.0,173.0,168.0,137.0,54.0
295.0,694.0,263.0,29.0,132.0,663.0,45.0,149.0,173.0,147.0,157.0,156.0,102.0,179.0,64.0
165.0,205.0,281.0,33.0,151.0,297.0,98.0,10.0,184.0,154.0,200.0,165.0,238.0,16.0,55.0
71.0,27.0,126.0,6.0,229.0,159.0,99.0,29.0,34.0,63.0,275.0,47.0,12.0,16.0,190.0
271.0,406.0,396.0,80.0,165.0,256.0,75.0,297.0,425.0,252.0,322.0,305.0,154.0,218.0,127.0
80.0,41.0,337.0,27.0,83.0,102.0,52.0,212.0,223.0,198.0,243.0,241.0,101.0,174.0,139.0
206.0,257.0,395.0,56.0,275.0,348.0,139.0,297.0,296.0,200.0,321.0,208.0,264.0,217.0,140.0
147.0,174.0,300.0,32.0,176.0,259.0,61.0,189.0,187.0,171.0,226.0,196.0,122.0,133.0,131.0
156.0,233.0,283.0,34.0,243.0,319.0,106.0,154.0,195.0,156.0,208.0,186.0,209.0,102.0,247.0
84.0,47.0,240.0,20.0,54.0,418.0,16.0,130.0,187.0,120.0,129.0,113.0,12.0,55.0,82.0
271.0,300.0,440.0,91.0,569.0,663.0,274.0,316.0,454.0,273.0,333.0,323.0,438.0,180.0,808.0
156.0,238.0,549.0,133.0,202.0,341.0,75.0,420.0,571.0,358.0,470.0,582.0,583.0,311.0,173.0
233.0,310.0,385.0,65.0,310.0,390.0,171.0,293.0,314.0,246.0,310.0,301.0,284.0,91.0,329.0
330.0,193.0,511.0,114.0,189.0,365.0,67.0,391.0,547.0,300.0,483.0,387.0,139.0,300.0,140.0
163.0,207.0,224.0,38.0,227.0,294.0,85.0,149.0,223.0,176.0,149.0,197.0,161.0,107.0,179.0
232.0,316.0,351.0,64.0,311.0,390.0,172.0,232.0,313.0,214.0,274.0,263.0,276.0,173.0,334.0
322.0,590.0,481.0,109.0,445.0,656.0,254.0,342.0,501.0,296.0,387.0,374.0,444.0,258.0,574.0
146.0,174.0,281.0,32.0,89.0,259.0,30.0,165.0,184.0,154.0,204.0,181.0,123.0,193.0,74.0
317.0,320.0,549.0,106.0,503.0,393.0,274.0,420.0,498.0,356.0,468.0,561.0,524.0,311.0,88.0
84.0,42.0,201.0,14.0,117.0,112.0,33.0,59.0,99.0,92.0,100.0,76.0,33.0,30.0,93.0
375.0,694.0,536.0,140.0,723.0,193.0,391.0,415.0,571.0,346.0,470.0,240.0,656.0,308.0,234.0
126.0,130.0,242.0,26.0,203.0,241.0,76.0,111.0,170.0,137.0,179.0,140.0,92.0,77.0,172.0
138.0,163.0,278.0,30.0,313.0,253.0,199.0,158.0,177.0,151.0,201.0,162.0,113.0,107.0,351.0
102.0,71.0,224.0,19.0,104.0,159.0,33.0,97.0,145.0,114.0,149.0,126.0,55.0,72.0,83.0
187.0,253.0,326.0,51.0,137.0,348.0,46.0,195.0,122.0,191.0,248.0,228.0,145.0,41.0,111.0
163.0,205.0,336.0,51.0,177.0,281.0,78.0,216.0,281.0,196.0,248.0,241.0,161.0,173.0,154.0
196.0,261.0,313.0,60.0,277.0,365.0,139.0,200.0,302.0,227.0,239.0,282.0,264.0,180.0,154.0
156.0,212.0,283.0,34.0,227.0,294.0,83.0,183.0,184.0,156.0,206.0,178.0,174.0,131.0,174.0
163.0,215.0,294.0,36.0,217.0,296.0,80.0,155.0,210.0,167.0,207.0,127.0,156.0,269.0,179.0
73.0,27.0,553.0,6.0,202.0,56.0,54.0,392.0,99.0,304.0,465.0,428.0,92.0,312.0,422.0
104.0,82.0,326.0,19.0,122.0,143.0,35.0,205.0,127.0,190.0,243.0,220.0,47.0,149.0,94.0
124.0,129.0,392.0,25.0,105.0,222.0,35.0,205.0,168.0,256.0,320.0,312.0,54.0,156.0,88.0
211.0,214.0,339.0,56.0,277.0,193.0,150.0,0.0,293.0,201.0,249.0,263.0,270.0,16.0,119.0
229.0,310.0,353.0,60.0,279.0,390.0,143.0,299.0,357.0,214.0,272.0,249.0,269.0,111.0,274.0
167.0,304.0,356.0,38.0,735.0,388.0,485.0,197.0,222.0,225.0,248.0,264.0,176.0,331.0,316.0
103.0,40.0,657.0,18.0,176.0,86.0,61.0,508.0,122.0,416.0,326.0,856.0,113.0,408.0,148.0
97.0,55.0,351.0,50.0,122.0,156.0,127.0,212.0,253.0,190.0,0.0,231.0,259.0,28.0,77.0
235.0,317.0,361.0,65.0,310.0,393.0,172.0,313.0,314.0,225.0,302.0,282.0,284.0,241.0,416.0
111.0,89.0,507.0,21.0,117.0,320.0,37.0,392.0,144.0,120.0,408.0,139.0,76.0,303.0,94.0
114.0,104.0,417.0,96.0,446.0,212.0,258.0,313.0,500.0,273.0,321.0,277.0,450.0,240.0,604.0
133.0,141.0,353.0,29.0,176.0,241.0,54.0,251.0,173.0,144.0,286.0,155.0,101.0,184.0,153.0
152.0,174.0,701.0,33.0,188.0,249.0,67.0,572.0,184.0,595.0,681.0,894.0,139.0,455.0,156.0
176.0,229.0,360.0,67.0,261.0,315.0,170.0,315.0,333.0,227.0,295.0,282.0,288.0,296.0,242.0
80.0,41.0,184.0,11.0,45.0,102.0,7.0,45.0,252.0,75.0,64.0,196.0,33.0,328.0,31.0
171.0,235.0,360.0,38.0,150.0,348.0,78.0,251.0,181.0,227.0,309.0,282.0,161.0,409.0,574.0
412.0,764.0,372.0,183.0,341.0,491.0,217.0,222.0,568.0,404.0,310.0,463.0,864.0,170.0,262.0
235.0,317.0,363.0,65.0,310.0,393.0,172.0,228.0,314.0,223.0,298.0,395.0,284.0,173.0,316.0
232.0,304.0,351.0,64.0,73.0,372.0,19.0,240.0,313.0,214.0,286.0,264.0,276.0,170.0,74.0
146.0,173.0,507.0,32.0,176.0,254.0,62.0,392.0,170.0,306.0,408.0,470.0,123.0,312.0,154.0
146.0,173.0,438.0,33.0,176.0,256.0,61.0,316.0,204.0,271.0,338.0,231.0,127.0,184.0,154.0
183.0,234.0,323.0,50.0,253.0,429.0,106.0,204.0,253.0,190.0,241.0,193.0,211.0,150.0,142.0
206.0,278.0,339.0,56.0,234.0,369.0,99.0,214.0,252.0,199.0,252.0,221.0,260.0,162.0,406.0
80.0,41.0,303.0,9.0,47.0,270.0,9.0,194.0,76.0,176.0,226.0,353.0,33.0,134.0,32.0
77.0,41.0,184.0,8.0,83.0,87.0,24.0,45.0,54.0,81.0,122.0,68.0,54.0,25.0,64.0
137.0,164.0,356.0,58.0,89.0,254.0,170.0,481.0,296.0,214.0,290.0,277.0,272.0,269.0,55.0
120.0,109.0,224.0,23.0,131.0,216.0,43.0,84.0,171.0,120.0,152.0,114.0,76.0,72.0,99.0
130.0,141.0,294.0,38.0,202.0,249.0,75.0,306.0,223.0,176.0,218.0,197.0,156.0,218.0,148.0
375.0,694.0,648.0,140.0,17.0,319.0,2.0,601.0,571.0,416.0,321.0,138.0,5.0,458.0,89.0
206.0,284.0,374.0,56.0,277.0,369.0,139.0,280.0,109.0,214.0,320.0,249.0,264.0,201.0,157.0
270.0,434.0,411.0,86.0,476.0,445.0,262.0,316.0,430.0,264.0,326.0,76.0,464.0,219.0,678.0
287.0,423.0,350.0,95.0,448.0,491.0,226.0,240.0,457.0,300.0,201.0,325.0,337.0,180.0,71.0
123.0,109.0,252.0,25.0,102.0,249.0,48.0,32.0,168.0,138.0,177.0,204.0,92.0,16.0,94.0
111.0,95.0,223.0,17.0,28.0,208.0,32.0,94.0,122.0,61.0,120.0,25.0,49.0,68.0,12.0
232.0,310.0,247.0,65.0,186.0,390.0,45.0,132.0,314.0,319.0,170.0,456.0,77.0,79.0,156.0
158.0,205.0,263.0,29.0,168.0,348.0,54.0,149.0,173.0,147.0,206.0,92.0,101.0,96.0,83.0
104.0,78.0,240.0,20.0,106.0,182.0,35.0,110.0,50.0,129.0,210.0,126.0,55.0,77.0,87.0
377.0,130.0,536.0,148.0,255.0,230.0,139.0,296.0,571.0,347.0,458.0,463.0,264.0,218.0,107.0
157.0,212.0,385.0,35.0,311.0,294.0,237.0,293.0,198.0,247.0,310.0,303.0,168.0,613.0,333.0
104.0,78.0,184.0,19.0,176.0,222.0,45.0,45.0,145.0,120.0,130.0,117.0,70.0,25.0,153.0
206.0,284.0,337.0,56.0,237.0,372.0,99.0,214.0,293.0,200.0,199.0,246.0,260.0,162.0,212.0
115.0,95.0,449.0,22.0,117.0,203.0,38.0,322.0,145.0,275.0,366.0,197.0,70.0,246.0,214.0
146.0,164.0,293.0,30.0,191.0,254.0,69.0,176.0,182.0,160.0,207.0,214.0,113.0,186.0,157.0
180.0,233.0,240.0,46.0,202.0,320.0,99.0,104.0,288.0,381.0,157.0,25.0,202.0,442.0,173.0
212.0,316.0,323.0,57.0,292.0,390.0,129.0,198.0,296.0,201.0,222.0,248.0,264.0,137.0,238.0
126.0,130.0,332.0,51.0,310.0,230.0,121.0,204.0,281.0,193.0,225.0,236.0,239.0,150.0,329.0
237.0,323.0,485.0,67.0,446.0,310.0,188.0,420.0,330.0,296.0,322.0,355.0,288.0,309.0,187.0
196.0,257.0,300.0,51.0,312.0,348.0,172.0,189.0,292.0,187.0,187.0,228.0,284.0,107.0,154.0
167.0,221.0,300.0,38.0,174.0,308.0,58.0,192.0,248.0,174.0,243.0,197.0,127.0,129.0,140.0
256.0,215.0,385.0,77.0,243.0,297.0,222.0,240.0,232.0,247.0,309.0,303.0,336.0,184.0,215.0
266.0,373.0,476.0,85.0,329.0,280.0,213.0,327.0,425.0,296.0,382.0,353.0,316.0,248.0,329.0
105.0,109.0,224.0,20.0,106.0,215.0,35.0,98.0,127.0,120.0,160.0,162.0,55.0,72.0,87.0
165.0,194.0,323.0,38.0,242.0,479.0,82.0,204.0,213.0,174.0,239.0,196.0,171.0,208.0,212.0
115.0,106.0,239.0,78.0,145.0,214.0,226.0,756.0,168.0,247.0,187.0,304.0,337.0,314.0,134.0
154.0,185.0,488.0,34.0,197.0,60.0,75.0,572.0,197.0,300.0,400.0,387.0,149.0,455.0,116.0
311.0,372.0,298.0,30.0,175.0,445.0,59.0,187.0,181.0,151.0,222.0,162.0,109.0,133.0,155.0
119.0,105.0,240.0,20.0,137.0,213.0,46.0,103.0,127.0,129.0,157.0,118.0,54.0,72.0,111.0
160.0,193.0,300.0,36.0,216.0,200.0,80.0,192.0,232.0,167.0,230.0,187.0,161.0,72.0,178.0
288.0,461.0,395.0,95.0,137.0,486.0,46.0,292.0,466.0,275.0,321.0,325.0,83.0,205.0,111.0
103.0,72.0,223.0,18.0,100.0,160.0,32.0,65.0,122.0,113.0,158.0,108.0,51.0,34.0,82.0
70.0,21.0,111.0,6.0,100.0,56.0,7.0,16.0,34.0,63.0,5.0,47.0,12.0,169.0,242.0
233.0,316.0,507.0,65.0,160.0,389.0,48.0,377.0,314.0,223.0,410.0,282.0,92.0,291.0,124.0
182.0,276.0,316.0,51.0,47.0,365.0,13.0,201.0,271.0,190.0,243.0,137.0,209.0,148.0,30.0
114.0,95.0,240.0,22.0,341.0,212.0,38.0,104.0,141.0,129.0,157.0,117.0,70.0,107.0,406.0
80.0,41.0,187.0,11.0,100.0,102.0,30.0,49.0,69.0,84.0,201.0,72.0,46.0,116.0,64.0
163.0,221.0,528.0,36.0,277.0,310.0,82.0,297.0,223.0,358.0,419.0,457.0,171.0,217.0,214.0
167.0,261.0,355.0,65.0,176.0,358.0,29.0,176.0,314.0,223.0,287.0,280.0,284.0,125.0,153.0
330.0,37.0,511.0,128.0,261.0,82.0,367.0,391.0,545.0,316.0,411.0,456.0,588.0,303.0,242.0
330.0,461.0,240.0,128.0,89.0,418.0,382.0,110.0,551.0,129.0,160.0,125.0,590.0,133.0,72.0
330.0,92.0,528.0,140.0,360.0,102.0,46.0,398.0,571.0,322.0,419.0,457.0,89.0,218.0,94.0
183.0,249.0,336.0,56.0,89.0,349.0,32.0,212.0,293.0,197.0,245.0,240.0,260.0,167.0,74.0
252.0,331.0,392.0,80.0,344.0,439.0,222.0,296.0,425.0,252.0,386.0,307.0,336.0,213.0,422.0
410.0,718.0,396.0,177.0,145.0,687.0,50.0,299.0,81.0,871.0,261.0,999.0,751.0,205.0,116.0
126.0,130.0,360.0,22.0,186.0,56.0,62.0,15.0,145.0,129.0,117.0,125.0,70.0,55.0,331.0
77.0,41.0,184.0,8.0,47.0,315.0,9.0,45.0,69.0,80.0,88.0,68.0,27.0,25.0,32.0
167.0,231.0,300.0,38.0,228.0,319.0,85.0,189.0,222.0,176.0,225.0,197.0,176.0,133.0,190.0
429.0,844.0,747.0,201.0,145.0,388.0,598.0,353.0,170.0,660.0,239.0,100.0,864.0,256.0,116.0
156.0,222.0,283.0,34.0,200.0,308.0,75.0,216.0,194.0,154.0,208.0,155.0,150.0,167.0,172.0
115.0,95.0,438.0,51.0,216.0,208.0,82.0,312.0,272.0,271.0,338.0,323.0,171.0,218.0,187.0
132.0,137.0,348.0,29.0,168.0,188.0,54.0,285.0,171.0,129.0,264.0,124.0,101.0,202.0,54.0
288.0,406.0,485.0,95.0,344.0,429.0,222.0,346.0,466.0,296.0,483.0,348.0,336.0,259.0,422.0
235.0,323.0,485.0,97.0,234.0,393.0,247.0,346.0,454.0,296.0,389.0,114.0,344.0,259.0,212.0
271.0,403.0,428.0,87.0,174.0,460.0,243.0,292.0,177.0,269.0,309.0,322.0,408.0,208.0,134.0
224.0,304.0,339.0,60.0,277.0,389.0,143.0,216.0,188.0,207.0,298.0,263.0,269.0,167.0,250.0
129.0,135.0,251.0,27.0,132.0,241.0,58.0,195.0,171.0,141.0,204.0,149.0,102.0,134.0,122.0
178.0,106.0,300.0,45.0,224.0,214.0,95.0,189.0,210.0,188.0,225.0,197.0,195.0,133.0,182.0
206.0,461.0,247.0,22.0,128.0,486.0,42.0,175.0,144.0,129.0,274.0,125.0,70.0,123.0,99.0
330.0,515.0,481.0,109.0,429.0,310.0,237.0,392.0,498.0,296.0,387.0,374.0,529.0,312.0,566.0
83.0,43.0,215.0,11.0,28.0,124.0,16.0,84.0,122.0,106.0,130.0,92.0,35.0,64.0,25.0
178.0,207.0,316.0,45.0,202.0,280.0,99.0,204.0,224.0,188.0,236.0,203.0,196.0,173.0,173.0
156.0,180.0,283.0,34.0,28.0,260.0,4.0,130.0,222.0,156.0,208.0,178.0,33.0,87.0,11.0
233.0,367.0,447.0,91.0,403.0,518.0,243.0,306.0,454.0,273.0,351.0,323.0,419.0,205.0,469.0
104.0,106.0,255.0,19.0,75.0,214.0,33.0,155.0,145.0,139.0,157.0,160.0,54.0,106.0,55.0
152.0,180.0,179.0,36.0,55.0,260.0,19.0,39.0,168.0,160.0,63.0,186.0,36.0,25.0,42.0
115.0,95.0,336.0,23.0,98.0,216.0,33.0,216.0,145.0,197.0,240.0,241.0,52.0,185.0,77.0
87.0,48.0,187.0,14.0,58.0,143.0,15.0,47.0,76.0,82.0,84.0,68.0,36.0,26.0,44.0
156.0,214.0,292.0,35.0,191.0,293.0,69.0,264.0,197.0,156.0,210.0,100.0,140.0,186.0,157.0
111.0,89.0,204.0,15.0,80.0,143.0,23.0,62.0,158.0,99.0,152.0,76.0,42.0,35.0,55.0
156.0,194.0,290.0,34.0,83.0,277.0,75.0,176.0,198.0,156.0,210.0,185.0,149.0,125.0,63.0
83.0,43.0,206.0,20.0,112.0,124.0,35.0,73.0,125.0,92.0,123.0,76.0,55.0,57.0,87.0
123.0,115.0,258.0,31.0,181.0,220.0,61.0,148.0,184.0,144.0,165.0,165.0,122.0,96.0,154.0
183.0,249.0,111.0,7.0,89.0,348.0,30.0,26.0,50.0,76.0,187.0,69.0,46.0,16.0,74.0
152.0,187.0,279.0,32.0,105.0,270.0,43.0,160.0,184.0,154.0,208.0,165.0,123.0,72.0,54.0
154.0,188.0,251.0,36.0,211.0,272.0,78.0,124.0,194.0,166.0,175.0,186.0,168.0,17.0,175.0
196.0,259.0,266.0,77.0,329.0,358.0,217.0,154.0,501.0,247.0,203.0,303.0,334.0,102.0,404.0
270.0,391.0,428.0,86.0,410.0,333.0,243.0,346.0,431.0,265.0,333.0,316.0,380.0,107.0,416.0
180.0,233.0,336.0,51.0,260.0,319.0,121.0,206.0,288.0,197.0,248.0,241.0,239.0,158.0,274.0
83.0,43.0,187.0,11.0,73.0,118.0,19.0,49.0,98.0,84.0,88.0,76.0,35.0,12.0,32.0
156.0,205.0,311.0,41.0,227.0,288.0,35.0,195.0,223.0,184.0,239.0,207.0,176.0,65.0,178.0
147.0,214.0,279.0,32.0,176.0,294.0,61.0,194.0,184.0,154.0,203.0,162.0,122.0,134.0,158.0
73.0,27.0,214.0,15.0,83.0,56.0,23.0,313.0,38.0,103.0,128.0,204.0,40.0,240.0,55.0
139.0,164.0,246.0,23.0,181.0,249.0,50.0,90.0,81.0,132.0,158.0,127.0,95.0,65.0,140.0
97.0,55.0,293.0,16.0,89.0,155.0,30.0,186.0,117.0,150.0,211.0,160.0,46.0,132.0,74.0
217.0,301.0,339.0,58.0,260.0,206.0,121.0,212.0,296.0,199.0,250.0,240.0,252.0,159.0,238.0
376.0,717.0,488.0,148.0,569.0,663.0,339.0,358.0,343.0,347.0,402.0,470.0,751.0,57.0,808.0
191.0,174.0,326.0,51.0,228.0,255.0,94.0,156.0,272.0,192.0,243.0,231.0,191.0,106.0,188.0
96.0,55.0,207.0,16.0,83.0,155.0,24.0,470.0,119.0,85.0,119.0,76.0,43.0,319.0,54.0
126.0,131.0,283.0,27.0,218.0,348.0,48.0,168.0,170.0,154.0,207.0,167.0,92.0,458.0,175.0
233.0,316.0,356.0,67.0,117.0,390.0,166.0,10.0,333.0,227.0,307.0,282.0,288.0,81.0,89.0
236.0,320.0,350.0,66.0,410.0,344.0,230.0,240.0,330.0,213.0,274.0,263.0,284.0,184.0,469.0
94.0,42.0,201.0,16.0,257.0,124.0,119.0,61.0,109.0,92.0,100.0,133.0,44.0,34.0,229.0
330.0,612.0,487.0,109.0,238.0,534.0,99.0,353.0,501.0,296.0,394.0,113.0,406.0,269.0,218.0
80.0,40.0,187.0,11.0,47.0,86.0,9.0,49.0,81.0,84.0,91.0,76.0,33.0,27.0,32.0
103.0,76.0,215.0,18.0,191.0,156.0,69.0,83.0,122.0,112.0,148.0,160.0,83.0,66.0,77.0
104.0,56.0,204.0,18.0,117.0,156.0,35.0,32.0,122.0,85.0,108.0,76.0,55.0,20.0,89.0
81.0,42.0,514.0,12.0,73.0,491.0,19.0,384.0,95.0,319.0,414.0,456.0,27.0,219.0,84.0
191.0,261.0,330.0,51.0,261.0,362.0,121.0,327.0,296.0,192.0,244.0,263.0,252.0,248.0,238.0
205.0,276.0,346.0,55.0,360.0,468.0,226.0,223.0,292.0,200.0,210.0,241.0,337.0,173.0,678.0
132.0,137.0,360.0,70.0,203.0,249.0,184.0,277.0,332.0,228.0,295.0,287.0,288.0,193.0,174.0
169.0,210.0,356.0,40.0,212.0,294.0,79.0,493.0,223.0,304.0,382.0,430.0,167.0,333.0,175.0
113.0,90.0,372.0,21.0,188.0,205.0,67.0,285.0,233.0,197.0,238.0,241.0,136.0,202.0,154.0
217.0,301.0,386.0,60.0,279.0,362.0,148.0,296.0,302.0,202.0,320.0,263.0,270.0,219.0,275.0
121.0,130.0,142.0,24.0,131.0,230.0,45.0,31.0,164.0,67.0,238.0,50.0,85.0,17.0,101.0
139.0,164.0,208.0,16.0,75.0,280.0,22.0,82.0,109.0,107.0,122.0,117.0,40.0,65.0,157.0
103.0,76.0,240.0,18.0,89.0,214.0,33.0,109.0,122.0,129.0,157.0,118.0,52.0,76.0,74.0
171.0,222.0,224.0,38.0,228.0,308.0,86.0,315.0,222.0,213.0,149.0,264.0,177.0,240.0,188.0
246.0,332.0,363.0,70.0,229.0,418.0,95.0,240.0,341.0,230.0,582.0,288.0,291.0,158.0,190.0
314.0,367.0,507.0,133.0,311.0,445.0,391.0,377.0,570.0,311.0,410.0,460.0,639.0,292.0,308.0
268.0,373.0,411.0,86.0,261.0,445.0,121.0,299.0,430.0,265.0,758.0,246.0,252.0,555.0,173.0
375.0,694.0,530.0,140.0,122.0,663.0,171.0,403.0,571.0,356.0,419.0,236.0,284.0,81.0,110.0
113.0,90.0,240.0,21.0,117.0,277.0,35.0,293.0,139.0,129.0,158.0,221.0,59.0,255.0,89.0
196.0,229.0,332.0,51.0,168.0,319.0,53.0,205.0,253.0,193.0,245.0,236.0,101.0,169.0,127.0
202.0,261.0,322.0,45.0,224.0,390.0,6.0,313.0,232.0,188.0,241.0,214.0,101.0,458.0,181.0
156.0,95.0,125.0,34.0,200.0,208.0,75.0,97.0,215.0,112.0,245.0,101.0,149.0,71.0,212.0
375.0,709.0,428.0,143.0,228.0,393.0,85.0,322.0,579.0,275.0,309.0,330.0,678.0,240.0,187.0
212.0,78.0,351.0,57.0,277.0,175.0,143.0,141.0,296.0,201.0,248.0,254.0,269.0,92.0,246.0
152.0,47.0,207.0,33.0,128.0,87.0,50.0,292.0,187.0,103.0,119.0,101.0,92.0,208.0,32.0
202.0,278.0,279.0,51.0,313.0,362.0,199.0,163.0,296.0,154.0,203.0,167.0,291.0,107.0,201.0
70.0,21.0,258.0,29.0,168.0,203.0,54.0,146.0,162.0,144.0,189.0,162.0,101.0,107.0,125.0
163.0,214.0,316.0,35.0,191.0,294.0,76.0,327.0,198.0,188.0,240.0,220.0,155.0,248.0,158.0
287.0,423.0,361.0,70.0,312.0,490.0,198.0,205.0,341.0,228.0,295.0,287.0,291.0,156.0,107.0
97.0,55.0,550.0,15.0,85.0,155.0,29.0,225.0,103.0,403.0,158.0,856.0,40.0,248.0,66.0
134.0,145.0,491.0,30.0,176.0,249.0,61.0,358.0,168.0,304.0,345.0,428.0,116.0,218.0,153.0
288.0,434.0,299.0,95.0,112.0,490.0,50.0,216.0,545.0,273.0,222.0,162.0,92.0,145.0,55.0
232.0,210.0,461.0,65.0,303.0,294.0,171.0,327.0,314.0,207.0,387.0,264.0,284.0,248.0,111.0
156.0,210.0,532.0,35.0,191.0,280.0,69.0,392.0,198.0,347.0,449.0,463.0,140.0,312.0,154.0
91.0,43.0,238.0,21.0,186.0,127.0,35.0,103.0,139.0,120.0,152.0,117.0,59.0,314.0,155.0
77.0,41.0,180.0,8.0,75.0,214.0,22.0,39.0,98.0,81.0,64.0,68.0,27.0,25.0,55.0
232.0,373.0,356.0,65.0,50.0,445.0,203.0,259.0,314.0,214.0,252.0,277.0,291.0,184.0,42.0
429.0,219.0,661.0,243.0,138.0,297.0,46.0,509.0,164.0,524.0,232.0,894.0,90.0,312.0,107.0
73.0,21.0,271.0,7.0,288.0,521.0,165.0,156.0,46.0,151.0,201.0,162.0,272.0,107.0,604.0
101.0,56.0,553.0,133.0,448.0,155.0,382.0,438.0,551.0,311.0,366.0,446.0,590.0,312.0,604.0
333.0,367.0,347.0,60.0,288.0,445.0,165.0,476.0,332.0,203.0,264.0,81.0,272.0,201.0,297.0
70.0,21.0,201.0,11.0,226.0,319.0,67.0,32.0,81.0,84.0,94.0,76.0,33.0,21.0,160.0
83.0,55.0,222.0,13.0,55.0,143.0,19.0,92.0,103.0,138.0,129.0,139.0,36.0,72.0,44.0
104.0,78.0,125.0,19.0,65.0,191.0,19.0,32.0,173.0,57.0,63.0,303.0,36.0,21.0,45.0
112.0,82.0,256.0,21.0,261.0,197.0,126.0,141.0,139.0,128.0,187.0,117.0,259.0,92.0,351.0
114.0,78.0,263.0,22.0,117.0,173.0,38.0,149.0,158.0,129.0,129.0,114.0,70.0,96.0,89.0
333.0,185.0,511.0,133.0,569.0,261.0,382.0,327.0,551.0,316.0,411.0,449.0,590.0,248.0,808.0
80.0,41.0,187.0,9.0,75.0,102.0,22.0,47.0,76.0,82.0,87.0,125.0,33.0,26.0,54.0
92.0,28.0,215.0,17.0,112.0,60.0,35.0,84.0,122.0,112.0,240.0,117.0,59.0,64.0,89.0
232.0,306.0,351.0,36.0,208.0,390.0,78.0,216.0,145.0,214.0,272.0,268.0,161.0,167.0,175.0
241.0,323.0,355.0,65.0,161.0,308.0,217.0,251.0,314.0,223.0,286.0,282.0,331.0,184.0,125.0
241.0,323.0,386.0,70.0,341.0,404.0,226.0,297.0,369.0,256.0,325.0,307.0,337.0,555.0,88.0
429.0,523.0,580.0,183.0,191.0,491.0,69.0,470.0,676.0,404.0,508.0,803.0,155.0,319.0,157.0
114.0,104.0,440.0,22.0,123.0,212.0,40.0,313.0,141.0,176.0,321.0,197.0,70.0,241.0,102.0
146.0,174.0,281.0,30.0,176.0,249.0,61.0,165.0,182.0,154.0,187.0,165.0,122.0,111.0,154.0
95.0,41.0,130.0,16.0,118.0,102.0,26.0,31.0,109.0,107.0,29.0,133.0,44.0,25.0,94.0
196.0,259.0,215.0,38.0,227.0,261.0,85.0,15.0,215.0,112.0,128.0,100.0,175.0,491.0,182.0
87.0,48.0,215.0,17.0,32.0,154.0,5.0,130.0,120.0,112.0,129.0,100.0,23.0,628.0,12.0
120.0,105.0,246.0,23.0,310.0,214.0,174.0,130.0,178.0,132.0,170.0,114.0,284.0,87.0,329.0
196.0,257.0,372.0,133.0,230.0,468.0,391.0,285.0,570.0,246.0,302.0,301.0,624.0,193.0,201.0
103.0,72.0,111.0,18.0,100.0,159.0,32.0,16.0,129.0,113.0,8.0,108.0,51.0,16.0,80.0
123.0,332.0,271.0,29.0,217.0,429.0,50.0,148.0,168.0,151.0,320.0,162.0,92.0,27.0,155.0
77.0,42.0,207.0,8.0,47.0,362.0,6.0,78.0,292.0,81.0,120.0,61.0,33.0,65.0,87.0
168.0,225.0,299.0,38.0,117.0,310.0,19.0,197.0,213.0,174.0,222.0,193.0,176.0,145.0,84.0
112.0,90.0,440.0,91.0,85.0,193.0,28.0,316.0,454.0,273.0,345.0,323.0,219.0,240.0,64.0
244.0,292.0,564.0,70.0,312.0,348.0,198.0,476.0,341.0,243.0,483.0,298.0,291.0,321.0,156.0
244.0,323.0,363.0,70.0,341.0,422.0,220.0,277.0,363.0,230.0,298.0,288.0,291.0,201.0,390.0
181.0,234.0,111.0,80.0,344.0,297.0,222.0,15.0,431.0,252.0,8.0,23.0,336.0,16.0,422.0
104.0,82.0,316.0,32.0,176.0,188.0,61.0,204.0,184.0,154.0,241.0,163.0,116.0,133.0,154.0
178.0,323.0,320.0,45.0,233.0,280.0,96.0,155.0,232.0,188.0,238.0,134.0,195.0,106.0,202.0
168.0,225.0,279.0,45.0,229.0,310.0,92.0,32.0,227.0,154.0,203.0,47.0,195.0,21.0,216.0
410.0,756.0,386.0,80.0,186.0,82.0,222.0,420.0,425.0,247.0,320.0,304.0,336.0,309.0,155.0
112.0,90.0,323.0,60.0,150.0,203.0,203.0,322.0,302.0,214.0,241.0,264.0,303.0,246.0,118.0
111.0,274.0,224.0,21.0,126.0,362.0,40.0,98.0,105.0,120.0,122.0,126.0,73.0,72.0,126.0
115.0,515.0,206.0,16.0,28.0,437.0,2.0,65.0,107.0,106.0,110.0,91.0,43.0,496.0,4.0
224.0,137.0,350.0,60.0,89.0,439.0,230.0,97.0,302.0,214.0,274.0,263.0,177.0,64.0,74.0
103.0,76.0,212.0,16.0,47.0,306.0,7.0,313.0,117.0,108.0,129.0,98.0,44.0,308.0,32.0
163.0,212.0,300.0,38.0,200.0,294.0,78.0,186.0,210.0,171.0,275.0,186.0,195.0,305.0,172.0
80.0,41.0,336.0,11.0,37.0,102.0,15.0,206.0,184.0,197.0,248.0,240.0,33.0,158.0,94.0
160.0,182.0,294.0,36.0,212.0,261.0,78.0,181.0,253.0,167.0,232.0,173.0,158.0,173.0,175.0
169.0,232.0,125.0,45.0,242.0,319.0,99.0,27.0,239.0,57.0,208.0,23.0,200.0,17.0,216.0
130.0,108.0,372.0,29.0,206.0,215.0,99.0,266.0,170.0,150.0,295.0,162.0,101.0,193.0,190.0
259.0,348.0,386.0,77.0,104.0,439.0,35.0,315.0,302.0,247.0,320.0,303.0,334.0,291.0,175.0
111.0,89.0,207.0,21.0,75.0,191.0,23.0,78.0,132.0,106.0,119.0,91.0,42.0,57.0,55.0
134.0,145.0,363.0,23.0,132.0,249.0,40.0,228.0,173.0,132.0,297.0,127.0,76.0,179.0,107.0
124.0,129.0,251.0,25.0,100.0,220.0,19.0,175.0,168.0,138.0,176.0,138.0,35.0,123.0,87.0
83.0,43.0,240.0,21.0,128.0,124.0,40.0,115.0,139.0,129.0,158.0,137.0,70.0,79.0,97.0
156.0,281.0,180.0,30.0,176.0,297.0,61.0,39.0,184.0,75.0,64.0,58.0,122.0,25.0,156.0
165.0,219.0,347.0,38.0,200.0,297.0,83.0,225.0,213.0,174.0,252.0,172.0,174.0,184.0,158.0
211.0,300.0,346.0,58.0,212.0,373.0,106.0,223.0,296.0,201.0,160.0,254.0,212.0,170.0,231.0
210.0,284.0,337.0,56.0,253.0,373.0,106.0,214.0,293.0,198.0,245.0,241.0,209.0,169.0,179.0
104.0,78.0,279.0,30.0,112.0,175.0,33.0,163.0,182.0,153.0,128.0,197.0,54.0,111.0,72.0
83.0,42.0,372.0,13.0,73.0,118.0,19.0,290.0,95.0,243.0,302.0,298.0,36.0,205.0,110.0
270.0,391.0,346.0,97.0,446.0,491.0,258.0,264.0,480.0,201.0,257.0,282.0,464.0,312.0,582.0
183.0,212.0,310.0,50.0,278.0,294.0,107.0,195.0,253.0,190.0,234.0,212.0,212.0,145.0,175.0
147.0,219.0,252.0,24.0,137.0,297.0,46.0,140.0,162.0,137.0,176.0,137.0,89.0,24.0,93.0
147.0,235.0,475.0,30.0,176.0,333.0,65.0,327.0,419.0,306.0,297.0,428.0,122.0,185.0,153.0
156.0,203.0,183.0,34.0,429.0,280.0,75.0,45.0,223.0,156.0,57.0,167.0,149.0,25.0,566.0
196.0,253.0,332.0,51.0,255.0,348.0,61.0,205.0,272.0,193.0,245.0,236.0,122.0,152.0,242.0
104.0,82.0,179.0,15.0,73.0,235.0,19.0,39.0,103.0,101.0,63.0,76.0,40.0,25.0,52.0
232.0,317.0,363.0,64.0,279.0,388.0,170.0,277.0,313.0,223.0,299.0,207.0,276.0,196.0,81.0
137.0,133.0,170.0,5.0,100.0,349.0,2.0,146.0,571.0,58.0,0.0,23.0,5.0,90.0,80.0
295.0,261.0,320.0,46.0,132.0,160.0,45.0,264.0,253.0,188.0,220.0,218.0,84.0,192.0,107.0
138.0,36.0,279.0,32.0,176.0,56.0,61.0,403.0,173.0,154.0,203.0,167.0,123.0,305.0,153.0
270.0,409.0,414.0,86.0,415.0,479.0,253.0,312.0,430.0,265.0,400.0,302.0,438.0,442.0,678.0
147.0,163.0,223.0,30.0,176.0,254.0,61.0,94.0,184.0,113.0,126.0,160.0,122.0,68.0,157.0
77.0,41.0,207.0,8.0,117.0,259.0,35.0,80.0,466.0,106.0,120.0,92.0,27.0,58.0,198.0
160.0,203.0,240.0,36.0,203.0,280.0,75.0,358.0,204.0,166.0,160.0,186.0,155.0,269.0,172.0
176.0,229.0,183.0,45.0,132.0,315.0,45.0,39.0,222.0,188.0,215.0,214.0,196.0,57.0,107.0
236.0,325.0,340.0,51.0,122.0,422.0,62.0,346.0,270.0,191.0,238.0,228.0,219.0,458.0,131.0
122.0,104.0,255.0,30.0,106.0,212.0,276.0,154.0,181.0,151.0,182.0,162.0,109.0,102.0,87.0
206.0,434.0,488.0,56.0,410.0,486.0,237.0,353.0,292.0,300.0,400.0,139.0,259.0,269.0,406.0
288.0,461.0,447.0,95.0,445.0,486.0,254.0,322.0,466.0,273.0,351.0,353.0,444.0,319.0,574.0
224.0,106.0,339.0,63.0,105.0,214.0,166.0,216.0,314.0,213.0,252.0,257.0,273.0,79.0,87.0
80.0,41.0,201.0,11.0,45.0,102.0,9.0,61.0,111.0,92.0,100.0,76.0,33.0,34.0,31.0
114.0,89.0,240.0,22.0,126.0,220.0,39.0,111.0,24.0,129.0,165.0,125.0,70.0,77.0,88.0
270.0,276.0,528.0,86.0,89.0,373.0,30.0,315.0,430.0,265.0,414.0,317.0,12.0,241.0,72.0
156.0,207.0,701.0,14.0,104.0,216.0,34.0,718.0,127.0,101.0,758.0,100.0,51.0,493.0,84.0
114.0,92.0,252.0,22.0,0.0,205.0,30.0,140.0,141.0,137.0,179.0,155.0,70.0,111.0,0.0
156.0,188.0,312.0,45.0,155.0,324.0,67.0,197.0,213.0,188.0,244.0,214.0,139.0,133.0,119.0
156.0,241.0,278.0,30.0,157.0,348.0,52.0,322.0,177.0,151.0,201.0,162.0,97.0,271.0,119.0
191.0,185.0,487.0,109.0,524.0,268.0,274.0,353.0,503.0,296.0,394.0,190.0,590.0,269.0,566.0
178.0,232.0,260.0,41.0,966.0,319.0,570.0,103.0,223.0,176.0,189.0,207.0,751.0,72.0,455.0
80.0,41.0,214.0,9.0,47.0,127.0,9.0,83.0,76.0,108.0,128.0,100.0,33.0,62.0,32.0
375.0,694.0,532.0,146.0,181.0,656.0,61.0,406.0,271.0,347.0,387.0,460.0,726.0,311.0,153.0
178.0,231.0,323.0,45.0,234.0,159.0,95.0,204.0,281.0,187.0,240.0,214.0,195.0,170.0,74.0
126.0,235.0,187.0,58.0,277.0,341.0,143.0,47.0,297.0,82.0,84.0,68.0,269.0,26.0,248.0
114.0,95.0,300.0,20.0,112.0,270.0,35.0,186.0,184.0,120.0,189.0,115.0,55.0,132.0,87.0
168.0,225.0,214.0,38.0,229.0,310.0,92.0,83.0,223.0,108.0,128.0,95.0,181.0,71.0,190.0
123.0,238.0,283.0,33.0,188.0,344.0,67.0,32.0,188.0,156.0,222.0,197.0,136.0,21.0,156.0
121.0,108.0,187.0,23.0,128.0,215.0,42.0,49.0,425.0,82.0,91.0,70.0,73.0,27.0,127.0
157.0,215.0,457.0,35.0,218.0,294.0,79.0,323.0,198.0,278.0,366.0,268.0,154.0,248.0,180.0
270.0,376.0,747.0,80.0,360.0,479.0,226.0,718.0,425.0,252.0,13.0,353.0,337.0,503.0,247.0
168.0,225.0,300.0,38.0,47.0,310.0,9.0,186.0,223.0,176.0,230.0,197.0,176.0,88.0,32.0
244.0,323.0,347.0,60.0,73.0,445.0,19.0,292.0,302.0,203.0,290.0,187.0,40.0,292.0,11.0
217.0,304.0,507.0,133.0,429.0,388.0,276.0,377.0,579.0,311.0,411.0,446.0,678.0,291.0,566.0
113.0,90.0,240.0,21.0,131.0,200.0,45.0,109.0,139.0,129.0,157.0,118.0,84.0,196.0,102.0
202.0,274.0,326.0,51.0,310.0,362.0,18.0,200.0,182.0,193.0,243.0,236.0,238.0,145.0,308.0
268.0,373.0,392.0,85.0,243.0,324.0,99.0,316.0,503.0,256.0,320.0,312.0,202.0,219.0,218.0
129.0,130.0,170.0,26.0,151.0,230.0,50.0,31.0,170.0,139.0,108.0,139.0,92.0,17.0,118.0
81.0,42.0,693.0,11.0,47.0,319.0,15.0,509.0,86.0,580.0,658.0,894.0,33.0,408.0,44.0
375.0,694.0,487.0,109.0,524.0,663.0,274.0,315.0,483.0,296.0,394.0,374.0,524.0,218.0,234.0
156.0,27.0,294.0,36.0,176.0,56.0,59.0,181.0,205.0,167.0,252.0,186.0,108.0,130.0,154.0
134.0,145.0,299.0,30.0,132.0,250.0,45.0,192.0,178.0,174.0,222.0,208.0,83.0,55.0,96.0
133.0,131.0,263.0,29.0,0.0,216.0,0.0,205.0,173.0,147.0,200.0,156.0,109.0,152.0,0.0
76.0,45.0,184.0,8.0,434.0,127.0,247.0,45.0,50.0,80.0,91.0,268.0,25.0,25.0,566.0
134.0,145.0,310.0,29.0,211.0,256.0,78.0,205.0,177.0,147.0,154.0,158.0,158.0,156.0,175.0
206.0,278.0,313.0,56.0,253.0,362.0,106.0,198.0,293.0,199.0,199.0,84.0,211.0,134.0,220.0
97.0,55.0,215.0,16.0,88.0,155.0,30.0,84.0,117.0,112.0,128.0,101.0,46.0,64.0,71.0
123.0,109.0,208.0,24.0,89.0,225.0,30.0,415.0,158.0,137.0,122.0,137.0,90.0,309.0,82.0
169.0,225.0,278.0,51.0,151.0,319.0,5.0,160.0,272.0,227.0,123.0,288.0,4.0,107.0,122.0
375.0,249.0,157.0,137.0,365.0,348.0,226.0,16.0,571.0,319.0,176.0,456.0,336.0,16.0,455.0
139.0,174.0,355.0,25.0,150.0,259.0,50.0,251.0,168.0,138.0,345.0,139.0,92.0,184.0,118.0
96.0,55.0,212.0,16.0,126.0,154.0,15.0,32.0,34.0,108.0,126.0,98.0,33.0,21.0,97.0
233.0,179.0,336.0,65.0,227.0,260.0,85.0,206.0,314.0,223.0,240.0,263.0,214.0,134.0,183.0
206.0,284.0,564.0,243.0,157.0,374.0,52.0,490.0,858.0,368.0,128.0,705.0,97.0,321.0,122.0
330.0,461.0,500.0,117.0,191.0,489.0,69.0,384.0,547.0,304.0,408.0,428.0,590.0,390.0,157.0
181.0,235.0,322.0,49.0,234.0,210.0,95.0,222.0,233.0,188.0,243.0,220.0,195.0,170.0,94.0
270.0,376.0,414.0,86.0,43.0,358.0,6.0,306.0,430.0,265.0,326.0,317.0,26.0,291.0,31.0
115.0,78.0,240.0,23.0,117.0,127.0,37.0,104.0,125.0,129.0,154.0,125.0,73.0,79.0,94.0
257.0,348.0,382.0,73.0,15.0,430.0,1.0,620.0,363.0,246.0,338.0,302.0,0.0,455.0,4.0
111.0,89.0,347.0,56.0,255.0,191.0,107.0,290.0,293.0,200.0,264.0,264.0,260.0,205.0,229.0
171.0,229.0,511.0,104.0,32.0,382.0,43.0,299.0,500.0,296.0,408.0,355.0,196.0,247.0,12.0
81.0,42.0,187.0,11.0,43.0,211.0,15.0,47.0,86.0,83.0,165.0,72.0,33.0,26.0,55.0
202.0,261.0,179.0,6.0,106.0,362.0,61.0,39.0,33.0,61.0,64.0,277.0,12.0,17.0,87.0
157.0,227.0,396.0,35.0,448.0,315.0,253.0,297.0,199.0,306.0,326.0,430.0,155.0,218.0,604.0
270.0,461.0,337.0,36.0,208.0,489.0,78.0,398.0,125.0,196.0,249.0,263.0,158.0,133.0,175.0
229.0,118.0,317.0,63.0,278.0,221.0,147.0,313.0,302.0,207.0,240.0,263.0,269.0,240.0,214.0
257.0,346.0,361.0,89.0,47.0,315.0,226.0,195.0,452.0,271.0,245.0,323.0,369.0,123.0,31.0
187.0,257.0,355.0,51.0,28.0,348.0,5.0,250.0,270.0,191.0,286.0,228.0,23.0,184.0,9.0
73.0,40.0,530.0,6.0,50.0,86.0,5.0,403.0,38.0,67.0,419.0,47.0,19.0,305.0,43.0
80.0,41.0,300.0,80.0,277.0,102.0,226.0,189.0,419.0,252.0,218.0,301.0,337.0,133.0,148.0
130.0,137.0,258.0,26.0,73.0,277.0,19.0,204.0,145.0,144.0,189.0,125.0,40.0,150.0,55.0
123.0,109.0,258.0,25.0,126.0,197.0,50.0,146.0,168.0,144.0,188.0,124.0,92.0,20.0,83.0
187.0,253.0,340.0,51.0,253.0,348.0,106.0,240.0,270.0,192.0,250.0,580.0,211.0,180.0,220.0
999.0,999.0,999.0,999.0,999.0,999.0,999.0,999.0,999.0,999.0,236.0,167.0,999.0,999.0,999.0
314.0,300.0,487.0,109.0,118.0,374.0,217.0,353.0,501.0,296.0,394.0,282.0,331.0,312.0,95.0
375.0,694.0,532.0,140.0,322.0,534.0,391.0,406.0,571.0,347.0,449.0,463.0,639.0,409.0,127.0
268.0,373.0,310.0,85.0,341.0,374.0,220.0,200.0,431.0,256.0,234.0,348.0,336.0,146.0,416.0
100.0,185.0,215.0,17.0,118.0,261.0,5.0,115.0,120.0,112.0,128.0,151.0,23.0,12.0,94.0
77.0,47.0,999.0,8.0,45.0,143.0,7.0,999.0,69.0,80.0,176.0,68.0,27.0,999.0,31.0
133.0,141.0,570.0,29.0,161.0,249.0,53.0,341.0,173.0,144.0,500.0,156.0,101.0,256.0,125.0
210.0,133.0,346.0,57.0,275.0,241.0,139.0,175.0,288.0,201.0,387.0,248.0,264.0,130.0,247.0
206.0,281.0,363.0,56.0,365.0,491.0,94.0,277.0,292.0,200.0,299.0,246.0,259.0,196.0,329.0
271.0,284.0,447.0,91.0,429.0,373.0,261.0,315.0,454.0,273.0,351.0,323.0,450.0,208.0,566.0
140.0,169.0,111.0,29.0,165.0,296.0,54.0,26.0,173.0,25.0,177.0,0.0,101.0,20.0,134.0
158.0,205.0,294.0,36.0,200.0,288.0,5.0,16.0,127.0,167.0,230.0,186.0,25.0,16.0,170.0
205.0,373.0,657.0,248.0,313.0,164.0,199.0,508.0,187.0,425.0,582.0,803.0,905.0,408.0,351.0
205.0,276.0,340.0,56.0,252.0,362.0,129.0,206.0,270.0,200.0,262.0,101.0,256.0,583.0,218.0
92.0,48.0,514.0,15.0,186.0,112.0,50.0,384.0,103.0,319.0,411.0,134.0,92.0,292.0,156.0
137.0,131.0,263.0,29.0,174.0,230.0,58.0,149.0,178.0,147.0,206.0,163.0,103.0,185.0,238.0
129.0,133.0,252.0,25.0,150.0,241.0,50.0,141.0,168.0,138.0,175.0,138.0,92.0,123.0,242.0
169.0,233.0,215.0,40.0,212.0,320.0,78.0,84.0,223.0,112.0,128.0,100.0,171.0,65.0,175.0
121.0,106.0,246.0,23.0,174.0,215.0,58.0,124.0,164.0,132.0,164.0,127.0,103.0,458.0,175.0
206.0,284.0,239.0,56.0,45.0,373.0,139.0,104.0,272.0,199.0,154.0,108.0,264.0,72.0,94.0
167.0,221.0,500.0,38.0,132.0,297.0,45.0,353.0,141.0,304.0,408.0,428.0,529.0,259.0,107.0
126.0,131.0,208.0,27.0,100.0,238.0,43.0,80.0,171.0,129.0,123.0,124.0,83.0,170.0,80.0
205.0,276.0,346.0,58.0,73.0,365.0,16.0,175.0,297.0,201.0,261.0,249.0,269.0,129.0,52.0
83.0,41.0,190.0,11.0,65.0,197.0,19.0,51.0,311.0,84.0,88.0,76.0,35.0,27.0,44.0
154.0,188.0,396.0,33.0,191.0,277.0,61.0,297.0,98.0,188.0,322.0,218.0,122.0,312.0,157.0
111.0,89.0,207.0,21.0,189.0,358.0,67.0,80.0,232.0,103.0,130.0,101.0,54.0,55.0,157.0
139.0,164.0,258.0,29.0,155.0,254.0,53.0,476.0,172.0,144.0,188.0,160.0,101.0,321.0,119.0
244.0,284.0,279.0,70.0,45.0,372.0,7.0,160.0,341.0,154.0,225.0,167.0,270.0,510.0,31.0
130.0,137.0,201.0,3.0,28.0,241.0,4.0,61.0,12.0,85.0,338.0,76.0,4.0,27.0,12.0
374.0,693.0,530.0,148.0,257.0,175.0,108.0,403.0,660.0,347.0,419.0,423.0,214.0,312.0,231.0
374.0,693.0,514.0,137.0,45.0,534.0,382.0,391.0,568.0,319.0,414.0,456.0,590.0,300.0,144.0
81.0,42.0,187.0,11.0,75.0,118.0,22.0,47.0,111.0,82.0,87.0,50.0,33.0,26.0,56.0
146.0,164.0,278.0,30.0,176.0,255.0,61.0,156.0,181.0,151.0,201.0,162.0,116.0,107.0,153.0
124.0,129.0,190.0,11.0,58.0,297.0,18.0,51.0,95.0,84.0,152.0,76.0,36.0,27.0,45.0
167.0,221.0,299.0,38.0,294.0,293.0,85.0,264.0,222.0,174.0,222.0,325.0,175.0,186.0,139.0
268.0,373.0,414.0,86.0,218.0,491.0,83.0,306.0,430.0,265.0,326.0,317.0,174.0,208.0,181.0
125.0,129.0,240.0,24.0,138.0,222.0,46.0,148.0,164.0,129.0,158.0,117.0,89.0,96.0,110.0
295.0,391.0,564.0,95.0,415.0,460.0,253.0,469.0,466.0,273.0,483.0,323.0,438.0,318.0,71.0
104.0,62.0,267.0,16.0,47.0,156.0,13.0,155.0,109.0,151.0,200.0,162.0,43.0,106.0,32.0
429.0,709.0,657.0,185.0,434.0,221.0,253.0,508.0,222.0,425.0,0.0,325.0,905.0,409.0,566.0
256.0,332.0,283.0,33.0,217.0,429.0,80.0,756.0,178.0,156.0,210.0,174.0,167.0,510.0,96.0
73.0,78.0,201.0,7.0,89.0,270.0,5.0,62.0,46.0,92.0,100.0,69.0,23.0,41.0,73.0
73.0,28.0,207.0,16.0,89.0,56.0,28.0,73.0,147.0,107.0,126.0,76.0,45.0,491.0,73.0
167.0,207.0,212.0,38.0,248.0,294.0,83.0,83.0,222.0,105.0,123.0,174.0,175.0,62.0,218.0
157.0,205.0,336.0,35.0,211.0,281.0,78.0,103.0,198.0,196.0,245.0,95.0,158.0,219.0,175.0
236.0,281.0,346.0,57.0,524.0,372.0,274.0,225.0,293.0,201.0,250.0,248.0,264.0,173.0,111.0
126.0,131.0,256.0,33.0,310.0,235.0,61.0,158.0,197.0,154.0,187.0,167.0,123.0,111.0,329.0
120.0,105.0,247.0,23.0,117.0,315.0,43.0,205.0,134.0,137.0,63.0,138.0,76.0,134.0,125.0
137.0,43.0,281.0,31.0,181.0,156.0,61.0,165.0,184.0,154.0,203.0,165.0,122.0,111.0,154.0
100.0,63.0,206.0,16.0,203.0,277.0,78.0,195.0,122.0,107.0,64.0,72.0,177.0,134.0,174.0
71.0,27.0,130.0,6.0,141.0,319.0,16.0,392.0,33.0,63.0,244.0,47.0,12.0,303.0,116.0
73.0,27.0,300.0,33.0,203.0,60.0,76.0,189.0,187.0,176.0,225.0,197.0,155.0,133.0,174.0
182.0,219.0,320.0,49.0,118.0,297.0,99.0,201.0,162.0,188.0,240.0,220.0,204.0,180.0,94.0
152.0,82.0,283.0,33.0,165.0,253.0,61.0,168.0,171.0,154.0,173.0,164.0,122.0,129.0,118.0
236.0,323.0,361.0,66.0,292.0,486.0,170.0,251.0,168.0,225.0,290.0,282.0,284.0,184.0,144.0
167.0,221.0,240.0,38.0,229.0,297.0,86.0,111.0,222.0,129.0,157.0,117.0,175.0,72.0,190.0
154.0,185.0,184.0,33.0,189.0,268.0,67.0,45.0,158.0,80.0,177.0,68.0,139.0,25.0,157.0
133.0,141.0,254.0,29.0,75.0,249.0,35.0,364.0,173.0,144.0,182.0,156.0,102.0,292.0,55.0
428.0,769.0,661.0,185.0,157.0,809.0,52.0,391.0,117.0,346.0,654.0,457.0,83.0,613.0,122.0
100.0,64.0,214.0,17.0,89.0,160.0,30.0,195.0,99.0,108.0,128.0,100.0,46.0,134.0,73.0
83.0,43.0,204.0,11.0,55.0,182.0,18.0,97.0,95.0,120.0,126.0,118.0,36.0,90.0,44.0
146.0,163.0,339.0,55.0,261.0,261.0,121.0,216.0,293.0,199.0,249.0,240.0,256.0,296.0,246.0
147.0,214.0,386.0,32.0,175.0,293.0,58.0,296.0,184.0,264.0,321.0,316.0,123.0,256.0,242.0
288.0,434.0,111.0,0.0,28.0,486.0,2.0,0.0,0.0,25.0,189.0,0.0,0.0,169.0,183.0
167.0,225.0,299.0,38.0,228.0,310.0,85.0,194.0,199.0,174.0,230.0,196.0,175.0,145.0,188.0
123.0,109.0,267.0,30.0,0.0,215.0,0.0,124.0,178.0,151.0,210.0,162.0,0.0,72.0,0.0
271.0,423.0,363.0,91.0,310.0,468.0,243.0,259.0,454.0,273.0,298.0,323.0,408.0,185.0,351.0
202.0,194.0,348.0,51.0,229.0,280.0,101.0,201.0,168.0,193.0,272.0,236.0,209.0,180.0,322.0
163.0,241.0,386.0,78.0,360.0,349.0,226.0,293.0,210.0,247.0,321.0,303.0,337.0,202.0,473.0
168.0,225.0,330.0,51.0,260.0,310.0,121.0,206.0,195.0,192.0,320.0,221.0,145.0,158.0,234.0
330.0,590.0,488.0,112.0,175.0,518.0,58.0,353.0,425.0,300.0,410.0,127.0,108.0,269.0,142.0
163.0,214.0,207.0,36.0,260.0,293.0,82.0,80.0,210.0,106.0,120.0,91.0,171.0,133.0,190.0
414.0,756.0,511.0,183.0,445.0,254.0,254.0,384.0,224.0,316.0,411.0,338.0,583.0,311.0,566.0
376.0,717.0,532.0,143.0,89.0,133.0,28.0,406.0,568.0,347.0,449.0,463.0,678.0,305.0,220.0
126.0,131.0,449.0,91.0,237.0,238.0,99.0,490.0,454.0,271.0,373.0,322.0,202.0,331.0,212.0
202.0,320.0,330.0,51.0,260.0,389.0,121.0,398.0,163.0,192.0,244.0,236.0,239.0,309.0,242.0
270.0,95.0,491.0,114.0,569.0,341.0,391.0,0.0,570.0,304.0,402.0,423.0,588.0,0.0,808.0
73.0,27.0,187.0,11.0,112.0,56.0,35.0,47.0,271.0,83.0,88.0,70.0,33.0,24.0,91.0
95.0,55.0,257.0,17.0,117.0,144.0,35.0,124.0,120.0,108.0,188.0,101.0,48.0,122.0,89.0
376.0,717.0,549.0,146.0,189.0,706.0,67.0,420.0,568.0,347.0,468.0,463.0,136.0,311.0,157.0
105.0,89.0,72.0,19.0,65.0,349.0,18.0,32.0,139.0,114.0,0.0,114.0,33.0,21.0,45.0
163.0,215.0,111.0,41.0,47.0,296.0,15.0,26.0,224.0,182.0,8.0,204.0,33.0,16.0,95.0
183.0,292.0,323.0,50.0,243.0,373.0,106.0,204.0,253.0,190.0,241.0,218.0,211.0,174.0,229.0
180.0,233.0,317.0,45.0,242.0,320.0,99.0,509.0,239.0,188.0,240.0,212.0,195.0,343.0,214.0
120.0,105.0,293.0,23.0,128.0,211.0,42.0,176.0,145.0,137.0,211.0,127.0,76.0,305.0,99.0
160.0,207.0,293.0,31.0,262.0,296.0,126.0,176.0,172.0,160.0,214.0,186.0,128.0,91.0,582.0
167.0,229.0,855.0,38.0,176.0,315.0,59.0,756.0,223.0,368.0,999.0,705.0,177.0,496.0,118.0
259.0,406.0,238.0,20.0,112.0,486.0,35.0,363.0,129.0,120.0,152.0,118.0,55.0,271.0,87.0
115.0,95.0,240.0,22.0,131.0,208.0,46.0,110.0,144.0,129.0,208.0,113.0,83.0,57.0,101.0
271.0,409.0,530.0,85.0,365.0,362.0,226.0,403.0,425.0,347.0,408.0,463.0,344.0,331.0,102.0
123.0,109.0,252.0,24.0,132.0,213.0,45.0,141.0,168.0,137.0,176.0,228.0,89.0,111.0,72.0
124.0,128.0,251.0,25.0,155.0,203.0,50.0,148.0,168.0,138.0,187.0,149.0,92.0,96.0,124.0
126.0,373.0,242.0,26.0,310.0,445.0,213.0,183.0,132.0,132.0,165.0,139.0,97.0,201.0,322.0
84.0,45.0,207.0,14.0,151.0,127.0,18.0,80.0,99.0,106.0,122.0,91.0,36.0,58.0,118.0
114.0,92.0,438.0,23.0,105.0,206.0,34.0,316.0,145.0,271.0,338.0,322.0,76.0,101.0,94.0
73.0,47.0,125.0,8.0,45.0,155.0,6.0,27.0,54.0,57.0,20.0,25.0,26.0,64.0,102.0
123.0,115.0,207.0,24.0,174.0,220.0,58.0,65.0,163.0,106.0,120.0,446.0,102.0,41.0,127.0
167.0,221.0,340.0,60.0,294.0,358.0,165.0,205.0,302.0,207.0,203.0,263.0,272.0,152.0,157.0
73.0,41.0,157.0,6.0,175.0,112.0,23.0,39.0,38.0,67.0,63.0,561.0,42.0,25.0,144.0
137.0,141.0,263.0,29.0,85.0,249.0,29.0,149.0,177.0,147.0,188.0,167.0,46.0,555.0,220.0
181.0,235.0,332.0,46.0,243.0,333.0,99.0,205.0,195.0,188.0,245.0,220.0,200.0,156.0,213.0
134.0,145.0,267.0,29.0,132.0,358.0,45.0,154.0,178.0,147.0,200.0,149.0,83.0,101.0,107.0
111.0,89.0,240.0,21.0,73.0,103.0,19.0,111.0,134.0,130.0,182.0,126.0,40.0,72.0,42.0
270.0,323.0,395.0,86.0,311.0,214.0,184.0,297.0,428.0,252.0,321.0,305.0,288.0,193.0,406.0
241.0,323.0,336.0,70.0,174.0,289.0,58.0,206.0,466.0,228.0,245.0,287.0,288.0,116.0,139.0
410.0,756.0,532.0,183.0,966.0,349.0,598.0,406.0,170.0,347.0,128.0,463.0,888.0,308.0,808.0
168.0,225.0,351.0,51.0,261.0,310.0,121.0,292.0,281.0,214.0,245.0,212.0,252.0,205.0,229.0
112.0,89.0,355.0,21.0,277.0,191.0,147.0,259.0,197.0,176.0,286.0,197.0,176.0,184.0,881.0
126.0,89.0,207.0,15.0,80.0,210.0,23.0,73.0,111.0,106.0,152.0,61.0,42.0,314.0,55.0
237.0,87.0,312.0,51.0,292.0,260.0,165.0,572.0,122.0,193.0,225.0,236.0,256.0,455.0,308.0
140.0,21.0,279.0,30.0,83.0,102.0,23.0,158.0,182.0,151.0,203.0,162.0,168.0,107.0,56.0
104.0,78.0,279.0,20.0,123.0,175.0,35.0,146.0,122.0,153.0,170.0,127.0,54.0,96.0,85.0
205.0,276.0,337.0,55.0,261.0,297.0,127.0,346.0,290.0,198.0,249.0,241.0,259.0,259.0,242.0
0.0,0.0,126.0,0.0,75.0,0.0,0.0,29.0,227.0,0.0,27.0,126.0,0.0,16.0,55.0
123.0,118.0,294.0,25.0,55.0,221.0,50.0,186.0,168.0,160.0,240.0,190.0,92.0,132.0,43.0
268.0,373.0,385.0,78.0,89.0,445.0,30.0,273.0,483.0,247.0,309.0,303.0,47.0,192.0,117.0
259.0,225.0,223.0,91.0,344.0,310.0,247.0,94.0,454.0,273.0,128.0,323.0,419.0,116.0,422.0
330.0,227.0,487.0,109.0,277.0,312.0,274.0,391.0,501.0,296.0,394.0,282.0,515.0,300.0,248.0
257.0,164.0,385.0,77.0,322.0,254.0,217.0,292.0,239.0,247.0,333.0,303.0,331.0,208.0,246.0
375.0,693.0,491.0,114.0,141.0,328.0,48.0,358.0,579.0,304.0,410.0,167.0,590.0,269.0,124.0
111.0,89.0,125.0,30.0,155.0,191.0,48.0,27.0,168.0,58.0,158.0,23.0,89.0,510.0,173.0
224.0,304.0,348.0,58.0,203.0,260.0,70.0,228.0,296.0,201.0,272.0,246.0,260.0,162.0,174.0
212.0,331.0,336.0,58.0,279.0,388.0,165.0,214.0,296.0,198.0,248.0,241.0,272.0,162.0,274.0
181.0,233.0,310.0,49.0,86.0,319.0,23.0,195.0,204.0,188.0,234.0,220.0,42.0,134.0,71.0
111.0,89.0,220.0,21.0,202.0,191.0,62.0,601.0,199.0,120.0,129.0,186.0,59.0,218.0,173.0
104.0,95.0,363.0,20.0,105.0,389.0,34.0,197.0,107.0,120.0,299.0,118.0,54.0,148.0,87.0
115.0,95.0,242.0,23.0,55.0,212.0,18.0,115.0,145.0,132.0,165.0,126.0,36.0,79.0,43.0
24.0,40.0,208.0,16.0,83.0,86.0,29.0,84.0,109.0,107.0,170.0,115.0,44.0,64.0,54.0
244.0,323.0,356.0,70.0,279.0,491.0,143.0,259.0,122.0,230.0,240.0,288.0,269.0,185.0,274.0
114.0,90.0,346.0,60.0,277.0,208.0,143.0,205.0,302.0,203.0,458.0,280.0,269.0,152.0,247.0
86.0,47.0,360.0,15.0,186.0,127.0,65.0,205.0,103.0,105.0,208.0,84.0,128.0,152.0,81.0
156.0,235.0,457.0,35.0,200.0,358.0,77.0,323.0,198.0,275.0,366.0,338.0,155.0,247.0,180.0
83.0,41.0,201.0,11.0,50.0,102.0,18.0,59.0,103.0,85.0,91.0,76.0,40.0,30.0,77.0
119.0,104.0,207.0,15.0,105.0,212.0,33.0,78.0,107.0,105.0,120.0,95.0,52.0,62.0,88.0
100.0,63.0,215.0,17.0,89.0,156.0,30.0,84.0,571.0,112.0,129.0,105.0,46.0,64.0,71.0
259.0,55.0,374.0,70.0,310.0,144.0,174.0,225.0,430.0,243.0,238.0,298.0,303.0,173.0,155.0
268.0,372.0,361.0,77.0,434.0,445.0,253.0,273.0,103.0,247.0,250.0,303.0,438.0,245.0,566.0
87.0,48.0,111.0,5.0,168.0,143.0,2.0,16.0,223.0,42.0,50.0,218.0,5.0,57.0,131.0
306.0,461.0,311.0,95.0,476.0,486.0,253.0,195.0,457.0,264.0,236.0,348.0,438.0,34.0,122.0
114.0,92.0,511.0,133.0,50.0,200.0,274.0,391.0,551.0,316.0,408.0,457.0,583.0,241.0,38.0
126.0,131.0,251.0,27.0,229.0,238.0,94.0,132.0,171.0,140.0,177.0,282.0,102.0,88.0,198.0
196.0,257.0,332.0,51.0,28.0,348.0,4.0,205.0,129.0,193.0,245.0,236.0,330.0,145.0,11.0
202.0,261.0,311.0,45.0,229.0,362.0,99.0,214.0,232.0,185.0,177.0,207.0,200.0,169.0,201.0
288.0,461.0,449.0,95.0,445.0,462.0,258.0,313.0,466.0,275.0,241.0,323.0,444.0,235.0,77.0
157.0,300.0,337.0,35.0,197.0,341.0,75.0,493.0,193.0,160.0,249.0,268.0,155.0,333.0,156.0
115.0,95.0,252.0,23.0,75.0,205.0,22.0,140.0,145.0,136.0,188.0,162.0,54.0,91.0,54.0
84.0,108.0,206.0,12.0,47.0,215.0,9.0,65.0,122.0,82.0,110.0,76.0,33.0,41.0,64.0
257.0,320.0,440.0,91.0,174.0,390.0,237.0,322.0,454.0,273.0,345.0,323.0,406.0,246.0,139.0
73.0,27.0,111.0,6.0,174.0,127.0,65.0,26.0,34.0,61.0,8.0,101.0,12.0,16.0,71.0
77.0,41.0,417.0,8.0,88.0,118.0,33.0,313.0,293.0,319.0,333.0,456.0,27.0,235.0,72.0
244.0,325.0,326.0,60.0,277.0,422.0,143.0,198.0,191.0,203.0,245.0,163.0,269.0,88.0,242.0
178.0,231.0,311.0,45.0,106.0,319.0,95.0,181.0,222.0,187.0,236.0,185.0,195.0,122.0,87.0
288.0,461.0,449.0,95.0,233.0,489.0,261.0,322.0,457.0,273.0,373.0,325.0,429.0,247.0,202.0
160.0,238.0,507.0,128.0,294.0,348.0,166.0,384.0,547.0,306.0,408.0,446.0,590.0,296.0,80.0
314.0,423.0,553.0,133.0,322.0,422.0,391.0,438.0,568.0,347.0,470.0,470.0,639.0,312.0,416.0
191.0,284.0,317.0,51.0,723.0,374.0,396.0,194.0,270.0,188.0,240.0,348.0,214.0,134.0,170.0
224.0,304.0,142.0,61.0,410.0,388.0,166.0,16.0,165.0,202.0,214.0,254.0,273.0,57.0,473.0
87.0,48.0,207.0,29.0,28.0,159.0,65.0,59.0,177.0,106.0,78.0,91.0,127.0,57.0,11.0
167.0,221.0,299.0,38.0,229.0,288.0,94.0,186.0,165.0,174.0,222.0,207.0,175.0,129.0,198.0
146.0,174.0,747.0,31.0,177.0,280.0,61.0,718.0,184.0,188.0,833.0,114.0,122.0,493.0,175.0
257.0,373.0,363.0,71.0,206.0,445.0,96.0,277.0,466.0,230.0,298.0,288.0,195.0,201.0,175.0
126.0,133.0,549.0,27.0,157.0,227.0,52.0,420.0,170.0,256.0,470.0,298.0,97.0,311.0,122.0
180.0,233.0,240.0,21.0,83.0,320.0,26.0,103.0,144.0,129.0,157.0,162.0,59.0,72.0,55.0
266.0,367.0,126.0,80.0,234.0,429.0,98.0,31.0,425.0,252.0,214.0,316.0,102.0,21.0,155.0
103.0,76.0,215.0,18.0,117.0,155.0,35.0,84.0,122.0,112.0,128.0,100.0,59.0,57.0,89.0
156.0,185.0,356.0,35.0,211.0,270.0,78.0,251.0,197.0,197.0,286.0,241.0,158.0,184.0,175.0
414.0,769.0,580.0,182.0,184.0,208.0,65.0,155.0,34.0,403.0,508.0,681.0,204.0,81.0,155.0
246.0,304.0,363.0,70.0,292.0,373.0,166.0,277.0,343.0,238.0,299.0,84.0,273.0,196.0,43.0
376.0,717.0,507.0,133.0,175.0,663.0,58.0,377.0,551.0,311.0,410.0,446.0,102.0,134.0,99.0
163.0,331.0,267.0,36.0,212.0,484.0,82.0,148.0,210.0,154.0,200.0,165.0,171.0,96.0,229.0
156.0,212.0,157.0,15.0,45.0,294.0,23.0,0.0,117.0,84.0,179.0,76.0,42.0,0.0,31.0
111.0,89.0,208.0,21.0,117.0,221.0,35.0,10.0,134.0,120.0,122.0,117.0,59.0,12.0,140.0
252.0,331.0,374.0,71.0,312.0,422.0,184.0,323.0,357.0,243.0,299.0,374.0,309.0,247.0,170.0
306.0,461.0,487.0,109.0,15.0,484.0,274.0,297.0,498.0,296.0,394.0,374.0,524.0,217.0,9.0
134.0,145.0,283.0,29.0,174.0,250.0,58.0,168.0,173.0,185.0,207.0,162.0,103.0,119.0,97.0
252.0,331.0,657.0,71.0,277.0,422.0,143.0,508.0,330.0,275.0,465.0,263.0,269.0,408.0,250.0
374.0,693.0,353.0,133.0,311.0,486.0,198.0,241.0,568.0,227.0,286.0,325.0,288.0,184.0,341.0
257.0,331.0,382.0,73.0,322.0,425.0,213.0,297.0,357.0,246.0,309.0,302.0,330.0,185.0,390.0
103.0,72.0,582.0,18.0,83.0,156.0,33.0,346.0,125.0,114.0,257.0,218.0,52.0,256.0,66.0
410.0,756.0,570.0,182.0,212.0,809.0,82.0,415.0,638.0,403.0,468.0,681.0,238.0,303.0,246.0
122.0,109.0,260.0,24.0,100.0,216.0,33.0,27.0,163.0,144.0,189.0,100.0,84.0,17.0,80.0
103.0,76.0,278.0,30.0,189.0,154.0,75.0,176.0,178.0,151.0,201.0,162.0,113.0,95.0,157.0
377.0,756.0,542.0,146.0,341.0,741.0,220.0,420.0,480.0,356.0,234.0,254.0,693.0,311.0,406.0
134.0,145.0,263.0,29.0,174.0,256.0,58.0,149.0,173.0,147.0,173.0,158.0,103.0,96.0,118.0
73.0,78.0,187.0,7.0,176.0,227.0,61.0,47.0,107.0,82.0,211.0,69.0,27.0,26.0,153.0
270.0,391.0,414.0,86.0,434.0,460.0,243.0,306.0,430.0,264.0,322.0,264.0,408.0,213.0,566.0
133.0,141.0,126.0,29.0,175.0,249.0,58.0,31.0,173.0,92.0,100.0,76.0,103.0,20.0,175.0
104.0,78.0,207.0,19.0,100.0,155.0,33.0,78.0,125.0,92.0,120.0,76.0,52.0,57.0,80.0
115.0,95.0,316.0,23.0,131.0,203.0,43.0,313.0,205.0,130.0,286.0,126.0,76.0,246.0,101.0
163.0,214.0,356.0,185.0,723.0,294.0,396.0,259.0,676.0,404.0,287.0,127.0,639.0,186.0,566.0
105.0,78.0,279.0,30.0,176.0,173.0,61.0,158.0,182.0,151.0,203.0,162.0,122.0,106.0,139.0
319.0,590.0,507.0,133.0,216.0,534.0,80.0,377.0,302.0,311.0,410.0,470.0,588.0,292.0,201.0
73.0,55.0,126.0,6.0,15.0,155.0,1.0,29.0,33.0,61.0,20.0,298.0,4.0,17.0,99.0
212.0,145.0,332.0,58.0,261.0,155.0,127.0,205.0,296.0,202.0,245.0,254.0,260.0,156.0,242.0
237.0,323.0,549.0,70.0,117.0,154.0,213.0,420.0,333.0,416.0,465.0,158.0,288.0,292.0,95.0
76.0,41.0,240.0,20.0,112.0,220.0,35.0,110.0,129.0,129.0,158.0,207.0,55.0,71.0,89.0
163.0,212.0,142.0,36.0,229.0,294.0,82.0,32.0,210.0,67.0,208.0,50.0,171.0,12.0,198.0
167.0,222.0,300.0,38.0,229.0,308.0,86.0,194.0,223.0,176.0,226.0,277.0,176.0,123.0,198.0
113.0,200.0,240.0,21.0,117.0,280.0,37.0,103.0,139.0,129.0,157.0,221.0,68.0,158.0,93.0
414.0,769.0,550.0,182.0,100.0,203.0,570.0,194.0,430.0,368.0,470.0,582.0,888.0,134.0,81.0
71.0,27.0,105.0,6.0,137.0,164.0,45.0,16.0,34.0,42.0,20.0,155.0,12.0,16.0,97.0
126.0,131.0,299.0,36.0,202.0,249.0,75.0,187.0,215.0,166.0,222.0,186.0,154.0,111.0,173.0
124.0,130.0,247.0,24.0,98.0,220.0,43.0,130.0,164.0,137.0,175.0,100.0,89.0,88.0,77.0
24.0,47.0,300.0,3.0,102.0,133.0,35.0,192.0,162.0,42.0,230.0,21.0,4.0,134.0,80.0
241.0,323.0,363.0,70.0,312.0,308.0,188.0,251.0,333.0,228.0,298.0,287.0,288.0,173.0,322.0
322.0,89.0,481.0,97.0,258.0,193.0,108.0,341.0,498.0,289.0,387.0,348.0,212.0,218.0,229.0
167.0,221.0,240.0,36.0,228.0,310.0,85.0,110.0,187.0,120.0,160.0,117.0,168.0,81.0,188.0
73.0,42.0,201.0,7.0,83.0,102.0,5.0,61.0,46.0,92.0,100.0,76.0,23.0,30.0,160.0
178.0,232.0,323.0,43.0,229.0,319.0,94.0,508.0,223.0,190.0,238.0,221.0,191.0,343.0,246.0
94.0,55.0,299.0,6.0,47.0,390.0,5.0,187.0,38.0,42.0,215.0,248.0,19.0,133.0,38.0
271.0,403.0,111.0,70.0,310.0,462.0,180.0,26.0,343.0,230.0,5.0,288.0,284.0,170.0,329.0
0.0,0.0,507.0,0.0,0.0,0.0,0.0,364.0,0.0,0.0,410.0,21.0,0.0,275.0,0.0
113.0,90.0,240.0,21.0,128.0,216.0,39.0,104.0,139.0,129.0,157.0,118.0,70.0,72.0,96.0
101.0,87.0,215.0,17.0,89.0,188.0,30.0,84.0,120.0,112.0,128.0,101.0,46.0,71.0,87.0
154.0,188.0,457.0,65.0,311.0,259.0,180.0,323.0,314.0,275.0,366.0,301.0,284.0,219.0,334.0
241.0,278.0,361.0,70.0,312.0,365.0,198.0,266.0,288.0,228.0,274.0,374.0,303.0,158.0,351.0
244.0,332.0,491.0,112.0,524.0,429.0,274.0,353.0,551.0,304.0,402.0,126.0,529.0,269.0,25.0
180.0,233.0,313.0,45.0,226.0,319.0,98.0,198.0,232.0,187.0,241.0,207.0,204.0,269.0,172.0
158.0,205.0,293.0,35.0,174.0,281.0,61.0,176.0,197.0,160.0,211.0,174.0,156.0,184.0,170.0
111.0,90.0,207.0,21.0,117.0,188.0,35.0,78.0,134.0,92.0,119.0,76.0,59.0,16.0,89.0
76.0,115.0,279.0,8.0,104.0,101.0,33.0,297.0,46.0,153.0,203.0,163.0,54.0,296.0,84.0
163.0,423.0,201.0,14.0,126.0,479.0,226.0,83.0,139.0,85.0,94.0,76.0,337.0,62.0,99.0
271.0,163.0,379.0,80.0,569.0,289.0,230.0,292.0,428.0,252.0,307.0,307.0,380.0,208.0,192.0
24.0,174.0,549.0,153.0,303.0,260.0,530.0,420.0,601.0,356.0,468.0,305.0,726.0,292.0,308.0
94.0,78.0,257.0,27.0,176.0,324.0,58.0,440.0,171.0,141.0,204.0,126.0,102.0,312.0,154.0
103.0,76.0,263.0,21.0,106.0,159.0,35.0,155.0,165.0,147.0,208.0,149.0,59.0,111.0,87.0
96.0,55.0,239.0,16.0,126.0,154.0,40.0,104.0,122.0,108.0,148.0,98.0,44.0,72.0,94.0
158.0,205.0,293.0,35.0,176.0,297.0,78.0,176.0,194.0,171.0,211.0,193.0,156.0,125.0,154.0
256.0,332.0,385.0,77.0,312.0,425.0,198.0,358.0,430.0,247.0,310.0,303.0,334.0,271.0,322.0
206.0,261.0,532.0,56.0,200.0,362.0,75.0,264.0,292.0,347.0,264.0,457.0,259.0,196.0,144.0
206.0,281.0,348.0,56.0,322.0,372.0,396.0,225.0,293.0,200.0,272.0,246.0,588.0,170.0,406.0
412.0,764.0,532.0,153.0,47.0,310.0,52.0,406.0,454.0,347.0,410.0,457.0,726.0,305.0,63.0
412.0,764.0,550.0,177.0,999.0,809.0,598.0,322.0,210.0,374.0,470.0,582.0,864.0,246.0,999.0
257.0,317.0,360.0,71.0,288.0,393.0,213.0,264.0,483.0,228.0,299.0,287.0,316.0,192.0,307.0
158.0,188.0,293.0,35.0,128.0,268.0,76.0,176.0,178.0,160.0,211.0,185.0,156.0,26.0,99.0
999.0,999.0,738.0,999.0,999.0,999.0,999.0,470.0,999.0,999.0,152.0,999.0,999.0,318.0,999.0
183.0,306.0,542.0,50.0,257.0,382.0,108.0,420.0,239.0,190.0,465.0,221.0,214.0,309.0,182.0
100.0,63.0,240.0,20.0,112.0,156.0,35.0,109.0,132.0,129.0,157.0,118.0,55.0,72.0,99.0
112.0,90.0,252.0,21.0,112.0,197.0,35.0,130.0,144.0,129.0,179.0,127.0,55.0,72.0,87.0
87.0,48.0,336.0,5.0,55.0,293.0,18.0,251.0,24.0,198.0,241.0,241.0,27.0,184.0,71.0
252.0,325.0,353.0,71.0,415.0,127.0,237.0,251.0,500.0,243.0,286.0,218.0,309.0,255.0,201.0
113.0,90.0,240.0,21.0,118.0,112.0,38.0,154.0,139.0,129.0,158.0,117.0,70.0,130.0,94.0
95.0,55.0,507.0,133.0,446.0,143.0,261.0,363.0,454.0,311.0,410.0,449.0,494.0,271.0,574.0
123.0,193.0,256.0,23.0,128.0,260.0,42.0,141.0,145.0,144.0,179.0,203.0,76.0,57.0,156.0
375.0,694.0,530.0,143.0,126.0,220.0,40.0,346.0,571.0,319.0,419.0,456.0,678.0,259.0,99.0
126.0,133.0,252.0,25.0,177.0,241.0,50.0,140.0,168.0,138.0,179.0,47.0,92.0,409.0,153.0
122.0,105.0,187.0,24.0,83.0,210.0,18.0,47.0,163.0,82.0,87.0,70.0,84.0,25.0,55.0
375.0,515.0,532.0,143.0,261.0,491.0,126.0,331.0,182.0,347.0,449.0,460.0,256.0,248.0,242.0
73.0,43.0,310.0,7.0,85.0,127.0,29.0,192.0,46.0,176.0,91.0,212.0,45.0,134.0,64.0
168.0,225.0,111.0,25.0,174.0,310.0,50.0,26.0,168.0,138.0,0.0,134.0,92.0,17.0,52.0
212.0,284.0,267.0,58.0,200.0,373.0,75.0,31.0,296.0,201.0,200.0,100.0,269.0,21.0,201.0
83.0,43.0,240.0,11.0,229.0,143.0,19.0,110.0,99.0,84.0,128.0,70.0,35.0,77.0,190.0
77.0,48.0,220.0,5.0,410.0,143.0,237.0,90.0,12.0,112.0,129.0,101.0,5.0,65.0,473.0
428.0,756.0,580.0,183.0,155.0,687.0,50.0,364.0,107.0,404.0,470.0,681.0,92.0,309.0,66.0
287.0,391.0,476.0,89.0,310.0,462.0,171.0,331.0,454.0,278.0,386.0,346.0,429.0,255.0,334.0
104.0,82.0,382.0,71.0,310.0,216.0,150.0,292.0,145.0,246.0,309.0,302.0,270.0,81.0,334.0
377.0,694.0,536.0,148.0,723.0,656.0,396.0,420.0,144.0,347.0,458.0,470.0,726.0,311.0,218.0
163.0,137.0,204.0,0.0,0.0,310.0,0.0,73.0,46.0,75.0,108.0,207.0,0.0,28.0,0.0
154.0,188.0,240.0,33.0,191.0,319.0,69.0,111.0,187.0,156.0,164.0,186.0,140.0,72.0,192.0
157.0,612.0,311.0,46.0,237.0,534.0,99.0,197.0,232.0,187.0,238.0,208.0,200.0,107.0,218.0
83.0,43.0,170.0,13.0,55.0,213.0,18.0,470.0,69.0,92.0,50.0,76.0,36.0,319.0,43.0
125.0,130.0,639.0,248.0,476.0,227.0,262.0,490.0,173.0,416.0,222.0,822.0,905.0,333.0,678.0
268.0,373.0,311.0,36.0,277.0,407.0,78.0,197.0,184.0,166.0,226.0,186.0,158.0,101.0,250.0
412.0,764.0,580.0,183.0,292.0,656.0,166.0,470.0,571.0,404.0,483.0,460.0,273.0,339.0,308.0
167.0,221.0,688.0,38.0,227.0,294.0,85.0,532.0,281.0,176.0,297.0,197.0,175.0,409.0,153.0
168.0,225.0,514.0,97.0,313.0,310.0,188.0,392.0,547.0,275.0,414.0,207.0,429.0,303.0,331.0
211.0,284.0,661.0,51.0,85.0,344.0,65.0,509.0,272.0,416.0,286.0,822.0,127.0,339.0,74.0
103.0,72.0,206.0,18.0,104.0,155.0,33.0,65.0,122.0,101.0,100.0,69.0,54.0,35.0,84.0
139.0,163.0,255.0,30.0,128.0,312.0,42.0,141.0,187.0,139.0,176.0,140.0,76.0,92.0,99.0
257.0,346.0,385.0,73.0,89.0,238.0,217.0,292.0,223.0,246.0,57.0,302.0,331.0,218.0,73.0
154.0,235.0,475.0,95.0,410.0,333.0,247.0,331.0,454.0,273.0,640.0,330.0,419.0,255.0,11.0
330.0,618.0,500.0,117.0,524.0,293.0,274.0,364.0,501.0,304.0,408.0,428.0,524.0,271.0,699.0
86.0,43.0,239.0,14.0,112.0,127.0,35.0,109.0,95.0,99.0,152.0,76.0,55.0,491.0,94.0
183.0,253.0,330.0,50.0,229.0,348.0,94.0,205.0,253.0,192.0,244.0,101.0,211.0,158.0,202.0
154.0,185.0,337.0,33.0,191.0,261.0,67.0,212.0,172.0,156.0,249.0,193.0,139.0,107.0,157.0
146.0,332.0,267.0,32.0,184.0,429.0,61.0,149.0,184.0,150.0,200.0,163.0,122.0,96.0,155.0
133.0,141.0,247.0,29.0,216.0,249.0,78.0,130.0,178.0,137.0,165.0,126.0,161.0,130.0,178.0
160.0,207.0,661.0,36.0,176.0,280.0,77.0,384.0,199.0,150.0,458.0,156.0,161.0,245.0,154.0
154.0,187.0,326.0,33.0,191.0,272.0,69.0,205.0,191.0,165.0,275.0,186.0,140.0,146.0,158.0
123.0,137.0,126.0,25.0,132.0,249.0,45.0,31.0,86.0,57.0,27.0,23.0,92.0,17.0,107.0
147.0,45.0,316.0,16.0,83.0,127.0,24.0,202.0,122.0,106.0,297.0,305.0,43.0,148.0,142.0
257.0,331.0,449.0,91.0,43.0,344.0,6.0,322.0,454.0,273.0,366.0,323.0,27.0,246.0,25.0
158.0,241.0,661.0,33.0,191.0,349.0,67.0,704.0,191.0,524.0,157.0,463.0,140.0,493.0,156.0
271.0,325.0,382.0,87.0,75.0,211.0,391.0,292.0,129.0,243.0,309.0,298.0,408.0,208.0,55.0
158.0,207.0,283.0,36.0,117.0,280.0,35.0,168.0,223.0,167.0,208.0,187.0,59.0,122.0,94.0
232.0,205.0,536.0,64.0,294.0,281.0,170.0,420.0,313.0,347.0,57.0,470.0,276.0,309.0,308.0
210.0,284.0,386.0,80.0,344.0,373.0,226.0,293.0,419.0,247.0,321.0,304.0,337.0,202.0,422.0
374.0,693.0,528.0,140.0,292.0,310.0,150.0,353.0,571.0,346.0,465.0,127.0,270.0,269.0,87.0
288.0,474.0,440.0,97.0,310.0,390.0,180.0,316.0,466.0,275.0,351.0,212.0,284.0,241.0,351.0
114.0,95.0,257.0,22.0,138.0,214.0,39.0,200.0,144.0,129.0,182.0,126.0,70.0,145.0,114.0
111.0,82.0,336.0,41.0,75.0,188.0,32.0,206.0,430.0,193.0,245.0,236.0,211.0,169.0,54.0
96.0,55.0,157.0,5.0,17.0,124.0,2.0,32.0,54.0,71.0,57.0,58.0,5.0,57.0,9.0
288.0,461.0,461.0,95.0,260.0,468.0,121.0,327.0,466.0,273.0,366.0,323.0,238.0,208.0,240.0
73.0,27.0,142.0,6.0,123.0,102.0,4.0,31.0,232.0,67.0,122.0,115.0,19.0,21.0,95.0
196.0,259.0,346.0,58.0,311.0,389.0,188.0,232.0,296.0,201.0,261.0,236.0,239.0,91.0,334.0
270.0,367.0,411.0,89.0,28.0,437.0,2.0,327.0,452.0,264.0,325.0,248.0,408.0,248.0,12.0
163.0,212.0,296.0,36.0,98.0,312.0,32.0,183.0,178.0,167.0,220.0,186.0,168.0,133.0,77.0
377.0,90.0,582.0,146.0,83.0,200.0,29.0,470.0,281.0,408.0,509.0,803.0,693.0,318.0,155.0
70.0,43.0,111.0,6.0,75.0,210.0,22.0,969.0,33.0,61.0,5.0,25.0,27.0,617.0,54.0
115.0,103.0,500.0,22.0,132.0,211.0,38.0,297.0,144.0,304.0,408.0,428.0,70.0,477.0,107.0
133.0,95.0,142.0,29.0,174.0,205.0,58.0,31.0,171.0,67.0,57.0,50.0,101.0,81.0,139.0
270.0,376.0,414.0,86.0,112.0,460.0,35.0,312.0,430.0,265.0,326.0,316.0,55.0,240.0,84.0
92.0,55.0,487.0,114.0,639.0,249.0,367.0,202.0,579.0,296.0,394.0,355.0,588.0,145.0,74.0
169.0,225.0,340.0,35.0,294.0,308.0,166.0,222.0,168.0,198.0,250.0,241.0,156.0,169.0,316.0
146.0,163.0,222.0,19.0,83.0,253.0,28.0,92.0,125.0,114.0,126.0,126.0,45.0,66.0,64.0
183.0,249.0,322.0,50.0,218.0,348.0,106.0,204.0,253.0,190.0,241.0,221.0,211.0,150.0,179.0
160.0,174.0,661.0,36.0,260.0,259.0,121.0,508.0,181.0,166.0,157.0,186.0,256.0,343.0,238.0
154.0,188.0,693.0,33.0,189.0,276.0,67.0,572.0,188.0,156.0,187.0,172.0,140.0,503.0,157.0
77.0,41.0,207.0,3.0,434.0,249.0,16.0,73.0,363.0,25.0,117.0,0.0,4.0,87.0,566.0
306.0,234.0,481.0,97.0,341.0,362.0,220.0,342.0,483.0,296.0,389.0,353.0,334.0,258.0,99.0
271.0,403.0,363.0,70.0,188.0,462.0,67.0,299.0,466.0,238.0,240.0,178.0,109.0,311.0,156.0
316.0,515.0,481.0,106.0,445.0,534.0,254.0,342.0,500.0,296.0,387.0,355.0,500.0,258.0,566.0
322.0,585.0,511.0,133.0,89.0,521.0,54.0,391.0,570.0,316.0,414.0,470.0,656.0,300.0,74.0
95.0,55.0,336.0,15.0,73.0,143.0,19.0,204.0,103.0,99.0,245.0,76.0,40.0,137.0,52.0
333.0,618.0,488.0,112.0,150.0,550.0,50.0,353.0,570.0,300.0,400.0,449.0,583.0,269.0,118.0
264.0,376.0,396.0,80.0,174.0,445.0,58.0,297.0,425.0,252.0,322.0,305.0,196.0,218.0,148.0
268.0,376.0,396.0,80.0,229.0,445.0,226.0,200.0,425.0,252.0,640.0,307.0,337.0,133.0,190.0
0.0,0.0,0.0,0.0,75.0,0.0,16.0,0.0,147.0,0.0,0.0,799.0,0.0,0.0,54.0
206.0,278.0,336.0,56.0,280.0,365.0,138.0,205.0,292.0,199.0,261.0,254.0,259.0,158.0,213.0
158.0,207.0,372.0,80.0,341.0,294.0,220.0,156.0,425.0,247.0,299.0,304.0,337.0,107.0,406.0
229.0,300.0,294.0,36.0,228.0,372.0,85.0,532.0,199.0,165.0,204.0,282.0,161.0,493.0,187.0
104.0,193.0,224.0,20.0,102.0,277.0,35.0,98.0,134.0,120.0,149.0,115.0,55.0,72.0,96.0
163.0,214.0,296.0,36.0,197.0,294.0,67.0,316.0,204.0,167.0,226.0,186.0,139.0,241.0,134.0
163.0,205.0,294.0,36.0,218.0,280.0,82.0,181.0,210.0,167.0,218.0,181.0,171.0,131.0,180.0
152.0,182.0,281.0,29.0,161.0,261.0,53.0,165.0,171.0,154.0,204.0,165.0,101.0,116.0,125.0
126.0,133.0,303.0,23.0,123.0,211.0,45.0,189.0,127.0,176.0,249.0,208.0,85.0,133.0,0.0
139.0,163.0,532.0,30.0,151.0,249.0,50.0,406.0,181.0,347.0,394.0,463.0,92.0,312.0,119.0
317.0,376.0,475.0,133.0,45.0,445.0,226.0,341.0,117.0,316.0,408.0,449.0,344.0,173.0,30.0
271.0,409.0,111.0,60.0,233.0,521.0,96.0,15.0,302.0,207.0,29.0,263.0,270.0,16.0,215.0
167.0,221.0,688.0,38.0,288.0,230.0,67.0,532.0,215.0,174.0,654.0,190.0,175.0,312.0,126.0
233.0,316.0,999.0,29.0,47.0,390.0,13.0,999.0,178.0,147.0,582.0,181.0,76.0,999.0,118.0
429.0,48.0,639.0,201.0,723.0,143.0,339.0,490.0,419.0,411.0,527.0,803.0,923.0,333.0,32.0
111.0,89.0,157.0,21.0,104.0,188.0,2.0,27.0,145.0,120.0,57.0,114.0,101.0,617.0,84.0
138.0,154.0,279.0,30.0,176.0,235.0,58.0,163.0,178.0,154.0,203.0,127.0,109.0,308.0,114.0
86.0,48.0,187.0,6.0,100.0,143.0,33.0,154.0,54.0,82.0,94.0,70.0,12.0,102.0,74.0
156.0,276.0,290.0,34.0,208.0,259.0,78.0,154.0,195.0,154.0,191.0,173.0,200.0,88.0,181.0
202.0,253.0,336.0,53.0,229.0,373.0,79.0,206.0,292.0,197.0,248.0,241.0,167.0,146.0,198.0
206.0,284.0,170.0,56.0,303.0,373.0,274.0,32.0,292.0,200.0,297.0,181.0,259.0,57.0,142.0
244.0,320.0,648.0,70.0,312.0,222.0,198.0,490.0,341.0,243.0,5.0,298.0,291.0,328.0,111.0
246.0,332.0,223.0,23.0,132.0,429.0,43.0,92.0,332.0,103.0,130.0,92.0,76.0,57.0,107.0
187.0,193.0,639.0,217.0,735.0,277.0,444.0,490.0,858.0,411.0,410.0,133.0,905.0,331.0,213.0
241.0,325.0,639.0,70.0,310.0,261.0,180.0,490.0,333.0,228.0,299.0,303.0,288.0,331.0,331.0
80.0,41.0,385.0,77.0,310.0,211.0,217.0,293.0,168.0,247.0,408.0,330.0,331.0,202.0,333.0
246.0,322.0,582.0,67.0,310.0,312.0,172.0,469.0,330.0,408.0,509.0,799.0,284.0,319.0,329.0
95.0,55.0,208.0,16.0,85.0,164.0,29.0,32.0,109.0,107.0,128.0,101.0,44.0,21.0,66.0
152.0,179.0,238.0,33.0,237.0,260.0,83.0,103.0,182.0,136.0,177.0,207.0,128.0,72.0,212.0
375.0,694.0,491.0,153.0,145.0,439.0,50.0,509.0,302.0,304.0,408.0,244.0,726.0,390.0,119.0
124.0,48.0,260.0,51.0,341.0,143.0,107.0,148.0,270.0,190.0,149.0,221.0,212.0,96.0,406.0
375.0,694.0,738.0,140.0,132.0,210.0,45.0,620.0,571.0,154.0,758.0,165.0,89.0,333.0,107.0
152.0,233.0,283.0,33.0,260.0,320.0,75.0,292.0,184.0,154.0,207.0,167.0,127.0,208.0,238.0
104.0,78.0,224.0,20.0,112.0,225.0,35.0,97.0,165.0,120.0,275.0,105.0,55.0,71.0,87.0
196.0,257.0,336.0,51.0,161.0,373.0,53.0,222.0,292.0,197.0,248.0,108.0,101.0,174.0,126.0
156.0,205.0,290.0,34.0,252.0,281.0,50.0,251.0,191.0,156.0,210.0,178.0,128.0,184.0,218.0
295.0,434.0,701.0,96.0,45.0,484.0,261.0,572.0,466.0,275.0,351.0,330.0,450.0,455.0,31.0
70.0,21.0,316.0,8.0,47.0,534.0,6.0,201.0,54.0,188.0,232.0,163.0,26.0,186.0,32.0
414.0,764.0,449.0,96.0,257.0,706.0,108.0,322.0,466.0,275.0,160.0,355.0,214.0,246.0,231.0
232.0,323.0,491.0,104.0,165.0,250.0,226.0,358.0,480.0,304.0,402.0,430.0,369.0,192.0,127.0
233.0,316.0,212.0,16.0,83.0,390.0,24.0,459.0,109.0,108.0,126.0,98.0,43.0,269.0,173.0
132.0,137.0,500.0,117.0,45.0,249.0,7.0,363.0,545.0,304.0,408.0,428.0,444.0,88.0,31.0
122.0,95.0,582.0,24.0,157.0,210.0,50.0,470.0,163.0,408.0,509.0,803.0,84.0,312.0,119.0
154.0,173.0,111.0,29.0,176.0,256.0,61.0,26.0,223.0,84.0,20.0,76.0,116.0,16.0,154.0
140.0,130.0,278.0,30.0,280.0,393.0,58.0,158.0,184.0,151.0,201.0,162.0,109.0,107.0,99.0
264.0,259.0,355.0,78.0,341.0,348.0,220.0,251.0,400.0,171.0,290.0,236.0,334.0,184.0,416.0
314.0,488.0,747.0,97.0,98.0,491.0,35.0,704.0,498.0,660.0,833.0,822.0,55.0,90.0,77.0
157.0,205.0,223.0,38.0,155.0,288.0,43.0,342.0,302.0,120.0,148.0,117.0,175.0,613.0,119.0
80.0,41.0,582.0,51.0,186.0,103.0,129.0,440.0,111.0,192.0,50.0,221.0,260.0,312.0,155.0
154.0,205.0,310.0,33.0,157.0,288.0,50.0,195.0,188.0,156.0,234.0,172.0,140.0,192.0,455.0
126.0,43.0,240.0,27.0,176.0,208.0,61.0,103.0,145.0,140.0,222.0,287.0,113.0,72.0,154.0
152.0,182.0,332.0,51.0,261.0,261.0,121.0,205.0,296.0,193.0,245.0,236.0,239.0,145.0,242.0
236.0,310.0,485.0,65.0,310.0,479.0,174.0,346.0,314.0,296.0,78.0,355.0,284.0,259.0,329.0
271.0,185.0,855.0,87.0,410.0,268.0,237.0,885.0,210.0,269.0,999.0,282.0,406.0,583.0,469.0
196.0,259.0,312.0,51.0,476.0,280.0,262.0,32.0,276.0,188.0,238.0,221.0,209.0,27.0,678.0
87.0,231.0,351.0,18.0,128.0,214.0,42.0,241.0,122.0,112.0,287.0,101.0,76.0,133.0,99.0
182.0,235.0,125.0,5.0,17.0,272.0,1.0,27.0,76.0,58.0,50.0,23.0,5.0,20.0,4.0
52.0,47.0,283.0,29.0,83.0,133.0,24.0,168.0,222.0,154.0,207.0,172.0,33.0,119.0,69.0
181.0,235.0,330.0,53.0,329.0,388.0,213.0,205.0,288.0,192.0,244.0,231.0,316.0,152.0,72.0
103.0,72.0,214.0,19.0,89.0,155.0,30.0,62.0,103.0,108.0,128.0,76.0,54.0,35.0,74.0
123.0,180.0,247.0,24.0,117.0,260.0,46.0,280.0,141.0,138.0,176.0,138.0,89.0,201.0,94.0
338.0,376.0,476.0,110.0,175.0,479.0,58.0,341.0,483.0,300.0,400.0,387.0,103.0,71.0,156.0
152.0,174.0,293.0,33.0,224.0,259.0,94.0,176.0,187.0,160.0,211.0,162.0,128.0,129.0,178.0
80.0,41.0,187.0,11.0,83.0,102.0,24.0,49.0,119.0,83.0,88.0,72.0,33.0,81.0,52.0
102.0,72.0,215.0,17.0,100.0,164.0,32.0,84.0,120.0,112.0,128.0,190.0,49.0,333.0,93.0
178.0,232.0,320.0,45.0,202.0,319.0,75.0,202.0,232.0,188.0,241.0,257.0,154.0,148.0,173.0
104.0,90.0,224.0,18.0,112.0,191.0,35.0,98.0,122.0,114.0,152.0,95.0,55.0,72.0,87.0
264.0,72.0,372.0,70.0,310.0,112.0,184.0,285.0,428.0,243.0,321.0,298.0,288.0,193.0,331.0
244.0,323.0,348.0,61.0,278.0,430.0,147.0,327.0,302.0,207.0,272.0,264.0,270.0,292.0,297.0
156.0,95.0,290.0,34.0,157.0,215.0,50.0,176.0,195.0,156.0,210.0,81.0,145.0,125.0,126.0
80.0,43.0,440.0,91.0,279.0,127.0,243.0,316.0,454.0,273.0,338.0,323.0,419.0,245.0,274.0
129.0,130.0,240.0,27.0,202.0,221.0,75.0,103.0,163.0,139.0,164.0,139.0,150.0,79.0,170.0
256.0,332.0,374.0,71.0,331.0,429.0,213.0,572.0,290.0,243.0,640.0,322.0,273.0,455.0,406.0
126.0,130.0,457.0,27.0,218.0,230.0,46.0,323.0,145.0,278.0,366.0,117.0,90.0,247.0,172.0
217.0,301.0,320.0,49.0,117.0,382.0,35.0,297.0,332.0,188.0,240.0,220.0,204.0,245.0,181.0
111.0,89.0,263.0,21.0,131.0,193.0,45.0,149.0,134.0,120.0,199.0,117.0,59.0,146.0,101.0
154.0,188.0,255.0,25.0,155.0,270.0,50.0,141.0,168.0,137.0,187.0,155.0,92.0,92.0,119.0
311.0,488.0,507.0,133.0,310.0,490.0,391.0,364.0,570.0,311.0,411.0,456.0,639.0,617.0,329.0
182.0,231.0,360.0,49.0,227.0,210.0,99.0,137.0,164.0,188.0,295.0,220.0,204.0,107.0,181.0
126.0,130.0,292.0,30.0,47.0,225.0,13.0,175.0,178.0,156.0,210.0,196.0,46.0,129.0,38.0
96.0,55.0,215.0,16.0,157.0,154.0,48.0,39.0,184.0,112.0,128.0,100.0,49.0,25.0,119.0
146.0,174.0,279.0,32.0,128.0,213.0,61.0,144.0,184.0,154.0,203.0,167.0,122.0,95.0,118.0
126.0,131.0,255.0,27.0,104.0,238.0,34.0,90.0,173.0,139.0,165.0,68.0,101.0,458.0,73.0
96.0,55.0,208.0,16.0,98.0,155.0,35.0,0.0,107.0,108.0,123.0,98.0,42.0,0.0,77.0
163.0,180.0,322.0,29.0,174.0,260.0,58.0,204.0,163.0,147.0,241.0,160.0,102.0,150.0,170.0
158.0,210.0,267.0,30.0,202.0,308.0,61.0,154.0,184.0,151.0,200.0,162.0,113.0,102.0,173.0
259.0,231.0,395.0,80.0,344.0,312.0,222.0,290.0,454.0,252.0,320.0,248.0,336.0,192.0,422.0
94.0,215.0,223.0,20.0,54.0,297.0,35.0,94.0,184.0,120.0,214.0,117.0,55.0,68.0,52.0
152.0,200.0,639.0,33.0,176.0,280.0,61.0,323.0,330.0,304.0,248.0,323.0,127.0,245.0,155.0
154.0,205.0,239.0,45.0,131.0,281.0,98.0,469.0,311.0,188.0,157.0,214.0,200.0,314.0,66.0
81.0,42.0,222.0,11.0,58.0,390.0,16.0,59.0,141.0,103.0,191.0,81.0,33.0,477.0,42.0
187.0,249.0,330.0,51.0,257.0,348.0,108.0,204.0,215.0,192.0,244.0,241.0,214.0,149.0,240.0
157.0,95.0,396.0,35.0,208.0,205.0,78.0,176.0,198.0,160.0,262.0,181.0,158.0,123.0,175.0
181.0,234.0,356.0,45.0,248.0,491.0,99.0,168.0,237.0,187.0,214.0,197.0,200.0,71.0,216.0
152.0,179.0,326.0,33.0,50.0,261.0,50.0,16.0,184.0,151.0,244.0,162.0,127.0,16.0,179.0
244.0,284.0,279.0,70.0,312.0,373.0,198.0,292.0,341.0,154.0,211.0,175.0,291.0,208.0,316.0
124.0,78.0,190.0,24.0,132.0,241.0,45.0,51.0,163.0,103.0,91.0,81.0,84.0,57.0,95.0
75.0,43.0,207.0,8.0,43.0,127.0,6.0,78.0,69.0,82.0,119.0,70.0,26.0,57.0,122.0
168.0,225.0,550.0,41.0,255.0,348.0,107.0,431.0,332.0,192.0,470.0,231.0,212.0,312.0,246.0
163.0,188.0,300.0,36.0,216.0,261.0,79.0,186.0,210.0,174.0,226.0,175.0,167.0,132.0,179.0
104.0,90.0,201.0,17.0,100.0,197.0,32.0,61.0,99.0,85.0,94.0,76.0,49.0,34.0,80.0
120.0,104.0,254.0,29.0,157.0,212.0,61.0,140.0,170.0,147.0,122.0,186.0,101.0,116.0,119.0
156.0,320.0,293.0,35.0,191.0,390.0,82.0,181.0,270.0,165.0,211.0,178.0,154.0,130.0,157.0
114.0,92.0,252.0,22.0,118.0,203.0,38.0,148.0,141.0,137.0,182.0,126.0,70.0,96.0,55.0
167.0,131.0,475.0,38.0,261.0,249.0,75.0,331.0,222.0,278.0,351.0,387.0,156.0,248.0,242.0
114.0,95.0,564.0,30.0,217.0,200.0,80.0,476.0,181.0,381.0,287.0,355.0,177.0,269.0,179.0
375.0,769.0,532.0,143.0,165.0,534.0,243.0,406.0,571.0,347.0,411.0,456.0,678.0,305.0,126.0
246.0,423.0,224.0,70.0,83.0,479.0,247.0,98.0,330.0,238.0,139.0,307.0,303.0,57.0,55.0
295.0,131.0,693.0,217.0,186.0,241.0,598.0,572.0,119.0,580.0,508.0,282.0,888.0,455.0,122.0
178.0,229.0,240.0,45.0,280.0,315.0,95.0,115.0,248.0,129.0,157.0,118.0,195.0,79.0,43.0
270.0,194.0,457.0,86.0,410.0,277.0,237.0,323.0,430.0,275.0,373.0,348.0,406.0,247.0,473.0
154.0,130.0,550.0,33.0,165.0,225.0,67.0,398.0,188.0,368.0,470.0,582.0,139.0,305.0,94.0
244.0,325.0,363.0,70.0,524.0,418.0,274.0,280.0,341.0,230.0,298.0,288.0,291.0,201.0,455.0
176.0,229.0,481.0,45.0,233.0,315.0,98.0,342.0,224.0,296.0,387.0,338.0,195.0,258.0,469.0
86.0,48.0,395.0,15.0,75.0,203.0,23.0,297.0,105.0,85.0,321.0,76.0,42.0,491.0,55.0
80.0,43.0,201.0,11.0,54.0,479.0,16.0,32.0,117.0,92.0,100.0,76.0,33.0,21.0,42.0
196.0,259.0,312.0,51.0,131.0,254.0,45.0,198.0,272.0,190.0,238.0,221.0,284.0,145.0,101.0
182.0,235.0,339.0,49.0,312.0,210.0,171.0,204.0,237.0,202.0,250.0,428.0,284.0,149.0,341.0
157.0,585.0,294.0,36.0,184.0,315.0,78.0,204.0,215.0,165.0,218.0,185.0,161.0,150.0,155.0
133.0,141.0,507.0,29.0,161.0,249.0,53.0,364.0,168.0,306.0,408.0,303.0,101.0,613.0,126.0
287.0,406.0,385.0,95.0,503.0,462.0,222.0,293.0,829.0,247.0,50.0,307.0,336.0,205.0,231.0
86.0,48.0,208.0,14.0,43.0,144.0,19.0,202.0,111.0,106.0,191.0,92.0,36.0,162.0,64.0
244.0,332.0,360.0,70.0,312.0,430.0,198.0,111.0,341.0,230.0,297.0,288.0,291.0,76.0,333.0
237.0,322.0,361.0,67.0,434.0,143.0,391.0,392.0,330.0,227.0,297.0,282.0,303.0,292.0,566.0
146.0,173.0,279.0,30.0,177.0,256.0,61.0,181.0,182.0,153.0,203.0,163.0,122.0,131.0,154.0
157.0,200.0,239.0,35.0,217.0,280.0,82.0,156.0,199.0,129.0,154.0,124.0,154.0,107.0,179.0
115.0,105.0,363.0,21.0,104.0,213.0,33.0,277.0,145.0,114.0,298.0,108.0,59.0,196.0,87.0
211.0,434.0,346.0,57.0,448.0,484.0,230.0,223.0,297.0,201.0,222.0,248.0,288.0,96.0,181.0
180.0,233.0,267.0,45.0,288.0,320.0,165.0,154.0,276.0,151.0,200.0,162.0,238.0,106.0,218.0
152.0,205.0,256.0,30.0,15.0,280.0,1.0,115.0,195.0,151.0,204.0,162.0,4.0,72.0,160.0
123.0,115.0,661.0,24.0,141.0,230.0,46.0,509.0,165.0,202.0,500.0,254.0,89.0,333.0,80.0
256.0,325.0,323.0,71.0,100.0,422.0,166.0,198.0,498.0,243.0,244.0,303.0,264.0,145.0,74.0
133.0,141.0,339.0,7.0,32.0,249.0,5.0,216.0,50.0,200.0,250.0,246.0,19.0,106.0,12.0
154.0,188.0,298.0,34.0,197.0,159.0,70.0,156.0,165.0,171.0,222.0,190.0,145.0,309.0,126.0
167.0,221.0,283.0,38.0,229.0,203.0,86.0,154.0,239.0,160.0,238.0,186.0,176.0,102.0,182.0
288.0,331.0,485.0,91.0,639.0,425.0,247.0,346.0,457.0,296.0,241.0,353.0,438.0,259.0,157.0
132.0,137.0,240.0,23.0,303.0,247.0,171.0,111.0,144.0,132.0,165.0,127.0,284.0,79.0,297.0
246.0,323.0,313.0,45.0,237.0,407.0,99.0,200.0,425.0,188.0,238.0,214.0,200.0,145.0,183.0
130.0,137.0,258.0,29.0,176.0,247.0,54.0,10.0,172.0,144.0,222.0,140.0,101.0,17.0,157.0
152.0,194.0,279.0,33.0,131.0,277.0,50.0,132.0,184.0,154.0,203.0,165.0,92.0,87.0,110.0
330.0,488.0,392.0,128.0,723.0,491.0,396.0,140.0,551.0,252.0,321.0,307.0,588.0,318.0,82.0
288.0,461.0,350.0,95.0,275.0,489.0,138.0,391.0,428.0,213.0,274.0,264.0,444.0,496.0,246.0
123.0,109.0,317.0,20.0,112.0,216.0,35.0,201.0,122.0,188.0,264.0,207.0,55.0,146.0,107.0
114.0,95.0,661.0,22.0,117.0,205.0,35.0,509.0,144.0,129.0,758.0,76.0,70.0,408.0,89.0
147.0,179.0,372.0,57.0,226.0,260.0,139.0,51.0,253.0,196.0,286.0,236.0,264.0,28.0,182.0
156.0,185.0,449.0,95.0,429.0,261.0,254.0,438.0,466.0,273.0,366.0,323.0,450.0,312.0,331.0
244.0,325.0,382.0,70.0,260.0,484.0,203.0,327.0,341.0,246.0,309.0,302.0,291.0,72.0,238.0
202.0,317.0,570.0,51.0,243.0,393.0,77.0,469.0,86.0,304.0,500.0,428.0,155.0,311.0,231.0
196.0,717.0,356.0,53.0,277.0,706.0,139.0,259.0,281.0,243.0,274.0,298.0,264.0,185.0,247.0
156.0,203.0,475.0,36.0,217.0,280.0,80.0,331.0,210.0,252.0,309.0,307.0,168.0,248.0,172.0
129.0,115.0,142.0,17.0,277.0,445.0,35.0,31.0,120.0,188.0,274.0,221.0,51.0,17.0,250.0
87.0,55.0,208.0,15.0,131.0,101.0,43.0,738.0,103.0,103.0,122.0,81.0,77.0,496.0,101.0
134.0,108.0,476.0,97.0,341.0,215.0,247.0,212.0,498.0,293.0,382.0,98.0,429.0,162.0,416.0
330.0,461.0,220.0,117.0,86.0,490.0,29.0,124.0,547.0,114.0,129.0,126.0,583.0,180.0,71.0
183.0,108.0,320.0,50.0,253.0,215.0,106.0,204.0,253.0,188.0,241.0,221.0,211.0,148.0,154.0
123.0,137.0,130.0,25.0,45.0,247.0,18.0,31.0,168.0,138.0,27.0,138.0,90.0,20.0,31.0
257.0,325.0,360.0,71.0,310.0,211.0,174.0,266.0,205.0,243.0,91.0,302.0,284.0,192.0,329.0
157.0,225.0,292.0,35.0,32.0,310.0,39.0,176.0,163.0,156.0,210.0,178.0,145.0,123.0,12.0
126.0,131.0,187.0,26.0,200.0,261.0,62.0,49.0,173.0,82.0,64.0,214.0,92.0,27.0,172.0
273.0,406.0,447.0,91.0,262.0,388.0,108.0,322.0,457.0,273.0,366.0,323.0,212.0,246.0,246.0
288.0,205.0,447.0,95.0,445.0,281.0,254.0,15.0,466.0,273.0,239.0,325.0,438.0,16.0,87.0
104.0,78.0,281.0,33.0,228.0,173.0,85.0,165.0,187.0,154.0,210.0,167.0,127.0,122.0,182.0
196.0,261.0,395.0,80.0,75.0,362.0,19.0,297.0,428.0,252.0,321.0,322.0,40.0,493.0,55.0
330.0,590.0,339.0,117.0,446.0,521.0,258.0,459.0,547.0,199.0,241.0,241.0,588.0,308.0,604.0
268.0,348.0,570.0,71.0,275.0,445.0,121.0,469.0,248.0,346.0,500.0,446.0,260.0,319.0,240.0
156.0,137.0,240.0,32.0,177.0,306.0,61.0,110.0,184.0,154.0,215.0,174.0,122.0,76.0,154.0
237.0,323.0,111.0,70.0,360.0,404.0,226.0,26.0,333.0,247.0,87.0,303.0,288.0,159.0,127.0
146.0,423.0,271.0,31.0,175.0,479.0,61.0,155.0,177.0,151.0,200.0,162.0,122.0,106.0,32.0
77.0,41.0,111.0,8.0,188.0,86.0,4.0,26.0,69.0,81.0,0.0,68.0,27.0,16.0,156.0
97.0,55.0,201.0,6.0,28.0,155.0,2.0,32.0,34.0,92.0,100.0,76.0,12.0,17.0,11.0
73.0,28.0,590.0,6.0,157.0,82.0,52.0,476.0,182.0,425.0,500.0,856.0,23.0,255.0,122.0
268.0,590.0,386.0,85.0,100.0,521.0,226.0,158.0,425.0,256.0,320.0,312.0,344.0,186.0,80.0
0.0,0.0,0.0,0.0,157.0,0.0,50.0,0.0,0.0,0.0,0.0,21.0,0.0,0.0,119.0
322.0,585.0,447.0,110.0,200.0,521.0,67.0,322.0,363.0,273.0,411.0,325.0,195.0,246.0,172.0
113.0,90.0,336.0,21.0,47.0,203.0,9.0,206.0,139.0,129.0,248.0,139.0,33.0,137.0,32.0
196.0,200.0,312.0,51.0,258.0,280.0,121.0,195.0,281.0,193.0,238.0,236.0,238.0,130.0,234.0
167.0,221.0,299.0,38.0,227.0,294.0,85.0,187.0,213.0,174.0,222.0,196.0,175.0,133.0,148.0
156.0,225.0,340.0,56.0,313.0,310.0,199.0,204.0,293.0,198.0,238.0,241.0,288.0,149.0,116.0
71.0,27.0,130.0,6.0,75.0,56.0,22.0,31.0,34.0,63.0,20.0,47.0,35.0,20.0,55.0
168.0,225.0,254.0,30.0,202.0,310.0,6.0,141.0,182.0,153.0,179.0,155.0,26.0,92.0,188.0
146.0,154.0,283.0,30.0,161.0,254.0,53.0,168.0,182.0,153.0,208.0,149.0,101.0,193.0,125.0
154.0,185.0,283.0,33.0,200.0,261.0,61.0,296.0,199.0,156.0,208.0,174.0,113.0,213.0,172.0
333.0,612.0,532.0,133.0,261.0,534.0,129.0,406.0,571.0,347.0,307.0,449.0,260.0,305.0,242.0
114.0,90.0,224.0,15.0,86.0,486.0,23.0,98.0,103.0,120.0,338.0,117.0,42.0,71.0,73.0
171.0,225.0,688.0,38.0,229.0,310.0,85.0,601.0,222.0,176.0,654.0,197.0,175.0,314.0,187.0
129.0,141.0,323.0,51.0,234.0,249.0,96.0,204.0,369.0,176.0,244.0,197.0,196.0,150.0,111.0
96.0,55.0,224.0,20.0,157.0,259.0,52.0,98.0,105.0,120.0,149.0,126.0,92.0,72.0,119.0
76.0,71.0,111.0,8.0,28.0,159.0,4.0,26.0,46.0,76.0,8.0,61.0,25.0,17.0,9.0
146.0,174.0,339.0,51.0,65.0,260.0,121.0,206.0,281.0,197.0,373.0,236.0,239.0,158.0,45.0
206.0,276.0,363.0,51.0,258.0,349.0,121.0,277.0,288.0,193.0,238.0,236.0,239.0,196.0,238.0
156.0,154.0,355.0,5.0,89.0,439.0,0.0,251.0,24.0,223.0,286.0,277.0,4.0,185.0,74.0
171.0,292.0,336.0,41.0,175.0,373.0,58.0,206.0,184.0,182.0,245.0,207.0,190.0,156.0,142.0
133.0,45.0,311.0,29.0,174.0,127.0,58.0,197.0,173.0,184.0,245.0,207.0,103.0,129.0,142.0
52.0,78.0,507.0,29.0,227.0,213.0,85.0,391.0,163.0,144.0,411.0,155.0,102.0,300.0,183.0
181.0,234.0,337.0,45.0,243.0,324.0,99.0,204.0,297.0,188.0,408.0,212.0,200.0,321.0,215.0
311.0,474.0,361.0,97.0,365.0,486.0,226.0,266.0,483.0,293.0,286.0,338.0,369.0,185.0,116.0
157.0,205.0,293.0,36.0,188.0,281.0,67.0,176.0,213.0,165.0,211.0,162.0,139.0,123.0,157.0
157.0,203.0,347.0,35.0,203.0,280.0,76.0,232.0,198.0,156.0,264.0,175.0,155.0,180.0,178.0
87.0,48.0,207.0,15.0,100.0,143.0,32.0,73.0,180.0,105.0,120.0,84.0,40.0,55.0,99.0
317.0,261.0,487.0,109.0,639.0,362.0,274.0,440.0,501.0,296.0,394.0,374.0,529.0,312.0,101.0
92.0,40.0,310.0,33.0,175.0,86.0,58.0,195.0,184.0,184.0,234.0,207.0,113.0,201.0,154.0
210.0,284.0,360.0,57.0,278.0,373.0,138.0,266.0,296.0,225.0,321.0,282.0,264.0,185.0,188.0
113.0,90.0,251.0,24.0,100.0,101.0,46.0,137.0,164.0,137.0,170.0,98.0,89.0,82.0,81.0
314.0,323.0,395.0,97.0,188.0,348.0,67.0,155.0,184.0,293.0,321.0,204.0,500.0,106.0,156.0
376.0,717.0,661.0,146.0,131.0,706.0,391.0,509.0,571.0,347.0,299.0,181.0,693.0,390.0,110.0
80.0,41.0,187.0,11.0,234.0,102.0,82.0,49.0,76.0,83.0,88.0,70.0,70.0,27.0,89.0
94.0,71.0,278.0,16.0,83.0,159.0,23.0,155.0,103.0,151.0,201.0,162.0,43.0,106.0,55.0
73.0,27.0,461.0,6.0,37.0,60.0,4.0,327.0,38.0,271.0,470.0,322.0,19.0,248.0,43.0
158.0,205.0,293.0,35.0,157.0,294.0,52.0,176.0,195.0,160.0,211.0,303.0,174.0,116.0,172.0
83.0,43.0,126.0,14.0,102.0,154.0,23.0,204.0,99.0,71.0,0.0,197.0,42.0,162.0,82.0
233.0,316.0,224.0,17.0,89.0,389.0,29.0,98.0,117.0,120.0,148.0,115.0,47.0,68.0,73.0
187.0,231.0,336.0,51.0,160.0,319.0,107.0,212.0,293.0,191.0,245.0,228.0,212.0,167.0,124.0
114.0,92.0,246.0,23.0,128.0,127.0,42.0,124.0,145.0,132.0,170.0,127.0,76.0,90.0,95.0
97.0,55.0,212.0,16.0,104.0,155.0,35.0,73.0,117.0,108.0,128.0,91.0,55.0,30.0,84.0
246.0,284.0,363.0,70.0,228.0,373.0,85.0,277.0,347.0,230.0,320.0,288.0,175.0,184.0,190.0
71.0,27.0,142.0,6.0,211.0,42.0,54.0,31.0,34.0,67.0,50.0,50.0,12.0,17.0,175.0
202.0,261.0,336.0,58.0,278.0,312.0,147.0,222.0,302.0,201.0,245.0,254.0,269.0,173.0,416.0
147.0,56.0,279.0,30.0,176.0,155.0,61.0,306.0,182.0,153.0,203.0,164.0,122.0,218.0,154.0
333.0,229.0,257.0,133.0,310.0,315.0,172.0,141.0,81.0,316.0,177.0,463.0,284.0,92.0,329.0
271.0,406.0,212.0,89.0,279.0,550.0,45.0,363.0,452.0,256.0,130.0,312.0,419.0,275.0,274.0
375.0,709.0,475.0,146.0,176.0,663.0,121.0,331.0,369.0,311.0,389.0,457.0,239.0,255.0,153.0
214.0,301.0,346.0,58.0,277.0,448.0,143.0,266.0,297.0,201.0,320.0,248.0,269.0,186.0,250.0
319.0,128.0,550.0,185.0,47.0,213.0,13.0,431.0,184.0,347.0,470.0,470.0,864.0,312.0,30.0
101.0,64.0,222.0,17.0,200.0,155.0,75.0,293.0,120.0,112.0,130.0,101.0,150.0,208.0,172.0
156.0,207.0,279.0,35.0,217.0,297.0,77.0,83.0,139.0,156.0,203.0,175.0,156.0,64.0,180.0
233.0,322.0,657.0,97.0,157.0,373.0,52.0,493.0,127.0,368.0,597.0,580.0,191.0,333.0,122.0
123.0,108.0,251.0,24.0,175.0,215.0,58.0,78.0,164.0,137.0,173.0,282.0,108.0,30.0,144.0
124.0,135.0,130.0,24.0,104.0,241.0,33.0,0.0,296.0,156.0,27.0,175.0,90.0,0.0,84.0
97.0,55.0,457.0,16.0,83.0,155.0,24.0,323.0,293.0,425.0,366.0,240.0,43.0,192.0,84.0
152.0,174.0,360.0,70.0,234.0,261.0,96.0,251.0,333.0,228.0,295.0,287.0,288.0,184.0,139.0
165.0,221.0,356.0,38.0,243.0,393.0,92.0,259.0,223.0,176.0,307.0,197.0,175.0,256.0,215.0
295.0,145.0,396.0,96.0,230.0,247.0,106.0,297.0,466.0,275.0,322.0,338.0,288.0,219.0,201.0
210.0,284.0,395.0,58.0,277.0,374.0,138.0,297.0,466.0,252.0,321.0,322.0,264.0,217.0,250.0
232.0,306.0,311.0,64.0,252.0,389.0,170.0,198.0,313.0,184.0,236.0,207.0,276.0,111.0,192.0
257.0,56.0,347.0,73.0,331.0,155.0,217.0,228.0,314.0,246.0,264.0,302.0,331.0,179.0,404.0
257.0,338.0,374.0,71.0,310.0,429.0,199.0,83.0,276.0,243.0,309.0,348.0,291.0,57.0,250.0
252.0,331.0,385.0,77.0,999.0,213.0,598.0,259.0,357.0,247.0,275.0,303.0,331.0,185.0,999.0
999.0,999.0,449.0,999.0,999.0,999.0,999.0,364.0,999.0,304.0,240.0,428.0,999.0,275.0,999.0
124.0,128.0,356.0,21.0,117.0,220.0,35.0,264.0,170.0,156.0,287.0,316.0,59.0,185.0,101.0
311.0,409.0,485.0,106.0,102.0,484.0,33.0,346.0,498.0,296.0,389.0,355.0,529.0,259.0,88.0
73.0,41.0,142.0,8.0,45.0,256.0,7.0,59.0,69.0,76.0,20.0,114.0,27.0,30.0,30.0
146.0,203.0,336.0,51.0,191.0,249.0,67.0,206.0,272.0,191.0,245.0,228.0,139.0,158.0,158.0
999.0,999.0,332.0,999.0,150.0,999.0,35.0,205.0,999.0,999.0,245.0,999.0,999.0,156.0,118.0
375.0,709.0,283.0,143.0,312.0,687.0,198.0,168.0,223.0,151.0,208.0,162.0,429.0,111.0,582.0
77.0,41.0,184.0,8.0,45.0,87.0,9.0,45.0,69.0,81.0,87.0,68.0,27.0,25.0,31.0
414.0,118.0,657.0,182.0,329.0,221.0,230.0,601.0,660.0,381.0,382.0,138.0,888.0,305.0,118.0
158.0,205.0,208.0,35.0,161.0,315.0,53.0,59.0,199.0,108.0,123.0,100.0,122.0,169.0,216.0
229.0,301.0,348.0,63.0,253.0,390.0,139.0,202.0,311.0,207.0,272.0,263.0,264.0,158.0,250.0
157.0,205.0,542.0,35.0,224.0,281.0,77.0,420.0,198.0,358.0,468.0,856.0,155.0,309.0,181.0
146.0,179.0,281.0,31.0,184.0,260.0,61.0,176.0,195.0,154.0,208.0,167.0,122.0,107.0,155.0
122.0,108.0,247.0,24.0,131.0,215.0,45.0,124.0,163.0,138.0,208.0,139.0,84.0,134.0,101.0
317.0,488.0,475.0,97.0,476.0,491.0,262.0,331.0,483.0,278.0,411.0,307.0,500.0,248.0,124.0
94.0,53.0,240.0,16.0,83.0,143.0,26.0,313.0,111.0,129.0,157.0,115.0,44.0,180.0,63.0
410.0,523.0,549.0,159.0,157.0,518.0,570.0,420.0,616.0,358.0,468.0,307.0,726.0,308.0,262.0
0.0,0.0,207.0,15.0,58.0,0.0,18.0,65.0,103.0,103.0,117.0,175.0,40.0,35.0,30.0
71.0,43.0,179.0,6.0,0.0,118.0,0.0,39.0,24.0,63.0,149.0,47.0,10.0,25.0,0.0
183.0,249.0,322.0,50.0,248.0,348.0,101.0,205.0,253.0,190.0,241.0,463.0,211.0,81.0,172.0
152.0,179.0,661.0,50.0,252.0,260.0,105.0,509.0,253.0,188.0,470.0,221.0,211.0,390.0,220.0
154.0,188.0,347.0,34.0,132.0,272.0,45.0,296.0,199.0,203.0,264.0,264.0,84.0,213.0,107.0
317.0,515.0,507.0,109.0,260.0,521.0,121.0,391.0,501.0,296.0,410.0,280.0,239.0,300.0,238.0
171.0,231.0,500.0,41.0,234.0,315.0,95.0,363.0,227.0,304.0,408.0,241.0,288.0,271.0,212.0
330.0,590.0,457.0,95.0,211.0,521.0,99.0,323.0,452.0,275.0,366.0,353.0,259.0,218.0,175.0
113.0,90.0,240.0,21.0,126.0,200.0,40.0,104.0,139.0,129.0,157.0,118.0,68.0,76.0,170.0
146.0,188.0,278.0,30.0,176.0,276.0,61.0,165.0,181.0,151.0,201.0,162.0,116.0,116.0,153.0
77.0,37.0,130.0,8.0,117.0,319.0,43.0,31.0,69.0,67.0,29.0,61.0,27.0,17.0,77.0
87.0,48.0,238.0,15.0,85.0,143.0,19.0,111.0,103.0,120.0,152.0,118.0,40.0,76.0,66.0
428.0,92.0,661.0,133.0,83.0,200.0,61.0,718.0,568.0,316.0,582.0,449.0,122.0,493.0,275.0
257.0,185.0,693.0,73.0,288.0,261.0,217.0,154.0,199.0,246.0,50.0,302.0,331.0,102.0,242.0
187.0,87.0,255.0,27.0,252.0,182.0,53.0,141.0,187.0,139.0,182.0,140.0,101.0,149.0,44.0
146.0,179.0,283.0,31.0,176.0,261.0,61.0,756.0,188.0,154.0,207.0,167.0,122.0,496.0,148.0
232.0,306.0,353.0,64.0,310.0,489.0,174.0,264.0,313.0,207.0,286.0,312.0,276.0,477.0,329.0
86.0,47.0,187.0,15.0,73.0,288.0,19.0,47.0,144.0,83.0,130.0,70.0,40.0,72.0,87.0
157.0,205.0,564.0,35.0,200.0,281.0,75.0,440.0,199.0,165.0,175.0,140.0,156.0,312.0,172.0
244.0,323.0,361.0,70.0,312.0,372.0,198.0,32.0,341.0,230.0,297.0,288.0,291.0,21.0,334.0
163.0,215.0,582.0,36.0,54.0,468.0,82.0,470.0,210.0,408.0,203.0,100.0,171.0,319.0,43.0
124.0,131.0,438.0,91.0,329.0,369.0,222.0,225.0,419.0,271.0,338.0,323.0,336.0,173.0,275.0
112.0,89.0,293.0,21.0,445.0,193.0,147.0,156.0,120.0,128.0,211.0,117.0,269.0,72.0,215.0
86.0,43.0,207.0,15.0,83.0,124.0,23.0,65.0,98.0,105.0,120.0,124.0,42.0,41.0,42.0
196.0,129.0,336.0,51.0,260.0,253.0,121.0,313.0,122.0,197.0,248.0,240.0,238.0,240.0,157.0
163.0,207.0,347.0,34.0,237.0,289.0,129.0,228.0,187.0,203.0,264.0,156.0,128.0,174.0,153.0
375.0,709.0,549.0,143.0,138.0,687.0,46.0,420.0,571.0,358.0,470.0,323.0,678.0,311.0,66.0
80.0,43.0,208.0,16.0,85.0,127.0,26.0,73.0,271.0,106.0,123.0,92.0,44.0,180.0,66.0
330.0,590.0,511.0,133.0,45.0,389.0,7.0,476.0,431.0,316.0,408.0,456.0,25.0,321.0,31.0
167.0,221.0,239.0,38.0,341.0,277.0,220.0,140.0,223.0,176.0,154.0,196.0,334.0,91.0,69.0
317.0,515.0,449.0,97.0,448.0,518.0,262.0,322.0,501.0,275.0,366.0,323.0,494.0,184.0,9.0
244.0,325.0,363.0,70.0,313.0,422.0,199.0,277.0,341.0,230.0,326.0,288.0,291.0,196.0,331.0
264.0,367.0,688.0,16.0,83.0,439.0,22.0,509.0,164.0,108.0,654.0,117.0,43.0,408.0,63.0
111.0,89.0,184.0,15.0,73.0,188.0,19.0,45.0,109.0,105.0,128.0,69.0,40.0,25.0,52.0
80.0,185.0,661.0,11.0,55.0,261.0,6.0,509.0,95.0,137.0,366.0,133.0,26.0,390.0,44.0
91.0,48.0,852.0,38.0,229.0,143.0,92.0,885.0,222.0,176.0,681.0,197.0,196.0,583.0,12.0
212.0,320.0,346.0,57.0,197.0,388.0,75.0,205.0,290.0,201.0,262.0,248.0,264.0,152.0,183.0
80.0,41.0,187.0,11.0,54.0,102.0,16.0,51.0,34.0,83.0,91.0,72.0,33.0,28.0,94.0
158.0,205.0,142.0,6.0,229.0,288.0,217.0,31.0,24.0,67.0,50.0,126.0,334.0,17.0,180.0
181.0,235.0,485.0,46.0,242.0,390.0,99.0,346.0,237.0,296.0,389.0,355.0,202.0,259.0,214.0
70.0,42.0,126.0,6.0,54.0,60.0,5.0,306.0,38.0,58.0,164.0,25.0,19.0,218.0,404.0
167.0,219.0,271.0,38.0,217.0,297.0,83.0,216.0,223.0,151.0,200.0,162.0,177.0,87.0,101.0
156.0,332.0,396.0,45.0,145.0,429.0,50.0,392.0,177.0,188.0,309.0,214.0,256.0,305.0,116.0
146.0,182.0,279.0,32.0,176.0,261.0,61.0,163.0,184.0,154.0,203.0,163.0,123.0,72.0,148.0
100.0,41.0,648.0,185.0,261.0,102.0,107.0,481.0,466.0,404.0,88.0,312.0,238.0,184.0,242.0
124.0,129.0,346.0,60.0,28.0,212.0,2.0,250.0,290.0,202.0,261.0,240.0,270.0,30.0,11.0
169.0,225.0,322.0,40.0,229.0,310.0,92.0,201.0,223.0,182.0,241.0,207.0,181.0,148.0,119.0
163.0,89.0,290.0,36.0,174.0,193.0,58.0,176.0,210.0,154.0,210.0,165.0,168.0,130.0,84.0
191.0,253.0,300.0,51.0,255.0,348.0,107.0,189.0,271.0,193.0,225.0,236.0,212.0,134.0,240.0
95.0,55.0,374.0,71.0,322.0,143.0,213.0,293.0,333.0,243.0,187.0,298.0,316.0,218.0,351.0
180.0,233.0,316.0,49.0,191.0,320.0,69.0,202.0,248.0,188.0,240.0,218.0,204.0,145.0,12.0
271.0,409.0,417.0,87.0,410.0,491.0,237.0,312.0,545.0,269.0,241.0,322.0,406.0,218.0,85.0
158.0,205.0,532.0,36.0,234.0,280.0,7.0,406.0,195.0,347.0,187.0,460.0,127.0,491.0,155.0
154.0,188.0,300.0,70.0,601.0,276.0,382.0,189.0,313.0,176.0,500.0,197.0,330.0,133.0,422.0
156.0,203.0,292.0,35.0,104.0,280.0,45.0,176.0,199.0,156.0,210.0,181.0,85.0,129.0,94.0
146.0,205.0,240.0,23.0,132.0,288.0,45.0,109.0,193.0,129.0,157.0,118.0,84.0,57.0,107.0
97.0,55.0,214.0,16.0,37.0,155.0,7.0,84.0,117.0,108.0,128.0,100.0,46.0,64.0,179.0
154.0,187.0,187.0,11.0,89.0,270.0,13.0,47.0,165.0,82.0,87.0,114.0,33.0,17.0,71.0
163.0,222.0,639.0,36.0,161.0,308.0,53.0,490.0,198.0,408.0,230.0,799.0,101.0,328.0,179.0
146.0,129.0,130.0,6.0,0.0,235.0,0.0,31.0,34.0,61.0,27.0,118.0,0.0,17.0,0.0
134.0,145.0,266.0,29.0,161.0,256.0,53.0,103.0,173.0,147.0,206.0,160.0,101.0,72.0,125.0
76.0,42.0,184.0,8.0,218.0,124.0,5.0,45.0,193.0,80.0,252.0,76.0,25.0,62.0,181.0
97.0,55.0,208.0,16.0,86.0,143.0,29.0,160.0,117.0,108.0,152.0,98.0,46.0,107.0,69.0
146.0,169.0,279.0,31.0,278.0,254.0,61.0,940.0,184.0,154.0,203.0,165.0,122.0,613.0,153.0
288.0,409.0,414.0,95.0,228.0,484.0,253.0,323.0,457.0,265.0,325.0,317.0,438.0,247.0,190.0
156.0,185.0,294.0,35.0,168.0,261.0,76.0,312.0,195.0,165.0,210.0,186.0,154.0,240.0,180.0
152.0,182.0,283.0,33.0,141.0,261.0,46.0,168.0,184.0,154.0,207.0,248.0,33.0,111.0,142.0
80.0,48.0,187.0,11.0,45.0,133.0,7.0,39.0,81.0,82.0,87.0,70.0,25.0,25.0,30.0
211.0,235.0,530.0,57.0,255.0,362.0,107.0,346.0,296.0,201.0,419.0,248.0,212.0,259.0,234.0
126.0,130.0,296.0,27.0,104.0,247.0,46.0,183.0,171.0,141.0,220.0,149.0,92.0,184.0,242.0
104.0,78.0,224.0,20.0,89.0,56.0,32.0,98.0,144.0,120.0,152.0,117.0,55.0,72.0,72.0
257.0,346.0,580.0,73.0,216.0,324.0,226.0,470.0,363.0,404.0,500.0,207.0,330.0,319.0,178.0
114.0,90.0,298.0,29.0,168.0,203.0,54.0,201.0,173.0,154.0,214.0,76.0,102.0,132.0,116.0
235.0,135.0,351.0,61.0,310.0,241.0,165.0,225.0,215.0,214.0,226.0,316.0,273.0,96.0,473.0
182.0,238.0,320.0,50.0,233.0,344.0,96.0,201.0,252.0,188.0,240.0,221.0,196.0,152.0,202.0
113.0,90.0,212.0,5.0,155.0,200.0,50.0,83.0,46.0,106.0,87.0,91.0,5.0,62.0,94.0
410.0,756.0,511.0,128.0,569.0,809.0,382.0,532.0,551.0,316.0,411.0,221.0,590.0,409.0,808.0
123.0,90.0,299.0,38.0,175.0,200.0,58.0,176.0,223.0,174.0,222.0,196.0,127.0,125.0,131.0
104.0,78.0,222.0,19.0,112.0,175.0,35.0,315.0,76.0,115.0,128.0,25.0,54.0,240.0,87.0
129.0,129.0,180.0,6.0,151.0,227.0,50.0,39.0,95.0,61.0,64.0,185.0,97.0,24.0,116.0
122.0,106.0,263.0,29.0,191.0,214.0,62.0,149.0,178.0,147.0,204.0,155.0,101.0,96.0,144.0
73.0,21.0,207.0,6.0,45.0,156.0,5.0,78.0,38.0,67.0,130.0,50.0,19.0,107.0,31.0
317.0,515.0,481.0,109.0,161.0,445.0,276.0,342.0,503.0,296.0,157.0,374.0,529.0,409.0,114.0
134.0,145.0,187.0,6.0,37.0,254.0,5.0,32.0,34.0,63.0,87.0,47.0,19.0,21.0,42.0
211.0,304.0,336.0,51.0,228.0,388.0,98.0,206.0,290.0,197.0,248.0,241.0,200.0,158.0,156.0
97.0,78.0,661.0,16.0,105.0,276.0,35.0,32.0,117.0,225.0,640.0,282.0,46.0,21.0,85.0
77.0,90.0,747.0,21.0,106.0,200.0,35.0,885.0,144.0,660.0,272.0,355.0,59.0,412.0,87.0
130.0,137.0,278.0,29.0,161.0,255.0,53.0,158.0,50.0,151.0,201.0,162.0,101.0,107.0,126.0
126.0,130.0,511.0,27.0,17.0,227.0,50.0,391.0,170.0,319.0,414.0,456.0,95.0,343.0,9.0
165.0,207.0,337.0,38.0,208.0,289.0,78.0,205.0,213.0,174.0,250.0,196.0,176.0,152.0,44.0
156.0,194.0,311.0,34.0,275.0,276.0,148.0,197.0,117.0,171.0,234.0,204.0,276.0,145.0,242.0
485.0,585.0,549.0,243.0,128.0,521.0,444.0,438.0,480.0,521.0,468.0,856.0,923.0,491.0,99.0
163.0,215.0,240.0,22.0,257.0,289.0,99.0,141.0,144.0,130.0,241.0,126.0,70.0,90.0,341.0
288.0,474.0,481.0,95.0,197.0,448.0,261.0,342.0,457.0,296.0,387.0,203.0,429.0,256.0,155.0
338.0,515.0,590.0,133.0,723.0,521.0,396.0,476.0,568.0,322.0,203.0,457.0,639.0,491.0,818.0
133.0,141.0,111.0,29.0,100.0,249.0,32.0,10.0,173.0,207.0,5.0,263.0,102.0,122.0,80.0
132.0,137.0,283.0,29.0,161.0,293.0,53.0,168.0,139.0,153.0,207.0,163.0,101.0,493.0,173.0
212.0,306.0,386.0,58.0,277.0,372.0,143.0,296.0,296.0,201.0,320.0,280.0,269.0,296.0,248.0
81.0,41.0,332.0,11.0,47.0,102.0,13.0,205.0,86.0,191.0,149.0,221.0,33.0,184.0,32.0
111.0,89.0,257.0,21.0,85.0,221.0,28.0,137.0,281.0,120.0,191.0,105.0,45.0,88.0,66.0
375.0,694.0,475.0,137.0,211.0,663.0,67.0,331.0,570.0,300.0,245.0,430.0,139.0,255.0,175.0
306.0,474.0,488.0,97.0,310.0,489.0,184.0,392.0,168.0,278.0,400.0,346.0,288.0,496.0,331.0
76.0,41.0,187.0,11.0,75.0,103.0,7.0,49.0,162.0,83.0,87.0,72.0,40.0,25.0,25.0
73.0,28.0,207.0,14.0,47.0,60.0,9.0,80.0,81.0,101.0,117.0,84.0,33.0,62.0,32.0
156.0,253.0,281.0,36.0,229.0,348.0,92.0,165.0,170.0,154.0,210.0,298.0,161.0,111.0,202.0
95.0,55.0,855.0,16.0,47.0,182.0,9.0,940.0,119.0,84.0,999.0,178.0,43.0,613.0,31.0
103.0,76.0,657.0,18.0,415.0,312.0,33.0,481.0,120.0,128.0,333.0,117.0,52.0,412.0,142.0
156.0,200.0,491.0,137.0,601.0,280.0,382.0,222.0,570.0,304.0,400.0,181.0,590.0,170.0,99.0
121.0,105.0,386.0,65.0,237.0,213.0,170.0,84.0,314.0,223.0,320.0,282.0,284.0,64.0,250.0
375.0,694.0,661.0,243.0,191.0,656.0,50.0,509.0,428.0,521.0,191.0,856.0,923.0,408.0,114.0
126.0,131.0,256.0,27.0,186.0,297.0,53.0,176.0,170.0,129.0,411.0,127.0,101.0,116.0,238.0
100.0,63.0,747.0,307.0,999.0,156.0,999.0,718.0,239.0,660.0,50.0,50.0,999.0,510.0,999.0
154.0,187.0,267.0,29.0,161.0,270.0,53.0,155.0,171.0,151.0,200.0,162.0,101.0,82.0,125.0
123.0,115.0,254.0,25.0,83.0,225.0,23.0,141.0,168.0,138.0,188.0,138.0,42.0,92.0,55.0
999.0,999.0,999.0,999.0,112.0,999.0,35.0,999.0,999.0,999.0,582.0,207.0,999.0,57.0,94.0
123.0,233.0,336.0,25.0,145.0,320.0,50.0,206.0,168.0,138.0,248.0,134.0,92.0,90.0,116.0
154.0,188.0,281.0,50.0,248.0,276.0,101.0,165.0,199.0,207.0,200.0,263.0,209.0,111.0,214.0
121.0,618.0,260.0,14.0,208.0,656.0,19.0,148.0,103.0,106.0,189.0,91.0,36.0,96.0,102.0
112.0,310.0,396.0,51.0,255.0,393.0,107.0,297.0,272.0,252.0,321.0,305.0,212.0,218.0,174.0
146.0,36.0,310.0,27.0,50.0,60.0,15.0,195.0,172.0,176.0,238.0,197.0,83.0,134.0,45.0
270.0,376.0,449.0,86.0,410.0,315.0,237.0,322.0,431.0,275.0,245.0,164.0,406.0,339.0,473.0
214.0,301.0,355.0,58.0,278.0,348.0,143.0,259.0,239.0,223.0,286.0,277.0,269.0,613.0,187.0
154.0,188.0,379.0,34.0,230.0,259.0,86.0,292.0,232.0,247.0,309.0,303.0,145.0,208.0,201.0
176.0,229.0,312.0,43.0,234.0,315.0,96.0,204.0,210.0,185.0,238.0,207.0,196.0,145.0,190.0
316.0,515.0,300.0,106.0,118.0,389.0,274.0,391.0,498.0,190.0,230.0,221.0,515.0,300.0,94.0
132.0,137.0,258.0,29.0,128.0,213.0,38.0,144.0,178.0,144.0,200.0,156.0,101.0,90.0,99.0
287.0,434.0,320.0,96.0,257.0,484.0,121.0,204.0,466.0,275.0,240.0,203.0,239.0,149.0,216.0
160.0,207.0,207.0,36.0,229.0,294.0,127.0,73.0,171.0,174.0,120.0,197.0,168.0,57.0,201.0
83.0,95.0,184.0,11.0,253.0,276.0,18.0,154.0,98.0,84.0,408.0,76.0,33.0,102.0,218.0
152.0,179.0,283.0,33.0,188.0,260.0,67.0,186.0,187.0,154.0,208.0,165.0,12.0,133.0,156.0
211.0,292.0,476.0,97.0,341.0,374.0,217.0,341.0,483.0,293.0,345.0,446.0,330.0,555.0,416.0
132.0,137.0,257.0,36.0,189.0,249.0,67.0,32.0,271.0,166.0,187.0,186.0,156.0,21.0,156.0
122.0,45.0,310.0,24.0,132.0,127.0,45.0,299.0,163.0,112.0,238.0,101.0,84.0,256.0,84.0
126.0,129.0,256.0,27.0,141.0,225.0,46.0,141.0,127.0,140.0,214.0,118.0,70.0,88.0,110.0
123.0,109.0,252.0,24.0,117.0,220.0,46.0,140.0,198.0,137.0,262.0,137.0,89.0,91.0,93.0
126.0,214.0,701.0,27.0,73.0,272.0,19.0,0.0,99.0,580.0,122.0,193.0,35.0,0.0,25.0
374.0,693.0,514.0,137.0,229.0,656.0,19.0,620.0,570.0,319.0,414.0,456.0,656.0,477.0,180.0
92.0,47.0,999.0,19.0,128.0,193.0,35.0,999.0,141.0,115.0,286.0,114.0,55.0,889.0,99.0
103.0,78.0,590.0,243.0,28.0,211.0,4.0,476.0,164.0,408.0,508.0,822.0,923.0,318.0,12.0
229.0,306.0,266.0,60.0,217.0,389.0,147.0,297.0,237.0,197.0,88.0,241.0,270.0,185.0,179.0
103.0,72.0,347.0,20.0,100.0,175.0,32.0,290.0,129.0,199.0,264.0,298.0,55.0,205.0,80.0
156.0,194.0,247.0,34.0,85.0,439.0,28.0,130.0,187.0,156.0,152.0,175.0,260.0,82.0,64.0
101.0,62.0,257.0,17.0,161.0,155.0,54.0,146.0,120.0,129.0,187.0,220.0,48.0,102.0,126.0
196.0,259.0,294.0,3.0,15.0,358.0,1.0,180.0,139.0,42.0,214.0,76.0,33.0,96.0,4.0
95.0,55.0,208.0,16.0,117.0,143.0,29.0,259.0,117.0,107.0,210.0,81.0,46.0,218.0,94.0
316.0,515.0,204.0,15.0,112.0,490.0,19.0,59.0,103.0,99.0,108.0,76.0,40.0,30.0,87.0
288.0,235.0,582.0,95.0,445.0,261.0,253.0,415.0,430.0,408.0,509.0,799.0,438.0,312.0,87.0
87.0,47.0,224.0,15.0,86.0,87.0,32.0,39.0,105.0,105.0,148.0,244.0,51.0,21.0,144.0
97.0,55.0,207.0,16.0,89.0,118.0,29.0,80.0,117.0,106.0,119.0,70.0,46.0,62.0,89.0
96.0,55.0,212.0,16.0,73.0,270.0,19.0,49.0,117.0,108.0,123.0,164.0,40.0,24.0,56.0
103.0,72.0,187.0,18.0,89.0,143.0,32.0,47.0,122.0,113.0,88.0,139.0,47.0,26.0,71.0
270.0,376.0,215.0,17.0,89.0,297.0,32.0,84.0,120.0,112.0,152.0,138.0,48.0,62.0,74.0
73.0,27.0,180.0,7.0,17.0,56.0,2.0,39.0,46.0,75.0,64.0,0.0,35.0,57.0,9.0
113.0,90.0,240.0,21.0,100.0,203.0,5.0,27.0,139.0,129.0,157.0,118.0,19.0,17.0,81.0
206.0,205.0,348.0,56.0,261.0,281.0,121.0,232.0,292.0,207.0,272.0,264.0,252.0,180.0,242.0
97.0,89.0,142.0,16.0,86.0,200.0,29.0,31.0,117.0,106.0,27.0,117.0,46.0,21.0,63.0
306.0,461.0,487.0,109.0,212.0,489.0,79.0,175.0,503.0,296.0,394.0,387.0,167.0,123.0,180.0
212.0,300.0,346.0,58.0,280.0,341.0,148.0,228.0,296.0,201.0,249.0,173.0,269.0,72.0,213.0
123.0,105.0,255.0,24.0,117.0,86.0,254.0,148.0,162.0,139.0,182.0,126.0,90.0,146.0,94.0
196.0,259.0,313.0,51.0,255.0,348.0,107.0,192.0,296.0,191.0,240.0,228.0,212.0,133.0,229.0
257.0,323.0,336.0,51.0,157.0,418.0,52.0,212.0,281.0,196.0,245.0,241.0,101.0,173.0,124.0
257.0,331.0,372.0,71.0,17.0,425.0,262.0,322.0,363.0,243.0,307.0,298.0,284.0,246.0,96.0
268.0,304.0,481.0,85.0,208.0,388.0,77.0,322.0,425.0,296.0,387.0,353.0,344.0,493.0,175.0
163.0,212.0,257.0,36.0,206.0,294.0,76.0,146.0,210.0,167.0,187.0,187.0,155.0,133.0,175.0
330.0,590.0,476.0,117.0,227.0,534.0,138.0,341.0,545.0,306.0,394.0,430.0,590.0,88.0,183.0
167.0,253.0,475.0,109.0,524.0,348.0,274.0,331.0,170.0,296.0,408.0,374.0,524.0,503.0,699.0
330.0,612.0,382.0,117.0,175.0,534.0,339.0,292.0,147.0,247.0,128.0,298.0,583.0,208.0,142.0
167.0,221.0,312.0,38.0,230.0,310.0,85.0,198.0,302.0,187.0,238.0,203.0,175.0,145.0,218.0
270.0,346.0,428.0,80.0,102.0,320.0,222.0,322.0,425.0,246.0,338.0,301.0,336.0,246.0,82.0
212.0,322.0,346.0,58.0,312.0,393.0,199.0,223.0,296.0,199.0,262.0,244.0,291.0,137.0,341.0
167.0,221.0,296.0,36.0,216.0,297.0,80.0,32.0,134.0,167.0,173.0,204.0,161.0,21.0,175.0
75.0,40.0,187.0,8.0,45.0,86.0,6.0,47.0,50.0,82.0,87.0,185.0,27.0,26.0,43.0
105.0,89.0,224.0,20.0,117.0,260.0,37.0,98.0,12.0,120.0,170.0,126.0,54.0,305.0,170.0
181.0,235.0,208.0,46.0,89.0,328.0,32.0,83.0,223.0,120.0,120.0,197.0,49.0,88.0,74.0
178.0,235.0,312.0,45.0,238.0,341.0,99.0,756.0,222.0,187.0,238.0,204.0,195.0,503.0,213.0
75.0,316.0,438.0,87.0,735.0,390.0,444.0,322.0,425.0,271.0,338.0,323.0,408.0,246.0,881.0
24.0,36.0,363.0,51.0,168.0,133.0,54.0,277.0,311.0,227.0,298.0,282.0,92.0,312.0,122.0
167.0,221.0,283.0,38.0,218.0,296.0,80.0,168.0,222.0,156.0,207.0,167.0,167.0,123.0,88.0
126.0,130.0,142.0,27.0,176.0,230.0,61.0,31.0,170.0,67.0,206.0,50.0,102.0,21.0,158.0
114.0,92.0,142.0,5.0,28.0,203.0,2.0,31.0,34.0,58.0,214.0,446.0,5.0,20.0,9.0
83.0,174.0,204.0,13.0,126.0,241.0,19.0,62.0,99.0,92.0,152.0,76.0,36.0,555.0,81.0
103.0,76.0,184.0,18.0,165.0,518.0,43.0,45.0,122.0,115.0,63.0,113.0,76.0,58.0,127.0
232.0,306.0,294.0,71.0,89.0,389.0,30.0,168.0,215.0,188.0,215.0,221.0,316.0,146.0,71.0
429.0,612.0,564.0,153.0,176.0,534.0,129.0,469.0,98.0,347.0,483.0,460.0,259.0,496.0,101.0
333.0,618.0,481.0,109.0,476.0,550.0,274.0,342.0,498.0,296.0,382.0,374.0,529.0,258.0,173.0
229.0,306.0,550.0,114.0,218.0,60.0,82.0,431.0,503.0,358.0,470.0,264.0,583.0,312.0,180.0
126.0,164.0,256.0,27.0,203.0,254.0,76.0,144.0,168.0,140.0,187.0,139.0,155.0,95.0,174.0
330.0,590.0,542.0,114.0,217.0,490.0,274.0,315.0,551.0,358.0,400.0,108.0,583.0,219.0,125.0
139.0,164.0,281.0,30.0,131.0,112.0,43.0,146.0,181.0,154.0,204.0,167.0,76.0,96.0,101.0
268.0,376.0,396.0,86.0,252.0,425.0,99.0,297.0,428.0,264.0,322.0,244.0,204.0,186.0,218.0
319.0,523.0,564.0,112.0,112.0,521.0,274.0,459.0,170.0,381.0,483.0,911.0,579.0,314.0,87.0
76.0,141.0,201.0,14.0,100.0,249.0,35.0,61.0,99.0,92.0,100.0,76.0,55.0,34.0,81.0
156.0,193.0,271.0,34.0,157.0,261.0,50.0,155.0,194.0,150.0,200.0,165.0,92.0,458.0,87.0
167.0,278.0,310.0,38.0,168.0,272.0,54.0,202.0,222.0,182.0,234.0,173.0,101.0,409.0,124.0
233.0,310.0,396.0,65.0,181.0,390.0,171.0,297.0,314.0,214.0,322.0,282.0,284.0,613.0,155.0
257.0,338.0,379.0,71.0,174.0,430.0,58.0,192.0,313.0,243.0,310.0,330.0,108.0,134.0,154.0
235.0,317.0,657.0,65.0,410.0,393.0,237.0,508.0,314.0,214.0,582.0,305.0,284.0,493.0,473.0
146.0,188.0,271.0,30.0,157.0,268.0,52.0,192.0,171.0,151.0,200.0,162.0,127.0,16.0,139.0
154.0,188.0,240.0,20.0,75.0,280.0,35.0,111.0,38.0,129.0,160.0,118.0,55.0,24.0,54.0
377.0,338.0,530.0,148.0,89.0,261.0,42.0,490.0,601.0,347.0,419.0,803.0,76.0,314.0,72.0
97.0,56.0,212.0,16.0,85.0,155.0,29.0,83.0,117.0,108.0,128.0,98.0,46.0,64.0,102.0
270.0,373.0,440.0,91.0,255.0,445.0,243.0,316.0,452.0,273.0,345.0,323.0,419.0,255.0,119.0
163.0,210.0,361.0,87.0,415.0,272.0,237.0,322.0,425.0,228.0,297.0,181.0,406.0,246.0,42.0
210.0,284.0,363.0,58.0,277.0,373.0,143.0,277.0,296.0,252.0,298.0,316.0,269.0,202.0,247.0
156.0,261.0,283.0,35.0,191.0,143.0,69.0,202.0,162.0,156.0,208.0,174.0,140.0,148.0,160.0
412.0,764.0,590.0,182.0,403.0,349.0,247.0,204.0,343.0,403.0,208.0,172.0,408.0,156.0,469.0
206.0,278.0,240.0,21.0,105.0,390.0,33.0,109.0,86.0,129.0,157.0,114.0,51.0,87.0,85.0
163.0,212.0,317.0,51.0,189.0,294.0,67.0,222.0,270.0,188.0,240.0,221.0,139.0,180.0,157.0
196.0,90.0,313.0,51.0,261.0,155.0,79.0,202.0,270.0,193.0,320.0,236.0,154.0,148.0,242.0
103.0,76.0,223.0,19.0,151.0,175.0,76.0,97.0,120.0,114.0,320.0,108.0,54.0,72.0,117.0
126.0,137.0,294.0,36.0,226.0,250.0,78.0,176.0,205.0,166.0,230.0,186.0,158.0,125.0,180.0
83.0,41.0,283.0,12.0,262.0,216.0,19.0,481.0,103.0,76.0,207.0,61.0,36.0,328.0,246.0
123.0,131.0,256.0,43.0,226.0,220.0,94.0,156.0,341.0,139.0,187.0,140.0,191.0,107.0,183.0
84.0,47.0,206.0,14.0,54.0,133.0,18.0,65.0,107.0,103.0,63.0,76.0,36.0,41.0,44.0
102.0,71.0,224.0,17.0,258.0,160.0,98.0,98.0,120.0,120.0,274.0,117.0,44.0,72.0,111.0
95.0,55.0,206.0,15.0,83.0,144.0,23.0,65.0,103.0,105.0,117.0,101.0,40.0,24.0,54.0
133.0,141.0,340.0,36.0,141.0,249.0,82.0,97.0,199.0,200.0,239.0,190.0,171.0,169.0,110.0
123.0,215.0,363.0,24.0,128.0,312.0,46.0,251.0,164.0,188.0,299.0,221.0,89.0,184.0,99.0
268.0,372.0,396.0,85.0,261.0,445.0,127.0,297.0,466.0,256.0,321.0,312.0,259.0,218.0,238.0
111.0,82.0,240.0,20.0,197.0,221.0,75.0,158.0,105.0,120.0,152.0,113.0,155.0,96.0,118.0
84.0,71.0,184.0,11.0,569.0,159.0,19.0,45.0,95.0,83.0,84.0,423.0,36.0,25.0,341.0
236.0,323.0,355.0,66.0,260.0,315.0,121.0,251.0,271.0,223.0,290.0,282.0,284.0,77.0,240.0
182.0,238.0,361.0,50.0,132.0,349.0,45.0,292.0,252.0,188.0,249.0,221.0,726.0,208.0,107.0
152.0,180.0,279.0,33.0,186.0,260.0,65.0,158.0,187.0,153.0,203.0,163.0,128.0,101.0,158.0
158.0,205.0,564.0,3.0,15.0,255.0,1.0,476.0,0.0,223.0,483.0,257.0,4.0,412.0,12.0
146.0,173.0,311.0,38.0,341.0,256.0,82.0,197.0,213.0,174.0,207.0,162.0,174.0,145.0,406.0
104.0,78.0,252.0,29.0,128.0,214.0,50.0,140.0,177.0,167.0,290.0,196.0,101.0,248.0,99.0
129.0,135.0,507.0,27.0,175.0,144.0,58.0,391.0,171.0,141.0,408.0,163.0,108.0,300.0,160.0
52.0,43.0,316.0,45.0,238.0,127.0,99.0,201.0,232.0,188.0,470.0,212.0,200.0,66.0,214.0
266.0,372.0,570.0,97.0,434.0,445.0,261.0,204.0,213.0,278.0,400.0,348.0,464.0,134.0,566.0
146.0,128.0,220.0,17.0,104.0,260.0,34.0,61.0,119.0,112.0,129.0,105.0,54.0,184.0,96.0
115.0,95.0,279.0,22.0,118.0,214.0,38.0,163.0,122.0,154.0,203.0,167.0,70.0,111.0,94.0
80.0,40.0,257.0,14.0,112.0,86.0,19.0,148.0,105.0,103.0,191.0,68.0,36.0,107.0,87.0
156.0,225.0,339.0,34.0,184.0,310.0,61.0,192.0,210.0,156.0,94.0,207.0,128.0,134.0,155.0
97.0,56.0,206.0,16.0,85.0,155.0,29.0,83.0,117.0,101.0,129.0,76.0,46.0,64.0,63.0
152.0,185.0,257.0,33.0,189.0,261.0,67.0,299.0,187.0,154.0,187.0,172.0,139.0,134.0,87.0
133.0,141.0,283.0,29.0,161.0,249.0,53.0,163.0,173.0,144.0,207.0,156.0,101.0,496.0,124.0
330.0,28.0,461.0,106.0,569.0,60.0,274.0,45.0,500.0,275.0,366.0,317.0,515.0,27.0,82.0
157.0,131.0,263.0,36.0,208.0,216.0,78.0,149.0,164.0,147.0,200.0,91.0,158.0,96.0,174.0
102.0,76.0,215.0,18.0,253.0,173.0,106.0,84.0,223.0,113.0,128.0,105.0,42.0,57.0,220.0
288.0,461.0,440.0,91.0,206.0,261.0,237.0,322.0,454.0,273.0,333.0,323.0,406.0,246.0,154.0
196.0,259.0,346.0,51.0,228.0,390.0,85.0,240.0,271.0,193.0,262.0,241.0,176.0,510.0,190.0
212.0,316.0,336.0,58.0,277.0,390.0,150.0,206.0,454.0,81.0,245.0,68.0,270.0,158.0,213.0
171.0,182.0,326.0,51.0,310.0,261.0,174.0,59.0,270.0,191.0,244.0,228.0,219.0,65.0,329.0
138.0,27.0,267.0,30.0,131.0,159.0,45.0,155.0,182.0,151.0,200.0,162.0,90.0,106.0,101.0
169.0,89.0,300.0,38.0,157.0,206.0,94.0,192.0,223.0,176.0,252.0,197.0,176.0,133.0,72.0
237.0,323.0,361.0,70.0,312.0,407.0,184.0,223.0,227.0,228.0,414.0,287.0,288.0,173.0,334.0
73.0,21.0,170.0,6.0,131.0,42.0,1.0,198.0,38.0,71.0,57.0,81.0,19.0,146.0,88.0
104.0,72.0,239.0,23.0,128.0,160.0,42.0,130.0,145.0,130.0,210.0,134.0,76.0,87.0,94.0
158.0,207.0,549.0,36.0,303.0,293.0,143.0,322.0,204.0,167.0,468.0,187.0,256.0,246.0,316.0
156.0,235.0,290.0,34.0,218.0,333.0,80.0,280.0,194.0,156.0,298.0,175.0,149.0,201.0,181.0
167.0,222.0,183.0,5.0,100.0,308.0,1.0,45.0,103.0,58.0,94.0,23.0,4.0,25.0,81.0
268.0,376.0,411.0,85.0,279.0,460.0,150.0,306.0,425.0,264.0,325.0,325.0,284.0,132.0,274.0
999.0,999.0,224.0,45.0,255.0,999.0,95.0,83.0,223.0,296.0,84.0,355.0,195.0,57.0,160.0
183.0,346.0,339.0,50.0,211.0,425.0,95.0,216.0,252.0,197.0,275.0,288.0,211.0,167.0,175.0
202.0,322.0,532.0,51.0,260.0,393.0,121.0,406.0,288.0,347.0,449.0,470.0,252.0,305.0,238.0
126.0,131.0,266.0,27.0,175.0,238.0,78.0,154.0,171.0,140.0,200.0,190.0,83.0,133.0,153.0
266.0,373.0,461.0,91.0,141.0,425.0,222.0,327.0,454.0,278.0,373.0,355.0,429.0,248.0,44.0
202.0,276.0,360.0,33.0,157.0,390.0,52.0,293.0,184.0,154.0,310.0,167.0,128.0,208.0,119.0
322.0,461.0,449.0,112.0,288.0,489.0,150.0,327.0,570.0,275.0,366.0,95.0,588.0,248.0,307.0
146.0,169.0,293.0,30.0,217.0,255.0,82.0,312.0,182.0,160.0,211.0,185.0,168.0,292.0,181.0
233.0,332.0,487.0,109.0,237.0,429.0,243.0,346.0,500.0,296.0,394.0,374.0,579.0,312.0,275.0
375.0,41.0,648.0,133.0,176.0,101.0,50.0,493.0,571.0,408.0,500.0,803.0,639.0,458.0,157.0
126.0,131.0,170.0,25.0,174.0,241.0,58.0,39.0,165.0,71.0,57.0,151.0,103.0,25.0,156.0
123.0,109.0,363.0,21.0,128.0,215.0,33.0,277.0,145.0,225.0,286.0,263.0,59.0,196.0,101.0
102.0,47.0,332.0,18.0,112.0,87.0,35.0,212.0,122.0,193.0,245.0,244.0,47.0,167.0,87.0
133.0,141.0,278.0,29.0,138.0,249.0,54.0,155.0,178.0,151.0,201.0,162.0,101.0,66.0,107.0
270.0,372.0,414.0,86.0,261.0,448.0,171.0,306.0,276.0,264.0,326.0,305.0,284.0,218.0,240.0
270.0,376.0,360.0,45.0,261.0,479.0,95.0,266.0,163.0,187.0,299.0,207.0,200.0,218.0,242.0
206.0,372.0,323.0,55.0,261.0,445.0,127.0,204.0,293.0,199.0,241.0,323.0,259.0,150.0,242.0
330.0,169.0,500.0,117.0,161.0,255.0,50.0,363.0,518.0,304.0,408.0,428.0,693.0,57.0,119.0
196.0,257.0,336.0,51.0,150.0,349.0,82.0,206.0,518.0,197.0,248.0,241.0,155.0,158.0,118.0
112.0,90.0,417.0,21.0,105.0,203.0,35.0,313.0,232.0,128.0,333.0,117.0,59.0,219.0,84.0
182.0,241.0,326.0,50.0,257.0,348.0,107.0,222.0,252.0,201.0,244.0,248.0,209.0,170.0,220.0
156.0,194.0,283.0,34.0,200.0,197.0,75.0,168.0,194.0,156.0,208.0,175.0,149.0,119.0,170.0
183.0,229.0,661.0,50.0,261.0,315.0,106.0,509.0,253.0,524.0,29.0,126.0,211.0,318.0,242.0
181.0,233.0,336.0,51.0,275.0,280.0,148.0,206.0,296.0,196.0,248.0,241.0,238.0,145.0,274.0
104.0,104.0,208.0,19.0,75.0,212.0,26.0,82.0,144.0,106.0,122.0,95.0,54.0,58.0,55.0
77.0,41.0,190.0,8.0,83.0,144.0,16.0,83.0,69.0,81.0,91.0,76.0,27.0,64.0,55.0
176.0,229.0,283.0,43.0,15.0,349.0,1.0,176.0,210.0,154.0,207.0,173.0,4.0,129.0,4.0
330.0,612.0,580.0,128.0,275.0,534.0,382.0,476.0,425.0,404.0,509.0,911.0,590.0,328.0,242.0
999.0,999.0,999.0,999.0,47.0,999.0,9.0,999.0,999.0,999.0,681.0,999.0,999.0,999.0,32.0
70.0,28.0,311.0,46.0,242.0,60.0,99.0,195.0,271.0,184.0,238.0,207.0,200.0,145.0,212.0
163.0,205.0,296.0,36.0,168.0,288.0,54.0,186.0,204.0,167.0,210.0,187.0,113.0,132.0,134.0
241.0,322.0,374.0,71.0,176.0,393.0,203.0,601.0,158.0,243.0,465.0,325.0,303.0,409.0,154.0
410.0,756.0,550.0,159.0,122.0,706.0,39.0,420.0,518.0,660.0,470.0,61.0,97.0,311.0,94.0
154.0,316.0,283.0,33.0,191.0,390.0,69.0,168.0,188.0,156.0,208.0,175.0,140.0,119.0,175.0
124.0,188.0,252.0,24.0,174.0,276.0,46.0,140.0,163.0,137.0,402.0,140.0,89.0,132.0,125.0
268.0,278.0,582.0,91.0,191.0,319.0,391.0,476.0,454.0,425.0,509.0,705.0,639.0,331.0,155.0
270.0,348.0,475.0,86.0,311.0,191.0,165.0,341.0,430.0,269.0,366.0,338.0,284.0,201.0,334.0
196.0,257.0,300.0,38.0,186.0,348.0,48.0,189.0,223.0,176.0,257.0,395.0,176.0,133.0,155.0
122.0,62.0,179.0,24.0,131.0,155.0,45.0,313.0,163.0,136.0,57.0,133.0,84.0,219.0,99.0
114.0,95.0,240.0,22.0,100.0,208.0,32.0,109.0,95.0,129.0,158.0,140.0,70.0,134.0,82.0
182.0,234.0,353.0,49.0,176.0,154.0,61.0,969.0,223.0,214.0,286.0,317.0,196.0,555.0,148.0
121.0,105.0,247.0,23.0,37.0,213.0,18.0,168.0,163.0,132.0,297.0,115.0,36.0,119.0,12.0
129.0,48.0,310.0,60.0,280.0,390.0,147.0,195.0,302.0,202.0,234.0,221.0,270.0,134.0,102.0
97.0,56.0,208.0,16.0,83.0,156.0,23.0,82.0,122.0,108.0,123.0,100.0,42.0,27.0,54.0
152.0,231.0,298.0,33.0,191.0,348.0,69.0,187.0,170.0,176.0,230.0,197.0,140.0,259.0,158.0
77.0,41.0,72.0,0.0,117.0,348.0,37.0,756.0,0.0,0.0,128.0,173.0,0.0,510.0,101.0
256.0,332.0,361.0,71.0,184.0,429.0,62.0,264.0,347.0,228.0,299.0,280.0,211.0,185.0,155.0
125.0,130.0,254.0,25.0,131.0,227.0,45.0,144.0,165.0,138.0,157.0,139.0,92.0,95.0,101.0
246.0,325.0,347.0,60.0,278.0,418.0,147.0,228.0,296.0,203.0,264.0,61.0,270.0,179.0,334.0
154.0,194.0,246.0,23.0,312.0,230.0,184.0,137.0,162.0,132.0,170.0,127.0,284.0,88.0,329.0
268.0,372.0,414.0,85.0,176.0,445.0,254.0,509.0,425.0,264.0,252.0,316.0,344.0,408.0,148.0
375.0,694.0,530.0,137.0,735.0,656.0,391.0,398.0,570.0,319.0,419.0,457.0,639.0,300.0,582.0
102.0,71.0,252.0,27.0,117.0,159.0,35.0,140.0,171.0,141.0,373.0,151.0,77.0,55.0,89.0
202.0,232.0,332.0,51.0,261.0,319.0,119.0,205.0,281.0,193.0,243.0,236.0,239.0,150.0,242.0
167.0,182.0,300.0,38.0,176.0,261.0,61.0,194.0,223.0,176.0,230.0,196.0,116.0,134.0,153.0
338.0,769.0,330.0,51.0,181.0,0.0,107.0,205.0,272.0,192.0,191.0,248.0,212.0,152.0,154.0
314.0,90.0,386.0,97.0,294.0,215.0,213.0,293.0,480.0,293.0,321.0,353.0,500.0,77.0,308.0
103.0,76.0,201.0,18.0,86.0,173.0,29.0,186.0,120.0,92.0,88.0,76.0,70.0,179.0,69.0
126.0,130.0,246.0,23.0,32.0,230.0,5.0,0.0,184.0,132.0,175.0,127.0,23.0,12.0,32.0
180.0,233.0,207.0,45.0,229.0,320.0,96.0,358.0,233.0,188.0,123.0,323.0,196.0,159.0,183.0
233.0,316.0,350.0,65.0,131.0,390.0,34.0,240.0,314.0,214.0,274.0,236.0,284.0,184.0,102.0
157.0,193.0,293.0,35.0,212.0,272.0,78.0,176.0,199.0,160.0,211.0,185.0,158.0,28.0,175.0
375.0,694.0,374.0,140.0,43.0,663.0,5.0,290.0,571.0,243.0,302.0,302.0,239.0,205.0,122.0
163.0,207.0,507.0,36.0,226.0,261.0,80.0,391.0,223.0,167.0,408.0,185.0,168.0,296.0,182.0
138.0,316.0,190.0,29.0,288.0,390.0,165.0,51.0,177.0,82.0,91.0,81.0,272.0,27.0,322.0
233.0,316.0,350.0,65.0,257.0,393.0,121.0,285.0,314.0,213.0,274.0,208.0,238.0,202.0,229.0
156.0,193.0,283.0,34.0,197.0,276.0,75.0,168.0,188.0,156.0,208.0,175.0,149.0,146.0,83.0
235.0,317.0,382.0,67.0,311.0,393.0,184.0,440.0,333.0,227.0,309.0,312.0,288.0,312.0,334.0
257.0,215.0,639.0,71.0,175.0,297.0,138.0,481.0,145.0,411.0,27.0,799.0,200.0,328.0,101.0
103.0,78.0,220.0,18.0,112.0,173.0,35.0,94.0,122.0,112.0,128.0,248.0,54.0,68.0,87.0
316.0,515.0,481.0,109.0,186.0,280.0,62.0,342.0,571.0,296.0,387.0,355.0,588.0,628.0,155.0
132.0,137.0,294.0,36.0,226.0,249.0,83.0,180.0,204.0,166.0,386.0,246.0,174.0,130.0,56.0
182.0,232.0,190.0,50.0,255.0,319.0,106.0,51.0,252.0,84.0,128.0,76.0,211.0,27.0,214.0
211.0,253.0,298.0,57.0,234.0,348.0,99.0,39.0,292.0,201.0,222.0,248.0,200.0,25.0,155.0
244.0,322.0,580.0,183.0,85.0,393.0,28.0,470.0,676.0,404.0,508.0,449.0,45.0,319.0,64.0
171.0,249.0,299.0,38.0,176.0,348.0,65.0,420.0,223.0,174.0,222.0,208.0,177.0,311.0,74.0
181.0,281.0,657.0,217.0,217.0,369.0,213.0,508.0,132.0,416.0,245.0,822.0,316.0,331.0,181.0
146.0,173.0,224.0,15.0,310.0,256.0,171.0,98.0,103.0,105.0,148.0,21.0,284.0,192.0,333.0
123.0,109.0,281.0,32.0,175.0,216.0,61.0,165.0,184.0,154.0,206.0,165.0,127.0,68.0,122.0
206.0,322.0,294.0,51.0,89.0,382.0,30.0,83.0,270.0,192.0,215.0,212.0,59.0,62.0,73.0
376.0,718.0,661.0,148.0,310.0,479.0,243.0,509.0,480.0,347.0,130.0,470.0,406.0,412.0,331.0
103.0,47.0,246.0,23.0,200.0,160.0,77.0,364.0,145.0,132.0,175.0,127.0,155.0,275.0,172.0
317.0,515.0,661.0,97.0,448.0,498.0,261.0,601.0,500.0,524.0,654.0,894.0,500.0,458.0,390.0
178.0,232.0,322.0,50.0,252.0,319.0,106.0,204.0,253.0,188.0,241.0,221.0,211.0,158.0,215.0
196.0,257.0,661.0,51.0,238.0,348.0,99.0,509.0,430.0,300.0,248.0,395.0,200.0,408.0,214.0
206.0,284.0,336.0,56.0,15.0,373.0,2.0,205.0,290.0,207.0,160.0,70.0,259.0,156.0,4.0
311.0,95.0,542.0,97.0,329.0,205.0,61.0,420.0,466.0,289.0,465.0,348.0,123.0,145.0,101.0
270.0,323.0,347.0,201.0,310.0,393.0,172.0,222.0,248.0,201.0,264.0,244.0,284.0,170.0,322.0
81.0,41.0,190.0,11.0,260.0,102.0,121.0,51.0,81.0,82.0,8.0,69.0,33.0,27.0,242.0
91.0,47.0,206.0,16.0,54.0,143.0,19.0,65.0,122.0,108.0,262.0,100.0,40.0,28.0,73.0
314.0,488.0,266.0,104.0,476.0,490.0,262.0,154.0,638.0,275.0,200.0,323.0,500.0,88.0,119.0
256.0,332.0,385.0,77.0,322.0,429.0,217.0,285.0,223.0,247.0,234.0,303.0,331.0,202.0,333.0
114.0,95.0,183.0,22.0,122.0,212.0,40.0,39.0,145.0,185.0,64.0,207.0,70.0,25.0,96.0
375.0,717.0,532.0,143.0,278.0,741.0,274.0,481.0,571.0,347.0,465.0,463.0,529.0,314.0,73.0
80.0,41.0,111.0,11.0,208.0,103.0,126.0,26.0,103.0,67.0,8.0,50.0,33.0,17.0,175.0
178.0,231.0,313.0,45.0,262.0,319.0,96.0,141.0,223.0,187.0,239.0,164.0,195.0,92.0,248.0
120.0,95.0,247.0,23.0,503.0,211.0,367.0,49.0,163.0,136.0,170.0,125.0,588.0,245.0,180.0
73.0,28.0,187.0,6.0,175.0,60.0,58.0,315.0,38.0,75.0,250.0,84.0,108.0,271.0,134.0
124.0,129.0,251.0,25.0,157.0,222.0,50.0,146.0,165.0,138.0,173.0,138.0,92.0,96.0,125.0
211.0,372.0,346.0,58.0,277.0,439.0,143.0,32.0,296.0,201.0,320.0,387.0,269.0,21.0,250.0
181.0,235.0,310.0,46.0,277.0,324.0,99.0,204.0,239.0,182.0,272.0,203.0,200.0,131.0,422.0
84.0,42.0,208.0,15.0,344.0,225.0,19.0,292.0,103.0,106.0,122.0,95.0,40.0,240.0,422.0
126.0,131.0,351.0,26.0,150.0,249.0,50.0,250.0,171.0,144.0,274.0,155.0,92.0,57.0,118.0
123.0,109.0,296.0,29.0,186.0,214.0,58.0,183.0,173.0,167.0,458.0,187.0,102.0,184.0,158.0
123.0,109.0,251.0,27.0,28.0,220.0,4.0,140.0,170.0,139.0,123.0,117.0,35.0,491.0,181.0
271.0,215.0,392.0,87.0,429.0,297.0,253.0,346.0,428.0,252.0,320.0,305.0,406.0,269.0,566.0
147.0,173.0,238.0,20.0,174.0,256.0,50.0,115.0,139.0,120.0,152.0,117.0,55.0,180.0,180.0
410.0,756.0,582.0,217.0,191.0,42.0,67.0,470.0,369.0,425.0,509.0,457.0,923.0,319.0,118.0
206.0,284.0,340.0,56.0,168.0,390.0,54.0,509.0,293.0,200.0,236.0,246.0,260.0,408.0,154.0
377.0,769.0,648.0,148.0,999.0,809.0,999.0,0.0,187.0,347.0,597.0,231.0,999.0,0.0,999.0
163.0,222.0,351.0,41.0,224.0,308.0,75.0,250.0,222.0,182.0,286.0,178.0,149.0,185.0,180.0
171.0,338.0,661.0,41.0,105.0,430.0,35.0,509.0,222.0,182.0,654.0,207.0,70.0,409.0,85.0
214.0,300.0,312.0,58.0,260.0,389.0,148.0,200.0,297.0,201.0,238.0,248.0,269.0,162.0,238.0
154.0,187.0,852.0,33.0,191.0,268.0,69.0,885.0,193.0,154.0,257.0,167.0,140.0,583.0,154.0
126.0,43.0,254.0,27.0,191.0,155.0,69.0,140.0,173.0,139.0,176.0,117.0,97.0,91.0,156.0
168.0,225.0,300.0,38.0,228.0,310.0,85.0,192.0,223.0,176.0,189.0,197.0,175.0,132.0,202.0
111.0,89.0,224.0,21.0,112.0,191.0,35.0,98.0,141.0,120.0,152.0,101.0,59.0,291.0,84.0
316.0,515.0,507.0,106.0,229.0,491.0,92.0,384.0,483.0,296.0,408.0,355.0,524.0,305.0,181.0
178.0,232.0,320.0,45.0,175.0,319.0,58.0,202.0,232.0,188.0,241.0,207.0,108.0,148.0,142.0
104.0,78.0,187.0,19.0,131.0,288.0,43.0,32.0,129.0,57.0,88.0,23.0,54.0,21.0,101.0
338.0,154.0,428.0,77.0,85.0,212.0,29.0,331.0,363.0,202.0,408.0,254.0,334.0,255.0,117.0
252.0,331.0,348.0,70.0,176.0,348.0,61.0,232.0,332.0,207.0,272.0,178.0,123.0,173.0,155.0
134.0,141.0,240.0,21.0,131.0,249.0,35.0,110.0,357.0,120.0,158.0,117.0,59.0,82.0,175.0
171.0,133.0,0.0,0.0,128.0,241.0,39.0,0.0,0.0,0.0,0.0,23.0,0.0,0.0,99.0
167.0,221.0,294.0,38.0,227.0,294.0,85.0,180.0,195.0,165.0,173.0,185.0,175.0,130.0,183.0
196.0,276.0,337.0,51.0,261.0,369.0,119.0,205.0,551.0,190.0,249.0,395.0,238.0,149.0,240.0
210.0,284.0,336.0,57.0,341.0,373.0,220.0,206.0,293.0,197.0,248.0,241.0,334.0,158.0,331.0
181.0,234.0,279.0,41.0,15.0,333.0,99.0,738.0,204.0,153.0,173.0,162.0,200.0,503.0,4.0
165.0,215.0,296.0,36.0,176.0,297.0,79.0,225.0,168.0,167.0,333.0,175.0,168.0,173.0,148.0
125.0,129.0,256.0,27.0,150.0,222.0,45.0,146.0,172.0,141.0,187.0,149.0,85.0,82.0,102.0
94.0,64.0,215.0,20.0,104.0,206.0,35.0,103.0,103.0,120.0,128.0,114.0,55.0,72.0,84.0
154.0,188.0,530.0,34.0,126.0,268.0,70.0,738.0,193.0,120.0,419.0,117.0,145.0,496.0,85.0
167.0,221.0,294.0,41.0,175.0,297.0,58.0,180.0,223.0,182.0,210.0,204.0,209.0,130.0,212.0
288.0,461.0,661.0,70.0,277.0,484.0,139.0,509.0,330.0,247.0,465.0,307.0,288.0,390.0,250.0
154.0,222.0,283.0,33.0,277.0,220.0,67.0,168.0,117.0,154.0,207.0,173.0,136.0,111.0,248.0
134.0,145.0,126.0,30.0,176.0,328.0,61.0,29.0,178.0,151.0,207.0,162.0,109.0,17.0,157.0
123.0,109.0,252.0,24.0,138.0,319.0,46.0,140.0,163.0,137.0,177.0,114.0,89.0,91.0,84.0
132.0,137.0,347.0,29.0,191.0,260.0,69.0,232.0,177.0,150.0,264.0,162.0,51.0,180.0,181.0
129.0,135.0,267.0,27.0,161.0,241.0,53.0,391.0,172.0,141.0,173.0,105.0,101.0,300.0,125.0
176.0,231.0,125.0,7.0,54.0,319.0,16.0,27.0,46.0,58.0,29.0,207.0,27.0,17.0,11.0
158.0,205.0,207.0,29.0,161.0,250.0,53.0,65.0,172.0,151.0,126.0,162.0,101.0,87.0,84.0
322.0,585.0,363.0,128.0,524.0,518.0,367.0,277.0,551.0,306.0,298.0,280.0,588.0,196.0,25.0
113.0,90.0,300.0,21.0,261.0,210.0,127.0,0.0,139.0,130.0,226.0,126.0,256.0,0.0,242.0
241.0,323.0,294.0,36.0,131.0,491.0,45.0,204.0,109.0,167.0,204.0,186.0,92.0,145.0,101.0
169.0,225.0,206.0,38.0,191.0,82.0,69.0,65.0,223.0,174.0,8.0,196.0,177.0,16.0,119.0
163.0,63.0,530.0,51.0,203.0,101.0,106.0,403.0,296.0,346.0,419.0,449.0,211.0,305.0,174.0
182.0,219.0,240.0,23.0,128.0,297.0,42.0,115.0,144.0,129.0,170.0,126.0,76.0,79.0,77.0
163.0,210.0,215.0,17.0,117.0,306.0,35.0,84.0,120.0,114.0,128.0,108.0,47.0,87.0,89.0
338.0,42.0,475.0,133.0,723.0,112.0,396.0,353.0,50.0,311.0,410.0,856.0,529.0,269.0,175.0
114.0,104.0,207.0,21.0,117.0,212.0,37.0,78.0,139.0,42.0,119.0,0.0,68.0,64.0,89.0
210.0,284.0,322.0,49.0,118.0,407.0,38.0,204.0,215.0,188.0,250.0,220.0,70.0,149.0,94.0
133.0,141.0,553.0,29.0,186.0,249.0,62.0,438.0,173.0,147.0,468.0,162.0,102.0,312.0,157.0
244.0,323.0,111.0,36.0,224.0,460.0,78.0,26.0,199.0,167.0,8.0,186.0,158.0,613.0,192.0
412.0,235.0,201.0,16.0,216.0,333.0,80.0,92.0,117.0,92.0,100.0,76.0,47.0,66.0,201.0
91.0,48.0,312.0,15.0,37.0,259.0,4.0,194.0,103.0,25.0,248.0,0.0,19.0,134.0,32.0
0.0,0.0,239.0,0.0,28.0,0.0,2.0,186.0,0.0,130.0,152.0,126.0,12.0,134.0,107.0
168.0,225.0,293.0,35.0,85.0,310.0,28.0,176.0,182.0,156.0,187.0,248.0,45.0,123.0,12.0
167.0,221.0,255.0,38.0,228.0,315.0,85.0,141.0,224.0,139.0,149.0,138.0,175.0,92.0,179.0
246.0,135.0,300.0,60.0,278.0,241.0,147.0,176.0,302.0,207.0,206.0,263.0,269.0,125.0,274.0
316.0,515.0,214.0,133.0,217.0,490.0,82.0,84.0,568.0,108.0,128.0,100.0,175.0,57.0,214.0
87.0,48.0,208.0,15.0,73.0,397.0,23.0,82.0,184.0,105.0,122.0,84.0,42.0,57.0,87.0
178.0,232.0,257.0,45.0,233.0,319.0,95.0,146.0,223.0,139.0,240.0,137.0,195.0,96.0,202.0
146.0,372.0,125.0,32.0,218.0,445.0,61.0,31.0,182.0,58.0,8.0,23.0,123.0,17.0,179.0
77.0,41.0,184.0,8.0,45.0,56.0,7.0,45.0,69.0,81.0,94.0,68.0,27.0,25.0,31.0
123.0,105.0,187.0,23.0,131.0,211.0,43.0,84.0,147.0,82.0,87.0,69.0,76.0,64.0,101.0
235.0,316.0,488.0,66.0,37.0,390.0,570.0,149.0,330.0,225.0,400.0,282.0,284.0,101.0,11.0
271.0,406.0,411.0,87.0,177.0,468.0,165.0,306.0,454.0,264.0,325.0,580.0,272.0,218.0,154.0
257.0,348.0,184.0,70.0,445.0,437.0,254.0,45.0,347.0,238.0,182.0,288.0,334.0,25.0,582.0
156.0,188.0,279.0,33.0,83.0,222.0,24.0,158.0,117.0,154.0,203.0,165.0,40.0,145.0,55.0
123.0,461.0,661.0,23.0,184.0,489.0,19.0,509.0,302.0,132.0,210.0,127.0,36.0,390.0,154.0
102.0,106.0,500.0,110.0,322.0,214.0,274.0,363.0,500.0,304.0,408.0,423.0,524.0,269.0,308.0
154.0,185.0,550.0,109.0,233.0,261.0,98.0,431.0,503.0,374.0,470.0,582.0,864.0,312.0,202.0
76.0,41.0,187.0,8.0,134.0,102.0,6.0,39.0,191.0,80.0,88.0,68.0,26.0,25.0,231.0
176.0,229.0,294.0,36.0,248.0,315.0,101.0,181.0,210.0,167.0,240.0,254.0,168.0,130.0,216.0
241.0,316.0,372.0,70.0,313.0,489.0,198.0,290.0,333.0,243.0,302.0,298.0,288.0,129.0,175.0
233.0,316.0,255.0,65.0,227.0,124.0,85.0,392.0,314.0,223.0,182.0,280.0,284.0,296.0,183.0
257.0,461.0,661.0,243.0,55.0,297.0,13.0,509.0,252.0,521.0,239.0,856.0,923.0,442.0,44.0
83.0,43.0,239.0,11.0,37.0,479.0,5.0,104.0,105.0,84.0,366.0,76.0,35.0,174.0,25.0
202.0,133.0,336.0,51.0,261.0,182.0,121.0,212.0,314.0,196.0,248.0,263.0,252.0,184.0,242.0
182.0,235.0,323.0,51.0,211.0,341.0,79.0,204.0,290.0,196.0,243.0,323.0,176.0,158.0,175.0
412.0,764.0,549.0,159.0,476.0,348.0,262.0,420.0,425.0,358.0,468.0,580.0,494.0,219.0,455.0
111.0,193.0,238.0,21.0,100.0,277.0,33.0,103.0,134.0,120.0,152.0,117.0,52.0,72.0,81.0
163.0,215.0,240.0,36.0,228.0,288.0,85.0,111.0,210.0,129.0,157.0,117.0,171.0,77.0,179.0
132.0,137.0,300.0,36.0,155.0,253.0,78.0,189.0,195.0,176.0,225.0,220.0,161.0,133.0,118.0
111.0,87.0,240.0,21.0,117.0,324.0,37.0,115.0,134.0,129.0,157.0,118.0,68.0,477.0,94.0
100.0,62.0,214.0,17.0,89.0,155.0,29.0,84.0,117.0,108.0,128.0,76.0,46.0,58.0,74.0
86.0,47.0,350.0,15.0,73.0,133.0,19.0,250.0,103.0,101.0,274.0,81.0,40.0,184.0,55.0
154.0,137.0,294.0,36.0,229.0,249.0,92.0,176.0,187.0,167.0,218.0,186.0,219.0,123.0,127.0
124.0,207.0,336.0,25.0,89.0,310.0,30.0,297.0,38.0,200.0,245.0,241.0,46.0,217.0,73.0
156.0,169.0,310.0,35.0,106.0,250.0,75.0,195.0,197.0,182.0,234.0,207.0,154.0,101.0,87.0
244.0,235.0,374.0,70.0,226.0,249.0,83.0,266.0,341.0,243.0,122.0,298.0,291.0,247.0,178.0
229.0,306.0,350.0,63.0,415.0,389.0,226.0,240.0,311.0,213.0,274.0,263.0,270.0,184.0,93.0
158.0,207.0,300.0,36.0,117.0,289.0,95.0,111.0,205.0,167.0,215.0,186.0,181.0,76.0,87.0
330.0,323.0,130.0,6.0,294.0,319.0,1.0,31.0,34.0,63.0,29.0,47.0,19.0,17.0,212.0
237.0,325.0,657.0,67.0,310.0,429.0,188.0,493.0,332.0,214.0,149.0,282.0,288.0,333.0,329.0
317.0,47.0,999.0,97.0,50.0,133.0,262.0,999.0,501.0,304.0,758.0,254.0,524.0,999.0,44.0
428.0,693.0,550.0,182.0,117.0,249.0,276.0,431.0,222.0,381.0,470.0,196.0,529.0,311.0,89.0
160.0,225.0,385.0,77.0,175.0,310.0,59.0,620.0,400.0,247.0,310.0,316.0,334.0,458.0,140.0
206.0,274.0,363.0,56.0,258.0,362.0,127.0,266.0,292.0,200.0,299.0,249.0,260.0,192.0,234.0
71.0,27.0,240.0,20.0,104.0,82.0,34.0,109.0,119.0,129.0,157.0,118.0,51.0,76.0,83.0
115.0,95.0,336.0,51.0,260.0,212.0,121.0,222.0,281.0,196.0,248.0,249.0,239.0,170.0,238.0
140.0,137.0,278.0,30.0,176.0,241.0,61.0,160.0,178.0,151.0,201.0,162.0,113.0,107.0,154.0
167.0,221.0,303.0,38.0,216.0,270.0,78.0,322.0,210.0,174.0,239.0,196.0,168.0,312.0,178.0
376.0,717.0,514.0,140.0,229.0,687.0,85.0,240.0,571.0,319.0,414.0,456.0,177.0,170.0,139.0
70.0,42.0,298.0,7.0,37.0,86.0,5.0,186.0,69.0,167.0,215.0,196.0,25.0,88.0,31.0
314.0,461.0,294.0,97.0,524.0,489.0,274.0,181.0,616.0,289.0,226.0,348.0,500.0,145.0,213.0
158.0,221.0,290.0,51.0,131.0,479.0,45.0,59.0,252.0,156.0,210.0,178.0,83.0,34.0,101.0
111.0,90.0,238.0,21.0,85.0,268.0,29.0,103.0,210.0,120.0,152.0,126.0,46.0,72.0,64.0
183.0,249.0,351.0,55.0,261.0,306.0,121.0,322.0,290.0,214.0,230.0,301.0,252.0,246.0,242.0
84.0,42.0,179.0,13.0,45.0,215.0,18.0,39.0,81.0,84.0,207.0,76.0,36.0,17.0,30.0
158.0,205.0,247.0,30.0,277.0,288.0,129.0,124.0,184.0,151.0,187.0,162.0,168.0,79.0,250.0
134.0,118.0,661.0,29.0,75.0,225.0,33.0,509.0,182.0,147.0,582.0,140.0,54.0,390.0,52.0
196.0,259.0,346.0,56.0,47.0,486.0,13.0,240.0,293.0,200.0,262.0,346.0,27.0,184.0,43.0
158.0,205.0,351.0,35.0,445.0,288.0,261.0,204.0,199.0,176.0,302.0,212.0,494.0,106.0,574.0
306.0,300.0,511.0,133.0,277.0,372.0,171.0,391.0,99.0,316.0,411.0,460.0,284.0,300.0,182.0
146.0,372.0,242.0,23.0,230.0,445.0,46.0,84.0,132.0,132.0,165.0,127.0,77.0,62.0,201.0
140.0,163.0,278.0,30.0,161.0,256.0,53.0,175.0,181.0,151.0,201.0,162.0,97.0,255.0,126.0
147.0,43.0,532.0,51.0,257.0,143.0,119.0,406.0,270.0,347.0,449.0,460.0,212.0,311.0,231.0
256.0,332.0,379.0,71.0,476.0,429.0,262.0,292.0,297.0,243.0,309.0,287.0,330.0,314.0,66.0
119.0,106.0,240.0,23.0,128.0,214.0,42.0,110.0,271.0,129.0,187.0,125.0,76.0,76.0,99.0
180.0,233.0,322.0,49.0,128.0,319.0,230.0,204.0,270.0,188.0,241.0,220.0,369.0,150.0,99.0
94.0,36.0,395.0,70.0,415.0,86.0,243.0,297.0,333.0,228.0,320.0,236.0,288.0,217.0,390.0
87.0,48.0,212.0,16.0,55.0,124.0,18.0,83.0,117.0,108.0,232.0,98.0,43.0,64.0,43.0
83.0,48.0,187.0,13.0,75.0,143.0,19.0,322.0,103.0,83.0,88.0,70.0,36.0,256.0,54.0
115.0,95.0,330.0,25.0,138.0,155.0,46.0,232.0,117.0,192.0,244.0,241.0,92.0,158.0,316.0
212.0,403.0,346.0,58.0,292.0,462.0,166.0,223.0,296.0,201.0,241.0,249.0,272.0,219.0,308.0
217.0,304.0,170.0,60.0,275.0,388.0,138.0,90.0,302.0,71.0,175.0,50.0,270.0,111.0,246.0
125.0,129.0,179.0,6.0,211.0,225.0,0.0,39.0,33.0,58.0,84.0,23.0,0.0,24.0,175.0
156.0,232.0,281.0,36.0,58.0,124.0,19.0,156.0,210.0,154.0,203.0,167.0,108.0,107.0,44.0
158.0,205.0,346.0,56.0,261.0,294.0,129.0,176.0,369.0,200.0,286.0,246.0,260.0,123.0,247.0
94.0,47.0,142.0,15.0,80.0,127.0,23.0,31.0,103.0,58.0,27.0,117.0,42.0,17.0,54.0
104.0,78.0,207.0,18.0,89.0,155.0,30.0,78.0,122.0,58.0,110.0,164.0,42.0,205.0,238.0
80.0,41.0,215.0,17.0,89.0,102.0,29.0,84.0,117.0,112.0,129.0,25.0,46.0,20.0,73.0
147.0,180.0,260.0,32.0,186.0,260.0,79.0,148.0,184.0,160.0,189.0,187.0,167.0,96.0,153.0
115.0,95.0,240.0,23.0,311.0,210.0,188.0,110.0,139.0,129.0,158.0,125.0,288.0,82.0,333.0
287.0,130.0,347.0,60.0,280.0,238.0,150.0,738.0,425.0,203.0,264.0,249.0,270.0,503.0,316.0
76.0,37.0,208.0,15.0,75.0,86.0,23.0,97.0,76.0,106.0,122.0,91.0,42.0,72.0,54.0
314.0,461.0,549.0,217.0,278.0,706.0,143.0,440.0,125.0,416.0,500.0,911.0,264.0,303.0,248.0
104.0,78.0,215.0,17.0,100.0,175.0,32.0,84.0,117.0,112.0,128.0,101.0,49.0,64.0,157.0
288.0,461.0,396.0,95.0,445.0,486.0,254.0,297.0,457.0,296.0,322.0,127.0,444.0,241.0,574.0
97.0,48.0,212.0,16.0,85.0,144.0,28.0,137.0,117.0,108.0,149.0,98.0,45.0,88.0,153.0
316.0,515.0,457.0,97.0,174.0,489.0,67.0,323.0,419.0,275.0,366.0,330.0,464.0,247.0,101.0
244.0,323.0,553.0,70.0,310.0,404.0,172.0,572.0,341.0,243.0,470.0,298.0,284.0,455.0,322.0
270.0,322.0,440.0,86.0,410.0,388.0,230.0,315.0,430.0,223.0,345.0,246.0,419.0,192.0,473.0
75.0,43.0,184.0,8.0,43.0,144.0,6.0,45.0,223.0,80.0,50.0,68.0,26.0,25.0,25.0
271.0,234.0,414.0,87.0,132.0,319.0,48.0,306.0,425.0,265.0,326.0,305.0,579.0,201.0,107.0
171.0,227.0,528.0,41.0,228.0,175.0,94.0,132.0,223.0,171.0,419.0,186.0,196.0,26.0,201.0
264.0,372.0,747.0,95.0,446.0,445.0,261.0,364.0,171.0,660.0,833.0,856.0,450.0,275.0,582.0
270.0,461.0,350.0,87.0,176.0,489.0,237.0,32.0,213.0,346.0,274.0,457.0,408.0,12.0,148.0
81.0,42.0,190.0,11.0,150.0,60.0,50.0,481.0,105.0,83.0,100.0,72.0,33.0,328.0,172.0
273.0,276.0,414.0,86.0,331.0,358.0,226.0,312.0,430.0,265.0,326.0,317.0,344.0,219.0,404.0
103.0,72.0,500.0,140.0,102.0,173.0,16.0,391.0,571.0,304.0,408.0,430.0,23.0,292.0,81.0
104.0,78.0,187.0,19.0,80.0,270.0,19.0,49.0,127.0,81.0,245.0,81.0,55.0,133.0,55.0
126.0,133.0,251.0,27.0,157.0,203.0,53.0,124.0,171.0,140.0,173.0,151.0,97.0,72.0,122.0
202.0,434.0,332.0,51.0,278.0,56.0,184.0,205.0,293.0,193.0,245.0,236.0,288.0,159.0,124.0
374.0,693.0,511.0,133.0,168.0,143.0,382.0,322.0,570.0,316.0,449.0,355.0,639.0,235.0,134.0
133.0,145.0,263.0,29.0,174.0,249.0,58.0,149.0,173.0,128.0,170.0,118.0,102.0,96.0,139.0
154.0,367.0,283.0,33.0,150.0,422.0,50.0,181.0,188.0,156.0,211.0,167.0,92.0,134.0,118.0
92.0,48.0,224.0,14.0,131.0,102.0,43.0,83.0,99.0,112.0,173.0,100.0,76.0,62.0,101.0
163.0,207.0,212.0,51.0,261.0,308.0,106.0,39.0,302.0,108.0,100.0,108.0,211.0,17.0,242.0
196.0,259.0,239.0,51.0,248.0,358.0,105.0,111.0,272.0,190.0,119.0,221.0,196.0,72.0,216.0
113.0,90.0,639.0,21.0,89.0,200.0,30.0,144.0,139.0,129.0,508.0,118.0,70.0,90.0,71.0
123.0,71.0,260.0,29.0,176.0,159.0,54.0,192.0,173.0,144.0,189.0,158.0,101.0,107.0,154.0
375.0,694.0,570.0,137.0,723.0,663.0,485.0,420.0,571.0,368.0,152.0,580.0,726.0,311.0,818.0
100.0,64.0,252.0,17.0,310.0,276.0,32.0,140.0,168.0,112.0,179.0,100.0,47.0,88.0,329.0
96.0,55.0,206.0,16.0,403.0,156.0,226.0,62.0,109.0,101.0,210.0,76.0,43.0,35.0,469.0
235.0,304.0,372.0,70.0,503.0,397.0,33.0,285.0,332.0,243.0,387.0,298.0,47.0,202.0,215.0
322.0,185.0,111.0,133.0,255.0,261.0,382.0,26.0,571.0,319.0,8.0,456.0,583.0,16.0,229.0
154.0,194.0,300.0,41.0,230.0,280.0,94.0,155.0,223.0,176.0,230.0,197.0,191.0,90.0,201.0
158.0,205.0,323.0,35.0,165.0,328.0,54.0,205.0,199.0,184.0,241.0,207.0,140.0,156.0,188.0
91.0,40.0,449.0,96.0,117.0,86.0,37.0,312.0,466.0,275.0,325.0,312.0,291.0,235.0,99.0
134.0,145.0,336.0,29.0,161.0,250.0,53.0,212.0,177.0,199.0,245.0,236.0,101.0,149.0,94.0
156.0,82.0,299.0,38.0,224.0,208.0,82.0,32.0,213.0,174.0,222.0,193.0,174.0,21.0,180.0
183.0,180.0,300.0,50.0,248.0,260.0,106.0,195.0,253.0,188.0,326.0,221.0,211.0,134.0,214.0
156.0,141.0,298.0,34.0,168.0,249.0,54.0,186.0,194.0,156.0,402.0,185.0,101.0,132.0,173.0
121.0,105.0,294.0,30.0,176.0,213.0,61.0,180.0,181.0,165.0,238.0,186.0,116.0,130.0,153.0
196.0,257.0,507.0,133.0,102.0,349.0,33.0,364.0,518.0,311.0,410.0,446.0,59.0,275.0,80.0
126.0,130.0,222.0,20.0,85.0,227.0,35.0,98.0,296.0,113.0,128.0,101.0,55.0,72.0,64.0
137.0,145.0,111.0,51.0,261.0,253.0,105.0,16.0,270.0,25.0,5.0,0.0,212.0,16.0,242.0
259.0,205.0,481.0,78.0,341.0,288.0,220.0,342.0,311.0,296.0,387.0,822.0,334.0,258.0,170.0
206.0,278.0,438.0,56.0,203.0,281.0,127.0,322.0,293.0,271.0,297.0,323.0,260.0,246.0,142.0
211.0,253.0,346.0,57.0,429.0,348.0,274.0,223.0,213.0,201.0,264.0,248.0,264.0,184.0,566.0
129.0,133.0,279.0,29.0,226.0,249.0,53.0,160.0,172.0,154.0,203.0,163.0,101.0,111.0,172.0
217.0,304.0,428.0,60.0,280.0,388.0,148.0,313.0,302.0,271.0,207.0,323.0,269.0,240.0,180.0
92.0,48.0,207.0,16.0,112.0,143.0,30.0,73.0,117.0,108.0,110.0,98.0,46.0,57.0,87.0
410.0,756.0,428.0,217.0,277.0,741.0,530.0,313.0,215.0,416.0,322.0,822.0,905.0,240.0,250.0
152.0,179.0,300.0,33.0,161.0,260.0,70.0,214.0,187.0,176.0,230.0,197.0,140.0,162.0,172.0
288.0,461.0,487.0,109.0,230.0,479.0,95.0,315.0,501.0,296.0,394.0,374.0,693.0,240.0,202.0
146.0,210.0,283.0,32.0,280.0,293.0,22.0,175.0,184.0,156.0,208.0,173.0,123.0,123.0,192.0
233.0,316.0,355.0,65.0,311.0,393.0,170.0,251.0,314.0,223.0,286.0,282.0,284.0,583.0,331.0
113.0,90.0,240.0,21.0,118.0,203.0,38.0,111.0,139.0,129.0,158.0,228.0,68.0,503.0,94.0
167.0,221.0,316.0,45.0,191.0,288.0,99.0,49.0,296.0,188.0,173.0,221.0,195.0,27.0,134.0
156.0,188.0,208.0,35.0,206.0,268.0,77.0,82.0,194.0,156.0,122.0,178.0,155.0,57.0,175.0
168.0,225.0,271.0,38.0,197.0,212.0,70.0,155.0,222.0,151.0,389.0,162.0,140.0,179.0,142.0
271.0,403.0,396.0,87.0,253.0,462.0,121.0,285.0,223.0,269.0,307.0,470.0,239.0,192.0,126.0
428.0,409.0,476.0,243.0,102.0,87.0,629.0,341.0,858.0,346.0,389.0,460.0,923.0,255.0,82.0
86.0,47.0,224.0,0.0,32.0,133.0,5.0,97.0,0.0,144.0,148.0,155.0,0.0,71.0,12.0
95.0,56.0,208.0,16.0,203.0,155.0,61.0,363.0,117.0,106.0,154.0,127.0,122.0,271.0,174.0
111.0,89.0,239.0,23.0,126.0,193.0,40.0,103.0,145.0,130.0,157.0,126.0,76.0,68.0,82.0
139.0,215.0,247.0,30.0,145.0,297.0,43.0,130.0,178.0,140.0,177.0,167.0,108.0,889.0,118.0
375.0,694.0,507.0,133.0,999.0,656.0,629.0,364.0,547.0,311.0,410.0,446.0,624.0,271.0,999.0
81.0,42.0,238.0,11.0,47.0,222.0,15.0,240.0,109.0,120.0,117.0,114.0,33.0,186.0,473.0
123.0,90.0,252.0,24.0,176.0,56.0,46.0,137.0,163.0,137.0,176.0,263.0,89.0,88.0,154.0
126.0,105.0,251.0,26.0,145.0,221.0,50.0,137.0,171.0,137.0,225.0,133.0,92.0,496.0,170.0
73.0,203.0,179.0,6.0,37.0,280.0,5.0,508.0,184.0,75.0,63.0,155.0,19.0,333.0,55.0
202.0,261.0,353.0,51.0,260.0,393.0,121.0,240.0,288.0,193.0,286.0,236.0,252.0,184.0,238.0
152.0,180.0,299.0,33.0,157.0,260.0,50.0,187.0,127.0,174.0,222.0,196.0,128.0,133.0,119.0
152.0,180.0,283.0,33.0,54.0,260.0,50.0,168.0,173.0,154.0,207.0,172.0,109.0,145.0,45.0
333.0,618.0,438.0,112.0,277.0,425.0,171.0,392.0,571.0,252.0,338.0,302.0,579.0,303.0,250.0
257.0,338.0,536.0,73.0,105.0,259.0,339.0,420.0,163.0,273.0,449.0,330.0,331.0,309.0,80.0
181.0,235.0,590.0,49.0,117.0,333.0,37.0,476.0,400.0,319.0,274.0,457.0,195.0,321.0,93.0
412.0,764.0,542.0,159.0,155.0,230.0,50.0,420.0,547.0,358.0,252.0,197.0,678.0,305.0,119.0
140.0,718.0,278.0,30.0,174.0,521.0,58.0,148.0,180.0,151.0,201.0,162.0,113.0,96.0,126.0
123.0,63.0,255.0,25.0,47.0,154.0,46.0,124.0,168.0,139.0,173.0,125.0,89.0,27.0,63.0
178.0,241.0,300.0,45.0,45.0,348.0,9.0,192.0,232.0,176.0,230.0,139.0,195.0,137.0,31.0
183.0,300.0,532.0,182.0,229.0,382.0,92.0,406.0,281.0,347.0,100.0,446.0,195.0,62.0,198.0
115.0,95.0,240.0,23.0,100.0,210.0,33.0,110.0,145.0,132.0,173.0,127.0,52.0,76.0,88.0
244.0,180.0,461.0,70.0,211.0,260.0,82.0,327.0,341.0,230.0,250.0,288.0,291.0,248.0,175.0
76.0,27.0,142.0,8.0,176.0,280.0,61.0,31.0,54.0,80.0,5.0,68.0,25.0,21.0,154.0
157.0,188.0,278.0,35.0,227.0,276.0,75.0,158.0,198.0,151.0,201.0,162.0,155.0,111.0,187.0
171.0,241.0,438.0,89.0,403.0,348.0,247.0,322.0,454.0,271.0,338.0,323.0,408.0,246.0,473.0
121.0,104.0,313.0,97.0,446.0,255.0,261.0,198.0,501.0,184.0,236.0,208.0,291.0,134.0,91.0
124.0,131.0,254.0,24.0,131.0,249.0,45.0,885.0,163.0,136.0,179.0,257.0,84.0,583.0,107.0
271.0,409.0,395.0,89.0,233.0,293.0,95.0,297.0,452.0,271.0,321.0,322.0,195.0,217.0,201.0
217.0,300.0,353.0,60.0,255.0,197.0,150.0,341.0,224.0,203.0,286.0,246.0,270.0,256.0,229.0
212.0,238.0,184.0,56.0,191.0,348.0,45.0,45.0,293.0,92.0,84.0,76.0,46.0,25.0,157.0
167.0,221.0,300.0,38.0,189.0,42.0,82.0,59.0,213.0,174.0,226.0,197.0,174.0,30.0,157.0
182.0,249.0,532.0,153.0,47.0,349.0,15.0,406.0,858.0,347.0,373.0,463.0,726.0,314.0,31.0
182.0,229.0,267.0,46.0,184.0,315.0,50.0,415.0,239.0,150.0,200.0,162.0,92.0,192.0,155.0
126.0,131.0,507.0,128.0,294.0,241.0,166.0,363.0,180.0,306.0,408.0,423.0,583.0,296.0,308.0
202.0,261.0,311.0,55.0,294.0,362.0,170.0,195.0,271.0,198.0,203.0,241.0,276.0,131.0,308.0
210.0,278.0,487.0,109.0,311.0,365.0,391.0,251.0,501.0,296.0,394.0,387.0,590.0,496.0,155.0
202.0,274.0,183.0,51.0,252.0,362.0,106.0,45.0,271.0,192.0,509.0,241.0,214.0,26.0,213.0
124.0,103.0,224.0,23.0,128.0,211.0,42.0,98.0,105.0,120.0,176.0,114.0,76.0,491.0,107.0
94.0,55.0,580.0,3.0,17.0,154.0,2.0,470.0,0.0,76.0,508.0,81.0,4.0,319.0,9.0
83.0,48.0,201.0,12.0,58.0,144.0,19.0,61.0,120.0,92.0,94.0,76.0,35.0,87.0,44.0
126.0,131.0,271.0,27.0,161.0,143.0,53.0,391.0,171.0,151.0,179.0,162.0,101.0,300.0,71.0
163.0,215.0,300.0,36.0,176.0,297.0,61.0,189.0,210.0,176.0,207.0,117.0,168.0,145.0,155.0
114.0,89.0,157.0,22.0,203.0,197.0,38.0,15.0,141.0,82.0,5.0,68.0,70.0,16.0,175.0
210.0,284.0,340.0,60.0,331.0,390.0,150.0,201.0,302.0,203.0,286.0,197.0,270.0,148.0,406.0
333.0,618.0,283.0,33.0,175.0,550.0,58.0,194.0,184.0,156.0,208.0,162.0,122.0,111.0,82.0
80.0,41.0,187.0,9.0,47.0,102.0,9.0,47.0,76.0,82.0,88.0,69.0,33.0,72.0,32.0
169.0,225.0,206.0,41.0,100.0,310.0,32.0,73.0,223.0,188.0,119.0,220.0,73.0,81.0,80.0
412.0,764.0,292.0,182.0,89.0,687.0,367.0,176.0,369.0,156.0,210.0,185.0,291.0,125.0,74.0
217.0,316.0,348.0,60.0,208.0,390.0,143.0,176.0,248.0,207.0,272.0,263.0,269.0,131.0,175.0
113.0,90.0,224.0,21.0,175.0,389.0,58.0,98.0,120.0,129.0,154.0,118.0,92.0,72.0,144.0
271.0,391.0,242.0,86.0,98.0,462.0,32.0,205.0,452.0,252.0,164.0,208.0,408.0,92.0,74.0
