322.0,585.0,351.0,109.0,446.0,362.0,276.0,240.0,314.0,306.0,203.0,428.0,529.0,185.0,142.0
206.0,284.0,336.0,56.0,257.0,373.0,108.0,206.0,292.0,197.0,248.0,241.0,269.0,159.0,231.0
114.0,235.0,279.0,23.0,117.0,333.0,16.0,158.0,147.0,154.0,222.0,149.0,76.0,291.0,89.0
146.0,188.0,279.0,31.0,32.0,280.0,5.0,163.0,184.0,154.0,204.0,164.0,25.0,116.0,12.0
140.0,164.0,298.0,30.0,126.0,255.0,40.0,59.0,178.0,153.0,222.0,186.0,73.0,55.0,97.0
92.0,48.0,111.0,15.0,75.0,143.0,22.0,26.0,105.0,176.0,29.0,197.0,40.0,16.0,55.0
126.0,130.0,255.0,27.0,188.0,230.0,67.0,141.0,170.0,140.0,149.0,167.0,128.0,111.0,157.0
124.0,130.0,111.0,25.0,165.0,382.0,50.0,16.0,363.0,25.0,5.0,0.0,92.0,17.0,127.0
111.0,89.0,224.0,21.0,117.0,297.0,35.0,98.0,134.0,120.0,187.0,114.0,59.0,65.0,89.0
97.0,55.0,252.0,24.0,131.0,155.0,45.0,140.0,184.0,137.0,179.0,117.0,85.0,91.0,93.0
129.0,137.0,267.0,29.0,126.0,241.0,54.0,155.0,173.0,150.0,200.0,156.0,101.0,106.0,93.0
115.0,95.0,382.0,23.0,75.0,203.0,22.0,476.0,145.0,246.0,310.0,301.0,70.0,321.0,91.0
113.0,90.0,738.0,23.0,228.0,206.0,85.0,509.0,163.0,188.0,508.0,101.0,190.0,408.0,190.0
338.0,232.0,507.0,133.0,85.0,319.0,43.0,225.0,107.0,306.0,408.0,395.0,70.0,17.0,64.0
232.0,310.0,279.0,64.0,303.0,390.0,171.0,163.0,313.0,154.0,149.0,162.0,276.0,102.0,316.0
270.0,332.0,411.0,86.0,341.0,429.0,220.0,280.0,428.0,265.0,325.0,317.0,380.0,201.0,247.0
244.0,325.0,657.0,95.0,415.0,425.0,247.0,508.0,466.0,273.0,299.0,355.0,419.0,343.0,455.0
101.0,104.0,590.0,17.0,126.0,212.0,40.0,476.0,122.0,408.0,527.0,799.0,73.0,321.0,99.0
100.0,62.0,360.0,16.0,86.0,155.0,29.0,264.0,109.0,252.0,302.0,303.0,44.0,186.0,55.0
123.0,108.0,279.0,24.0,165.0,214.0,45.0,158.0,163.0,150.0,200.0,160.0,89.0,79.0,126.0
168.0,225.0,299.0,36.0,216.0,310.0,80.0,192.0,210.0,171.0,222.0,236.0,168.0,134.0,178.0
132.0,137.0,279.0,29.0,176.0,238.0,61.0,154.0,168.0,153.0,63.0,162.0,116.0,87.0,153.0
288.0,376.0,347.0,29.0,175.0,154.0,58.0,240.0,178.0,202.0,264.0,254.0,108.0,159.0,142.0
196.0,257.0,326.0,51.0,233.0,349.0,217.0,204.0,272.0,185.0,248.0,207.0,331.0,150.0,202.0
152.0,188.0,283.0,33.0,117.0,270.0,37.0,168.0,188.0,154.0,207.0,68.0,70.0,119.0,94.0
244.0,323.0,294.0,133.0,277.0,102.0,203.0,124.0,545.0,311.0,243.0,446.0,284.0,107.0,250.0
180.0,233.0,311.0,45.0,54.0,310.0,16.0,212.0,199.0,184.0,238.0,207.0,195.0,123.0,43.0
375.0,694.0,481.0,140.0,524.0,656.0,274.0,327.0,571.0,296.0,387.0,355.0,529.0,248.0,64.0
154.0,187.0,126.0,33.0,188.0,270.0,67.0,29.0,182.0,154.0,27.0,173.0,139.0,20.0,156.0
217.0,301.0,347.0,60.0,410.0,382.0,148.0,228.0,302.0,203.0,264.0,582.0,270.0,201.0,469.0
212.0,310.0,346.0,58.0,197.0,390.0,150.0,223.0,314.0,201.0,249.0,248.0,270.0,158.0,182.0
999.0,999.0,999.0,999.0,999.0,999.0,999.0,999.0,999.0,999.0,207.0,822.0,999.0,999.0,999.0
111.0,89.0,300.0,21.0,117.0,191.0,35.0,189.0,145.0,202.0,226.0,254.0,59.0,133.0,82.0
83.0,76.0,701.0,12.0,83.0,188.0,18.0,738.0,98.0,595.0,758.0,323.0,35.0,496.0,351.0
319.0,259.0,417.0,91.0,85.0,362.0,247.0,312.0,454.0,273.0,208.0,323.0,419.0,235.0,110.0
377.0,173.0,514.0,137.0,260.0,256.0,121.0,392.0,571.0,319.0,414.0,456.0,239.0,303.0,238.0
84.0,47.0,239.0,16.0,85.0,374.0,28.0,124.0,181.0,107.0,170.0,25.0,45.0,81.0,66.0
169.0,301.0,311.0,55.0,310.0,382.0,171.0,205.0,290.0,184.0,248.0,207.0,256.0,152.0,331.0
76.0,40.0,142.0,8.0,83.0,154.0,23.0,31.0,50.0,57.0,50.0,21.0,27.0,21.0,56.0
157.0,205.0,347.0,60.0,278.0,315.0,143.0,225.0,302.0,203.0,262.0,193.0,269.0,134.0,297.0
104.0,118.0,72.0,20.0,117.0,221.0,35.0,31.0,122.0,120.0,8.0,355.0,55.0,314.0,93.0
129.0,135.0,312.0,27.0,176.0,373.0,58.0,197.0,170.0,144.0,238.0,160.0,103.0,146.0,153.0
126.0,128.0,263.0,29.0,102.0,203.0,34.0,149.0,197.0,147.0,215.0,160.0,68.0,101.0,82.0
103.0,78.0,240.0,23.0,104.0,154.0,34.0,202.0,158.0,132.0,290.0,127.0,70.0,137.0,83.0
180.0,233.0,316.0,45.0,229.0,319.0,94.0,204.0,205.0,188.0,240.0,214.0,196.0,145.0,202.0
205.0,276.0,570.0,60.0,255.0,490.0,107.0,327.0,297.0,203.0,500.0,76.0,270.0,248.0,247.0
180.0,233.0,336.0,58.0,175.0,320.0,58.0,206.0,296.0,198.0,248.0,241.0,256.0,159.0,144.0
183.0,235.0,283.0,33.0,176.0,333.0,61.0,175.0,178.0,154.0,207.0,167.0,122.0,123.0,153.0
111.0,89.0,449.0,95.0,446.0,193.0,253.0,322.0,191.0,275.0,333.0,304.0,444.0,246.0,574.0
77.0,41.0,184.0,8.0,45.0,319.0,9.0,83.0,69.0,81.0,458.0,68.0,27.0,186.0,31.0
158.0,207.0,183.0,33.0,150.0,388.0,50.0,45.0,252.0,156.0,148.0,174.0,128.0,25.0,119.0
183.0,221.0,320.0,40.0,174.0,358.0,58.0,201.0,223.0,188.0,241.0,221.0,102.0,149.0,160.0
212.0,338.0,701.0,51.0,310.0,430.0,99.0,572.0,292.0,595.0,597.0,268.0,181.0,491.0,329.0
270.0,376.0,414.0,86.0,403.0,445.0,226.0,312.0,237.0,265.0,326.0,317.0,380.0,248.0,469.0
377.0,717.0,648.0,61.0,86.0,429.0,107.0,493.0,178.0,416.0,465.0,323.0,264.0,333.0,69.0
264.0,367.0,258.0,80.0,344.0,272.0,222.0,195.0,400.0,144.0,188.0,162.0,336.0,145.0,422.0
168.0,225.0,549.0,38.0,161.0,310.0,53.0,420.0,223.0,185.0,468.0,207.0,177.0,305.0,124.0
236.0,278.0,339.0,66.0,310.0,369.0,180.0,481.0,330.0,198.0,411.0,241.0,284.0,339.0,334.0
156.0,187.0,283.0,34.0,312.0,270.0,198.0,175.0,194.0,156.0,211.0,178.0,149.0,123.0,341.0
97.0,55.0,187.0,16.0,83.0,155.0,24.0,47.0,117.0,82.0,87.0,101.0,46.0,26.0,52.0
257.0,372.0,372.0,71.0,233.0,445.0,96.0,285.0,290.0,243.0,302.0,303.0,145.0,202.0,201.0
316.0,515.0,72.0,14.0,132.0,491.0,19.0,32.0,187.0,112.0,8.0,100.0,36.0,21.0,107.0
338.0,461.0,511.0,133.0,601.0,296.0,367.0,438.0,568.0,316.0,411.0,580.0,624.0,314.0,999.0
178.0,232.0,283.0,32.0,191.0,319.0,67.0,168.0,184.0,154.0,207.0,207.0,123.0,119.0,157.0
178.0,231.0,222.0,45.0,229.0,289.0,94.0,83.0,227.0,112.0,201.0,101.0,195.0,71.0,198.0
256.0,332.0,372.0,71.0,341.0,429.0,222.0,285.0,369.0,243.0,299.0,277.0,334.0,202.0,229.0
168.0,225.0,648.0,38.0,229.0,320.0,92.0,508.0,223.0,176.0,582.0,127.0,190.0,409.0,192.0
133.0,141.0,267.0,29.0,157.0,249.0,50.0,201.0,172.0,147.0,191.0,156.0,95.0,133.0,125.0
130.0,137.0,701.0,29.0,102.0,238.0,53.0,704.0,173.0,595.0,833.0,124.0,101.0,491.0,87.0
77.0,41.0,111.0,8.0,157.0,60.0,52.0,198.0,34.0,81.0,414.0,76.0,27.0,145.0,122.0
176.0,229.0,385.0,77.0,341.0,315.0,226.0,296.0,428.0,247.0,297.0,303.0,337.0,213.0,250.0
375.0,694.0,511.0,140.0,601.0,656.0,396.0,391.0,571.0,316.0,408.0,158.0,656.0,303.0,231.0
115.0,103.0,267.0,33.0,216.0,213.0,77.0,10.0,184.0,153.0,200.0,163.0,149.0,24.0,155.0
256.0,325.0,382.0,71.0,277.0,422.0,170.0,704.0,363.0,243.0,333.0,307.0,309.0,491.0,242.0
101.0,64.0,266.0,17.0,100.0,155.0,33.0,146.0,122.0,112.0,210.0,101.0,52.0,131.0,74.0
330.0,612.0,511.0,117.0,227.0,407.0,391.0,353.0,545.0,316.0,465.0,316.0,588.0,269.0,183.0
330.0,590.0,500.0,117.0,157.0,254.0,274.0,469.0,547.0,304.0,408.0,428.0,579.0,339.0,175.0
97.0,55.0,207.0,16.0,89.0,155.0,30.0,65.0,117.0,108.0,119.0,98.0,46.0,55.0,99.0
81.0,43.0,187.0,11.0,80.0,124.0,22.0,222.0,223.0,83.0,87.0,114.0,33.0,170.0,55.0
237.0,322.0,351.0,63.0,288.0,404.0,165.0,222.0,311.0,214.0,286.0,268.0,272.0,170.0,390.0
87.0,48.0,215.0,15.0,88.0,143.0,19.0,83.0,103.0,112.0,119.0,100.0,40.0,64.0,71.0
183.0,249.0,322.0,50.0,277.0,348.0,106.0,204.0,253.0,190.0,214.0,307.0,211.0,133.0,247.0
123.0,130.0,239.0,20.0,105.0,225.0,35.0,312.0,224.0,120.0,154.0,115.0,55.0,617.0,85.0
70.0,21.0,278.0,30.0,175.0,445.0,58.0,214.0,187.0,151.0,201.0,162.0,108.0,111.0,45.0
80.0,36.0,187.0,11.0,55.0,112.0,18.0,49.0,86.0,84.0,91.0,115.0,35.0,27.0,43.0
80.0,90.0,252.0,16.0,89.0,256.0,30.0,140.0,117.0,137.0,176.0,185.0,46.0,296.0,80.0
80.0,41.0,187.0,8.0,45.0,86.0,6.0,51.0,95.0,76.0,139.0,68.0,27.0,185.0,110.0
86.0,45.0,582.0,57.0,446.0,127.0,261.0,39.0,333.0,408.0,508.0,803.0,500.0,25.0,604.0
236.0,320.0,355.0,66.0,258.0,390.0,119.0,266.0,333.0,225.0,272.0,282.0,284.0,192.0,234.0
212.0,310.0,340.0,58.0,233.0,390.0,98.0,10.0,296.0,201.0,211.0,241.0,269.0,16.0,107.0
0.0,0.0,0.0,0.0,47.0,0.0,13.0,0.0,178.0,0.0,0.0,134.0,0.0,0.0,55.0
97.0,55.0,212.0,16.0,89.0,155.0,30.0,73.0,117.0,108.0,128.0,98.0,46.0,68.0,84.0
125.0,130.0,317.0,29.0,188.0,211.0,67.0,202.0,173.0,147.0,244.0,181.0,102.0,148.0,156.0
156.0,203.0,281.0,29.0,175.0,280.0,58.0,165.0,178.0,154.0,226.0,165.0,108.0,111.0,142.0
202.0,261.0,339.0,56.0,277.0,362.0,138.0,420.0,293.0,200.0,248.0,325.0,264.0,311.0,250.0
319.0,523.0,999.0,104.0,252.0,521.0,274.0,999.0,503.0,306.0,758.0,430.0,524.0,999.0,190.0
77.0,41.0,184.0,8.0,45.0,216.0,32.0,45.0,162.0,81.0,225.0,68.0,27.0,25.0,80.0
83.0,36.0,201.0,13.0,54.0,270.0,18.0,61.0,99.0,92.0,100.0,76.0,36.0,28.0,71.0
126.0,130.0,255.0,27.0,157.0,227.0,54.0,144.0,170.0,139.0,191.0,140.0,101.0,95.0,119.0
152.0,182.0,281.0,35.0,200.0,261.0,75.0,154.0,198.0,154.0,201.0,124.0,154.0,102.0,80.0
191.0,259.0,311.0,58.0,277.0,315.0,147.0,197.0,297.0,201.0,238.0,263.0,269.0,137.0,250.0
246.0,325.0,312.0,46.0,218.0,425.0,82.0,197.0,237.0,202.0,238.0,254.0,168.0,137.0,180.0
257.0,257.0,532.0,85.0,208.0,348.0,78.0,406.0,425.0,347.0,449.0,470.0,334.0,292.0,178.0
165.0,229.0,457.0,43.0,252.0,315.0,105.0,323.0,223.0,275.0,366.0,423.0,191.0,208.0,218.0
156.0,194.0,251.0,35.0,203.0,103.0,75.0,137.0,197.0,137.0,175.0,175.0,154.0,88.0,173.0
156.0,194.0,283.0,33.0,186.0,296.0,62.0,183.0,187.0,154.0,207.0,254.0,140.0,131.0,155.0
191.0,257.0,222.0,18.0,202.0,348.0,32.0,92.0,122.0,113.0,128.0,133.0,51.0,65.0,173.0
217.0,306.0,339.0,60.0,208.0,390.0,78.0,214.0,293.0,230.0,158.0,288.0,269.0,162.0,175.0
232.0,205.0,224.0,20.0,105.0,281.0,35.0,97.0,129.0,115.0,148.0,127.0,55.0,116.0,87.0
178.0,232.0,317.0,45.0,83.0,319.0,24.0,31.0,430.0,188.0,240.0,214.0,195.0,27.0,87.0
428.0,109.0,688.0,185.0,344.0,216.0,222.0,532.0,999.0,580.0,654.0,108.0,336.0,409.0,422.0
80.0,41.0,190.0,11.0,28.0,103.0,2.0,51.0,232.0,83.0,123.0,186.0,10.0,408.0,9.0
133.0,130.0,214.0,29.0,132.0,211.0,58.0,83.0,173.0,147.0,128.0,113.0,102.0,64.0,107.0
182.0,238.0,312.0,50.0,255.0,344.0,107.0,200.0,253.0,188.0,238.0,221.0,211.0,145.0,229.0
113.0,90.0,212.0,21.0,89.0,200.0,35.0,363.0,139.0,108.0,126.0,186.0,68.0,271.0,72.0
119.0,104.0,278.0,30.0,310.0,211.0,174.0,156.0,172.0,151.0,201.0,162.0,639.0,102.0,329.0
103.0,76.0,438.0,15.0,73.0,60.0,19.0,315.0,103.0,271.0,338.0,325.0,40.0,241.0,56.0
121.0,105.0,542.0,153.0,138.0,213.0,54.0,440.0,170.0,356.0,465.0,249.0,726.0,312.0,110.0
80.0,40.0,201.0,16.0,89.0,86.0,30.0,59.0,107.0,92.0,100.0,76.0,44.0,30.0,73.0
311.0,474.0,461.0,97.0,243.0,268.0,99.0,322.0,430.0,278.0,382.0,374.0,500.0,246.0,216.0
322.0,523.0,500.0,110.0,117.0,518.0,262.0,940.0,551.0,304.0,408.0,460.0,494.0,613.0,93.0
206.0,261.0,326.0,56.0,261.0,270.0,121.0,228.0,293.0,199.0,244.0,244.0,259.0,196.0,238.0
80.0,41.0,564.0,9.0,83.0,102.0,24.0,459.0,76.0,347.0,468.0,457.0,33.0,408.0,101.0
103.0,90.0,222.0,18.0,188.0,404.0,67.0,92.0,122.0,113.0,128.0,105.0,36.0,68.0,156.0
154.0,205.0,855.0,33.0,191.0,312.0,69.0,940.0,193.0,156.0,999.0,317.0,140.0,613.0,81.0
123.0,45.0,549.0,24.0,47.0,127.0,46.0,420.0,163.0,358.0,345.0,196.0,89.0,311.0,156.0
92.0,55.0,208.0,16.0,47.0,261.0,13.0,83.0,120.0,108.0,129.0,126.0,33.0,65.0,12.0
206.0,229.0,322.0,51.0,310.0,319.0,188.0,204.0,270.0,190.0,241.0,257.0,214.0,150.0,329.0
123.0,133.0,246.0,23.0,122.0,241.0,39.0,140.0,162.0,132.0,170.0,127.0,90.0,91.0,88.0
102.0,64.0,201.0,17.0,89.0,156.0,30.0,124.0,122.0,84.0,91.0,76.0,49.0,81.0,73.0
122.0,118.0,247.0,23.0,128.0,215.0,42.0,132.0,111.0,129.0,191.0,118.0,76.0,87.0,101.0
133.0,141.0,271.0,29.0,37.0,249.0,5.0,204.0,173.0,151.0,200.0,162.0,101.0,107.0,404.0
167.0,222.0,300.0,38.0,243.0,430.0,99.0,186.0,222.0,176.0,230.0,197.0,177.0,134.0,215.0
428.0,434.0,580.0,183.0,735.0,486.0,485.0,470.0,676.0,404.0,508.0,799.0,726.0,312.0,422.0
330.0,41.0,500.0,117.0,104.0,191.0,34.0,251.0,545.0,304.0,408.0,460.0,579.0,184.0,74.0
152.0,185.0,528.0,29.0,186.0,261.0,62.0,481.0,177.0,316.0,176.0,449.0,127.0,331.0,119.0
375.0,694.0,215.0,15.0,45.0,288.0,19.0,84.0,109.0,112.0,128.0,118.0,40.0,65.0,329.0
375.0,709.0,514.0,137.0,128.0,741.0,42.0,420.0,571.0,319.0,414.0,456.0,76.0,309.0,97.0
126.0,133.0,125.0,5.0,15.0,144.0,1.0,27.0,158.0,58.0,204.0,23.0,4.0,409.0,9.0
75.0,36.0,187.0,8.0,83.0,86.0,39.0,49.0,54.0,82.0,262.0,70.0,44.0,27.0,422.0
122.0,203.0,363.0,70.0,310.0,280.0,171.0,266.0,332.0,228.0,295.0,287.0,288.0,186.0,126.0
114.0,92.0,299.0,22.0,117.0,213.0,38.0,187.0,141.0,129.0,222.0,101.0,70.0,133.0,101.0
80.0,43.0,252.0,9.0,83.0,124.0,9.0,132.0,181.0,106.0,175.0,92.0,33.0,179.0,55.0
134.0,145.0,852.0,29.0,132.0,249.0,45.0,940.0,210.0,660.0,999.0,911.0,113.0,613.0,107.0
152.0,179.0,279.0,33.0,106.0,260.0,170.0,163.0,184.0,154.0,203.0,158.0,128.0,111.0,87.0
95.0,55.0,208.0,16.0,118.0,143.0,35.0,31.0,119.0,108.0,117.0,323.0,46.0,17.0,94.0
115.0,95.0,294.0,23.0,229.0,210.0,92.0,180.0,145.0,130.0,211.0,126.0,175.0,130.0,329.0
322.0,612.0,590.0,110.0,410.0,534.0,230.0,440.0,457.0,408.0,261.0,803.0,344.0,312.0,231.0
287.0,403.0,476.0,95.0,310.0,460.0,180.0,315.0,454.0,289.0,400.0,348.0,284.0,318.0,333.0
271.0,423.0,580.0,89.0,310.0,154.0,174.0,470.0,452.0,404.0,508.0,463.0,276.0,319.0,329.0
266.0,205.0,657.0,80.0,341.0,281.0,220.0,508.0,425.0,416.0,509.0,803.0,334.0,309.0,416.0
233.0,316.0,350.0,65.0,310.0,390.0,172.0,240.0,314.0,223.0,122.0,263.0,284.0,184.0,329.0
156.0,205.0,283.0,35.0,229.0,281.0,86.0,168.0,197.0,156.0,207.0,178.0,176.0,111.0,416.0
167.0,130.0,300.0,38.0,229.0,238.0,94.0,187.0,223.0,176.0,322.0,197.0,177.0,133.0,201.0
113.0,90.0,240.0,21.0,310.0,260.0,174.0,103.0,139.0,129.0,157.0,118.0,579.0,72.0,316.0
196.0,259.0,330.0,51.0,217.0,344.0,99.0,176.0,271.0,192.0,244.0,228.0,202.0,122.0,179.0
271.0,409.0,411.0,87.0,410.0,460.0,230.0,313.0,302.0,264.0,325.0,301.0,406.0,255.0,469.0
428.0,95.0,271.0,29.0,161.0,270.0,54.0,266.0,173.0,151.0,297.0,162.0,102.0,493.0,43.0
187.0,232.0,224.0,20.0,104.0,319.0,35.0,98.0,120.0,120.0,149.0,115.0,55.0,185.0,84.0
139.0,164.0,283.0,34.0,203.0,255.0,75.0,97.0,194.0,156.0,210.0,178.0,150.0,71.0,175.0
154.0,185.0,260.0,33.0,191.0,247.0,69.0,146.0,191.0,156.0,189.0,175.0,140.0,96.0,158.0
97.0,55.0,661.0,16.0,228.0,445.0,105.0,509.0,117.0,108.0,298.0,155.0,46.0,321.0,144.0
73.0,27.0,179.0,7.0,123.0,56.0,40.0,32.0,46.0,120.0,63.0,118.0,73.0,20.0,95.0
206.0,207.0,111.0,56.0,83.0,294.0,23.0,26.0,292.0,199.0,5.0,470.0,259.0,17.0,55.0
217.0,301.0,348.0,60.0,277.0,422.0,143.0,285.0,302.0,207.0,272.0,263.0,269.0,202.0,250.0
273.0,372.0,379.0,86.0,161.0,445.0,217.0,313.0,430.0,246.0,366.0,302.0,369.0,240.0,127.0
235.0,316.0,351.0,65.0,294.0,390.0,170.0,232.0,314.0,223.0,307.0,822.0,284.0,208.0,308.0
181.0,234.0,316.0,45.0,237.0,310.0,99.0,201.0,232.0,188.0,240.0,282.0,200.0,412.0,214.0
126.0,130.0,223.0,17.0,104.0,203.0,35.0,98.0,129.0,114.0,302.0,115.0,55.0,71.0,44.0
124.0,137.0,252.0,25.0,83.0,247.0,48.0,140.0,171.0,138.0,175.0,138.0,90.0,87.0,175.0
287.0,423.0,438.0,80.0,47.0,518.0,13.0,322.0,425.0,271.0,338.0,323.0,336.0,246.0,38.0
158.0,205.0,294.0,35.0,203.0,102.0,75.0,315.0,184.0,176.0,239.0,298.0,154.0,235.0,174.0
211.0,301.0,316.0,51.0,262.0,422.0,126.0,90.0,270.0,190.0,225.0,221.0,202.0,116.0,250.0
287.0,71.0,530.0,91.0,503.0,159.0,274.0,322.0,454.0,316.0,400.0,449.0,529.0,246.0,262.0
76.0,41.0,180.0,8.0,43.0,103.0,6.0,39.0,54.0,80.0,64.0,186.0,27.0,613.0,25.0
138.0,227.0,260.0,29.0,161.0,312.0,53.0,149.0,198.0,144.0,189.0,165.0,101.0,101.0,119.0
333.0,241.0,481.0,97.0,445.0,349.0,254.0,346.0,428.0,296.0,387.0,355.0,444.0,256.0,574.0
124.0,300.0,251.0,25.0,237.0,374.0,45.0,195.0,168.0,138.0,175.0,138.0,85.0,132.0,215.0
169.0,225.0,511.0,133.0,112.0,315.0,35.0,384.0,568.0,316.0,419.0,298.0,693.0,256.0,88.0
71.0,27.0,208.0,6.0,47.0,56.0,2.0,82.0,34.0,106.0,123.0,92.0,10.0,12.0,32.0
178.0,231.0,311.0,45.0,255.0,308.0,78.0,204.0,95.0,185.0,241.0,207.0,195.0,292.0,242.0
125.0,130.0,256.0,27.0,181.0,230.0,61.0,146.0,170.0,141.0,204.0,138.0,128.0,409.0,154.0
288.0,461.0,351.0,95.0,206.0,486.0,76.0,222.0,454.0,214.0,295.0,268.0,155.0,170.0,175.0
112.0,90.0,238.0,21.0,216.0,200.0,70.0,103.0,168.0,120.0,91.0,117.0,59.0,72.0,178.0
156.0,169.0,449.0,34.0,197.0,261.0,75.0,299.0,194.0,156.0,345.0,178.0,149.0,331.0,172.0
129.0,128.0,184.0,97.0,176.0,222.0,61.0,45.0,454.0,278.0,128.0,346.0,116.0,25.0,148.0
167.0,221.0,300.0,38.0,227.0,308.0,85.0,187.0,198.0,176.0,218.0,228.0,175.0,133.0,201.0
71.0,27.0,130.0,6.0,43.0,280.0,5.0,31.0,34.0,63.0,29.0,47.0,19.0,20.0,54.0
111.0,89.0,240.0,21.0,131.0,369.0,38.0,104.0,210.0,129.0,157.0,113.0,70.0,72.0,101.0
134.0,145.0,688.0,29.0,141.0,247.0,50.0,718.0,177.0,147.0,654.0,172.0,95.0,493.0,107.0
71.0,241.0,126.0,6.0,28.0,349.0,2.0,29.0,34.0,63.0,27.0,47.0,12.0,17.0,12.0
146.0,164.0,263.0,27.0,155.0,256.0,50.0,149.0,127.0,147.0,200.0,92.0,92.0,96.0,119.0
126.0,130.0,254.0,27.0,175.0,230.0,58.0,10.0,171.0,138.0,179.0,139.0,95.0,12.0,144.0
314.0,488.0,476.0,97.0,174.0,490.0,58.0,315.0,145.0,293.0,386.0,355.0,103.0,248.0,125.0
237.0,320.0,657.0,46.0,524.0,388.0,274.0,508.0,237.0,425.0,508.0,348.0,200.0,408.0,808.0
80.0,185.0,346.0,16.0,161.0,261.0,23.0,223.0,109.0,156.0,527.0,181.0,42.0,184.0,126.0
154.0,188.0,290.0,34.0,237.0,272.0,99.0,176.0,193.0,156.0,210.0,178.0,200.0,196.0,182.0
270.0,403.0,476.0,86.0,112.0,460.0,61.0,331.0,430.0,265.0,244.0,246.0,380.0,255.0,172.0
169.0,225.0,300.0,40.0,229.0,310.0,92.0,186.0,223.0,174.0,230.0,190.0,181.0,132.0,198.0
338.0,718.0,351.0,112.0,999.0,462.0,382.0,204.0,466.0,214.0,272.0,114.0,590.0,150.0,999.0
270.0,233.0,475.0,89.0,294.0,319.0,171.0,331.0,400.0,278.0,366.0,346.0,284.0,256.0,308.0
311.0,406.0,457.0,97.0,524.0,468.0,274.0,420.0,999.0,275.0,366.0,348.0,529.0,256.0,699.0
202.0,274.0,411.0,86.0,112.0,362.0,35.0,299.0,425.0,265.0,325.0,317.0,55.0,173.0,87.0
266.0,367.0,385.0,80.0,445.0,439.0,247.0,293.0,425.0,247.0,154.0,303.0,344.0,246.0,566.0
196.0,235.0,336.0,51.0,277.0,348.0,143.0,205.0,272.0,196.0,245.0,241.0,269.0,156.0,250.0
376.0,717.0,532.0,146.0,999.0,809.0,999.0,406.0,501.0,347.0,411.0,460.0,693.0,305.0,999.0
163.0,207.0,320.0,36.0,217.0,259.0,70.0,202.0,199.0,166.0,241.0,23.0,158.0,148.0,179.0
257.0,323.0,351.0,71.0,131.0,468.0,43.0,214.0,357.0,214.0,236.0,298.0,90.0,170.0,101.0
152.0,179.0,111.0,33.0,253.0,422.0,78.0,92.0,171.0,75.0,8.0,58.0,128.0,68.0,220.0
130.0,137.0,530.0,33.0,189.0,247.0,67.0,398.0,187.0,154.0,419.0,173.0,136.0,305.0,157.0
146.0,173.0,223.0,19.0,89.0,254.0,30.0,0.0,193.0,114.0,130.0,108.0,54.0,0.0,156.0
374.0,693.0,542.0,153.0,75.0,550.0,19.0,205.0,503.0,356.0,458.0,108.0,726.0,159.0,55.0
264.0,376.0,323.0,51.0,255.0,439.0,107.0,194.0,293.0,191.0,241.0,228.0,212.0,134.0,154.0
111.0,90.0,207.0,15.0,227.0,230.0,23.0,32.0,98.0,106.0,120.0,91.0,42.0,21.0,174.0
123.0,137.0,256.0,24.0,132.0,249.0,40.0,146.0,164.0,137.0,187.0,164.0,76.0,96.0,107.0
167.0,225.0,311.0,38.0,227.0,310.0,85.0,205.0,222.0,176.0,236.0,244.0,176.0,156.0,183.0
81.0,41.0,187.0,11.0,112.0,127.0,16.0,49.0,109.0,82.0,88.0,70.0,33.0,27.0,87.0
257.0,331.0,385.0,77.0,54.0,425.0,18.0,296.0,419.0,247.0,78.0,303.0,330.0,213.0,42.0
73.0,27.0,693.0,6.0,17.0,56.0,2.0,565.0,24.0,71.0,658.0,100.0,5.0,442.0,45.0
156.0,227.0,283.0,34.0,233.0,312.0,75.0,175.0,193.0,156.0,203.0,181.0,149.0,201.0,202.0
121.0,103.0,240.0,23.0,132.0,173.0,45.0,109.0,168.0,129.0,157.0,117.0,84.0,133.0,107.0
317.0,515.0,488.0,97.0,410.0,289.0,237.0,346.0,501.0,289.0,402.0,353.0,524.0,259.0,566.0
73.0,36.0,223.0,6.0,28.0,82.0,4.0,94.0,38.0,103.0,177.0,68.0,19.0,193.0,25.0
178.0,225.0,294.0,41.0,191.0,306.0,94.0,115.0,224.0,115.0,214.0,113.0,191.0,79.0,157.0
152.0,229.0,283.0,33.0,186.0,315.0,67.0,572.0,132.0,156.0,208.0,158.0,136.0,455.0,54.0
76.0,21.0,105.0,8.0,47.0,205.0,6.0,363.0,54.0,76.0,152.0,68.0,26.0,271.0,32.0
232.0,310.0,283.0,61.0,434.0,390.0,254.0,90.0,313.0,154.0,206.0,173.0,464.0,65.0,566.0
97.0,90.0,214.0,16.0,89.0,203.0,29.0,62.0,117.0,108.0,128.0,98.0,46.0,34.0,155.0
183.0,249.0,701.0,45.0,105.0,348.0,46.0,572.0,232.0,595.0,758.0,911.0,76.0,16.0,74.0
146.0,694.0,238.0,20.0,177.0,468.0,38.0,103.0,132.0,120.0,152.0,164.0,54.0,72.0,154.0
288.0,322.0,396.0,95.0,415.0,397.0,243.0,297.0,452.0,273.0,322.0,301.0,429.0,248.0,131.0
71.0,27.0,347.0,6.0,434.0,56.0,2.0,225.0,33.0,63.0,508.0,47.0,5.0,134.0,566.0
86.0,43.0,747.0,248.0,191.0,164.0,367.0,601.0,193.0,660.0,78.0,456.0,588.0,491.0,87.0
112.0,164.0,323.0,21.0,104.0,254.0,34.0,204.0,400.0,190.0,243.0,220.0,59.0,218.0,83.0
115.0,95.0,240.0,23.0,86.0,208.0,39.0,104.0,145.0,129.0,157.0,118.0,73.0,68.0,69.0
100.0,63.0,240.0,21.0,106.0,156.0,35.0,115.0,139.0,129.0,157.0,208.0,33.0,132.0,87.0
126.0,129.0,256.0,24.0,260.0,222.0,121.0,111.0,164.0,137.0,187.0,140.0,167.0,57.0,238.0
414.0,769.0,580.0,183.0,104.0,518.0,35.0,459.0,660.0,404.0,508.0,76.0,55.0,408.0,91.0
123.0,222.0,252.0,24.0,137.0,349.0,46.0,297.0,172.0,137.0,177.0,137.0,89.0,245.0,111.0
287.0,409.0,179.0,137.0,89.0,445.0,30.0,176.0,571.0,346.0,63.0,463.0,656.0,131.0,72.0
103.0,72.0,240.0,16.0,89.0,156.0,30.0,110.0,111.0,129.0,345.0,125.0,46.0,77.0,72.0
83.0,43.0,330.0,51.0,257.0,247.0,106.0,205.0,252.0,192.0,244.0,231.0,211.0,156.0,155.0
196.0,64.0,330.0,51.0,160.0,212.0,85.0,205.0,281.0,192.0,244.0,231.0,219.0,152.0,124.0
210.0,284.0,348.0,60.0,303.0,373.0,165.0,232.0,302.0,207.0,272.0,263.0,272.0,247.0,316.0
83.0,43.0,312.0,12.0,47.0,127.0,18.0,197.0,109.0,136.0,238.0,301.0,36.0,134.0,111.0
81.0,42.0,356.0,11.0,45.0,127.0,16.0,251.0,95.0,223.0,230.0,257.0,33.0,184.0,107.0
101.0,64.0,180.0,18.0,415.0,155.0,32.0,39.0,122.0,75.0,64.0,61.0,49.0,25.0,404.0
114.0,95.0,360.0,23.0,117.0,188.0,35.0,264.0,145.0,223.0,240.0,263.0,54.0,96.0,89.0
171.0,227.0,417.0,41.0,28.0,312.0,33.0,312.0,224.0,182.0,333.0,244.0,155.0,196.0,42.0
84.0,41.0,223.0,8.0,216.0,102.0,80.0,94.0,50.0,114.0,126.0,105.0,101.0,159.0,187.0
270.0,27.0,414.0,86.0,137.0,154.0,45.0,299.0,430.0,265.0,326.0,323.0,90.0,218.0,111.0
111.0,90.0,179.0,21.0,0.0,197.0,5.0,39.0,132.0,75.0,94.0,58.0,54.0,25.0,0.0
338.0,434.0,350.0,41.0,112.0,484.0,99.0,241.0,223.0,214.0,274.0,312.0,200.0,628.0,89.0
212.0,78.0,323.0,58.0,279.0,175.0,148.0,204.0,296.0,201.0,309.0,156.0,269.0,167.0,275.0
322.0,590.0,142.0,109.0,229.0,448.0,95.0,31.0,501.0,368.0,483.0,580.0,529.0,17.0,202.0
114.0,95.0,207.0,29.0,174.0,205.0,58.0,78.0,165.0,107.0,122.0,100.0,102.0,57.0,125.0
167.0,225.0,310.0,38.0,206.0,310.0,77.0,195.0,222.0,176.0,321.0,355.0,175.0,134.0,119.0
157.0,259.0,266.0,35.0,203.0,173.0,76.0,403.0,341.0,154.0,201.0,165.0,155.0,305.0,174.0
206.0,301.0,363.0,56.0,242.0,42.0,92.0,277.0,292.0,199.0,298.0,244.0,259.0,196.0,214.0
316.0,515.0,440.0,106.0,122.0,437.0,39.0,316.0,571.0,275.0,222.0,325.0,68.0,131.0,119.0
376.0,718.0,532.0,146.0,161.0,741.0,53.0,280.0,571.0,347.0,389.0,456.0,101.0,219.0,124.0
80.0,106.0,184.0,8.0,73.0,214.0,19.0,45.0,223.0,81.0,0.0,68.0,27.0,28.0,45.0
103.0,76.0,215.0,17.0,89.0,164.0,30.0,84.0,119.0,112.0,419.0,101.0,49.0,64.0,72.0
181.0,235.0,317.0,49.0,197.0,333.0,105.0,176.0,676.0,188.0,241.0,220.0,204.0,170.0,131.0
115.0,95.0,240.0,21.0,83.0,203.0,24.0,141.0,139.0,129.0,157.0,118.0,43.0,92.0,174.0
224.0,304.0,347.0,60.0,242.0,389.0,170.0,438.0,302.0,203.0,264.0,323.0,284.0,312.0,214.0
196.0,194.0,312.0,51.0,252.0,280.0,105.0,195.0,173.0,185.0,272.0,207.0,211.0,184.0,218.0
377.0,718.0,487.0,110.0,175.0,144.0,58.0,331.0,518.0,296.0,394.0,430.0,108.0,311.0,140.0
182.0,310.0,255.0,50.0,238.0,390.0,99.0,198.0,425.0,139.0,187.0,134.0,209.0,296.0,214.0
191.0,261.0,570.0,51.0,176.0,188.0,61.0,290.0,271.0,408.0,500.0,803.0,116.0,208.0,153.0
157.0,205.0,475.0,35.0,237.0,256.0,76.0,341.0,198.0,311.0,366.0,446.0,155.0,256.0,182.0
126.0,131.0,260.0,27.0,145.0,241.0,61.0,175.0,170.0,141.0,189.0,287.0,95.0,123.0,117.0
73.0,27.0,204.0,15.0,50.0,56.0,19.0,62.0,105.0,106.0,408.0,167.0,40.0,34.0,0.0
266.0,235.0,385.0,78.0,303.0,341.0,217.0,756.0,271.0,247.0,309.0,303.0,331.0,510.0,351.0
206.0,89.0,323.0,51.0,292.0,193.0,166.0,155.0,281.0,191.0,241.0,228.0,273.0,106.0,307.0
152.0,182.0,220.0,33.0,311.0,261.0,184.0,90.0,181.0,154.0,130.0,207.0,128.0,65.0,333.0
134.0,154.0,240.0,24.0,132.0,250.0,45.0,110.0,164.0,129.0,157.0,126.0,85.0,77.0,144.0
169.0,225.0,639.0,29.0,128.0,310.0,82.0,481.0,343.0,144.0,187.0,115.0,101.0,328.0,107.0
270.0,367.0,417.0,80.0,165.0,445.0,53.0,313.0,425.0,252.0,210.0,316.0,101.0,235.0,183.0
163.0,207.0,661.0,70.0,310.0,294.0,203.0,124.0,302.0,243.0,88.0,298.0,309.0,71.0,329.0
133.0,141.0,279.0,22.0,104.0,249.0,33.0,316.0,141.0,154.0,203.0,165.0,70.0,331.0,155.0
163.0,194.0,296.0,36.0,234.0,280.0,96.0,327.0,197.0,167.0,158.0,248.0,196.0,248.0,218.0
126.0,137.0,240.0,27.0,175.0,272.0,58.0,109.0,205.0,129.0,158.0,118.0,108.0,72.0,97.0
146.0,174.0,279.0,31.0,181.0,261.0,61.0,83.0,171.0,153.0,208.0,163.0,122.0,57.0,148.0
100.0,55.0,311.0,17.0,176.0,155.0,62.0,197.0,122.0,184.0,236.0,212.0,47.0,174.0,154.0
75.0,64.0,183.0,7.0,37.0,155.0,5.0,45.0,205.0,76.0,88.0,58.0,23.0,318.0,12.0
288.0,461.0,457.0,95.0,310.0,489.0,171.0,323.0,466.0,275.0,366.0,338.0,284.0,247.0,333.0
178.0,231.0,299.0,38.0,217.0,319.0,80.0,187.0,170.0,174.0,222.0,162.0,175.0,133.0,179.0
252.0,317.0,353.0,73.0,175.0,393.0,226.0,251.0,369.0,214.0,302.0,312.0,337.0,184.0,179.0
105.0,95.0,187.0,16.0,161.0,348.0,53.0,47.0,122.0,76.0,87.0,68.0,95.0,26.0,126.0
374.0,693.0,661.0,159.0,55.0,315.0,18.0,509.0,676.0,358.0,654.0,298.0,726.0,390.0,54.0
236.0,322.0,355.0,67.0,310.0,260.0,172.0,392.0,330.0,214.0,286.0,325.0,284.0,309.0,229.0
375.0,709.0,532.0,146.0,448.0,550.0,530.0,406.0,224.0,347.0,468.0,460.0,726.0,305.0,582.0
180.0,233.0,298.0,45.0,145.0,320.0,50.0,186.0,237.0,153.0,222.0,163.0,83.0,145.0,80.0
376.0,717.0,475.0,140.0,601.0,341.0,391.0,331.0,571.0,322.0,509.0,457.0,656.0,255.0,110.0
211.0,284.0,300.0,60.0,279.0,373.0,143.0,192.0,302.0,203.0,226.0,263.0,269.0,308.0,275.0
138.0,131.0,271.0,30.0,202.0,227.0,77.0,969.0,178.0,151.0,200.0,162.0,156.0,617.0,183.0
114.0,92.0,260.0,22.0,118.0,203.0,38.0,186.0,141.0,136.0,189.0,204.0,70.0,132.0,144.0
181.0,234.0,311.0,41.0,229.0,297.0,92.0,205.0,223.0,184.0,236.0,175.0,181.0,156.0,212.0
152.0,284.0,294.0,36.0,310.0,389.0,174.0,176.0,204.0,166.0,245.0,186.0,276.0,125.0,274.0
154.0,188.0,240.0,34.0,200.0,341.0,75.0,124.0,193.0,129.0,160.0,125.0,145.0,88.0,172.0
196.0,257.0,310.0,58.0,277.0,348.0,147.0,195.0,297.0,184.0,234.0,197.0,269.0,26.0,153.0
236.0,322.0,356.0,66.0,410.0,407.0,237.0,285.0,330.0,223.0,290.0,249.0,284.0,202.0,473.0
114.0,95.0,267.0,29.0,88.0,206.0,54.0,154.0,164.0,144.0,200.0,460.0,101.0,102.0,91.0
214.0,241.0,346.0,57.0,255.0,348.0,129.0,250.0,313.0,201.0,241.0,248.0,260.0,617.0,218.0
104.0,78.0,255.0,19.0,117.0,216.0,33.0,141.0,132.0,114.0,218.0,126.0,52.0,88.0,91.0
176.0,229.0,247.0,43.0,229.0,315.0,94.0,130.0,215.0,184.0,175.0,207.0,191.0,72.0,153.0
95.0,53.0,204.0,16.0,86.0,143.0,28.0,62.0,105.0,103.0,27.0,76.0,44.0,130.0,69.0
84.0,28.0,201.0,14.0,174.0,133.0,58.0,61.0,99.0,106.0,100.0,91.0,102.0,82.0,333.0
100.0,63.0,0.0,0.0,45.0,173.0,7.0,0.0,0.0,0.0,0.0,23.0,0.0,0.0,54.0
224.0,331.0,363.0,70.0,227.0,445.0,75.0,273.0,347.0,230.0,302.0,288.0,150.0,193.0,160.0
126.0,118.0,130.0,6.0,313.0,221.0,172.0,206.0,24.0,61.0,27.0,25.0,276.0,185.0,107.0
156.0,82.0,500.0,34.0,261.0,407.0,138.0,322.0,173.0,304.0,408.0,457.0,155.0,219.0,31.0
178.0,231.0,351.0,43.0,226.0,315.0,94.0,241.0,222.0,200.0,252.0,244.0,190.0,184.0,181.0
147.0,154.0,363.0,70.0,310.0,253.0,172.0,222.0,333.0,228.0,298.0,287.0,288.0,133.0,322.0
271.0,403.0,438.0,89.0,176.0,468.0,58.0,315.0,454.0,271.0,338.0,323.0,108.0,208.0,11.0
196.0,194.0,488.0,51.0,255.0,306.0,107.0,509.0,270.0,300.0,400.0,374.0,219.0,269.0,248.0
182.0,249.0,320.0,50.0,999.0,348.0,999.0,204.0,252.0,193.0,240.0,282.0,209.0,300.0,999.0
156.0,200.0,201.0,35.0,186.0,280.0,217.0,61.0,198.0,92.0,110.0,76.0,331.0,34.0,202.0
233.0,322.0,351.0,65.0,292.0,389.0,171.0,251.0,314.0,214.0,286.0,338.0,284.0,184.0,308.0
428.0,409.0,323.0,66.0,310.0,404.0,180.0,204.0,332.0,207.0,241.0,263.0,284.0,107.0,175.0
158.0,212.0,279.0,31.0,100.0,294.0,61.0,163.0,182.0,154.0,203.0,165.0,116.0,145.0,82.0
113.0,90.0,240.0,21.0,123.0,205.0,39.0,103.0,103.0,129.0,157.0,125.0,68.0,72.0,94.0
115.0,95.0,688.0,22.0,191.0,206.0,50.0,565.0,145.0,129.0,160.0,126.0,92.0,442.0,158.0
288.0,434.0,266.0,91.0,415.0,445.0,243.0,198.0,454.0,273.0,203.0,323.0,419.0,131.0,96.0
182.0,241.0,332.0,51.0,211.0,348.0,78.0,285.0,276.0,192.0,274.0,312.0,158.0,202.0,175.0
81.0,42.0,293.0,11.0,65.0,102.0,19.0,176.0,86.0,84.0,203.0,76.0,33.0,133.0,45.0
167.0,221.0,564.0,38.0,228.0,297.0,85.0,440.0,222.0,188.0,298.0,221.0,176.0,312.0,188.0
126.0,133.0,258.0,27.0,157.0,312.0,52.0,144.0,184.0,144.0,191.0,203.0,95.0,96.0,88.0
130.0,137.0,201.0,29.0,168.0,241.0,54.0,73.0,173.0,144.0,94.0,91.0,101.0,16.0,131.0
114.0,95.0,254.0,23.0,126.0,203.0,40.0,137.0,144.0,138.0,179.0,138.0,73.0,87.0,154.0
257.0,346.0,411.0,77.0,45.0,439.0,9.0,363.0,369.0,264.0,326.0,316.0,256.0,292.0,31.0
134.0,163.0,507.0,65.0,310.0,253.0,172.0,323.0,314.0,223.0,410.0,277.0,284.0,92.0,316.0
412.0,764.0,580.0,183.0,445.0,439.0,254.0,470.0,163.0,404.0,527.0,317.0,444.0,319.0,574.0
196.0,257.0,322.0,51.0,344.0,344.0,217.0,204.0,430.0,192.0,241.0,317.0,331.0,149.0,422.0
80.0,28.0,258.0,16.0,89.0,0.0,30.0,146.0,139.0,144.0,187.0,155.0,46.0,122.0,87.0
104.0,78.0,183.0,19.0,104.0,211.0,35.0,59.0,122.0,114.0,88.0,127.0,54.0,314.0,84.0
270.0,301.0,363.0,61.0,288.0,498.0,165.0,342.0,314.0,595.0,272.0,894.0,273.0,258.0,297.0
270.0,376.0,382.0,86.0,331.0,445.0,253.0,292.0,430.0,265.0,310.0,317.0,438.0,208.0,404.0
237.0,322.0,363.0,70.0,331.0,310.0,274.0,280.0,341.0,230.0,298.0,288.0,303.0,192.0,351.0
211.0,331.0,360.0,58.0,32.0,429.0,15.0,194.0,297.0,202.0,238.0,254.0,269.0,145.0,12.0
104.0,78.0,238.0,20.0,191.0,175.0,69.0,103.0,127.0,120.0,152.0,115.0,55.0,106.0,178.0
176.0,229.0,340.0,56.0,331.0,315.0,127.0,293.0,293.0,200.0,257.0,214.0,264.0,186.0,404.0
377.0,55.0,549.0,148.0,28.0,155.0,629.0,420.0,638.0,347.0,468.0,47.0,726.0,309.0,30.0
376.0,718.0,440.0,96.0,118.0,319.0,38.0,316.0,466.0,275.0,295.0,207.0,444.0,308.0,69.0
154.0,188.0,266.0,33.0,445.0,222.0,261.0,154.0,194.0,153.0,200.0,163.0,33.0,102.0,574.0
206.0,278.0,339.0,55.0,224.0,369.0,82.0,202.0,290.0,199.0,245.0,249.0,171.0,107.0,181.0
259.0,403.0,382.0,73.0,331.0,462.0,217.0,292.0,293.0,246.0,297.0,301.0,330.0,202.0,404.0
306.0,338.0,360.0,71.0,131.0,425.0,171.0,266.0,357.0,243.0,295.0,304.0,276.0,186.0,101.0
314.0,488.0,475.0,97.0,313.0,490.0,199.0,331.0,501.0,278.0,387.0,338.0,500.0,255.0,262.0
270.0,367.0,411.0,86.0,410.0,445.0,237.0,299.0,430.0,264.0,321.0,316.0,406.0,218.0,473.0
126.0,130.0,263.0,29.0,17.0,227.0,61.0,155.0,178.0,147.0,203.0,163.0,122.0,106.0,4.0
124.0,130.0,590.0,16.0,105.0,191.0,35.0,476.0,111.0,108.0,500.0,98.0,44.0,328.0,84.0
317.0,515.0,487.0,109.0,415.0,297.0,237.0,346.0,503.0,296.0,408.0,100.0,579.0,331.0,406.0
191.0,215.0,207.0,29.0,189.0,296.0,58.0,83.0,177.0,147.0,119.0,162.0,102.0,72.0,158.0
123.0,137.0,252.0,24.0,89.0,249.0,32.0,140.0,117.0,137.0,176.0,138.0,89.0,613.0,74.0
168.0,225.0,392.0,38.0,234.0,310.0,107.0,297.0,223.0,252.0,322.0,302.0,212.0,208.0,157.0
156.0,205.0,283.0,33.0,15.0,280.0,1.0,156.0,50.0,156.0,208.0,174.0,25.0,107.0,4.0
92.0,53.0,570.0,71.0,227.0,143.0,85.0,470.0,333.0,404.0,500.0,114.0,161.0,319.0,201.0
134.0,133.0,256.0,32.0,175.0,250.0,61.0,155.0,184.0,154.0,187.0,115.0,122.0,106.0,142.0
137.0,234.0,661.0,29.0,229.0,319.0,217.0,508.0,177.0,147.0,63.0,138.0,726.0,412.0,190.0
130.0,137.0,252.0,27.0,233.0,238.0,77.0,140.0,171.0,141.0,187.0,151.0,76.0,174.0,202.0
181.0,234.0,316.0,46.0,248.0,328.0,101.0,470.0,237.0,188.0,241.0,221.0,204.0,319.0,216.0
70.0,21.0,239.0,15.0,54.0,203.0,18.0,175.0,103.0,105.0,154.0,84.0,36.0,123.0,125.0
95.0,55.0,379.0,16.0,157.0,143.0,29.0,297.0,139.0,243.0,320.0,298.0,44.0,213.0,4.0
330.0,612.0,491.0,114.0,322.0,534.0,203.0,353.0,547.0,304.0,220.0,303.0,583.0,269.0,331.0
319.0,585.0,201.0,97.0,202.0,534.0,82.0,62.0,498.0,358.0,91.0,580.0,70.0,35.0,172.0
182.0,90.0,855.0,21.0,229.0,206.0,94.0,940.0,139.0,871.0,999.0,999.0,68.0,613.0,201.0
129.0,135.0,488.0,96.0,445.0,241.0,254.0,353.0,466.0,300.0,400.0,208.0,444.0,291.0,574.0
233.0,316.0,360.0,65.0,151.0,390.0,274.0,313.0,314.0,184.0,325.0,207.0,588.0,174.0,117.0
126.0,130.0,126.0,36.0,188.0,227.0,67.0,29.0,199.0,151.0,5.0,162.0,155.0,24.0,154.0
121.0,106.0,530.0,51.0,253.0,214.0,106.0,398.0,270.0,191.0,414.0,228.0,211.0,314.0,201.0
270.0,40.0,414.0,86.0,55.0,86.0,15.0,306.0,430.0,265.0,307.0,317.0,219.0,202.0,44.0
212.0,284.0,347.0,60.0,47.0,373.0,13.0,228.0,302.0,203.0,264.0,127.0,270.0,412.0,31.0
288.0,434.0,457.0,95.0,176.0,468.0,61.0,293.0,457.0,275.0,366.0,348.0,122.0,245.0,153.0
429.0,488.0,639.0,201.0,966.0,490.0,598.0,490.0,638.0,411.0,449.0,228.0,905.0,312.0,999.0
196.0,95.0,326.0,51.0,292.0,205.0,170.0,206.0,288.0,191.0,225.0,228.0,276.0,159.0,390.0
122.0,180.0,247.0,24.0,37.0,261.0,5.0,130.0,162.0,136.0,226.0,138.0,90.0,87.0,201.0
412.0,764.0,530.0,159.0,45.0,489.0,9.0,398.0,457.0,358.0,419.0,301.0,726.0,314.0,42.0
71.0,27.0,125.0,6.0,117.0,60.0,32.0,27.0,34.0,63.0,5.0,47.0,51.0,17.0,116.0
163.0,215.0,298.0,36.0,208.0,288.0,82.0,192.0,210.0,171.0,239.0,353.0,171.0,134.0,175.0
77.0,41.0,204.0,7.0,106.0,102.0,33.0,62.0,107.0,80.0,130.0,76.0,51.0,30.0,87.0
375.0,709.0,532.0,143.0,112.0,656.0,35.0,406.0,571.0,347.0,449.0,387.0,678.0,333.0,110.0
83.0,41.0,396.0,51.0,261.0,156.0,127.0,297.0,103.0,188.0,245.0,248.0,238.0,184.0,242.0
235.0,317.0,361.0,70.0,279.0,393.0,188.0,195.0,347.0,228.0,366.0,287.0,288.0,148.0,262.0
257.0,346.0,382.0,71.0,252.0,437.0,217.0,292.0,454.0,246.0,310.0,301.0,331.0,245.0,248.0
182.0,205.0,320.0,45.0,261.0,281.0,105.0,204.0,233.0,188.0,241.0,221.0,209.0,150.0,180.0
52.0,205.0,222.0,33.0,181.0,281.0,62.0,94.0,184.0,113.0,211.0,105.0,139.0,57.0,175.0
91.0,41.0,208.0,13.0,123.0,159.0,19.0,84.0,99.0,105.0,123.0,69.0,36.0,64.0,95.0
232.0,310.0,553.0,61.0,258.0,255.0,127.0,431.0,313.0,214.0,470.0,264.0,269.0,328.0,99.0
112.0,82.0,260.0,21.0,117.0,155.0,35.0,148.0,223.0,115.0,351.0,105.0,48.0,96.0,93.0
97.0,115.0,208.0,16.0,310.0,221.0,184.0,10.0,117.0,107.0,128.0,98.0,46.0,180.0,331.0
183.0,238.0,536.0,50.0,258.0,373.0,99.0,420.0,333.0,346.0,458.0,460.0,209.0,309.0,102.0
152.0,187.0,215.0,33.0,186.0,270.0,78.0,84.0,187.0,144.0,128.0,156.0,161.0,76.0,155.0
163.0,210.0,475.0,96.0,227.0,306.0,85.0,331.0,466.0,275.0,222.0,203.0,444.0,196.0,183.0
314.0,474.0,500.0,106.0,174.0,489.0,58.0,241.0,498.0,304.0,408.0,430.0,103.0,180.0,140.0
0.0,0.0,183.0,3.0,28.0,0.0,2.0,45.0,132.0,75.0,64.0,76.0,5.0,25.0,11.0
160.0,203.0,294.0,36.0,83.0,280.0,99.0,181.0,199.0,165.0,214.0,181.0,209.0,131.0,55.0
87.0,48.0,184.0,15.0,100.0,143.0,32.0,39.0,105.0,81.0,87.0,68.0,48.0,25.0,80.0
123.0,106.0,215.0,17.0,89.0,214.0,28.0,83.0,120.0,112.0,128.0,101.0,45.0,64.0,74.0
271.0,423.0,440.0,91.0,403.0,491.0,247.0,313.0,551.0,273.0,366.0,323.0,419.0,613.0,469.0
81.0,42.0,855.0,16.0,73.0,127.0,19.0,885.0,107.0,871.0,999.0,999.0,40.0,583.0,97.0
84.0,45.0,251.0,14.0,105.0,127.0,35.0,140.0,99.0,120.0,640.0,115.0,54.0,91.0,118.0
178.0,231.0,317.0,45.0,184.0,308.0,61.0,32.0,187.0,188.0,240.0,117.0,122.0,21.0,155.0
147.0,185.0,294.0,36.0,15.0,261.0,1.0,176.0,122.0,167.0,148.0,186.0,4.0,409.0,4.0
257.0,376.0,317.0,73.0,344.0,460.0,226.0,202.0,227.0,188.0,240.0,214.0,330.0,148.0,422.0
316.0,515.0,481.0,106.0,176.0,489.0,61.0,620.0,500.0,296.0,387.0,355.0,515.0,458.0,153.0
80.0,27.0,142.0,11.0,176.0,56.0,61.0,31.0,103.0,84.0,64.0,76.0,33.0,17.0,155.0
167.0,222.0,0.0,0.0,73.0,308.0,19.0,0.0,0.0,0.0,0.0,21.0,0.0,0.0,173.0
270.0,104.0,252.0,45.0,237.0,212.0,99.0,156.0,252.0,151.0,182.0,162.0,202.0,122.0,881.0
205.0,276.0,208.0,49.0,227.0,348.0,94.0,73.0,330.0,188.0,122.0,220.0,191.0,57.0,155.0
210.0,284.0,222.0,57.0,275.0,373.0,139.0,84.0,288.0,136.0,129.0,127.0,264.0,57.0,247.0
376.0,718.0,553.0,143.0,132.0,259.0,382.0,313.0,571.0,347.0,64.0,190.0,678.0,240.0,107.0
176.0,229.0,294.0,49.0,216.0,315.0,77.0,180.0,178.0,188.0,239.0,220.0,204.0,123.0,180.0
319.0,474.0,487.0,109.0,434.0,490.0,274.0,565.0,500.0,296.0,394.0,186.0,524.0,442.0,566.0
157.0,200.0,294.0,35.0,216.0,280.0,77.0,180.0,195.0,165.0,208.0,186.0,155.0,111.0,178.0
233.0,316.0,447.0,91.0,365.0,393.0,247.0,322.0,454.0,273.0,225.0,323.0,419.0,248.0,198.0
333.0,618.0,507.0,128.0,202.0,468.0,382.0,377.0,480.0,306.0,408.0,423.0,864.0,72.0,175.0
121.0,106.0,491.0,25.0,145.0,213.0,50.0,363.0,168.0,304.0,411.0,282.0,92.0,291.0,117.0
196.0,259.0,332.0,51.0,252.0,348.0,107.0,205.0,272.0,193.0,325.0,236.0,212.0,148.0,218.0
187.0,253.0,330.0,50.0,234.0,348.0,106.0,205.0,253.0,192.0,244.0,218.0,211.0,152.0,192.0
287.0,423.0,411.0,95.0,262.0,479.0,126.0,306.0,452.0,264.0,321.0,317.0,259.0,218.0,246.0
206.0,281.0,336.0,56.0,261.0,369.0,127.0,251.0,293.0,197.0,245.0,236.0,264.0,184.0,242.0
126.0,130.0,255.0,27.0,126.0,208.0,40.0,32.0,170.0,139.0,320.0,140.0,54.0,21.0,95.0
171.0,225.0,294.0,36.0,161.0,260.0,53.0,148.0,204.0,166.0,214.0,186.0,155.0,96.0,122.0
317.0,523.0,279.0,109.0,134.0,518.0,45.0,163.0,501.0,154.0,204.0,167.0,85.0,65.0,110.0
126.0,131.0,255.0,27.0,157.0,324.0,50.0,141.0,184.0,139.0,203.0,92.0,95.0,92.0,119.0
146.0,174.0,336.0,30.0,165.0,259.0,54.0,206.0,182.0,196.0,248.0,240.0,101.0,170.0,124.0
311.0,515.0,457.0,97.0,311.0,518.0,274.0,323.0,224.0,275.0,366.0,323.0,500.0,219.0,333.0
202.0,322.0,322.0,51.0,228.0,390.0,85.0,204.0,171.0,193.0,241.0,231.0,256.0,269.0,110.0
152.0,180.0,283.0,36.0,227.0,260.0,85.0,163.0,500.0,156.0,239.0,175.0,177.0,111.0,183.0
156.0,203.0,283.0,35.0,202.0,280.0,75.0,168.0,127.0,156.0,208.0,178.0,154.0,111.0,172.0
485.0,36.0,661.0,243.0,176.0,280.0,4.0,155.0,105.0,524.0,597.0,856.0,923.0,106.0,126.0
158.0,205.0,530.0,35.0,197.0,288.0,75.0,403.0,194.0,165.0,419.0,197.0,149.0,305.0,190.0
156.0,203.0,294.0,33.0,184.0,280.0,67.0,181.0,105.0,160.0,220.0,197.0,136.0,131.0,155.0
77.0,41.0,190.0,8.0,47.0,182.0,9.0,59.0,69.0,81.0,94.0,68.0,27.0,510.0,32.0
123.0,109.0,252.0,24.0,137.0,221.0,46.0,140.0,95.0,137.0,176.0,298.0,90.0,90.0,111.0
100.0,62.0,238.0,27.0,165.0,155.0,54.0,306.0,232.0,120.0,78.0,348.0,95.0,146.0,127.0
176.0,219.0,395.0,45.0,234.0,297.0,95.0,16.0,227.0,252.0,321.0,307.0,195.0,16.0,114.0
111.0,89.0,111.0,21.0,723.0,191.0,274.0,26.0,134.0,42.0,8.0,118.0,524.0,17.0,190.0
76.0,43.0,570.0,8.0,47.0,154.0,6.0,469.0,54.0,84.0,500.0,76.0,26.0,319.0,31.0
156.0,145.0,290.0,34.0,200.0,256.0,75.0,176.0,198.0,156.0,210.0,164.0,149.0,123.0,229.0
333.0,406.0,507.0,133.0,248.0,468.0,101.0,420.0,551.0,311.0,410.0,446.0,624.0,308.0,216.0
295.0,461.0,481.0,97.0,37.0,486.0,226.0,342.0,483.0,296.0,387.0,355.0,344.0,256.0,4.0
288.0,461.0,747.0,95.0,118.0,550.0,254.0,718.0,454.0,273.0,833.0,325.0,429.0,493.0,94.0
84.0,48.0,187.0,11.0,131.0,143.0,45.0,15.0,81.0,83.0,88.0,72.0,33.0,30.0,604.0
319.0,515.0,485.0,67.0,227.0,439.0,184.0,293.0,333.0,296.0,389.0,149.0,288.0,134.0,172.0
330.0,693.0,507.0,117.0,161.0,238.0,171.0,327.0,503.0,304.0,408.0,430.0,588.0,245.0,125.0
73.0,45.0,125.0,7.0,47.0,127.0,9.0,31.0,330.0,58.0,29.0,23.0,33.0,20.0,32.0
76.0,41.0,183.0,6.0,47.0,155.0,9.0,39.0,125.0,63.0,63.0,47.0,12.0,34.0,30.0
163.0,212.0,300.0,36.0,253.0,293.0,82.0,189.0,210.0,176.0,220.0,304.0,171.0,133.0,220.0
146.0,174.0,300.0,31.0,176.0,261.0,61.0,200.0,182.0,154.0,226.0,167.0,122.0,146.0,154.0
152.0,43.0,590.0,33.0,176.0,133.0,62.0,392.0,187.0,129.0,338.0,126.0,127.0,305.0,153.0
211.0,249.0,438.0,91.0,234.0,348.0,96.0,306.0,454.0,271.0,338.0,322.0,219.0,218.0,213.0
84.0,47.0,550.0,13.0,55.0,255.0,18.0,392.0,98.0,374.0,470.0,582.0,36.0,303.0,42.0
100.0,115.0,260.0,30.0,262.0,211.0,139.0,148.0,178.0,144.0,189.0,23.0,264.0,111.0,25.0
154.0,185.0,475.0,91.0,360.0,268.0,253.0,392.0,454.0,273.0,274.0,323.0,419.0,300.0,134.0
126.0,133.0,260.0,27.0,161.0,277.0,53.0,10.0,163.0,144.0,189.0,162.0,101.0,185.0,110.0
140.0,164.0,224.0,20.0,112.0,260.0,35.0,98.0,139.0,120.0,164.0,84.0,55.0,68.0,88.0
233.0,316.0,346.0,41.0,229.0,390.0,92.0,225.0,224.0,199.0,394.0,50.0,190.0,333.0,0.0
211.0,284.0,340.0,57.0,277.0,389.0,139.0,250.0,293.0,200.0,261.0,207.0,264.0,186.0,74.0
330.0,376.0,532.0,117.0,258.0,445.0,99.0,398.0,545.0,347.0,500.0,463.0,200.0,174.0,231.0
257.0,348.0,852.0,73.0,310.0,324.0,217.0,885.0,498.0,296.0,272.0,353.0,330.0,333.0,329.0
206.0,276.0,339.0,56.0,262.0,362.0,127.0,216.0,292.0,200.0,241.0,221.0,259.0,167.0,174.0
202.0,274.0,336.0,51.0,261.0,418.0,121.0,206.0,425.0,196.0,248.0,124.0,252.0,169.0,157.0
257.0,585.0,476.0,97.0,89.0,521.0,30.0,341.0,498.0,289.0,386.0,348.0,284.0,269.0,73.0
0.0,0.0,0.0,0.0,131.0,0.0,0.0,0.0,0.0,0.0,0.0,50.0,0.0,218.0,97.0
124.0,128.0,252.0,25.0,102.0,203.0,50.0,137.0,168.0,137.0,176.0,133.0,92.0,87.0,82.0
288.0,461.0,312.0,95.0,445.0,486.0,254.0,198.0,466.0,187.0,238.0,208.0,444.0,145.0,574.0
147.0,215.0,514.0,30.0,175.0,297.0,61.0,306.0,184.0,293.0,414.0,353.0,123.0,218.0,213.0
95.0,55.0,208.0,15.0,131.0,191.0,43.0,82.0,107.0,105.0,123.0,76.0,42.0,72.0,101.0
152.0,180.0,279.0,33.0,242.0,260.0,99.0,158.0,187.0,156.0,203.0,167.0,127.0,107.0,214.0
410.0,756.0,648.0,177.0,258.0,315.0,83.0,493.0,571.0,416.0,527.0,803.0,101.0,333.0,220.0
163.0,105.0,303.0,45.0,277.0,422.0,217.0,32.0,232.0,176.0,110.0,196.0,331.0,21.0,248.0
123.0,108.0,187.0,27.0,117.0,211.0,35.0,47.0,171.0,83.0,84.0,69.0,101.0,26.0,99.0
132.0,137.0,312.0,29.0,161.0,247.0,53.0,194.0,177.0,147.0,239.0,160.0,101.0,26.0,125.0
156.0,221.0,206.0,35.0,248.0,308.0,50.0,65.0,198.0,156.0,108.0,100.0,156.0,81.0,262.0
232.0,323.0,142.0,6.0,28.0,404.0,2.0,31.0,164.0,67.0,50.0,50.0,5.0,21.0,11.0
206.0,253.0,311.0,56.0,261.0,348.0,127.0,201.0,292.0,188.0,238.0,218.0,259.0,167.0,242.0
257.0,461.0,385.0,77.0,331.0,486.0,217.0,158.0,12.0,247.0,307.0,303.0,331.0,107.0,404.0
126.0,129.0,257.0,27.0,150.0,215.0,50.0,146.0,171.0,140.0,191.0,126.0,95.0,96.0,95.0
375.0,709.0,549.0,146.0,569.0,253.0,274.0,420.0,134.0,347.0,468.0,463.0,678.0,311.0,808.0
123.0,48.0,247.0,24.0,132.0,211.0,45.0,115.0,296.0,136.0,129.0,241.0,84.0,72.0,107.0
156.0,182.0,105.0,34.0,202.0,261.0,75.0,15.0,197.0,165.0,0.0,186.0,150.0,16.0,172.0
157.0,214.0,294.0,35.0,216.0,294.0,80.0,180.0,199.0,165.0,214.0,186.0,156.0,132.0,180.0
103.0,76.0,222.0,18.0,83.0,155.0,23.0,92.0,95.0,113.0,152.0,76.0,49.0,72.0,140.0
115.0,95.0,224.0,23.0,126.0,212.0,226.0,39.0,145.0,120.0,57.0,114.0,579.0,131.0,93.0
123.0,115.0,252.0,24.0,184.0,220.0,67.0,140.0,227.0,137.0,176.0,137.0,139.0,87.0,155.0
119.0,108.0,283.0,23.0,15.0,215.0,1.0,168.0,127.0,154.0,207.0,172.0,76.0,119.0,4.0
97.0,55.0,240.0,16.0,123.0,155.0,29.0,109.0,117.0,129.0,157.0,124.0,46.0,72.0,96.0
167.0,222.0,299.0,38.0,117.0,308.0,40.0,187.0,215.0,174.0,230.0,124.0,176.0,132.0,94.0
157.0,210.0,246.0,23.0,75.0,294.0,22.0,202.0,162.0,132.0,170.0,127.0,83.0,123.0,55.0
81.0,42.0,322.0,11.0,58.0,143.0,18.0,204.0,86.0,132.0,241.0,118.0,33.0,150.0,188.0
196.0,115.0,481.0,51.0,168.0,193.0,54.0,398.0,457.0,296.0,387.0,304.0,101.0,305.0,131.0
232.0,310.0,187.0,64.0,100.0,390.0,170.0,47.0,313.0,82.0,91.0,76.0,276.0,583.0,80.0
167.0,222.0,263.0,29.0,145.0,308.0,50.0,149.0,107.0,147.0,394.0,158.0,92.0,96.0,116.0
330.0,281.0,693.0,128.0,137.0,349.0,382.0,565.0,498.0,322.0,654.0,457.0,590.0,312.0,12.0
156.0,193.0,207.0,34.0,226.0,86.0,83.0,78.0,194.0,171.0,117.0,163.0,174.0,442.0,181.0
154.0,188.0,411.0,33.0,211.0,200.0,75.0,296.0,193.0,156.0,326.0,160.0,149.0,217.0,175.0
206.0,348.0,347.0,56.0,227.0,437.0,85.0,228.0,292.0,200.0,264.0,244.0,259.0,314.0,183.0
158.0,205.0,240.0,36.0,226.0,270.0,83.0,110.0,205.0,165.0,160.0,178.0,161.0,68.0,178.0
140.0,128.0,336.0,29.0,157.0,213.0,52.0,212.0,168.0,171.0,248.0,193.0,101.0,162.0,118.0
163.0,194.0,296.0,36.0,226.0,235.0,98.0,183.0,210.0,167.0,220.0,134.0,200.0,57.0,175.0
287.0,409.0,481.0,95.0,89.0,468.0,253.0,32.0,454.0,296.0,387.0,353.0,438.0,21.0,71.0
257.0,346.0,385.0,77.0,242.0,344.0,61.0,296.0,314.0,247.0,326.0,303.0,200.0,180.0,215.0
410.0,756.0,111.0,3.0,55.0,741.0,1.0,26.0,24.0,25.0,8.0,0.0,4.0,16.0,44.0
183.0,221.0,313.0,41.0,89.0,310.0,28.0,202.0,223.0,184.0,234.0,221.0,42.0,148.0,74.0
266.0,372.0,260.0,78.0,344.0,445.0,222.0,148.0,501.0,144.0,187.0,117.0,336.0,96.0,422.0
73.0,56.0,411.0,15.0,83.0,155.0,24.0,293.0,122.0,408.0,325.0,803.0,42.0,213.0,66.0
24.0,41.0,0.0,0.0,0.0,87.0,0.0,885.0,0.0,0.0,0.0,21.0,0.0,583.0,0.0
236.0,320.0,179.0,66.0,310.0,393.0,174.0,39.0,330.0,225.0,119.0,282.0,284.0,111.0,329.0
111.0,89.0,201.0,21.0,112.0,191.0,35.0,65.0,134.0,120.0,94.0,113.0,55.0,55.0,87.0
83.0,21.0,360.0,12.0,28.0,393.0,4.0,264.0,98.0,223.0,290.0,305.0,33.0,87.0,12.0
160.0,207.0,356.0,30.0,168.0,281.0,59.0,259.0,180.0,213.0,264.0,264.0,109.0,185.0,131.0
256.0,338.0,476.0,50.0,104.0,389.0,29.0,331.0,270.0,190.0,509.0,221.0,40.0,255.0,82.0
163.0,241.0,294.0,36.0,200.0,312.0,75.0,180.0,178.0,166.0,758.0,186.0,150.0,111.0,172.0
123.0,133.0,72.0,25.0,104.0,241.0,46.0,232.0,168.0,138.0,8.0,303.0,89.0,303.0,84.0
115.0,95.0,278.0,30.0,131.0,213.0,43.0,158.0,86.0,151.0,201.0,162.0,113.0,107.0,102.0
139.0,163.0,278.0,29.0,161.0,210.0,53.0,202.0,178.0,150.0,201.0,162.0,101.0,149.0,125.0
76.0,104.0,126.0,8.0,288.0,212.0,165.0,29.0,69.0,81.0,29.0,68.0,272.0,24.0,183.0
103.0,78.0,222.0,18.0,176.0,306.0,61.0,158.0,117.0,113.0,129.0,108.0,122.0,107.0,153.0
999.0,999.0,999.0,999.0,999.0,999.0,999.0,999.0,571.0,999.0,470.0,323.0,999.0,999.0,999.0
429.0,27.0,580.0,185.0,966.0,56.0,629.0,476.0,127.0,404.0,483.0,186.0,905.0,321.0,154.0
235.0,322.0,323.0,21.0,123.0,365.0,37.0,202.0,134.0,120.0,241.0,118.0,59.0,130.0,93.0
154.0,188.0,283.0,33.0,191.0,60.0,69.0,183.0,191.0,154.0,207.0,172.0,140.0,331.0,158.0
152.0,188.0,260.0,30.0,261.0,534.0,75.0,146.0,180.0,150.0,189.0,156.0,108.0,96.0,242.0
115.0,95.0,222.0,16.0,131.0,205.0,45.0,16.0,117.0,115.0,0.0,139.0,84.0,16.0,102.0
244.0,323.0,222.0,70.0,312.0,173.0,198.0,273.0,341.0,85.0,187.0,76.0,291.0,202.0,307.0
163.0,222.0,294.0,36.0,303.0,308.0,99.0,181.0,210.0,167.0,218.0,118.0,171.0,146.0,316.0
134.0,145.0,300.0,27.0,132.0,280.0,43.0,322.0,171.0,176.0,29.0,133.0,77.0,314.0,107.0
271.0,403.0,461.0,87.0,446.0,462.0,258.0,476.0,454.0,264.0,286.0,428.0,429.0,321.0,604.0
322.0,612.0,488.0,117.0,234.0,534.0,367.0,358.0,545.0,300.0,400.0,162.0,588.0,269.0,201.0
83.0,43.0,223.0,12.0,45.0,241.0,15.0,94.0,98.0,112.0,129.0,108.0,35.0,68.0,148.0
256.0,332.0,481.0,71.0,294.0,429.0,170.0,353.0,369.0,296.0,387.0,355.0,284.0,269.0,316.0
163.0,214.0,283.0,36.0,227.0,294.0,85.0,187.0,210.0,156.0,208.0,197.0,171.0,133.0,180.0
319.0,53.0,481.0,109.0,524.0,143.0,274.0,342.0,500.0,296.0,387.0,338.0,524.0,258.0,699.0
152.0,234.0,549.0,30.0,217.0,315.0,82.0,420.0,182.0,296.0,468.0,301.0,123.0,309.0,179.0
264.0,367.0,339.0,45.0,237.0,439.0,99.0,251.0,54.0,188.0,210.0,325.0,200.0,111.0,212.0
146.0,169.0,374.0,30.0,184.0,310.0,62.0,264.0,181.0,246.0,307.0,282.0,127.0,208.0,154.0
196.0,0.0,311.0,41.0,175.0,0.0,54.0,176.0,223.0,184.0,238.0,207.0,127.0,125.0,87.0
205.0,225.0,337.0,55.0,448.0,310.0,261.0,212.0,332.0,198.0,248.0,241.0,438.0,159.0,574.0
338.0,717.0,223.0,133.0,601.0,706.0,367.0,94.0,551.0,311.0,173.0,446.0,590.0,68.0,148.0
103.0,95.0,204.0,18.0,279.0,208.0,148.0,62.0,122.0,113.0,117.0,125.0,33.0,34.0,274.0
257.0,346.0,372.0,77.0,360.0,87.0,226.0,198.0,333.0,247.0,286.0,303.0,337.0,137.0,334.0
410.0,756.0,550.0,177.0,735.0,741.0,485.0,469.0,111.0,408.0,470.0,856.0,693.0,312.0,881.0
375.0,694.0,485.0,133.0,255.0,358.0,119.0,155.0,571.0,296.0,245.0,355.0,588.0,82.0,220.0
178.0,232.0,313.0,45.0,234.0,319.0,96.0,202.0,232.0,188.0,238.0,212.0,196.0,107.0,107.0
132.0,137.0,312.0,29.0,176.0,255.0,50.0,198.0,177.0,185.0,218.0,207.0,102.0,202.0,148.0
181.0,235.0,254.0,27.0,216.0,333.0,61.0,290.0,170.0,139.0,179.0,137.0,122.0,205.0,181.0
256.0,332.0,363.0,70.0,341.0,429.0,199.0,277.0,341.0,238.0,297.0,301.0,303.0,196.0,153.0
257.0,323.0,363.0,70.0,47.0,103.0,19.0,280.0,343.0,230.0,298.0,288.0,36.0,208.0,32.0
97.0,55.0,207.0,15.0,45.0,155.0,19.0,78.0,103.0,106.0,120.0,92.0,40.0,57.0,31.0
375.0,709.0,549.0,153.0,100.0,333.0,570.0,420.0,545.0,356.0,173.0,457.0,726.0,309.0,80.0
97.0,56.0,223.0,15.0,85.0,156.0,23.0,92.0,145.0,105.0,120.0,84.0,42.0,65.0,87.0
322.0,585.0,267.0,29.0,174.0,518.0,58.0,154.0,173.0,151.0,157.0,162.0,102.0,339.0,142.0
187.0,193.0,256.0,51.0,226.0,277.0,79.0,146.0,237.0,192.0,187.0,231.0,167.0,96.0,181.0
196.0,261.0,300.0,57.0,184.0,358.0,138.0,187.0,194.0,176.0,225.0,197.0,264.0,133.0,154.0
211.0,281.0,396.0,55.0,261.0,445.0,127.0,297.0,293.0,247.0,322.0,305.0,259.0,208.0,242.0
81.0,41.0,201.0,11.0,55.0,102.0,19.0,111.0,76.0,83.0,88.0,101.0,33.0,27.0,43.0
428.0,709.0,580.0,183.0,202.0,687.0,391.0,470.0,660.0,404.0,508.0,374.0,624.0,491.0,173.0
229.0,306.0,348.0,60.0,341.0,389.0,217.0,232.0,302.0,207.0,272.0,264.0,331.0,491.0,110.0
181.0,185.0,542.0,46.0,248.0,268.0,105.0,420.0,232.0,358.0,286.0,580.0,209.0,311.0,125.0
410.0,756.0,532.0,159.0,253.0,767.0,530.0,406.0,616.0,347.0,449.0,446.0,726.0,158.0,216.0
214.0,301.0,347.0,60.0,303.0,382.0,150.0,228.0,369.0,203.0,264.0,257.0,270.0,179.0,248.0
77.0,41.0,350.0,106.0,238.0,86.0,106.0,240.0,178.0,213.0,274.0,264.0,27.0,184.0,179.0
75.0,43.0,187.0,8.0,45.0,124.0,6.0,49.0,54.0,81.0,88.0,68.0,26.0,24.0,31.0
80.0,41.0,187.0,11.0,50.0,102.0,15.0,198.0,99.0,82.0,87.0,72.0,33.0,145.0,69.0
138.0,212.0,190.0,29.0,157.0,425.0,52.0,51.0,173.0,151.0,100.0,162.0,101.0,28.0,119.0
167.0,222.0,648.0,38.0,161.0,308.0,67.0,392.0,222.0,129.0,758.0,125.0,139.0,292.0,117.0
97.0,284.0,207.0,16.0,86.0,373.0,29.0,80.0,117.0,108.0,120.0,100.0,46.0,57.0,69.0
202.0,261.0,353.0,51.0,208.0,362.0,78.0,297.0,296.0,188.0,286.0,236.0,158.0,256.0,175.0
112.0,82.0,639.0,21.0,211.0,276.0,80.0,490.0,178.0,411.0,527.0,803.0,59.0,133.0,175.0
206.0,284.0,312.0,56.0,262.0,374.0,127.0,197.0,292.0,154.0,240.0,167.0,259.0,145.0,242.0
233.0,316.0,440.0,91.0,227.0,328.0,83.0,103.0,454.0,273.0,345.0,323.0,174.0,72.0,183.0
165.0,222.0,298.0,29.0,168.0,308.0,54.0,156.0,177.0,167.0,222.0,173.0,101.0,107.0,187.0
77.0,41.0,201.0,8.0,32.0,156.0,5.0,61.0,311.0,92.0,100.0,76.0,27.0,55.0,12.0
132.0,137.0,337.0,51.0,176.0,247.0,61.0,212.0,276.0,196.0,250.0,257.0,116.0,167.0,44.0
288.0,461.0,396.0,95.0,445.0,479.0,254.0,297.0,466.0,296.0,130.0,287.0,444.0,246.0,574.0
217.0,406.0,323.0,41.0,230.0,221.0,94.0,322.0,223.0,176.0,232.0,197.0,195.0,246.0,201.0
101.0,43.0,487.0,97.0,277.0,124.0,143.0,315.0,38.0,296.0,394.0,374.0,500.0,245.0,238.0
122.0,108.0,688.0,140.0,117.0,215.0,35.0,532.0,571.0,322.0,654.0,457.0,693.0,318.0,87.0
205.0,276.0,126.0,55.0,216.0,362.0,80.0,31.0,296.0,197.0,326.0,241.0,256.0,111.0,178.0
163.0,214.0,582.0,17.0,89.0,296.0,30.0,601.0,122.0,408.0,508.0,799.0,46.0,491.0,74.0
140.0,169.0,246.0,23.0,128.0,256.0,42.0,132.0,144.0,132.0,182.0,126.0,76.0,96.0,99.0
256.0,332.0,382.0,77.0,138.0,429.0,243.0,292.0,498.0,247.0,309.0,312.0,380.0,208.0,117.0
999.0,999.0,999.0,999.0,999.0,999.0,999.0,999.0,999.0,999.0,681.0,999.0,999.0,999.0,999.0
273.0,21.0,111.0,0.0,0.0,241.0,0.0,140.0,117.0,25.0,5.0,0.0,0.0,90.0,0.0
377.0,718.0,536.0,148.0,176.0,687.0,61.0,285.0,272.0,347.0,449.0,460.0,751.0,202.0,153.0
241.0,323.0,392.0,65.0,294.0,382.0,170.0,90.0,314.0,252.0,325.0,325.0,284.0,28.0,307.0
235.0,316.0,356.0,65.0,310.0,448.0,172.0,146.0,314.0,225.0,295.0,282.0,284.0,111.0,157.0
154.0,187.0,657.0,33.0,191.0,272.0,69.0,78.0,184.0,411.0,582.0,803.0,140.0,64.0,158.0
176.0,310.0,481.0,43.0,229.0,390.0,92.0,327.0,357.0,296.0,387.0,197.0,181.0,248.0,201.0
168.0,225.0,111.0,38.0,202.0,297.0,75.0,26.0,223.0,176.0,257.0,197.0,177.0,312.0,175.0
126.0,131.0,255.0,27.0,150.0,220.0,50.0,31.0,170.0,139.0,187.0,126.0,92.0,20.0,114.0
115.0,103.0,207.0,16.0,80.0,211.0,23.0,62.0,117.0,106.0,120.0,91.0,42.0,35.0,55.0
133.0,241.0,310.0,33.0,175.0,382.0,58.0,141.0,829.0,182.0,234.0,207.0,140.0,92.0,139.0
152.0,179.0,549.0,33.0,200.0,260.0,75.0,431.0,173.0,154.0,483.0,167.0,150.0,305.0,179.0
137.0,164.0,0.0,0.0,85.0,254.0,28.0,0.0,0.0,0.0,0.0,156.0,46.0,0.0,38.0
270.0,249.0,411.0,85.0,151.0,348.0,61.0,297.0,431.0,264.0,320.0,140.0,195.0,292.0,119.0
158.0,205.0,208.0,16.0,43.0,281.0,19.0,82.0,109.0,106.0,122.0,140.0,43.0,58.0,25.0
163.0,215.0,190.0,36.0,75.0,297.0,82.0,39.0,194.0,167.0,63.0,187.0,171.0,25.0,54.0
319.0,515.0,488.0,159.0,145.0,156.0,50.0,353.0,616.0,300.0,408.0,456.0,44.0,269.0,116.0
287.0,423.0,440.0,95.0,446.0,362.0,76.0,296.0,457.0,273.0,302.0,263.0,211.0,312.0,469.0
103.0,193.0,208.0,18.0,86.0,259.0,40.0,16.0,122.0,108.0,128.0,98.0,49.0,16.0,55.0
156.0,306.0,738.0,35.0,176.0,389.0,61.0,756.0,188.0,176.0,382.0,197.0,83.0,503.0,566.0
139.0,163.0,222.0,18.0,100.0,253.0,32.0,97.0,122.0,113.0,94.0,100.0,51.0,27.0,81.0
158.0,207.0,111.0,51.0,277.0,294.0,139.0,26.0,288.0,154.0,100.0,158.0,264.0,16.0,248.0
181.0,235.0,322.0,49.0,248.0,348.0,101.0,280.0,204.0,188.0,240.0,220.0,204.0,201.0,202.0
206.0,232.0,449.0,96.0,446.0,319.0,258.0,322.0,466.0,275.0,179.0,126.0,450.0,493.0,72.0
182.0,235.0,300.0,49.0,83.0,349.0,105.0,189.0,288.0,188.0,226.0,218.0,204.0,133.0,157.0
154.0,185.0,549.0,33.0,54.0,268.0,15.0,420.0,191.0,156.0,468.0,174.0,33.0,311.0,42.0
71.0,27.0,130.0,6.0,175.0,182.0,61.0,31.0,34.0,63.0,179.0,47.0,10.0,16.0,144.0
94.0,104.0,461.0,97.0,476.0,212.0,262.0,323.0,571.0,278.0,302.0,312.0,464.0,247.0,63.0
140.0,210.0,252.0,24.0,123.0,294.0,40.0,130.0,168.0,137.0,179.0,164.0,90.0,81.0,87.0
123.0,205.0,661.0,25.0,134.0,281.0,50.0,509.0,168.0,138.0,189.0,138.0,92.0,314.0,110.0
126.0,131.0,254.0,26.0,155.0,144.0,50.0,94.0,170.0,138.0,179.0,138.0,92.0,107.0,119.0
182.0,234.0,688.0,49.0,243.0,328.0,99.0,493.0,252.0,188.0,658.0,220.0,202.0,333.0,215.0
273.0,41.0,549.0,133.0,723.0,102.0,396.0,420.0,571.0,358.0,483.0,580.0,656.0,116.0,127.0
83.0,37.0,215.0,15.0,75.0,42.0,22.0,62.0,111.0,112.0,128.0,101.0,40.0,35.0,31.0
73.0,55.0,207.0,6.0,257.0,143.0,106.0,73.0,38.0,67.0,204.0,50.0,211.0,57.0,231.0
80.0,41.0,204.0,14.0,233.0,102.0,98.0,10.0,99.0,99.0,122.0,76.0,209.0,16.0,172.0
83.0,37.0,111.0,14.0,32.0,250.0,5.0,15.0,99.0,25.0,5.0,0.0,33.0,269.0,12.0
287.0,323.0,481.0,80.0,360.0,407.0,226.0,342.0,430.0,296.0,386.0,355.0,344.0,258.0,32.0
113.0,90.0,263.0,23.0,112.0,281.0,43.0,148.0,147.0,147.0,200.0,151.0,76.0,101.0,87.0
157.0,180.0,281.0,35.0,233.0,260.0,76.0,490.0,199.0,154.0,206.0,165.0,156.0,333.0,201.0
237.0,274.0,356.0,67.0,275.0,362.0,138.0,259.0,332.0,227.0,295.0,282.0,264.0,196.0,250.0
103.0,72.0,222.0,18.0,100.0,333.0,33.0,92.0,122.0,113.0,179.0,196.0,52.0,65.0,126.0
295.0,232.0,532.0,96.0,446.0,315.0,258.0,406.0,466.0,374.0,245.0,580.0,450.0,613.0,473.0
80.0,41.0,363.0,16.0,83.0,102.0,38.0,323.0,99.0,246.0,299.0,240.0,33.0,247.0,84.0
410.0,756.0,553.0,177.0,723.0,341.0,570.0,470.0,545.0,374.0,470.0,582.0,751.0,319.0,201.0
77.0,55.0,303.0,8.0,47.0,156.0,6.0,202.0,69.0,176.0,232.0,288.0,27.0,159.0,32.0
232.0,325.0,351.0,64.0,89.0,249.0,170.0,241.0,313.0,214.0,286.0,330.0,276.0,169.0,72.0
126.0,130.0,251.0,27.0,157.0,225.0,52.0,228.0,168.0,138.0,204.0,139.0,97.0,174.0,119.0
73.0,56.0,184.0,7.0,28.0,155.0,2.0,32.0,46.0,61.0,187.0,23.0,10.0,17.0,63.0
119.0,104.0,246.0,23.0,134.0,212.0,43.0,264.0,163.0,132.0,173.0,127.0,76.0,193.0,80.0
270.0,261.0,528.0,78.0,341.0,319.0,226.0,398.0,271.0,322.0,419.0,457.0,334.0,269.0,406.0
229.0,338.0,105.0,27.0,202.0,448.0,75.0,391.0,171.0,140.0,0.0,149.0,150.0,303.0,173.0
264.0,717.0,363.0,70.0,228.0,706.0,274.0,277.0,194.0,230.0,298.0,288.0,529.0,193.0,201.0
125.0,130.0,252.0,25.0,157.0,221.0,46.0,132.0,168.0,138.0,175.0,582.0,92.0,88.0,56.0
412.0,764.0,348.0,61.0,292.0,534.0,166.0,205.0,302.0,207.0,272.0,263.0,273.0,156.0,307.0
232.0,301.0,313.0,64.0,278.0,382.0,147.0,200.0,313.0,188.0,239.0,307.0,276.0,134.0,87.0
224.0,304.0,855.0,32.0,200.0,389.0,61.0,940.0,184.0,160.0,999.0,244.0,122.0,493.0,170.0
103.0,72.0,279.0,17.0,229.0,156.0,85.0,204.0,111.0,154.0,200.0,167.0,515.0,258.0,192.0
314.0,488.0,476.0,97.0,257.0,490.0,121.0,341.0,498.0,289.0,302.0,348.0,500.0,130.0,89.0
270.0,367.0,292.0,86.0,476.0,445.0,262.0,176.0,428.0,156.0,210.0,178.0,438.0,193.0,74.0
314.0,233.0,385.0,97.0,83.0,320.0,23.0,293.0,480.0,296.0,333.0,264.0,284.0,208.0,64.0
233.0,316.0,312.0,41.0,200.0,390.0,75.0,200.0,223.0,187.0,130.0,204.0,150.0,145.0,172.0
157.0,304.0,293.0,35.0,206.0,388.0,75.0,186.0,198.0,160.0,211.0,172.0,155.0,133.0,175.0
154.0,281.0,283.0,33.0,257.0,362.0,217.0,148.0,191.0,156.0,208.0,174.0,331.0,96.0,242.0
273.0,169.0,999.0,999.0,137.0,255.0,48.0,999.0,999.0,999.0,527.0,178.0,999.0,503.0,82.0
271.0,409.0,417.0,87.0,341.0,445.0,213.0,403.0,428.0,269.0,262.0,322.0,316.0,303.0,574.0
187.0,261.0,356.0,58.0,278.0,253.0,147.0,259.0,297.0,202.0,199.0,277.0,269.0,235.0,242.0
120.0,105.0,240.0,23.0,226.0,212.0,43.0,51.0,139.0,129.0,157.0,115.0,76.0,96.0,190.0
123.0,105.0,252.0,24.0,211.0,213.0,78.0,290.0,120.0,138.0,176.0,138.0,35.0,205.0,175.0
232.0,225.0,353.0,65.0,233.0,310.0,165.0,251.0,314.0,223.0,286.0,248.0,272.0,184.0,178.0
100.0,62.0,311.0,17.0,89.0,155.0,30.0,204.0,363.0,129.0,241.0,126.0,46.0,167.0,71.0
123.0,37.0,252.0,24.0,89.0,101.0,30.0,140.0,163.0,137.0,286.0,151.0,89.0,111.0,73.0
270.0,590.0,126.0,6.0,15.0,306.0,1.0,83.0,46.0,61.0,0.0,25.0,4.0,64.0,4.0
287.0,128.0,457.0,95.0,85.0,220.0,261.0,322.0,466.0,275.0,366.0,302.0,429.0,186.0,66.0
83.0,43.0,201.0,11.0,86.0,118.0,19.0,83.0,95.0,92.0,100.0,76.0,35.0,64.0,69.0
181.0,235.0,356.0,45.0,224.0,429.0,106.0,259.0,222.0,187.0,389.0,197.0,195.0,57.0,181.0
97.0,56.0,353.0,16.0,85.0,155.0,29.0,251.0,117.0,202.0,286.0,254.0,46.0,184.0,81.0
158.0,205.0,294.0,36.0,128.0,294.0,42.0,83.0,198.0,165.0,218.0,140.0,76.0,62.0,97.0
268.0,64.0,570.0,85.0,310.0,159.0,220.0,476.0,425.0,403.0,500.0,95.0,450.0,333.0,331.0
86.0,55.0,208.0,15.0,212.0,155.0,99.0,32.0,98.0,105.0,122.0,84.0,202.0,21.0,179.0
376.0,717.0,532.0,133.0,966.0,460.0,598.0,406.0,568.0,347.0,164.0,460.0,751.0,291.0,881.0
206.0,276.0,316.0,49.0,258.0,390.0,99.0,32.0,170.0,188.0,245.0,220.0,202.0,17.0,234.0
133.0,137.0,263.0,29.0,175.0,249.0,58.0,149.0,173.0,147.0,200.0,173.0,102.0,101.0,158.0
202.0,261.0,332.0,51.0,197.0,373.0,75.0,15.0,272.0,193.0,245.0,236.0,149.0,16.0,111.0
133.0,141.0,263.0,29.0,176.0,249.0,58.0,149.0,173.0,147.0,191.0,160.0,102.0,107.0,153.0
115.0,103.0,125.0,5.0,128.0,211.0,1.0,16.0,69.0,58.0,13.0,23.0,5.0,16.0,87.0
147.0,212.0,125.0,36.0,226.0,294.0,83.0,27.0,199.0,57.0,13.0,155.0,174.0,17.0,182.0
83.0,43.0,475.0,12.0,54.0,127.0,18.0,59.0,111.0,275.0,149.0,305.0,35.0,17.0,42.0
112.0,90.0,256.0,25.0,75.0,197.0,50.0,144.0,168.0,138.0,226.0,139.0,92.0,28.0,55.0
270.0,234.0,396.0,60.0,288.0,320.0,165.0,297.0,302.0,207.0,320.0,263.0,272.0,218.0,87.0
270.0,376.0,392.0,80.0,360.0,448.0,226.0,297.0,180.0,252.0,320.0,305.0,337.0,173.0,473.0
75.0,37.0,206.0,13.0,106.0,215.0,19.0,83.0,197.0,101.0,117.0,91.0,36.0,12.0,111.0
114.0,92.0,263.0,22.0,261.0,203.0,40.0,149.0,144.0,147.0,117.0,155.0,73.0,72.0,242.0
137.0,179.0,279.0,29.0,175.0,260.0,58.0,160.0,178.0,153.0,257.0,164.0,108.0,241.0,142.0
80.0,41.0,184.0,7.0,128.0,102.0,42.0,45.0,50.0,80.0,249.0,81.0,76.0,25.0,99.0
152.0,403.0,294.0,36.0,229.0,460.0,83.0,175.0,210.0,167.0,218.0,186.0,161.0,123.0,187.0
114.0,95.0,271.0,22.0,132.0,205.0,45.0,154.0,144.0,153.0,201.0,163.0,70.0,107.0,107.0
181.0,234.0,303.0,36.0,203.0,328.0,76.0,194.0,199.0,176.0,232.0,185.0,158.0,159.0,174.0
119.0,104.0,184.0,23.0,157.0,213.0,52.0,45.0,162.0,132.0,126.0,127.0,101.0,21.0,119.0
134.0,42.0,246.0,20.0,65.0,87.0,19.0,140.0,132.0,132.0,170.0,127.0,36.0,91.0,44.0
146.0,173.0,263.0,29.0,174.0,256.0,58.0,59.0,119.0,147.0,126.0,167.0,103.0,64.0,91.0
287.0,403.0,449.0,95.0,446.0,468.0,261.0,322.0,454.0,273.0,203.0,307.0,464.0,248.0,566.0
257.0,346.0,382.0,77.0,303.0,437.0,170.0,296.0,302.0,247.0,309.0,303.0,276.0,213.0,183.0
270.0,406.0,311.0,86.0,277.0,468.0,139.0,32.0,425.0,264.0,236.0,241.0,380.0,20.0,182.0
270.0,391.0,310.0,86.0,310.0,460.0,174.0,132.0,430.0,25.0,234.0,0.0,678.0,555.0,329.0
271.0,406.0,224.0,86.0,278.0,349.0,147.0,59.0,428.0,120.0,0.0,117.0,309.0,17.0,262.0
271.0,403.0,438.0,89.0,360.0,462.0,220.0,204.0,163.0,271.0,338.0,322.0,408.0,150.0,84.0
182.0,215.0,500.0,49.0,238.0,294.0,99.0,363.0,296.0,304.0,408.0,430.0,204.0,271.0,213.0
111.0,21.0,204.0,18.0,197.0,261.0,75.0,62.0,122.0,112.0,108.0,100.0,149.0,34.0,160.0
178.0,231.0,385.0,45.0,168.0,220.0,54.0,297.0,223.0,247.0,310.0,303.0,195.0,217.0,110.0
233.0,316.0,355.0,65.0,151.0,390.0,171.0,251.0,313.0,223.0,286.0,268.0,284.0,185.0,119.0
87.0,48.0,212.0,16.0,117.0,112.0,37.0,149.0,119.0,108.0,203.0,98.0,45.0,96.0,93.0
165.0,229.0,299.0,38.0,175.0,319.0,58.0,187.0,213.0,174.0,222.0,193.0,174.0,133.0,144.0
181.0,233.0,336.0,45.0,229.0,320.0,92.0,205.0,223.0,188.0,238.0,304.0,196.0,27.0,218.0
92.0,43.0,294.0,15.0,102.0,127.0,35.0,346.0,105.0,129.0,211.0,118.0,42.0,259.0,82.0
103.0,76.0,279.0,20.0,112.0,154.0,35.0,158.0,173.0,153.0,204.0,163.0,55.0,111.0,87.0
97.0,78.0,212.0,16.0,88.0,56.0,29.0,103.0,117.0,108.0,149.0,100.0,46.0,72.0,71.0
330.0,618.0,747.0,117.0,242.0,518.0,99.0,718.0,547.0,660.0,833.0,317.0,101.0,493.0,155.0
163.0,214.0,311.0,36.0,89.0,188.0,32.0,198.0,191.0,182.0,240.0,204.0,168.0,145.0,74.0
316.0,515.0,507.0,128.0,58.0,344.0,382.0,323.0,547.0,306.0,408.0,207.0,590.0,248.0,44.0
306.0,474.0,549.0,80.0,258.0,462.0,119.0,420.0,518.0,252.0,468.0,304.0,337.0,311.0,97.0
256.0,332.0,855.0,36.0,200.0,430.0,75.0,756.0,197.0,200.0,999.0,178.0,150.0,496.0,172.0
196.0,367.0,322.0,51.0,228.0,430.0,247.0,205.0,288.0,196.0,241.0,236.0,238.0,159.0,322.0
71.0,28.0,130.0,6.0,0.0,490.0,0.0,31.0,33.0,61.0,29.0,113.0,0.0,26.0,0.0
167.0,188.0,300.0,38.0,229.0,216.0,45.0,189.0,223.0,176.0,210.0,196.0,176.0,133.0,190.0
75.0,261.0,223.0,15.0,134.0,389.0,23.0,97.0,105.0,114.0,211.0,100.0,42.0,555.0,116.0
104.0,284.0,0.0,0.0,117.0,294.0,0.0,0.0,0.0,0.0,0.0,81.0,0.0,0.0,89.0
137.0,185.0,300.0,30.0,104.0,261.0,59.0,189.0,132.0,154.0,458.0,165.0,113.0,132.0,82.0
154.0,193.0,382.0,63.0,257.0,277.0,147.0,292.0,204.0,246.0,309.0,302.0,269.0,208.0,231.0
122.0,106.0,242.0,24.0,189.0,214.0,67.0,115.0,163.0,132.0,165.0,126.0,84.0,72.0,156.0
311.0,231.0,386.0,45.0,243.0,310.0,99.0,296.0,222.0,304.0,320.0,149.0,200.0,148.0,73.0
288.0,461.0,481.0,95.0,445.0,489.0,254.0,342.0,466.0,296.0,387.0,353.0,444.0,256.0,574.0
147.0,238.0,300.0,33.0,208.0,344.0,67.0,189.0,170.0,176.0,232.0,204.0,139.0,133.0,175.0
168.0,225.0,379.0,38.0,229.0,215.0,86.0,292.0,215.0,246.0,290.0,302.0,176.0,208.0,201.0
206.0,235.0,260.0,51.0,229.0,297.0,119.0,149.0,272.0,192.0,257.0,221.0,219.0,96.0,182.0
94.0,55.0,648.0,217.0,278.0,155.0,139.0,572.0,676.0,416.0,640.0,127.0,905.0,455.0,274.0
206.0,274.0,564.0,18.0,117.0,521.0,35.0,440.0,122.0,112.0,527.0,100.0,55.0,305.0,87.0
76.0,41.0,201.0,11.0,47.0,102.0,16.0,476.0,76.0,83.0,94.0,76.0,33.0,321.0,32.0
125.0,130.0,500.0,112.0,310.0,222.0,180.0,363.0,601.0,304.0,408.0,428.0,408.0,271.0,331.0
124.0,130.0,258.0,29.0,211.0,227.0,54.0,146.0,170.0,144.0,188.0,164.0,101.0,96.0,175.0
91.0,48.0,336.0,15.0,88.0,127.0,23.0,205.0,105.0,197.0,248.0,220.0,42.0,149.0,71.0
103.0,45.0,298.0,18.0,257.0,127.0,26.0,187.0,122.0,200.0,222.0,323.0,44.0,174.0,231.0
181.0,234.0,300.0,45.0,248.0,369.0,99.0,186.0,237.0,188.0,226.0,236.0,200.0,111.0,216.0
77.0,41.0,130.0,8.0,75.0,86.0,22.0,31.0,69.0,67.0,27.0,137.0,27.0,159.0,55.0
244.0,323.0,353.0,70.0,233.0,429.0,95.0,241.0,341.0,214.0,286.0,263.0,291.0,184.0,201.0
91.0,48.0,207.0,15.0,80.0,143.0,23.0,176.0,111.0,106.0,139.0,100.0,42.0,123.0,55.0
241.0,323.0,386.0,80.0,229.0,404.0,79.0,292.0,425.0,247.0,320.0,353.0,145.0,208.0,119.0
102.0,78.0,240.0,22.0,89.0,173.0,30.0,104.0,163.0,129.0,218.0,125.0,70.0,76.0,73.0
83.0,42.0,312.0,15.0,83.0,118.0,23.0,198.0,103.0,106.0,123.0,91.0,43.0,79.0,83.0
134.0,130.0,263.0,29.0,206.0,208.0,58.0,149.0,171.0,147.0,50.0,175.0,108.0,12.0,231.0
232.0,306.0,348.0,61.0,200.0,389.0,143.0,232.0,168.0,207.0,287.0,263.0,269.0,129.0,172.0
126.0,131.0,252.0,24.0,150.0,261.0,50.0,140.0,163.0,137.0,187.0,257.0,92.0,81.0,125.0
314.0,461.0,530.0,104.0,601.0,486.0,339.0,15.0,498.0,296.0,419.0,355.0,583.0,16.0,87.0
178.0,235.0,300.0,45.0,132.0,333.0,79.0,322.0,227.0,176.0,236.0,197.0,167.0,617.0,87.0
100.0,62.0,207.0,15.0,75.0,155.0,23.0,78.0,103.0,108.0,119.0,100.0,40.0,34.0,54.0
119.0,104.0,747.0,23.0,104.0,212.0,45.0,704.0,38.0,660.0,833.0,911.0,77.0,555.0,87.0
210.0,284.0,346.0,57.0,243.0,373.0,99.0,205.0,293.0,201.0,257.0,248.0,202.0,156.0,231.0
322.0,585.0,488.0,110.0,43.0,358.0,5.0,327.0,551.0,300.0,400.0,277.0,23.0,248.0,25.0
311.0,474.0,481.0,97.0,191.0,490.0,79.0,346.0,500.0,296.0,387.0,355.0,494.0,259.0,262.0
24.0,0.0,111.0,3.0,17.0,0.0,2.0,346.0,12.0,25.0,5.0,0.0,5.0,259.0,9.0
126.0,129.0,190.0,11.0,54.0,112.0,19.0,51.0,95.0,84.0,175.0,76.0,36.0,28.0,43.0
178.0,227.0,204.0,41.0,206.0,312.0,85.0,62.0,227.0,167.0,215.0,186.0,176.0,30.0,175.0
73.0,27.0,170.0,7.0,445.0,56.0,5.0,132.0,46.0,75.0,78.0,58.0,23.0,87.0,574.0
100.0,62.0,346.0,17.0,123.0,155.0,39.0,225.0,145.0,199.0,465.0,249.0,46.0,173.0,93.0
104.0,78.0,316.0,19.0,117.0,173.0,35.0,201.0,127.0,115.0,238.0,249.0,59.0,167.0,97.0
176.0,229.0,313.0,45.0,230.0,315.0,83.0,204.0,223.0,187.0,239.0,197.0,195.0,150.0,201.0
270.0,376.0,411.0,86.0,360.0,448.0,226.0,313.0,428.0,264.0,187.0,312.0,337.0,240.0,4.0
169.0,227.0,337.0,24.0,131.0,312.0,45.0,280.0,163.0,197.0,245.0,241.0,83.0,201.0,101.0
232.0,48.0,536.0,64.0,288.0,143.0,165.0,438.0,313.0,347.0,458.0,470.0,276.0,312.0,316.0
97.0,55.0,207.0,16.0,83.0,221.0,23.0,80.0,122.0,106.0,91.0,92.0,43.0,62.0,54.0
191.0,257.0,379.0,51.0,217.0,348.0,79.0,285.0,270.0,296.0,232.0,355.0,212.0,202.0,173.0
288.0,461.0,449.0,95.0,448.0,486.0,274.0,322.0,454.0,275.0,152.0,353.0,524.0,246.0,604.0
94.0,55.0,411.0,85.0,237.0,155.0,98.0,312.0,177.0,264.0,333.0,387.0,200.0,240.0,212.0
256.0,332.0,351.0,73.0,242.0,430.0,217.0,241.0,302.0,213.0,238.0,264.0,331.0,184.0,214.0
217.0,306.0,347.0,61.0,186.0,389.0,166.0,206.0,127.0,203.0,262.0,137.0,273.0,158.0,153.0
176.0,227.0,310.0,41.0,229.0,397.0,92.0,195.0,180.0,182.0,234.0,197.0,191.0,145.0,331.0
92.0,55.0,220.0,18.0,89.0,155.0,30.0,141.0,122.0,112.0,128.0,100.0,46.0,613.0,63.0
246.0,325.0,337.0,70.0,138.0,418.0,46.0,290.0,292.0,198.0,230.0,241.0,291.0,202.0,114.0
126.0,133.0,252.0,25.0,138.0,87.0,50.0,146.0,168.0,138.0,211.0,138.0,92.0,91.0,174.0
270.0,376.0,240.0,23.0,132.0,429.0,45.0,704.0,162.0,129.0,309.0,126.0,84.0,493.0,81.0
229.0,310.0,251.0,58.0,312.0,389.0,147.0,176.0,296.0,137.0,176.0,134.0,269.0,123.0,341.0
270.0,346.0,414.0,86.0,128.0,430.0,42.0,313.0,431.0,265.0,326.0,317.0,145.0,240.0,99.0
126.0,130.0,257.0,27.0,157.0,230.0,52.0,0.0,170.0,141.0,187.0,167.0,97.0,0.0,119.0
183.0,281.0,330.0,50.0,176.0,374.0,61.0,205.0,252.0,192.0,244.0,218.0,209.0,158.0,148.0
414.0,108.0,590.0,182.0,410.0,215.0,274.0,470.0,314.0,403.0,509.0,681.0,330.0,319.0,473.0
178.0,221.0,350.0,45.0,17.0,306.0,99.0,225.0,223.0,185.0,274.0,207.0,200.0,173.0,11.0
180.0,233.0,320.0,41.0,229.0,319.0,85.0,204.0,223.0,182.0,189.0,249.0,190.0,150.0,190.0
146.0,169.0,260.0,30.0,224.0,255.0,61.0,148.0,182.0,144.0,177.0,167.0,122.0,87.0,181.0
178.0,231.0,350.0,45.0,131.0,320.0,33.0,493.0,147.0,213.0,274.0,264.0,54.0,331.0,101.0
196.0,259.0,337.0,51.0,278.0,324.0,148.0,205.0,276.0,190.0,261.0,287.0,264.0,156.0,250.0
76.0,41.0,184.0,8.0,150.0,112.0,48.0,45.0,69.0,81.0,211.0,68.0,25.0,58.0,99.0
271.0,317.0,414.0,86.0,28.0,393.0,4.0,312.0,428.0,265.0,326.0,317.0,369.0,246.0,11.0
167.0,222.0,313.0,45.0,230.0,315.0,94.0,197.0,213.0,187.0,238.0,203.0,195.0,129.0,201.0
123.0,109.0,255.0,24.0,145.0,280.0,48.0,144.0,163.0,139.0,182.0,140.0,90.0,169.0,116.0
212.0,300.0,386.0,89.0,258.0,373.0,121.0,323.0,452.0,271.0,320.0,322.0,238.0,247.0,216.0
259.0,348.0,542.0,80.0,365.0,439.0,217.0,420.0,425.0,247.0,465.0,138.0,331.0,309.0,455.0
100.0,95.0,240.0,20.0,89.0,256.0,30.0,109.0,139.0,129.0,157.0,117.0,54.0,72.0,73.0
429.0,325.0,657.0,201.0,73.0,430.0,570.0,508.0,165.0,404.0,307.0,470.0,905.0,343.0,55.0
134.0,145.0,266.0,29.0,174.0,250.0,58.0,476.0,119.0,147.0,203.0,167.0,103.0,321.0,140.0
138.0,76.0,263.0,30.0,131.0,319.0,61.0,176.0,457.0,147.0,236.0,156.0,128.0,132.0,101.0
123.0,109.0,239.0,24.0,137.0,215.0,46.0,176.0,163.0,129.0,154.0,124.0,89.0,125.0,111.0
256.0,332.0,382.0,71.0,446.0,429.0,258.0,285.0,363.0,246.0,309.0,302.0,272.0,202.0,155.0
163.0,215.0,476.0,97.0,445.0,297.0,261.0,341.0,501.0,293.0,408.0,346.0,494.0,275.0,574.0
97.0,55.0,336.0,16.0,106.0,156.0,35.0,206.0,117.0,197.0,248.0,220.0,55.0,111.0,87.0
270.0,235.0,386.0,97.0,89.0,310.0,276.0,296.0,466.0,252.0,320.0,323.0,494.0,245.0,73.0
113.0,90.0,240.0,21.0,141.0,319.0,39.0,160.0,139.0,129.0,157.0,124.0,70.0,130.0,117.0
86.0,48.0,207.0,15.0,106.0,143.0,23.0,80.0,103.0,106.0,120.0,91.0,42.0,57.0,87.0
112.0,95.0,246.0,23.0,429.0,249.0,43.0,124.0,145.0,132.0,240.0,126.0,76.0,81.0,566.0
73.0,27.0,170.0,6.0,174.0,155.0,58.0,0.0,38.0,71.0,117.0,463.0,103.0,0.0,140.0
314.0,488.0,487.0,109.0,202.0,490.0,274.0,353.0,501.0,296.0,394.0,374.0,524.0,412.0,172.0
271.0,338.0,392.0,80.0,410.0,430.0,237.0,296.0,425.0,252.0,322.0,305.0,331.0,41.0,153.0
271.0,409.0,485.0,109.0,415.0,369.0,243.0,346.0,579.0,296.0,387.0,374.0,529.0,259.0,231.0
163.0,215.0,298.0,36.0,277.0,294.0,75.0,186.0,210.0,171.0,222.0,190.0,168.0,131.0,250.0
105.0,42.0,267.0,20.0,58.0,133.0,19.0,155.0,129.0,151.0,200.0,162.0,36.0,24.0,45.0
83.0,45.0,238.0,14.0,83.0,127.0,24.0,130.0,119.0,120.0,152.0,115.0,43.0,217.0,52.0
24.0,188.0,283.0,33.0,89.0,256.0,32.0,168.0,158.0,154.0,207.0,172.0,54.0,116.0,74.0
73.0,42.0,271.0,7.0,75.0,103.0,5.0,155.0,46.0,151.0,203.0,162.0,23.0,106.0,156.0
181.0,234.0,487.0,109.0,229.0,255.0,261.0,476.0,503.0,296.0,394.0,374.0,408.0,311.0,215.0
154.0,185.0,283.0,33.0,188.0,272.0,67.0,168.0,425.0,154.0,208.0,172.0,140.0,119.0,156.0
287.0,323.0,340.0,56.0,117.0,418.0,43.0,216.0,293.0,200.0,250.0,246.0,256.0,167.0,94.0
154.0,188.0,346.0,34.0,200.0,268.0,75.0,223.0,193.0,156.0,230.0,151.0,149.0,170.0,172.0
167.0,221.0,507.0,38.0,279.0,294.0,85.0,364.0,210.0,306.0,408.0,353.0,175.0,275.0,274.0
114.0,87.0,316.0,21.0,112.0,188.0,35.0,200.0,144.0,188.0,207.0,220.0,68.0,180.0,87.0
232.0,210.0,350.0,64.0,310.0,281.0,172.0,250.0,313.0,214.0,274.0,268.0,276.0,72.0,341.0
104.0,78.0,111.0,13.0,75.0,173.0,19.0,16.0,50.0,25.0,5.0,0.0,36.0,16.0,54.0
306.0,474.0,487.0,109.0,735.0,490.0,253.0,353.0,501.0,296.0,394.0,374.0,429.0,269.0,220.0
114.0,78.0,240.0,22.0,86.0,193.0,34.0,110.0,144.0,129.0,160.0,126.0,70.0,77.0,11.0
270.0,376.0,395.0,86.0,446.0,439.0,258.0,90.0,428.0,264.0,320.0,355.0,450.0,496.0,574.0
316.0,515.0,485.0,106.0,104.0,484.0,391.0,346.0,500.0,296.0,249.0,353.0,656.0,259.0,87.0
183.0,249.0,336.0,50.0,248.0,348.0,105.0,206.0,253.0,198.0,248.0,240.0,209.0,158.0,216.0
167.0,221.0,336.0,38.0,229.0,289.0,92.0,216.0,253.0,174.0,245.0,196.0,175.0,503.0,213.0
123.0,188.0,661.0,25.0,151.0,241.0,50.0,509.0,168.0,151.0,509.0,162.0,92.0,312.0,119.0
154.0,188.0,299.0,34.0,141.0,288.0,50.0,187.0,193.0,176.0,110.0,203.0,145.0,186.0,111.0
314.0,474.0,476.0,104.0,211.0,490.0,82.0,341.0,500.0,296.0,408.0,355.0,174.0,241.0,175.0
83.0,43.0,201.0,11.0,75.0,124.0,19.0,322.0,182.0,92.0,100.0,76.0,40.0,246.0,64.0
76.0,47.0,246.0,23.0,126.0,133.0,70.0,155.0,171.0,132.0,170.0,127.0,83.0,106.0,99.0
236.0,316.0,553.0,66.0,157.0,389.0,50.0,469.0,330.0,243.0,470.0,298.0,284.0,269.0,126.0
76.0,346.0,855.0,7.0,117.0,445.0,35.0,885.0,237.0,356.0,999.0,460.0,44.0,628.0,64.0
83.0,27.0,283.0,36.0,242.0,56.0,82.0,168.0,233.0,156.0,208.0,178.0,171.0,122.0,215.0
100.0,48.0,207.0,17.0,0.0,143.0,0.0,59.0,120.0,106.0,120.0,98.0,47.0,27.0,0.0
330.0,612.0,491.0,114.0,89.0,534.0,339.0,358.0,545.0,304.0,402.0,428.0,583.0,269.0,74.0
246.0,331.0,382.0,70.0,73.0,422.0,19.0,292.0,333.0,246.0,309.0,302.0,288.0,208.0,43.0
414.0,348.0,580.0,182.0,176.0,390.0,61.0,398.0,292.0,403.0,509.0,162.0,123.0,305.0,81.0
271.0,214.0,447.0,91.0,104.0,468.0,35.0,59.0,452.0,273.0,419.0,323.0,406.0,30.0,84.0
268.0,373.0,481.0,80.0,365.0,439.0,226.0,342.0,281.0,296.0,387.0,353.0,337.0,192.0,455.0
288.0,461.0,440.0,95.0,434.0,486.0,253.0,323.0,452.0,275.0,414.0,705.0,438.0,248.0,566.0
182.0,233.0,382.0,29.0,230.0,320.0,99.0,306.0,165.0,246.0,310.0,301.0,195.0,218.0,201.0
241.0,323.0,361.0,70.0,313.0,407.0,150.0,313.0,332.0,228.0,299.0,287.0,288.0,185.0,351.0
182.0,235.0,320.0,50.0,252.0,407.0,105.0,194.0,252.0,188.0,240.0,221.0,209.0,129.0,218.0
80.0,37.0,204.0,6.0,168.0,82.0,54.0,62.0,34.0,61.0,108.0,312.0,12.0,30.0,127.0
244.0,323.0,355.0,70.0,83.0,333.0,24.0,251.0,199.0,225.0,287.0,282.0,291.0,491.0,56.0
111.0,89.0,224.0,21.0,117.0,191.0,35.0,98.0,145.0,120.0,211.0,92.0,59.0,72.0,89.0
140.0,174.0,278.0,30.0,161.0,154.0,53.0,223.0,158.0,151.0,201.0,162.0,101.0,34.0,127.0
156.0,221.0,292.0,35.0,202.0,293.0,75.0,176.0,197.0,156.0,210.0,163.0,154.0,125.0,174.0
206.0,281.0,701.0,56.0,280.0,319.0,147.0,509.0,292.0,106.0,239.0,312.0,256.0,311.0,238.0
376.0,717.0,550.0,148.0,165.0,687.0,530.0,470.0,483.0,374.0,470.0,582.0,726.0,319.0,95.0
375.0,693.0,528.0,137.0,191.0,382.0,53.0,398.0,571.0,319.0,414.0,456.0,101.0,305.0,156.0
273.0,406.0,449.0,91.0,524.0,468.0,274.0,322.0,454.0,273.0,366.0,323.0,524.0,186.0,139.0
154.0,182.0,290.0,33.0,228.0,259.0,85.0,141.0,187.0,156.0,245.0,174.0,140.0,72.0,190.0
235.0,304.0,657.0,65.0,310.0,388.0,172.0,364.0,314.0,416.0,240.0,115.0,284.0,275.0,329.0
322.0,585.0,485.0,110.0,83.0,479.0,19.0,346.0,178.0,296.0,389.0,355.0,36.0,58.0,574.0
257.0,348.0,476.0,97.0,134.0,490.0,237.0,323.0,81.0,293.0,208.0,316.0,678.0,245.0,93.0
95.0,55.0,208.0,16.0,85.0,156.0,28.0,83.0,117.0,107.0,122.0,101.0,45.0,64.0,64.0
270.0,367.0,438.0,91.0,310.0,439.0,184.0,469.0,454.0,275.0,338.0,338.0,288.0,496.0,333.0
180.0,233.0,294.0,43.0,229.0,320.0,94.0,187.0,222.0,188.0,203.0,197.0,191.0,179.0,201.0
270.0,284.0,332.0,86.0,174.0,373.0,67.0,241.0,431.0,265.0,245.0,348.0,139.0,208.0,183.0
376.0,717.0,532.0,148.0,128.0,407.0,50.0,415.0,571.0,347.0,449.0,322.0,92.0,305.0,93.0
115.0,95.0,488.0,112.0,253.0,205.0,106.0,322.0,568.0,300.0,400.0,387.0,588.0,269.0,220.0
71.0,27.0,130.0,6.0,165.0,86.0,29.0,31.0,33.0,63.0,29.0,47.0,46.0,259.0,99.0
77.0,41.0,247.0,8.0,243.0,112.0,92.0,124.0,178.0,81.0,139.0,68.0,27.0,318.0,214.0
104.0,78.0,256.0,25.0,151.0,210.0,50.0,144.0,168.0,138.0,264.0,138.0,92.0,95.0,118.0
414.0,764.0,260.0,177.0,234.0,349.0,94.0,32.0,638.0,356.0,188.0,338.0,590.0,21.0,213.0
154.0,188.0,255.0,33.0,104.0,372.0,34.0,155.0,187.0,120.0,165.0,108.0,140.0,107.0,83.0
113.0,90.0,238.0,21.0,138.0,175.0,45.0,420.0,109.0,120.0,152.0,117.0,59.0,305.0,172.0
121.0,105.0,283.0,29.0,161.0,213.0,53.0,168.0,172.0,156.0,307.0,162.0,101.0,122.0,126.0
100.0,62.0,214.0,17.0,89.0,156.0,30.0,83.0,120.0,108.0,128.0,304.0,46.0,64.0,84.0
138.0,182.0,428.0,29.0,176.0,261.0,61.0,205.0,158.0,151.0,345.0,162.0,109.0,256.0,153.0
120.0,331.0,252.0,25.0,145.0,425.0,50.0,146.0,168.0,138.0,182.0,139.0,92.0,90.0,122.0
429.0,118.0,580.0,185.0,208.0,221.0,530.0,312.0,638.0,404.0,509.0,248.0,751.0,241.0,175.0
102.0,71.0,300.0,18.0,100.0,159.0,32.0,189.0,122.0,200.0,226.0,246.0,49.0,134.0,80.0
235.0,235.0,207.0,15.0,15.0,87.0,1.0,62.0,103.0,106.0,119.0,76.0,5.0,12.0,4.0
115.0,135.0,247.0,23.0,85.0,241.0,40.0,130.0,145.0,129.0,173.0,126.0,73.0,65.0,66.0
138.0,164.0,267.0,29.0,175.0,255.0,58.0,154.0,178.0,151.0,200.0,162.0,109.0,102.0,190.0
133.0,219.0,258.0,29.0,157.0,297.0,52.0,155.0,177.0,144.0,188.0,156.0,97.0,312.0,174.0
121.0,104.0,215.0,20.0,75.0,212.0,23.0,84.0,248.0,112.0,128.0,101.0,42.0,64.0,12.0
157.0,188.0,532.0,35.0,157.0,319.0,61.0,415.0,198.0,347.0,458.0,446.0,155.0,308.0,95.0
257.0,63.0,361.0,63.0,191.0,156.0,166.0,264.0,311.0,228.0,297.0,287.0,276.0,269.0,192.0
76.0,72.0,125.0,8.0,45.0,143.0,19.0,27.0,50.0,58.0,20.0,23.0,25.0,17.0,42.0
182.0,241.0,323.0,50.0,229.0,348.0,92.0,222.0,314.0,188.0,241.0,221.0,209.0,173.0,201.0
124.0,43.0,190.0,25.0,118.0,127.0,37.0,65.0,168.0,82.0,87.0,47.0,92.0,41.0,94.0
182.0,241.0,283.0,50.0,132.0,348.0,106.0,176.0,253.0,154.0,207.0,196.0,211.0,312.0,107.0
126.0,233.0,257.0,27.0,161.0,320.0,53.0,144.0,171.0,144.0,187.0,58.0,97.0,95.0,125.0
211.0,276.0,346.0,57.0,206.0,372.0,222.0,223.0,293.0,201.0,262.0,249.0,264.0,173.0,174.0
156.0,194.0,294.0,34.0,200.0,270.0,75.0,176.0,168.0,156.0,210.0,178.0,154.0,122.0,172.0
182.0,233.0,361.0,46.0,243.0,320.0,99.0,251.0,292.0,188.0,298.0,236.0,200.0,184.0,250.0
146.0,182.0,657.0,32.0,174.0,261.0,58.0,508.0,314.0,425.0,582.0,212.0,123.0,339.0,139.0
102.0,40.0,294.0,49.0,234.0,86.0,99.0,200.0,122.0,188.0,201.0,221.0,204.0,122.0,172.0
999.0,999.0,999.0,999.0,174.0,999.0,391.0,999.0,999.0,999.0,203.0,999.0,999.0,628.0,154.0
232.0,310.0,530.0,64.0,310.0,390.0,188.0,403.0,313.0,278.0,419.0,325.0,276.0,311.0,262.0
257.0,87.0,271.0,73.0,161.0,297.0,217.0,175.0,293.0,151.0,200.0,162.0,331.0,133.0,125.0
428.0,769.0,457.0,97.0,303.0,143.0,226.0,323.0,480.0,275.0,366.0,246.0,344.0,247.0,316.0
410.0,590.0,550.0,51.0,310.0,206.0,180.0,438.0,302.0,108.0,470.0,100.0,288.0,312.0,331.0
181.0,234.0,323.0,45.0,233.0,319.0,95.0,204.0,237.0,188.0,389.0,214.0,200.0,150.0,148.0
96.0,55.0,208.0,16.0,73.0,154.0,23.0,82.0,117.0,107.0,122.0,160.0,46.0,62.0,55.0
122.0,48.0,240.0,24.0,191.0,127.0,69.0,110.0,163.0,129.0,5.0,124.0,84.0,72.0,248.0
134.0,154.0,224.0,29.0,189.0,253.0,67.0,98.0,187.0,147.0,152.0,162.0,139.0,72.0,157.0
165.0,488.0,310.0,38.0,310.0,460.0,83.0,204.0,213.0,174.0,382.0,196.0,174.0,149.0,331.0
270.0,367.0,661.0,87.0,448.0,518.0,261.0,490.0,302.0,269.0,366.0,323.0,408.0,331.0,32.0
157.0,225.0,661.0,33.0,260.0,308.0,129.0,493.0,188.0,154.0,658.0,101.0,128.0,333.0,238.0
105.0,90.0,224.0,20.0,168.0,182.0,35.0,97.0,129.0,120.0,148.0,81.0,55.0,96.0,131.0
115.0,95.0,179.0,17.0,89.0,212.0,30.0,32.0,119.0,188.0,191.0,246.0,46.0,25.0,73.0
206.0,278.0,337.0,56.0,73.0,369.0,19.0,212.0,292.0,199.0,248.0,249.0,12.0,88.0,55.0
121.0,131.0,542.0,27.0,191.0,235.0,69.0,16.0,163.0,275.0,465.0,330.0,103.0,41.0,156.0
196.0,238.0,310.0,51.0,476.0,227.0,95.0,194.0,483.0,193.0,240.0,236.0,209.0,133.0,179.0
95.0,64.0,180.0,7.0,45.0,160.0,6.0,39.0,46.0,76.0,126.0,58.0,26.0,613.0,32.0
122.0,108.0,258.0,24.0,100.0,215.0,33.0,176.0,184.0,144.0,188.0,207.0,92.0,123.0,81.0
114.0,92.0,224.0,18.0,83.0,203.0,32.0,98.0,122.0,113.0,152.0,95.0,47.0,68.0,153.0
270.0,769.0,396.0,86.0,410.0,425.0,237.0,285.0,430.0,265.0,321.0,316.0,380.0,202.0,85.0
165.0,219.0,356.0,97.0,322.0,297.0,213.0,251.0,480.0,278.0,290.0,303.0,500.0,184.0,390.0
124.0,130.0,299.0,25.0,150.0,227.0,50.0,187.0,168.0,185.0,222.0,207.0,92.0,133.0,119.0
105.0,27.0,507.0,27.0,191.0,56.0,54.0,377.0,171.0,306.0,408.0,423.0,101.0,491.0,157.0
183.0,253.0,293.0,50.0,260.0,348.0,107.0,176.0,270.0,190.0,211.0,221.0,211.0,129.0,238.0
126.0,131.0,266.0,24.0,138.0,235.0,46.0,154.0,195.0,138.0,200.0,81.0,89.0,88.0,124.0
235.0,55.0,564.0,65.0,310.0,205.0,172.0,469.0,314.0,368.0,245.0,580.0,284.0,318.0,56.0
167.0,221.0,207.0,38.0,234.0,310.0,96.0,73.0,224.0,174.0,128.0,196.0,175.0,28.0,118.0
205.0,276.0,337.0,55.0,229.0,373.0,92.0,342.0,290.0,198.0,250.0,241.0,238.0,258.0,190.0
152.0,182.0,281.0,33.0,176.0,261.0,61.0,0.0,197.0,154.0,204.0,167.0,109.0,0.0,148.0
183.0,253.0,339.0,56.0,145.0,348.0,53.0,154.0,293.0,200.0,261.0,212.0,260.0,102.0,116.0
176.0,229.0,449.0,43.0,229.0,315.0,92.0,323.0,223.0,184.0,320.0,138.0,191.0,309.0,213.0
104.0,108.0,224.0,20.0,89.0,215.0,32.0,98.0,139.0,120.0,157.0,115.0,54.0,71.0,74.0
152.0,180.0,316.0,50.0,229.0,260.0,92.0,180.0,222.0,190.0,240.0,196.0,209.0,185.0,153.0
259.0,348.0,411.0,86.0,174.0,261.0,48.0,299.0,428.0,264.0,325.0,203.0,92.0,180.0,134.0
160.0,182.0,294.0,36.0,216.0,261.0,80.0,197.0,215.0,167.0,226.0,186.0,168.0,170.0,180.0
271.0,423.0,457.0,96.0,117.0,479.0,37.0,205.0,314.0,275.0,366.0,323.0,656.0,156.0,55.0
210.0,284.0,491.0,60.0,89.0,373.0,165.0,363.0,302.0,243.0,402.0,298.0,272.0,271.0,74.0
288.0,194.0,449.0,95.0,445.0,319.0,254.0,322.0,431.0,273.0,411.0,323.0,438.0,246.0,678.0
412.0,764.0,570.0,182.0,445.0,809.0,254.0,459.0,616.0,403.0,500.0,387.0,864.0,314.0,574.0
205.0,281.0,738.0,55.0,86.0,372.0,29.0,704.0,296.0,201.0,758.0,248.0,270.0,493.0,69.0
76.0,515.0,180.0,6.0,17.0,490.0,2.0,39.0,117.0,75.0,64.0,187.0,10.0,30.0,9.0
146.0,188.0,281.0,31.0,28.0,280.0,4.0,509.0,184.0,154.0,208.0,165.0,10.0,122.0,12.0
133.0,145.0,263.0,29.0,174.0,249.0,58.0,149.0,173.0,147.0,84.0,160.0,103.0,96.0,160.0
133.0,145.0,475.0,29.0,150.0,250.0,54.0,331.0,178.0,147.0,119.0,101.0,101.0,184.0,116.0
169.0,194.0,693.0,40.0,230.0,268.0,83.0,572.0,223.0,200.0,654.0,304.0,174.0,455.0,201.0
235.0,317.0,360.0,65.0,310.0,393.0,174.0,264.0,314.0,223.0,287.0,127.0,284.0,186.0,333.0
76.0,37.0,283.0,8.0,145.0,86.0,40.0,214.0,50.0,154.0,203.0,162.0,68.0,162.0,139.0
124.0,89.0,447.0,25.0,73.0,203.0,16.0,322.0,170.0,273.0,230.0,428.0,51.0,218.0,122.0
114.0,71.0,852.0,14.0,102.0,159.0,33.0,885.0,33.0,130.0,241.0,137.0,108.0,583.0,82.0
158.0,205.0,187.0,35.0,165.0,288.0,62.0,32.0,199.0,82.0,408.0,98.0,158.0,21.0,122.0
146.0,200.0,283.0,33.0,176.0,280.0,61.0,168.0,184.0,154.0,207.0,282.0,122.0,119.0,116.0
83.0,41.0,204.0,15.0,75.0,102.0,22.0,45.0,139.0,99.0,108.0,76.0,40.0,25.0,12.0
167.0,221.0,299.0,38.0,218.0,280.0,82.0,187.0,271.0,174.0,222.0,193.0,174.0,185.0,333.0
75.0,28.0,240.0,8.0,189.0,418.0,0.0,103.0,54.0,129.0,157.0,155.0,12.0,72.0,157.0
104.0,90.0,553.0,248.0,429.0,200.0,253.0,440.0,199.0,580.0,157.0,894.0,438.0,312.0,566.0
156.0,185.0,507.0,41.0,227.0,268.0,85.0,391.0,223.0,306.0,408.0,312.0,176.0,300.0,183.0
163.0,210.0,294.0,36.0,157.0,294.0,52.0,180.0,191.0,165.0,214.0,185.0,95.0,129.0,119.0
123.0,135.0,246.0,23.0,54.0,241.0,18.0,132.0,163.0,132.0,176.0,127.0,33.0,493.0,42.0
133.0,141.0,260.0,29.0,175.0,249.0,58.0,148.0,184.0,147.0,189.0,149.0,102.0,96.0,142.0
237.0,323.0,476.0,97.0,45.0,418.0,5.0,306.0,483.0,278.0,201.0,348.0,330.0,81.0,31.0
139.0,163.0,142.0,6.0,226.0,254.0,2.0,31.0,34.0,63.0,29.0,68.0,12.0,24.0,182.0
167.0,221.0,300.0,38.0,175.0,294.0,58.0,189.0,223.0,174.0,230.0,193.0,175.0,133.0,140.0
273.0,423.0,355.0,63.0,37.0,430.0,43.0,415.0,313.0,223.0,286.0,280.0,219.0,308.0,9.0
77.0,56.0,190.0,8.0,83.0,155.0,23.0,62.0,69.0,81.0,110.0,68.0,27.0,35.0,201.0
123.0,137.0,252.0,25.0,275.0,241.0,138.0,140.0,168.0,137.0,175.0,137.0,751.0,91.0,213.0
187.0,253.0,311.0,45.0,229.0,348.0,92.0,181.0,233.0,184.0,236.0,207.0,196.0,130.0,82.0
94.0,42.0,332.0,78.0,360.0,118.0,226.0,144.0,419.0,193.0,245.0,181.0,337.0,96.0,117.0
214.0,229.0,351.0,60.0,310.0,373.0,139.0,251.0,302.0,207.0,249.0,263.0,264.0,184.0,341.0
101.0,72.0,215.0,17.0,279.0,156.0,147.0,31.0,122.0,112.0,117.0,100.0,269.0,20.0,102.0
73.0,42.0,201.0,7.0,75.0,484.0,5.0,61.0,50.0,75.0,94.0,58.0,12.0,34.0,55.0
205.0,276.0,312.0,51.0,255.0,365.0,107.0,704.0,272.0,185.0,248.0,207.0,212.0,491.0,229.0
156.0,193.0,360.0,34.0,310.0,272.0,79.0,264.0,193.0,156.0,325.0,185.0,161.0,192.0,331.0
214.0,300.0,222.0,46.0,569.0,404.0,237.0,92.0,252.0,188.0,149.0,241.0,406.0,66.0,808.0
73.0,27.0,126.0,6.0,105.0,56.0,4.0,508.0,38.0,71.0,27.0,58.0,19.0,409.0,64.0
236.0,320.0,356.0,66.0,310.0,390.0,172.0,158.0,330.0,225.0,287.0,282.0,284.0,145.0,125.0
224.0,304.0,300.0,41.0,230.0,388.0,94.0,141.0,223.0,176.0,252.0,317.0,190.0,92.0,201.0
167.0,221.0,550.0,38.0,228.0,297.0,86.0,420.0,222.0,176.0,470.0,197.0,176.0,311.0,64.0
157.0,203.0,339.0,35.0,157.0,289.0,76.0,205.0,198.0,202.0,240.0,248.0,155.0,167.0,83.0
268.0,373.0,395.0,106.0,17.0,310.0,261.0,297.0,500.0,252.0,321.0,307.0,494.0,217.0,25.0
314.0,406.0,72.0,104.0,216.0,460.0,82.0,297.0,503.0,296.0,5.0,355.0,171.0,217.0,179.0
105.0,87.0,255.0,17.0,54.0,230.0,18.0,144.0,181.0,138.0,218.0,139.0,36.0,95.0,43.0
319.0,515.0,488.0,112.0,288.0,484.0,166.0,346.0,518.0,300.0,400.0,282.0,579.0,259.0,122.0
333.0,618.0,511.0,133.0,89.0,550.0,32.0,391.0,579.0,316.0,411.0,449.0,693.0,300.0,126.0
271.0,406.0,414.0,86.0,45.0,328.0,6.0,186.0,430.0,265.0,326.0,317.0,380.0,145.0,99.0
181.0,233.0,312.0,46.0,238.0,319.0,99.0,280.0,237.0,188.0,238.0,220.0,200.0,201.0,174.0
271.0,409.0,532.0,89.0,191.0,484.0,69.0,406.0,457.0,347.0,449.0,463.0,140.0,269.0,158.0
375.0,709.0,688.0,143.0,230.0,656.0,94.0,509.0,571.0,381.0,654.0,317.0,191.0,503.0,201.0
375.0,709.0,511.0,137.0,234.0,393.0,67.0,391.0,551.0,120.0,411.0,115.0,139.0,305.0,180.0
181.0,235.0,316.0,45.0,280.0,518.0,106.0,201.0,252.0,188.0,239.0,174.0,211.0,305.0,154.0
81.0,42.0,187.0,11.0,106.0,118.0,35.0,49.0,205.0,82.0,87.0,92.0,33.0,26.0,87.0
377.0,769.0,514.0,148.0,279.0,393.0,148.0,391.0,122.0,322.0,414.0,457.0,270.0,240.0,101.0
311.0,488.0,481.0,97.0,446.0,491.0,258.0,342.0,483.0,296.0,387.0,353.0,450.0,258.0,582.0
163.0,135.0,336.0,36.0,217.0,241.0,83.0,206.0,210.0,197.0,248.0,241.0,168.0,146.0,179.0
97.0,55.0,738.0,153.0,310.0,155.0,276.0,704.0,302.0,356.0,94.0,164.0,726.0,493.0,275.0
288.0,434.0,363.0,95.0,445.0,484.0,254.0,290.0,454.0,273.0,298.0,323.0,500.0,205.0,574.0
103.0,63.0,336.0,51.0,233.0,155.0,99.0,228.0,293.0,191.0,245.0,25.0,202.0,179.0,72.0
270.0,229.0,532.0,87.0,410.0,315.0,237.0,406.0,452.0,347.0,286.0,460.0,406.0,312.0,469.0
111.0,89.0,300.0,21.0,89.0,191.0,30.0,15.0,134.0,176.0,250.0,204.0,46.0,79.0,74.0
104.0,78.0,240.0,18.0,102.0,175.0,33.0,124.0,122.0,113.0,402.0,101.0,51.0,88.0,82.0
236.0,320.0,356.0,66.0,242.0,60.0,99.0,259.0,222.0,223.0,243.0,282.0,284.0,185.0,190.0
169.0,179.0,447.0,91.0,341.0,260.0,217.0,415.0,454.0,273.0,382.0,268.0,419.0,308.0,404.0
129.0,131.0,542.0,29.0,165.0,407.0,54.0,420.0,191.0,356.0,465.0,126.0,128.0,311.0,125.0
167.0,219.0,323.0,38.0,47.0,297.0,13.0,202.0,223.0,176.0,243.0,101.0,369.0,146.0,31.0
268.0,373.0,190.0,85.0,294.0,445.0,226.0,59.0,419.0,85.0,173.0,76.0,344.0,30.0,174.0
999.0,999.0,999.0,999.0,999.0,999.0,999.0,999.0,999.0,999.0,389.0,221.0,999.0,999.0,999.0
485.0,756.0,500.0,56.0,175.0,656.0,58.0,31.0,293.0,304.0,408.0,117.0,128.0,17.0,142.0
214.0,301.0,346.0,58.0,175.0,133.0,58.0,251.0,297.0,201.0,240.0,240.0,269.0,184.0,142.0
176.0,115.0,252.0,49.0,202.0,213.0,75.0,149.0,270.0,138.0,179.0,140.0,204.0,96.0,173.0
133.0,145.0,263.0,29.0,189.0,249.0,67.0,149.0,173.0,144.0,187.0,162.0,102.0,101.0,157.0
80.0,128.0,204.0,14.0,55.0,230.0,19.0,62.0,95.0,99.0,108.0,76.0,36.0,35.0,43.0
168.0,225.0,395.0,63.0,277.0,306.0,50.0,296.0,311.0,213.0,321.0,264.0,273.0,218.0,187.0
183.0,253.0,330.0,50.0,238.0,348.0,99.0,240.0,253.0,192.0,244.0,231.0,211.0,184.0,216.0
317.0,515.0,487.0,109.0,294.0,518.0,276.0,346.0,571.0,296.0,394.0,374.0,529.0,167.0,213.0
429.0,406.0,639.0,201.0,157.0,462.0,530.0,490.0,139.0,411.0,470.0,799.0,905.0,328.0,122.0
244.0,323.0,661.0,70.0,313.0,372.0,199.0,509.0,341.0,238.0,419.0,302.0,291.0,390.0,307.0
306.0,461.0,447.0,95.0,242.0,489.0,19.0,327.0,452.0,275.0,386.0,68.0,40.0,248.0,215.0
76.0,40.0,360.0,33.0,85.0,87.0,26.0,738.0,184.0,129.0,295.0,124.0,127.0,496.0,66.0
76.0,78.0,336.0,53.0,279.0,60.0,139.0,225.0,292.0,197.0,248.0,244.0,264.0,173.0,262.0
77.0,41.0,242.0,13.0,55.0,212.0,19.0,206.0,98.0,132.0,84.0,127.0,36.0,158.0,242.0
233.0,316.0,355.0,65.0,311.0,390.0,180.0,16.0,313.0,223.0,286.0,117.0,288.0,16.0,333.0
314.0,461.0,507.0,133.0,128.0,486.0,391.0,364.0,452.0,311.0,410.0,446.0,639.0,275.0,99.0
191.0,259.0,300.0,38.0,80.0,348.0,75.0,189.0,223.0,176.0,225.0,140.0,156.0,133.0,55.0
94.0,45.0,240.0,16.0,104.0,127.0,32.0,509.0,109.0,106.0,164.0,50.0,40.0,390.0,82.0
167.0,221.0,300.0,38.0,208.0,280.0,78.0,187.0,224.0,176.0,238.0,81.0,175.0,137.0,178.0
156.0,188.0,299.0,38.0,117.0,270.0,35.0,285.0,120.0,174.0,222.0,193.0,174.0,202.0,89.0
80.0,219.0,208.0,16.0,123.0,297.0,40.0,83.0,103.0,106.0,128.0,95.0,49.0,12.0,124.0
268.0,373.0,396.0,85.0,279.0,445.0,148.0,297.0,425.0,256.0,50.0,346.0,269.0,193.0,274.0
168.0,225.0,363.0,38.0,238.0,310.0,95.0,277.0,223.0,200.0,297.0,246.0,200.0,291.0,215.0
257.0,391.0,385.0,77.0,248.0,460.0,171.0,222.0,343.0,247.0,307.0,298.0,284.0,169.0,216.0
70.0,21.0,251.0,6.0,45.0,211.0,7.0,144.0,33.0,75.0,173.0,58.0,23.0,96.0,42.0
100.0,62.0,279.0,17.0,88.0,156.0,30.0,160.0,119.0,153.0,203.0,163.0,46.0,116.0,110.0
147.0,28.0,693.0,248.0,202.0,60.0,75.0,565.0,545.0,580.0,658.0,894.0,158.0,412.0,172.0
163.0,180.0,299.0,36.0,216.0,260.0,79.0,187.0,215.0,174.0,222.0,164.0,168.0,134.0,175.0
76.0,42.0,187.0,7.0,85.0,127.0,26.0,49.0,50.0,76.0,88.0,61.0,155.0,27.0,64.0
156.0,188.0,290.0,34.0,292.0,270.0,166.0,176.0,194.0,156.0,210.0,178.0,273.0,269.0,308.0
167.0,232.0,300.0,38.0,85.0,319.0,82.0,194.0,223.0,176.0,226.0,162.0,174.0,134.0,64.0
75.0,235.0,111.0,8.0,176.0,333.0,61.0,26.0,86.0,80.0,5.0,68.0,122.0,16.0,153.0
316.0,515.0,488.0,104.0,341.0,521.0,391.0,476.0,498.0,300.0,400.0,330.0,590.0,328.0,416.0
256.0,332.0,279.0,71.0,341.0,429.0,217.0,192.0,363.0,153.0,203.0,162.0,331.0,186.0,248.0
115.0,95.0,201.0,23.0,89.0,210.0,30.0,80.0,145.0,130.0,94.0,125.0,76.0,57.0,71.0
266.0,372.0,582.0,80.0,503.0,445.0,226.0,470.0,170.0,247.0,509.0,302.0,337.0,319.0,183.0
140.0,200.0,263.0,29.0,230.0,296.0,45.0,149.0,163.0,147.0,175.0,113.0,155.0,111.0,201.0
152.0,180.0,238.0,33.0,255.0,260.0,75.0,103.0,187.0,120.0,152.0,117.0,195.0,72.0,229.0
237.0,323.0,363.0,67.0,83.0,373.0,23.0,280.0,332.0,227.0,299.0,282.0,42.0,196.0,55.0
133.0,141.0,125.0,29.0,145.0,260.0,50.0,27.0,173.0,150.0,20.0,113.0,101.0,27.0,118.0
80.0,41.0,190.0,11.0,47.0,102.0,15.0,51.0,86.0,85.0,91.0,76.0,33.0,28.0,116.0
154.0,219.0,530.0,243.0,253.0,297.0,530.0,398.0,187.0,521.0,419.0,856.0,923.0,305.0,172.0
217.0,317.0,648.0,217.0,524.0,393.0,274.0,508.0,570.0,416.0,236.0,305.0,524.0,343.0,134.0
168.0,225.0,300.0,38.0,227.0,310.0,85.0,175.0,223.0,176.0,232.0,197.0,177.0,123.0,183.0
163.0,214.0,296.0,36.0,227.0,294.0,85.0,183.0,210.0,167.0,218.0,190.0,168.0,510.0,183.0
183.0,276.0,336.0,50.0,128.0,362.0,101.0,313.0,253.0,190.0,245.0,221.0,211.0,185.0,187.0
999.0,999.0,999.0,999.0,206.0,999.0,76.0,999.0,999.0,999.0,148.0,280.0,999.0,296.0,175.0
158.0,205.0,507.0,35.0,211.0,288.0,78.0,470.0,199.0,306.0,408.0,298.0,156.0,319.0,175.0
236.0,320.0,266.0,66.0,310.0,348.0,180.0,154.0,333.0,154.0,200.0,167.0,284.0,102.0,331.0
130.0,137.0,481.0,29.0,161.0,255.0,53.0,342.0,170.0,296.0,387.0,561.0,101.0,258.0,125.0
412.0,764.0,363.0,201.0,365.0,767.0,274.0,277.0,144.0,230.0,297.0,268.0,905.0,185.0,818.0
181.0,233.0,336.0,45.0,212.0,315.0,99.0,205.0,204.0,193.0,245.0,236.0,200.0,107.0,175.0
163.0,234.0,481.0,45.0,237.0,349.0,99.0,342.0,292.0,184.0,387.0,208.0,200.0,256.0,212.0
73.0,45.0,142.0,6.0,258.0,127.0,121.0,31.0,38.0,67.0,154.0,50.0,256.0,20.0,234.0
100.0,37.0,507.0,17.0,98.0,270.0,32.0,377.0,129.0,304.0,410.0,428.0,49.0,291.0,77.0
154.0,37.0,256.0,33.0,168.0,86.0,58.0,146.0,187.0,141.0,187.0,91.0,139.0,296.0,101.0
95.0,55.0,283.0,16.0,73.0,144.0,23.0,168.0,107.0,156.0,208.0,175.0,42.0,116.0,187.0
287.0,259.0,438.0,87.0,237.0,348.0,99.0,316.0,452.0,271.0,287.0,323.0,408.0,241.0,212.0
71.0,27.0,130.0,6.0,28.0,101.0,4.0,31.0,34.0,63.0,29.0,47.0,12.0,21.0,12.0
191.0,259.0,351.0,61.0,313.0,344.0,199.0,206.0,313.0,214.0,402.0,282.0,272.0,162.0,101.0
235.0,316.0,336.0,53.0,277.0,390.0,150.0,176.0,141.0,198.0,245.0,241.0,309.0,129.0,248.0
70.0,21.0,183.0,6.0,112.0,197.0,2.0,59.0,34.0,71.0,238.0,348.0,10.0,30.0,87.0
167.0,185.0,299.0,38.0,206.0,268.0,75.0,187.0,210.0,174.0,222.0,197.0,175.0,184.0,179.0
119.0,104.0,310.0,23.0,202.0,212.0,61.0,195.0,145.0,151.0,234.0,162.0,76.0,134.0,172.0
288.0,261.0,428.0,95.0,175.0,261.0,485.0,322.0,452.0,273.0,483.0,323.0,45.0,308.0,157.0
485.0,717.0,701.0,243.0,278.0,687.0,138.0,572.0,171.0,521.0,210.0,856.0,923.0,455.0,274.0
0.0,0.0,0.0,0.0,0.0,0.0,0.0,0.0,0.0,0.0,0.0,317.0,0.0,65.0,0.0
83.0,43.0,281.0,12.0,55.0,124.0,18.0,160.0,98.0,154.0,57.0,172.0,35.0,107.0,43.0
229.0,89.0,580.0,63.0,292.0,213.0,166.0,470.0,313.0,213.0,509.0,264.0,273.0,319.0,307.0
375.0,709.0,536.0,148.0,189.0,767.0,65.0,398.0,184.0,347.0,299.0,470.0,123.0,292.0,154.0
196.0,257.0,300.0,38.0,168.0,277.0,54.0,187.0,223.0,176.0,248.0,197.0,101.0,132.0,170.0
214.0,300.0,661.0,58.0,279.0,374.0,148.0,509.0,297.0,408.0,468.0,856.0,269.0,408.0,274.0
70.0,48.0,180.0,7.0,112.0,155.0,35.0,45.0,95.0,76.0,64.0,61.0,55.0,25.0,87.0
316.0,515.0,532.0,104.0,83.0,445.0,6.0,406.0,500.0,347.0,465.0,463.0,26.0,305.0,55.0
330.0,55.0,300.0,38.0,229.0,155.0,83.0,189.0,213.0,176.0,230.0,197.0,174.0,81.0,190.0
270.0,376.0,411.0,85.0,341.0,445.0,220.0,299.0,425.0,264.0,325.0,298.0,334.0,303.0,416.0
101.0,89.0,251.0,17.0,157.0,210.0,50.0,132.0,120.0,137.0,173.0,133.0,26.0,87.0,12.0
236.0,322.0,382.0,66.0,86.0,372.0,29.0,285.0,330.0,246.0,310.0,302.0,284.0,305.0,73.0
256.0,332.0,385.0,77.0,723.0,430.0,213.0,200.0,223.0,247.0,298.0,303.0,316.0,146.0,818.0
163.0,187.0,447.0,91.0,445.0,270.0,258.0,322.0,171.0,273.0,366.0,330.0,450.0,339.0,574.0
257.0,346.0,356.0,71.0,228.0,437.0,85.0,259.0,302.0,243.0,290.0,298.0,77.0,185.0,102.0
77.0,40.0,126.0,6.0,28.0,86.0,4.0,29.0,34.0,61.0,27.0,174.0,19.0,134.0,11.0
217.0,304.0,438.0,60.0,288.0,289.0,165.0,316.0,270.0,271.0,338.0,323.0,272.0,62.0,297.0
121.0,104.0,240.0,23.0,75.0,212.0,19.0,110.0,162.0,132.0,160.0,127.0,42.0,76.0,55.0
100.0,62.0,688.0,17.0,89.0,155.0,30.0,508.0,76.0,108.0,658.0,100.0,46.0,412.0,73.0
241.0,323.0,532.0,153.0,176.0,439.0,485.0,406.0,333.0,347.0,78.0,460.0,726.0,312.0,148.0
333.0,618.0,457.0,133.0,112.0,468.0,35.0,323.0,571.0,275.0,366.0,325.0,55.0,246.0,97.0
132.0,214.0,322.0,45.0,230.0,211.0,96.0,204.0,232.0,188.0,240.0,101.0,196.0,217.0,201.0
83.0,43.0,476.0,13.0,132.0,127.0,18.0,327.0,98.0,120.0,386.0,114.0,36.0,248.0,99.0
288.0,488.0,440.0,95.0,253.0,490.0,237.0,313.0,86.0,273.0,274.0,68.0,429.0,235.0,218.0
71.0,27.0,207.0,6.0,134.0,191.0,45.0,493.0,34.0,67.0,264.0,47.0,12.0,333.0,110.0
154.0,185.0,266.0,29.0,174.0,270.0,58.0,154.0,119.0,151.0,199.0,162.0,103.0,102.0,142.0
124.0,129.0,294.0,36.0,218.0,214.0,80.0,181.0,95.0,167.0,203.0,186.0,161.0,25.0,182.0
81.0,41.0,542.0,217.0,261.0,102.0,98.0,420.0,829.0,358.0,325.0,705.0,905.0,309.0,242.0
126.0,131.0,258.0,27.0,131.0,235.0,53.0,141.0,170.0,144.0,188.0,21.0,101.0,92.0,101.0
268.0,373.0,130.0,70.0,329.0,445.0,213.0,31.0,341.0,213.0,29.0,264.0,316.0,24.0,316.0
71.0,27.0,208.0,17.0,28.0,87.0,33.0,83.0,120.0,112.0,128.0,204.0,47.0,64.0,12.0
167.0,231.0,255.0,35.0,200.0,320.0,75.0,141.0,197.0,139.0,187.0,140.0,149.0,92.0,172.0
311.0,227.0,530.0,89.0,524.0,306.0,274.0,364.0,480.0,358.0,419.0,387.0,408.0,493.0,156.0
73.0,42.0,180.0,7.0,37.0,118.0,5.0,39.0,50.0,75.0,64.0,208.0,23.0,107.0,160.0
485.0,618.0,507.0,133.0,341.0,550.0,253.0,364.0,454.0,311.0,411.0,338.0,438.0,303.0,416.0
95.0,55.0,215.0,17.0,174.0,328.0,58.0,154.0,120.0,112.0,128.0,101.0,103.0,102.0,139.0
130.0,137.0,224.0,27.0,175.0,247.0,58.0,98.0,171.0,120.0,128.0,114.0,108.0,81.0,142.0
187.0,219.0,111.0,51.0,257.0,297.0,108.0,16.0,281.0,191.0,5.0,228.0,212.0,16.0,188.0
270.0,373.0,447.0,91.0,229.0,468.0,94.0,327.0,314.0,273.0,351.0,323.0,128.0,241.0,172.0
196.0,331.0,312.0,51.0,104.0,462.0,33.0,202.0,271.0,193.0,238.0,236.0,52.0,134.0,85.0
428.0,180.0,688.0,185.0,138.0,260.0,46.0,969.0,46.0,524.0,658.0,894.0,678.0,314.0,111.0
154.0,188.0,320.0,34.0,174.0,270.0,58.0,202.0,193.0,188.0,241.0,138.0,145.0,146.0,140.0
147.0,0.0,281.0,33.0,186.0,0.0,62.0,165.0,184.0,154.0,201.0,165.0,128.0,111.0,155.0
133.0,27.0,215.0,30.0,176.0,56.0,61.0,84.0,181.0,112.0,302.0,100.0,113.0,64.0,153.0
180.0,233.0,170.0,45.0,176.0,310.0,95.0,32.0,227.0,192.0,191.0,162.0,195.0,16.0,155.0
147.0,89.0,693.0,32.0,255.0,191.0,61.0,601.0,86.0,381.0,509.0,127.0,122.0,510.0,246.0
999.0,999.0,999.0,999.0,999.0,999.0,999.0,999.0,999.0,999.0,654.0,236.0,999.0,617.0,999.0
73.0,28.0,157.0,6.0,28.0,60.0,4.0,299.0,38.0,71.0,57.0,244.0,12.0,218.0,32.0
139.0,164.0,283.0,29.0,32.0,254.0,5.0,181.0,178.0,154.0,207.0,325.0,23.0,107.0,12.0
129.0,130.0,590.0,27.0,161.0,221.0,53.0,469.0,170.0,411.0,225.0,197.0,97.0,318.0,124.0
270.0,372.0,346.0,86.0,132.0,445.0,222.0,228.0,430.0,264.0,218.0,312.0,380.0,208.0,107.0
212.0,210.0,179.0,60.0,278.0,293.0,147.0,39.0,302.0,223.0,57.0,175.0,269.0,25.0,262.0
270.0,194.0,392.0,87.0,138.0,320.0,45.0,205.0,180.0,252.0,333.0,312.0,408.0,156.0,114.0
257.0,320.0,661.0,73.0,322.0,407.0,217.0,509.0,483.0,247.0,191.0,304.0,330.0,409.0,155.0
123.0,109.0,532.0,24.0,160.0,213.0,46.0,406.0,164.0,347.0,449.0,463.0,89.0,305.0,124.0
114.0,95.0,356.0,22.0,137.0,362.0,46.0,259.0,144.0,132.0,286.0,127.0,70.0,184.0,111.0
181.0,234.0,322.0,49.0,277.0,247.0,78.0,202.0,158.0,188.0,241.0,220.0,204.0,148.0,247.0
73.0,36.0,293.0,7.0,85.0,82.0,29.0,186.0,46.0,132.0,211.0,76.0,33.0,132.0,72.0
999.0,999.0,999.0,999.0,999.0,999.0,999.0,999.0,999.0,999.0,509.0,167.0,999.0,999.0,999.0
80.0,42.0,187.0,11.0,131.0,118.0,46.0,47.0,76.0,82.0,87.0,69.0,33.0,21.0,101.0
70.0,292.0,125.0,6.0,54.0,373.0,18.0,27.0,227.0,61.0,241.0,21.0,35.0,24.0,52.0
73.0,27.0,179.0,6.0,310.0,294.0,166.0,32.0,38.0,67.0,64.0,47.0,273.0,17.0,329.0
311.0,474.0,511.0,104.0,128.0,491.0,70.0,315.0,223.0,316.0,299.0,355.0,136.0,218.0,99.0
485.0,769.0,542.0,78.0,329.0,328.0,217.0,420.0,419.0,247.0,465.0,303.0,331.0,292.0,406.0
271.0,488.0,111.0,87.0,434.0,489.0,253.0,26.0,330.0,269.0,8.0,323.0,408.0,16.0,566.0
76.0,40.0,184.0,8.0,28.0,86.0,2.0,45.0,86.0,80.0,84.0,69.0,25.0,25.0,12.0
92.0,53.0,105.0,17.0,102.0,143.0,29.0,16.0,120.0,112.0,0.0,100.0,49.0,24.0,229.0
122.0,108.0,240.0,24.0,131.0,215.0,45.0,109.0,163.0,129.0,157.0,118.0,84.0,26.0,101.0
122.0,115.0,240.0,24.0,184.0,216.0,46.0,110.0,163.0,137.0,158.0,125.0,84.0,72.0,155.0
114.0,95.0,300.0,22.0,226.0,205.0,39.0,189.0,144.0,129.0,226.0,124.0,70.0,131.0,182.0
111.0,89.0,224.0,21.0,261.0,191.0,126.0,98.0,134.0,120.0,87.0,100.0,51.0,72.0,242.0
80.0,41.0,303.0,9.0,50.0,102.0,5.0,194.0,76.0,176.0,220.0,204.0,33.0,137.0,91.0
235.0,317.0,361.0,66.0,310.0,393.0,188.0,273.0,330.0,225.0,225.0,282.0,284.0,122.0,333.0
317.0,515.0,396.0,109.0,255.0,344.0,121.0,228.0,503.0,296.0,326.0,395.0,529.0,179.0,229.0
73.0,41.0,190.0,7.0,37.0,373.0,5.0,51.0,38.0,92.0,63.0,76.0,23.0,193.0,192.0
123.0,115.0,293.0,25.0,145.0,222.0,50.0,176.0,168.0,160.0,211.0,197.0,92.0,123.0,116.0
123.0,200.0,247.0,27.0,176.0,280.0,61.0,115.0,171.0,140.0,204.0,178.0,122.0,245.0,154.0
237.0,180.0,361.0,67.0,160.0,261.0,46.0,285.0,332.0,227.0,177.0,282.0,92.0,202.0,124.0
77.0,41.0,346.0,8.0,257.0,333.0,7.0,290.0,69.0,198.0,238.0,241.0,27.0,205.0,231.0
311.0,284.0,449.0,97.0,191.0,373.0,69.0,322.0,483.0,275.0,366.0,338.0,500.0,246.0,122.0
123.0,109.0,246.0,23.0,237.0,216.0,99.0,130.0,145.0,132.0,165.0,138.0,76.0,87.0,213.0
256.0,332.0,356.0,73.0,331.0,429.0,213.0,259.0,363.0,225.0,170.0,282.0,316.0,184.0,404.0
156.0,194.0,240.0,45.0,155.0,280.0,121.0,110.0,232.0,129.0,170.0,125.0,252.0,77.0,119.0
183.0,764.0,356.0,67.0,303.0,663.0,170.0,259.0,333.0,227.0,286.0,282.0,288.0,201.0,307.0
132.0,137.0,316.0,29.0,117.0,238.0,37.0,201.0,180.0,188.0,240.0,68.0,68.0,159.0,84.0
24.0,56.0,693.0,243.0,117.0,155.0,37.0,565.0,86.0,580.0,8.0,457.0,999.0,442.0,155.0
376.0,718.0,661.0,146.0,723.0,241.0,570.0,0.0,579.0,347.0,640.0,463.0,726.0,16.0,91.0
202.0,261.0,336.0,51.0,174.0,249.0,58.0,206.0,296.0,196.0,248.0,236.0,264.0,169.0,107.0
295.0,55.0,294.0,96.0,476.0,155.0,262.0,181.0,466.0,273.0,214.0,303.0,450.0,131.0,699.0
73.0,27.0,180.0,7.0,28.0,393.0,4.0,32.0,46.0,71.0,57.0,76.0,23.0,25.0,12.0
124.0,131.0,542.0,25.0,157.0,238.0,50.0,438.0,162.0,346.0,465.0,456.0,92.0,312.0,119.0
375.0,694.0,507.0,140.0,234.0,663.0,96.0,459.0,571.0,322.0,410.0,457.0,656.0,79.0,154.0
122.0,103.0,320.0,29.0,137.0,154.0,46.0,232.0,173.0,144.0,240.0,151.0,101.0,510.0,110.0
146.0,174.0,263.0,32.0,47.0,256.0,6.0,149.0,184.0,147.0,262.0,160.0,123.0,145.0,64.0
103.0,72.0,485.0,18.0,117.0,159.0,39.0,346.0,122.0,296.0,230.0,355.0,70.0,259.0,96.0
123.0,108.0,247.0,27.0,189.0,260.0,70.0,285.0,171.0,140.0,173.0,126.0,101.0,503.0,157.0
126.0,48.0,125.0,27.0,175.0,144.0,54.0,27.0,198.0,139.0,120.0,149.0,97.0,24.0,119.0
80.0,41.0,180.0,11.0,233.0,102.0,96.0,39.0,33.0,83.0,63.0,76.0,33.0,107.0,202.0
111.0,41.0,208.0,16.0,141.0,101.0,46.0,82.0,129.0,106.0,122.0,98.0,44.0,41.0,119.0
176.0,229.0,207.0,16.0,85.0,315.0,29.0,80.0,117.0,108.0,120.0,98.0,46.0,65.0,64.0
114.0,95.0,240.0,22.0,128.0,193.0,42.0,103.0,145.0,130.0,158.0,221.0,70.0,72.0,32.0
126.0,133.0,223.0,27.0,165.0,289.0,53.0,97.0,170.0,139.0,307.0,304.0,97.0,555.0,125.0
97.0,43.0,648.0,16.0,86.0,124.0,29.0,508.0,117.0,202.0,387.0,254.0,46.0,343.0,88.0
100.0,48.0,246.0,23.0,128.0,200.0,42.0,216.0,145.0,132.0,175.0,127.0,76.0,169.0,99.0
83.0,42.0,190.0,11.0,45.0,124.0,9.0,51.0,120.0,84.0,94.0,76.0,33.0,305.0,44.0
314.0,515.0,476.0,97.0,312.0,215.0,199.0,312.0,498.0,293.0,88.0,323.0,303.0,292.0,341.0
115.0,109.0,222.0,16.0,83.0,42.0,24.0,15.0,178.0,113.0,204.0,100.0,46.0,17.0,153.0
410.0,106.0,648.0,217.0,255.0,215.0,121.0,509.0,483.0,374.0,465.0,582.0,864.0,339.0,116.0
101.0,0.0,300.0,20.0,112.0,0.0,35.0,353.0,132.0,171.0,225.0,178.0,55.0,196.0,87.0
81.0,43.0,187.0,11.0,203.0,127.0,15.0,49.0,86.0,82.0,94.0,61.0,33.0,65.0,56.0
306.0,461.0,481.0,96.0,410.0,448.0,258.0,342.0,466.0,296.0,387.0,355.0,450.0,256.0,469.0
163.0,53.0,294.0,36.0,229.0,143.0,166.0,186.0,210.0,167.0,225.0,240.0,168.0,133.0,190.0
103.0,130.0,247.0,23.0,242.0,220.0,45.0,130.0,145.0,129.0,208.0,125.0,85.0,90.0,213.0
206.0,284.0,336.0,56.0,260.0,374.0,129.0,206.0,292.0,199.0,248.0,241.0,259.0,159.0,55.0
236.0,320.0,356.0,66.0,277.0,261.0,139.0,259.0,332.0,225.0,286.0,282.0,284.0,493.0,248.0
163.0,214.0,300.0,36.0,224.0,221.0,82.0,103.0,210.0,176.0,226.0,305.0,171.0,72.0,178.0
205.0,276.0,320.0,53.0,200.0,365.0,67.0,322.0,170.0,188.0,286.0,221.0,136.0,219.0,172.0
214.0,301.0,355.0,58.0,277.0,390.0,143.0,251.0,297.0,214.0,232.0,175.0,269.0,184.0,250.0
314.0,515.0,330.0,51.0,117.0,706.0,38.0,273.0,270.0,192.0,244.0,264.0,70.0,184.0,91.0
375.0,694.0,550.0,140.0,45.0,687.0,391.0,438.0,571.0,368.0,470.0,580.0,590.0,312.0,32.0
92.0,53.0,240.0,20.0,161.0,143.0,35.0,115.0,129.0,129.0,157.0,117.0,55.0,79.0,126.0
73.0,27.0,661.0,6.0,174.0,56.0,5.0,509.0,38.0,25.0,248.0,0.0,19.0,409.0,81.0
316.0,515.0,481.0,109.0,202.0,498.0,107.0,331.0,483.0,296.0,387.0,374.0,196.0,309.0,172.0
375.0,694.0,386.0,146.0,88.0,656.0,16.0,222.0,571.0,346.0,351.0,460.0,693.0,170.0,72.0
123.0,118.0,257.0,26.0,157.0,221.0,50.0,204.0,168.0,137.0,298.0,140.0,92.0,150.0,117.0
112.0,103.0,240.0,21.0,105.0,212.0,35.0,110.0,139.0,129.0,154.0,138.0,59.0,186.0,117.0
163.0,215.0,323.0,36.0,252.0,296.0,107.0,205.0,210.0,167.0,238.0,186.0,171.0,156.0,218.0
264.0,367.0,507.0,133.0,126.0,439.0,39.0,470.0,551.0,311.0,402.0,68.0,579.0,328.0,95.0
87.0,48.0,207.0,15.0,73.0,143.0,19.0,78.0,105.0,105.0,64.0,92.0,40.0,57.0,156.0
206.0,276.0,346.0,53.0,174.0,358.0,226.0,223.0,288.0,201.0,261.0,197.0,337.0,81.0,127.0
182.0,235.0,271.0,45.0,234.0,320.0,99.0,155.0,233.0,151.0,201.0,162.0,200.0,296.0,32.0
81.0,43.0,126.0,11.0,112.0,127.0,35.0,315.0,86.0,83.0,27.0,76.0,33.0,241.0,87.0
129.0,137.0,351.0,27.0,278.0,249.0,147.0,250.0,172.0,213.0,238.0,263.0,97.0,184.0,262.0
182.0,225.0,278.0,30.0,83.0,310.0,19.0,158.0,181.0,151.0,201.0,162.0,40.0,193.0,32.0
111.0,89.0,279.0,21.0,117.0,362.0,35.0,163.0,134.0,108.0,203.0,100.0,59.0,180.0,89.0
217.0,301.0,386.0,6.0,15.0,365.0,1.0,293.0,34.0,63.0,345.0,58.0,12.0,159.0,12.0
124.0,118.0,549.0,30.0,118.0,221.0,50.0,420.0,181.0,147.0,468.0,72.0,95.0,292.0,180.0
211.0,229.0,363.0,57.0,174.0,260.0,58.0,205.0,296.0,201.0,299.0,248.0,109.0,152.0,153.0
100.0,63.0,214.0,17.0,89.0,156.0,30.0,83.0,579.0,108.0,128.0,101.0,47.0,134.0,74.0
111.0,89.0,207.0,17.0,126.0,193.0,35.0,78.0,125.0,108.0,119.0,101.0,47.0,66.0,101.0
210.0,284.0,347.0,57.0,277.0,373.0,139.0,228.0,288.0,201.0,264.0,248.0,264.0,173.0,201.0
75.0,36.0,111.0,8.0,15.0,112.0,6.0,26.0,139.0,25.0,0.0,0.0,26.0,16.0,12.0
103.0,76.0,355.0,65.0,310.0,159.0,172.0,327.0,314.0,223.0,287.0,312.0,284.0,256.0,316.0
122.0,40.0,240.0,24.0,132.0,86.0,45.0,140.0,163.0,128.0,164.0,117.0,84.0,91.0,107.0
412.0,764.0,542.0,177.0,735.0,490.0,485.0,459.0,638.0,374.0,309.0,582.0,726.0,111.0,63.0
156.0,200.0,271.0,33.0,132.0,276.0,67.0,315.0,191.0,156.0,200.0,175.0,139.0,218.0,99.0
377.0,717.0,536.0,148.0,45.0,706.0,5.0,83.0,568.0,347.0,458.0,470.0,726.0,58.0,31.0
319.0,403.0,481.0,96.0,445.0,462.0,253.0,342.0,466.0,296.0,387.0,149.0,444.0,256.0,125.0
244.0,325.0,363.0,70.0,313.0,418.0,199.0,280.0,341.0,230.0,298.0,355.0,291.0,201.0,351.0
123.0,62.0,530.0,133.0,175.0,155.0,58.0,403.0,570.0,316.0,419.0,456.0,905.0,305.0,124.0
375.0,709.0,532.0,143.0,177.0,389.0,62.0,346.0,571.0,347.0,419.0,268.0,678.0,259.0,156.0
271.0,89.0,488.0,80.0,184.0,191.0,222.0,353.0,425.0,300.0,389.0,196.0,336.0,269.0,155.0
73.0,55.0,142.0,6.0,28.0,154.0,2.0,31.0,171.0,63.0,333.0,463.0,10.0,17.0,11.0
152.0,95.0,293.0,33.0,89.0,211.0,30.0,176.0,187.0,154.0,211.0,172.0,122.0,129.0,72.0
169.0,229.0,361.0,38.0,288.0,315.0,95.0,266.0,222.0,185.0,149.0,207.0,161.0,192.0,404.0
256.0,331.0,549.0,71.0,243.0,425.0,147.0,420.0,454.0,368.0,458.0,580.0,269.0,311.0,238.0
414.0,769.0,580.0,183.0,445.0,687.0,570.0,470.0,551.0,404.0,483.0,580.0,864.0,319.0,574.0
96.0,108.0,247.0,16.0,89.0,215.0,30.0,124.0,122.0,105.0,152.0,47.0,51.0,72.0,74.0
182.0,317.0,312.0,49.0,331.0,393.0,180.0,322.0,171.0,188.0,240.0,220.0,264.0,246.0,404.0
375.0,709.0,511.0,143.0,55.0,741.0,19.0,391.0,571.0,316.0,410.0,446.0,678.0,300.0,44.0
257.0,348.0,392.0,80.0,365.0,656.0,226.0,32.0,498.0,252.0,320.0,305.0,337.0,21.0,416.0
257.0,205.0,386.0,70.0,203.0,221.0,170.0,293.0,341.0,243.0,320.0,298.0,303.0,218.0,174.0
86.0,62.0,201.0,21.0,155.0,156.0,46.0,83.0,195.0,92.0,100.0,76.0,68.0,79.0,119.0
316.0,515.0,580.0,56.0,294.0,205.0,170.0,470.0,288.0,404.0,508.0,449.0,276.0,319.0,333.0
428.0,373.0,549.0,217.0,313.0,445.0,198.0,420.0,103.0,416.0,468.0,76.0,583.0,442.0,202.0
95.0,63.0,240.0,16.0,17.0,156.0,2.0,110.0,117.0,108.0,157.0,98.0,47.0,72.0,12.0
237.0,320.0,363.0,67.0,83.0,422.0,24.0,277.0,333.0,227.0,299.0,282.0,43.0,196.0,55.0
104.0,78.0,212.0,19.0,86.0,133.0,29.0,132.0,191.0,106.0,126.0,98.0,54.0,16.0,69.0
152.0,180.0,293.0,33.0,184.0,260.0,61.0,176.0,188.0,160.0,211.0,163.0,122.0,123.0,155.0
73.0,179.0,206.0,6.0,341.0,260.0,5.0,65.0,38.0,67.0,110.0,50.0,19.0,145.0,416.0
111.0,89.0,542.0,8.0,28.0,225.0,2.0,420.0,129.0,84.0,465.0,76.0,10.0,309.0,12.0
123.0,47.0,475.0,25.0,137.0,281.0,50.0,331.0,168.0,138.0,402.0,126.0,92.0,555.0,111.0
187.0,207.0,204.0,51.0,89.0,235.0,26.0,62.0,270.0,191.0,100.0,228.0,214.0,35.0,74.0
168.0,225.0,266.0,43.0,292.0,310.0,166.0,154.0,215.0,182.0,203.0,221.0,380.0,102.0,308.0
121.0,104.0,438.0,89.0,229.0,212.0,92.0,313.0,452.0,271.0,338.0,323.0,196.0,240.0,192.0
171.0,229.0,657.0,182.0,216.0,276.0,226.0,440.0,162.0,403.0,201.0,236.0,344.0,248.0,175.0
121.0,109.0,246.0,23.0,132.0,221.0,45.0,297.0,158.0,132.0,170.0,105.0,92.0,27.0,107.0
163.0,215.0,311.0,36.0,229.0,297.0,82.0,197.0,144.0,184.0,243.0,207.0,171.0,180.0,198.0
165.0,53.0,449.0,91.0,446.0,143.0,254.0,322.0,452.0,273.0,468.0,323.0,380.0,235.0,160.0
120.0,103.0,337.0,58.0,288.0,211.0,147.0,212.0,296.0,201.0,238.0,257.0,269.0,57.0,297.0
83.0,43.0,661.0,14.0,75.0,124.0,22.0,509.0,99.0,85.0,239.0,76.0,40.0,343.0,55.0
94.0,56.0,263.0,29.0,150.0,155.0,53.0,149.0,187.0,144.0,187.0,155.0,101.0,101.0,127.0
196.0,259.0,353.0,51.0,50.0,348.0,18.0,251.0,314.0,193.0,286.0,236.0,44.0,184.0,44.0
163.0,225.0,266.0,29.0,137.0,310.0,58.0,146.0,173.0,151.0,154.0,162.0,102.0,111.0,111.0
429.0,332.0,999.0,183.0,445.0,404.0,254.0,999.0,480.0,374.0,681.0,582.0,515.0,999.0,582.0
140.0,163.0,260.0,31.0,188.0,235.0,62.0,148.0,184.0,144.0,189.0,207.0,123.0,101.0,220.0
999.0,999.0,999.0,999.0,999.0,999.0,999.0,999.0,999.0,999.0,681.0,999.0,999.0,184.0,999.0
130.0,137.0,281.0,33.0,189.0,253.0,67.0,165.0,188.0,154.0,203.0,165.0,139.0,174.0,155.0
158.0,205.0,279.0,35.0,224.0,348.0,82.0,160.0,199.0,154.0,203.0,165.0,156.0,102.0,180.0
217.0,306.0,507.0,60.0,131.0,388.0,43.0,364.0,168.0,306.0,408.0,430.0,270.0,275.0,101.0
114.0,95.0,279.0,23.0,112.0,206.0,35.0,163.0,163.0,154.0,207.0,165.0,54.0,145.0,229.0
211.0,300.0,461.0,97.0,999.0,373.0,999.0,438.0,296.0,278.0,366.0,305.0,999.0,305.0,999.0
160.0,205.0,283.0,33.0,229.0,175.0,62.0,251.0,187.0,154.0,207.0,172.0,127.0,184.0,111.0
132.0,137.0,252.0,29.0,123.0,293.0,61.0,141.0,171.0,144.0,189.0,138.0,101.0,95.0,89.0
94.0,55.0,396.0,15.0,100.0,281.0,32.0,297.0,105.0,214.0,322.0,268.0,49.0,218.0,80.0
73.0,64.0,550.0,217.0,161.0,155.0,53.0,420.0,829.0,416.0,470.0,856.0,905.0,308.0,174.0
80.0,41.0,346.0,9.0,73.0,102.0,19.0,251.0,76.0,82.0,257.0,69.0,33.0,184.0,84.0
152.0,180.0,449.0,65.0,278.0,260.0,184.0,313.0,314.0,223.0,200.0,277.0,284.0,296.0,69.0
92.0,187.0,223.0,19.0,104.0,272.0,34.0,94.0,163.0,115.0,351.0,113.0,54.0,77.0,83.0
97.0,55.0,208.0,16.0,85.0,155.0,29.0,0.0,117.0,106.0,128.0,98.0,46.0,0.0,66.0
181.0,234.0,310.0,57.0,228.0,324.0,85.0,195.0,293.0,201.0,236.0,248.0,264.0,134.0,250.0
146.0,179.0,281.0,31.0,200.0,260.0,75.0,165.0,184.0,154.0,243.0,162.0,150.0,111.0,172.0
375.0,709.0,532.0,143.0,524.0,319.0,274.0,969.0,571.0,347.0,286.0,463.0,678.0,613.0,999.0
316.0,515.0,488.0,114.0,176.0,491.0,171.0,353.0,363.0,300.0,400.0,187.0,579.0,269.0,154.0
73.0,27.0,852.0,6.0,47.0,56.0,7.0,756.0,122.0,144.0,187.0,155.0,19.0,491.0,73.0
103.0,72.0,372.0,78.0,168.0,159.0,570.0,285.0,363.0,246.0,302.0,302.0,751.0,192.0,102.0
75.0,37.0,386.0,0.0,145.0,238.0,50.0,481.0,0.0,0.0,320.0,100.0,0.0,328.0,118.0
206.0,194.0,440.0,91.0,253.0,182.0,247.0,315.0,454.0,273.0,211.0,323.0,419.0,583.0,220.0
181.0,234.0,300.0,49.0,242.0,319.0,99.0,189.0,466.0,188.0,232.0,220.0,202.0,111.0,213.0
375.0,709.0,449.0,91.0,476.0,253.0,262.0,322.0,454.0,271.0,338.0,246.0,408.0,246.0,699.0
178.0,225.0,323.0,45.0,37.0,341.0,35.0,204.0,428.0,185.0,244.0,207.0,168.0,156.0,30.0
196.0,259.0,332.0,51.0,89.0,362.0,121.0,205.0,281.0,193.0,245.0,236.0,239.0,152.0,72.0
377.0,769.0,549.0,146.0,476.0,118.0,262.0,420.0,571.0,356.0,470.0,353.0,678.0,311.0,390.0
83.0,45.0,206.0,13.0,98.0,127.0,19.0,65.0,95.0,101.0,57.0,91.0,36.0,34.0,77.0
316.0,515.0,300.0,106.0,303.0,491.0,261.0,189.0,501.0,275.0,226.0,303.0,515.0,133.0,297.0
178.0,129.0,316.0,45.0,45.0,222.0,16.0,200.0,222.0,188.0,240.0,305.0,128.0,146.0,31.0
102.0,179.0,184.0,17.0,89.0,260.0,30.0,45.0,120.0,85.0,87.0,76.0,46.0,25.0,74.0
123.0,137.0,252.0,24.0,202.0,254.0,46.0,140.0,172.0,137.0,176.0,137.0,89.0,34.0,172.0
428.0,769.0,580.0,185.0,242.0,460.0,99.0,459.0,571.0,403.0,508.0,61.0,196.0,314.0,213.0
256.0,332.0,379.0,89.0,200.0,256.0,629.0,306.0,454.0,271.0,214.0,323.0,429.0,319.0,172.0
140.0,185.0,395.0,33.0,237.0,261.0,40.0,297.0,184.0,252.0,321.0,249.0,128.0,217.0,172.0
163.0,212.0,317.0,49.0,242.0,294.0,99.0,346.0,122.0,188.0,240.0,220.0,200.0,71.0,214.0
100.0,62.0,550.0,16.0,138.0,155.0,35.0,358.0,109.0,381.0,470.0,803.0,44.0,303.0,114.0
123.0,109.0,528.0,24.0,28.0,221.0,2.0,398.0,163.0,322.0,419.0,457.0,85.0,305.0,12.0
210.0,284.0,372.0,57.0,261.0,373.0,127.0,290.0,292.0,201.0,302.0,248.0,260.0,201.0,242.0
235.0,612.0,266.0,65.0,217.0,534.0,79.0,154.0,314.0,154.0,201.0,165.0,256.0,102.0,173.0
233.0,316.0,372.0,65.0,288.0,390.0,165.0,285.0,314.0,223.0,290.0,282.0,272.0,409.0,331.0
163.0,320.0,310.0,36.0,217.0,393.0,82.0,195.0,210.0,171.0,234.0,193.0,171.0,133.0,179.0
196.0,257.0,332.0,51.0,80.0,349.0,23.0,83.0,248.0,193.0,245.0,236.0,42.0,72.0,55.0
0.0,0.0,179.0,0.0,277.0,0.0,70.0,39.0,0.0,0.0,63.0,21.0,0.0,25.0,248.0
125.0,129.0,283.0,33.0,229.0,249.0,92.0,168.0,454.0,154.0,207.0,173.0,181.0,107.0,172.0
163.0,210.0,299.0,38.0,218.0,293.0,82.0,187.0,210.0,174.0,222.0,196.0,174.0,129.0,175.0
288.0,461.0,339.0,95.0,448.0,486.0,261.0,214.0,466.0,275.0,249.0,330.0,500.0,162.0,11.0
132.0,137.0,350.0,30.0,176.0,260.0,61.0,251.0,182.0,213.0,274.0,263.0,122.0,184.0,72.0
123.0,104.0,257.0,24.0,233.0,212.0,48.0,144.0,164.0,137.0,188.0,133.0,90.0,95.0,201.0
330.0,844.0,491.0,117.0,257.0,260.0,99.0,323.0,503.0,304.0,408.0,423.0,588.0,583.0,52.0
126.0,131.0,257.0,27.0,161.0,296.0,53.0,140.0,163.0,141.0,187.0,178.0,97.0,96.0,126.0
205.0,276.0,337.0,55.0,277.0,362.0,139.0,212.0,290.0,198.0,249.0,241.0,256.0,162.0,250.0
123.0,108.0,187.0,23.0,294.0,215.0,40.0,49.0,145.0,82.0,119.0,68.0,73.0,26.0,12.0
104.0,78.0,184.0,19.0,157.0,112.0,52.0,45.0,125.0,129.0,123.0,118.0,54.0,25.0,124.0
103.0,78.0,215.0,19.0,104.0,173.0,34.0,115.0,125.0,106.0,126.0,91.0,54.0,79.0,84.0
81.0,43.0,187.0,11.0,155.0,212.0,7.0,47.0,86.0,82.0,87.0,181.0,33.0,28.0,87.0
96.0,56.0,215.0,16.0,122.0,155.0,39.0,84.0,107.0,112.0,128.0,100.0,43.0,17.0,94.0
76.0,130.0,157.0,7.0,202.0,268.0,75.0,32.0,46.0,76.0,758.0,70.0,149.0,21.0,274.0
237.0,376.0,447.0,91.0,434.0,437.0,253.0,476.0,454.0,273.0,351.0,323.0,429.0,321.0,566.0
246.0,241.0,374.0,70.0,310.0,348.0,174.0,285.0,302.0,243.0,320.0,298.0,309.0,218.0,240.0
123.0,129.0,252.0,24.0,184.0,222.0,61.0,469.0,170.0,137.0,182.0,449.0,89.0,339.0,155.0
100.0,185.0,208.0,17.0,203.0,261.0,32.0,718.0,119.0,101.0,119.0,76.0,47.0,503.0,172.0
268.0,373.0,590.0,80.0,157.0,445.0,226.0,470.0,480.0,252.0,400.0,303.0,337.0,318.0,74.0
233.0,316.0,350.0,61.0,292.0,390.0,166.0,240.0,311.0,213.0,274.0,264.0,273.0,184.0,307.0
114.0,95.0,240.0,23.0,128.0,206.0,40.0,155.0,145.0,130.0,164.0,125.0,73.0,57.0,99.0
257.0,434.0,372.0,71.0,224.0,486.0,150.0,264.0,168.0,243.0,302.0,302.0,264.0,201.0,181.0
152.0,187.0,661.0,33.0,45.0,261.0,6.0,508.0,199.0,154.0,509.0,163.0,26.0,305.0,44.0
374.0,693.0,582.0,183.0,212.0,281.0,217.0,205.0,163.0,408.0,509.0,799.0,330.0,156.0,172.0
115.0,95.0,252.0,27.0,165.0,270.0,54.0,140.0,171.0,139.0,63.0,160.0,101.0,91.0,127.0
97.0,55.0,310.0,16.0,86.0,155.0,29.0,205.0,117.0,358.0,234.0,580.0,46.0,152.0,69.0
154.0,188.0,550.0,33.0,176.0,272.0,61.0,431.0,184.0,347.0,470.0,457.0,128.0,305.0,153.0
196.0,257.0,382.0,67.0,186.0,348.0,65.0,292.0,330.0,246.0,309.0,301.0,196.0,208.0,153.0
376.0,718.0,549.0,148.0,73.0,741.0,16.0,420.0,551.0,358.0,458.0,228.0,751.0,333.0,87.0
152.0,180.0,204.0,33.0,206.0,260.0,78.0,62.0,184.0,99.0,108.0,76.0,127.0,55.0,82.0
146.0,212.0,279.0,30.0,117.0,297.0,37.0,222.0,182.0,153.0,139.0,162.0,77.0,170.0,97.0
156.0,48.0,266.0,34.0,191.0,143.0,75.0,154.0,184.0,156.0,200.0,185.0,149.0,102.0,157.0
268.0,372.0,372.0,80.0,261.0,445.0,121.0,292.0,122.0,247.0,302.0,312.0,256.0,218.0,242.0
95.0,55.0,220.0,16.0,85.0,143.0,29.0,290.0,129.0,112.0,128.0,101.0,47.0,185.0,38.0
257.0,21.0,747.0,77.0,277.0,156.0,79.0,718.0,369.0,660.0,325.0,298.0,330.0,491.0,247.0
211.0,78.0,582.0,57.0,277.0,175.0,139.0,490.0,297.0,408.0,509.0,894.0,264.0,331.0,119.0
206.0,257.0,356.0,56.0,341.0,349.0,220.0,251.0,293.0,200.0,286.0,246.0,260.0,184.0,179.0
124.0,174.0,257.0,25.0,118.0,259.0,37.0,80.0,168.0,138.0,187.0,139.0,92.0,57.0,156.0
103.0,72.0,208.0,15.0,80.0,159.0,23.0,59.0,107.0,114.0,122.0,108.0,42.0,30.0,38.0
330.0,756.0,507.0,128.0,310.0,156.0,174.0,377.0,551.0,306.0,408.0,430.0,588.0,339.0,333.0
152.0,180.0,549.0,33.0,227.0,260.0,85.0,420.0,616.0,358.0,468.0,582.0,128.0,309.0,183.0
316.0,515.0,348.0,15.0,280.0,460.0,28.0,240.0,122.0,105.0,128.0,241.0,44.0,218.0,297.0
123.0,109.0,252.0,24.0,131.0,216.0,46.0,140.0,199.0,137.0,175.0,137.0,92.0,477.0,101.0
429.0,391.0,222.0,185.0,145.0,460.0,138.0,92.0,162.0,113.0,130.0,95.0,751.0,87.0,341.0
123.0,108.0,212.0,24.0,45.0,214.0,4.0,146.0,163.0,137.0,123.0,138.0,92.0,96.0,30.0
233.0,316.0,346.0,153.0,735.0,390.0,485.0,222.0,483.0,207.0,262.0,268.0,726.0,180.0,192.0
115.0,95.0,240.0,23.0,126.0,212.0,40.0,111.0,145.0,130.0,165.0,126.0,73.0,77.0,93.0
224.0,304.0,363.0,60.0,255.0,388.0,171.0,273.0,302.0,203.0,302.0,214.0,276.0,192.0,87.0
376.0,717.0,532.0,146.0,104.0,706.0,367.0,470.0,638.0,347.0,527.0,463.0,693.0,319.0,83.0
317.0,434.0,999.0,248.0,83.0,491.0,23.0,999.0,171.0,580.0,250.0,894.0,45.0,999.0,52.0
77.0,41.0,142.0,7.0,43.0,102.0,5.0,31.0,50.0,76.0,182.0,76.0,25.0,20.0,25.0
163.0,215.0,296.0,36.0,197.0,294.0,82.0,32.0,210.0,167.0,220.0,185.0,171.0,21.0,175.0
163.0,200.0,294.0,38.0,310.0,238.0,253.0,180.0,222.0,176.0,215.0,197.0,176.0,130.0,322.0
156.0,284.0,142.0,35.0,131.0,208.0,45.0,31.0,199.0,187.0,128.0,207.0,123.0,25.0,101.0
80.0,227.0,256.0,9.0,47.0,328.0,9.0,144.0,76.0,153.0,187.0,162.0,33.0,95.0,38.0
410.0,764.0,549.0,159.0,601.0,333.0,367.0,420.0,302.0,358.0,468.0,151.0,726.0,305.0,808.0
235.0,306.0,294.0,65.0,310.0,388.0,172.0,180.0,314.0,416.0,215.0,325.0,284.0,173.0,201.0
196.0,284.0,564.0,51.0,89.0,369.0,30.0,459.0,197.0,184.0,286.0,207.0,33.0,321.0,72.0
126.0,130.0,260.0,27.0,174.0,230.0,58.0,146.0,182.0,140.0,187.0,134.0,103.0,107.0,240.0
86.0,48.0,204.0,15.0,73.0,143.0,19.0,62.0,103.0,99.0,108.0,76.0,40.0,17.0,122.0
288.0,461.0,550.0,185.0,32.0,491.0,53.0,509.0,601.0,368.0,286.0,580.0,238.0,390.0,12.0
257.0,338.0,414.0,71.0,329.0,430.0,213.0,312.0,466.0,252.0,326.0,303.0,316.0,218.0,422.0
257.0,322.0,395.0,80.0,229.0,389.0,222.0,297.0,210.0,252.0,321.0,305.0,334.0,217.0,190.0
287.0,423.0,355.0,65.0,310.0,491.0,172.0,285.0,314.0,223.0,290.0,208.0,284.0,88.0,329.0
428.0,348.0,570.0,183.0,106.0,445.0,35.0,469.0,430.0,404.0,500.0,387.0,590.0,318.0,87.0
182.0,137.0,322.0,50.0,17.0,247.0,4.0,204.0,252.0,190.0,239.0,221.0,19.0,167.0,11.0
412.0,764.0,240.0,159.0,310.0,767.0,172.0,109.0,601.0,129.0,157.0,117.0,726.0,65.0,329.0
152.0,200.0,281.0,33.0,175.0,280.0,61.0,165.0,198.0,154.0,200.0,167.0,127.0,116.0,144.0
154.0,185.0,294.0,34.0,188.0,261.0,67.0,176.0,193.0,165.0,215.0,181.0,139.0,130.0,156.0
132.0,137.0,263.0,29.0,174.0,348.0,58.0,183.0,173.0,147.0,214.0,287.0,103.0,134.0,160.0
410.0,756.0,661.0,243.0,100.0,767.0,32.0,509.0,134.0,524.0,310.0,162.0,888.0,390.0,80.0
183.0,235.0,340.0,49.0,292.0,445.0,99.0,216.0,248.0,188.0,257.0,220.0,202.0,617.0,9.0
83.0,43.0,303.0,13.0,75.0,127.0,19.0,206.0,99.0,176.0,286.0,197.0,36.0,150.0,56.0
259.0,346.0,447.0,95.0,434.0,270.0,253.0,322.0,173.0,273.0,322.0,323.0,438.0,493.0,566.0
181.0,235.0,322.0,49.0,242.0,809.0,99.0,205.0,248.0,188.0,241.0,220.0,202.0,87.0,215.0
165.0,222.0,255.0,38.0,226.0,308.0,83.0,141.0,213.0,139.0,286.0,140.0,174.0,491.0,192.0
167.0,221.0,283.0,38.0,208.0,324.0,78.0,168.0,145.0,156.0,176.0,178.0,175.0,309.0,175.0
71.0,27.0,224.0,16.0,102.0,56.0,35.0,83.0,184.0,108.0,148.0,100.0,68.0,64.0,82.0
114.0,95.0,485.0,11.0,104.0,214.0,16.0,470.0,95.0,296.0,411.0,355.0,35.0,319.0,84.0
306.0,233.0,208.0,17.0,261.0,320.0,79.0,82.0,122.0,107.0,123.0,98.0,49.0,64.0,242.0
241.0,376.0,316.0,45.0,229.0,448.0,94.0,140.0,223.0,188.0,204.0,212.0,195.0,91.0,202.0
410.0,756.0,580.0,183.0,47.0,294.0,9.0,470.0,165.0,404.0,64.0,346.0,923.0,318.0,32.0
96.0,55.0,212.0,16.0,279.0,155.0,39.0,83.0,117.0,108.0,126.0,76.0,70.0,64.0,274.0
147.0,238.0,395.0,45.0,234.0,393.0,96.0,297.0,178.0,252.0,320.0,312.0,204.0,218.0,175.0
124.0,129.0,252.0,25.0,200.0,222.0,50.0,137.0,170.0,138.0,177.0,127.0,92.0,87.0,44.0
257.0,348.0,475.0,73.0,341.0,422.0,217.0,198.0,369.0,246.0,419.0,302.0,331.0,145.0,390.0
232.0,346.0,449.0,65.0,104.0,439.0,32.0,322.0,293.0,223.0,470.0,76.0,51.0,318.0,83.0
134.0,145.0,311.0,51.0,261.0,215.0,121.0,197.0,172.0,184.0,236.0,196.0,238.0,145.0,246.0
91.0,241.0,157.0,15.0,112.0,349.0,23.0,32.0,122.0,92.0,64.0,76.0,42.0,311.0,66.0
169.0,227.0,266.0,30.0,28.0,312.0,32.0,154.0,182.0,151.0,200.0,162.0,49.0,102.0,12.0
212.0,276.0,255.0,96.0,258.0,362.0,119.0,144.0,466.0,139.0,187.0,140.0,219.0,101.0,234.0
123.0,203.0,428.0,91.0,341.0,280.0,226.0,15.0,454.0,273.0,119.0,220.0,337.0,12.0,699.0
171.0,205.0,564.0,248.0,89.0,254.0,32.0,440.0,232.0,580.0,483.0,186.0,48.0,312.0,74.0
266.0,367.0,491.0,112.0,229.0,439.0,261.0,565.0,184.0,304.0,402.0,374.0,579.0,119.0,190.0
137.0,163.0,747.0,30.0,174.0,216.0,58.0,718.0,111.0,660.0,833.0,197.0,103.0,491.0,158.0
0.0,0.0,0.0,0.0,45.0,0.0,0.0,32.0,0.0,0.0,0.0,21.0,0.0,12.0,12.0
202.0,261.0,332.0,51.0,292.0,741.0,166.0,205.0,288.0,193.0,245.0,236.0,260.0,455.0,275.0
181.0,235.0,126.0,46.0,224.0,42.0,83.0,27.0,191.0,185.0,13.0,207.0,174.0,12.0,181.0
205.0,292.0,661.0,51.0,229.0,373.0,86.0,16.0,270.0,192.0,500.0,140.0,219.0,16.0,190.0
113.0,90.0,267.0,30.0,255.0,205.0,107.0,155.0,184.0,151.0,200.0,162.0,212.0,106.0,91.0
288.0,461.0,582.0,95.0,202.0,486.0,75.0,476.0,466.0,408.0,509.0,799.0,444.0,321.0,173.0
295.0,461.0,855.0,96.0,446.0,486.0,258.0,885.0,466.0,269.0,999.0,322.0,450.0,583.0,582.0
270.0,694.0,580.0,182.0,137.0,656.0,46.0,470.0,503.0,404.0,508.0,204.0,89.0,319.0,216.0
80.0,41.0,657.0,9.0,47.0,280.0,9.0,508.0,76.0,358.0,226.0,580.0,33.0,339.0,32.0
156.0,210.0,293.0,34.0,181.0,294.0,75.0,176.0,199.0,156.0,211.0,178.0,149.0,132.0,155.0
0.0,0.0,528.0,307.0,999.0,0.0,999.0,392.0,180.0,316.0,210.0,456.0,999.0,296.0,999.0
81.0,292.0,157.0,11.0,47.0,374.0,5.0,32.0,81.0,83.0,199.0,72.0,33.0,21.0,32.0
119.0,104.0,242.0,23.0,174.0,212.0,58.0,124.0,163.0,132.0,165.0,126.0,83.0,82.0,125.0
271.0,409.0,294.0,29.0,174.0,462.0,58.0,180.0,177.0,150.0,126.0,115.0,103.0,131.0,131.0
86.0,53.0,330.0,51.0,252.0,143.0,106.0,315.0,272.0,192.0,244.0,231.0,219.0,240.0,218.0
111.0,87.0,661.0,243.0,102.0,193.0,33.0,572.0,199.0,521.0,654.0,856.0,35.0,583.0,82.0
138.0,618.0,278.0,30.0,151.0,490.0,50.0,158.0,177.0,151.0,201.0,162.0,92.0,107.0,201.0
125.0,130.0,223.0,19.0,104.0,260.0,33.0,90.0,616.0,115.0,177.0,155.0,52.0,65.0,82.0
259.0,348.0,386.0,77.0,341.0,422.0,220.0,292.0,233.0,247.0,320.0,303.0,334.0,169.0,158.0
288.0,461.0,457.0,95.0,445.0,213.0,254.0,323.0,430.0,275.0,366.0,193.0,444.0,247.0,246.0
168.0,225.0,283.0,34.0,229.0,312.0,92.0,15.0,193.0,156.0,208.0,174.0,181.0,458.0,172.0
73.0,28.0,130.0,6.0,189.0,56.0,62.0,144.0,46.0,57.0,29.0,23.0,19.0,101.0,190.0
112.0,47.0,311.0,23.0,117.0,143.0,37.0,280.0,173.0,185.0,241.0,207.0,77.0,131.0,71.0
183.0,249.0,353.0,41.0,229.0,348.0,92.0,200.0,222.0,182.0,286.0,208.0,190.0,148.0,183.0
168.0,225.0,299.0,38.0,229.0,306.0,86.0,176.0,213.0,174.0,222.0,197.0,175.0,193.0,153.0
97.0,56.0,212.0,16.0,86.0,155.0,29.0,83.0,117.0,108.0,160.0,98.0,46.0,16.0,69.0
270.0,72.0,411.0,86.0,89.0,188.0,32.0,285.0,430.0,264.0,326.0,302.0,47.0,193.0,74.0
73.0,36.0,183.0,7.0,134.0,118.0,45.0,32.0,38.0,75.0,387.0,187.0,70.0,16.0,110.0
97.0,55.0,251.0,17.0,212.0,155.0,78.0,124.0,122.0,137.0,208.0,133.0,158.0,82.0,181.0
259.0,320.0,348.0,78.0,365.0,393.0,226.0,225.0,272.0,202.0,272.0,138.0,337.0,617.0,455.0
84.0,41.0,207.0,13.0,45.0,103.0,18.0,73.0,98.0,101.0,126.0,76.0,36.0,30.0,30.0
156.0,105.0,292.0,34.0,227.0,213.0,76.0,180.0,187.0,156.0,210.0,108.0,145.0,132.0,183.0
160.0,212.0,298.0,36.0,200.0,294.0,78.0,187.0,204.0,167.0,222.0,186.0,161.0,134.0,170.0
187.0,229.0,332.0,51.0,280.0,315.0,150.0,297.0,293.0,193.0,226.0,236.0,214.0,217.0,187.0
123.0,89.0,240.0,25.0,248.0,191.0,101.0,214.0,168.0,129.0,177.0,249.0,89.0,162.0,229.0
163.0,215.0,322.0,36.0,86.0,296.0,26.0,204.0,210.0,167.0,241.0,282.0,171.0,149.0,154.0
375.0,709.0,507.0,137.0,434.0,687.0,253.0,377.0,579.0,306.0,408.0,430.0,624.0,412.0,566.0
163.0,215.0,481.0,97.0,229.0,297.0,203.0,342.0,428.0,293.0,387.0,348.0,303.0,258.0,192.0
180.0,233.0,251.0,25.0,151.0,320.0,50.0,137.0,168.0,138.0,187.0,207.0,92.0,88.0,83.0
73.0,28.0,201.0,7.0,45.0,280.0,15.0,61.0,46.0,76.0,91.0,68.0,23.0,57.0,30.0
257.0,338.0,386.0,77.0,310.0,390.0,217.0,297.0,369.0,247.0,320.0,303.0,331.0,205.0,333.0
103.0,72.0,208.0,18.0,117.0,159.0,33.0,82.0,119.0,112.0,123.0,101.0,52.0,58.0,93.0
122.0,105.0,239.0,23.0,45.0,212.0,7.0,130.0,144.0,129.0,154.0,126.0,59.0,196.0,30.0
224.0,317.0,360.0,56.0,261.0,393.0,127.0,322.0,292.0,200.0,299.0,249.0,260.0,255.0,242.0
163.0,188.0,294.0,36.0,313.0,277.0,199.0,181.0,210.0,167.0,218.0,185.0,168.0,132.0,351.0
100.0,62.0,212.0,17.0,88.0,155.0,30.0,39.0,184.0,108.0,119.0,101.0,46.0,17.0,44.0
237.0,87.0,542.0,63.0,261.0,188.0,129.0,420.0,311.0,213.0,465.0,264.0,260.0,309.0,242.0
140.0,348.0,266.0,30.0,176.0,437.0,61.0,154.0,430.0,151.0,200.0,162.0,116.0,106.0,142.0
87.0,48.0,220.0,18.0,230.0,143.0,33.0,59.0,122.0,112.0,130.0,101.0,52.0,41.0,201.0
156.0,187.0,386.0,34.0,137.0,407.0,75.0,264.0,191.0,156.0,320.0,178.0,149.0,193.0,111.0
268.0,372.0,582.0,87.0,203.0,445.0,75.0,470.0,428.0,403.0,508.0,186.0,150.0,409.0,174.0
156.0,180.0,292.0,35.0,211.0,260.0,78.0,158.0,199.0,156.0,210.0,178.0,156.0,82.0,175.0
273.0,434.0,353.0,91.0,165.0,484.0,59.0,251.0,454.0,214.0,286.0,263.0,419.0,184.0,125.0
319.0,523.0,461.0,97.0,723.0,518.0,396.0,322.0,498.0,278.0,366.0,348.0,500.0,291.0,250.0
338.0,103.0,532.0,133.0,123.0,211.0,35.0,470.0,425.0,347.0,322.0,463.0,90.0,319.0,95.0
217.0,301.0,252.0,60.0,275.0,319.0,138.0,15.0,302.0,144.0,177.0,151.0,264.0,16.0,242.0
333.0,618.0,507.0,128.0,601.0,550.0,367.0,364.0,547.0,306.0,408.0,430.0,588.0,305.0,808.0
147.0,200.0,348.0,33.0,89.0,256.0,30.0,232.0,170.0,154.0,272.0,167.0,46.0,583.0,55.0
76.0,72.0,184.0,8.0,75.0,60.0,19.0,45.0,50.0,81.0,333.0,68.0,36.0,25.0,72.0
126.0,130.0,347.0,27.0,175.0,227.0,59.0,228.0,172.0,203.0,236.0,240.0,109.0,12.0,153.0
94.0,43.0,207.0,16.0,83.0,127.0,26.0,83.0,109.0,106.0,119.0,126.0,43.0,68.0,55.0
169.0,225.0,299.0,38.0,229.0,310.0,85.0,186.0,215.0,174.0,206.0,193.0,175.0,106.0,201.0
288.0,461.0,449.0,95.0,445.0,486.0,254.0,322.0,164.0,275.0,158.0,84.0,444.0,246.0,574.0
154.0,188.0,500.0,128.0,723.0,297.0,396.0,363.0,547.0,304.0,408.0,428.0,590.0,271.0,172.0
212.0,292.0,346.0,58.0,248.0,373.0,217.0,222.0,296.0,201.0,286.0,298.0,380.0,159.0,218.0
176.0,225.0,323.0,51.0,253.0,310.0,106.0,154.0,224.0,191.0,241.0,228.0,211.0,102.0,187.0
212.0,274.0,310.0,53.0,341.0,362.0,220.0,205.0,233.0,201.0,225.0,248.0,334.0,152.0,390.0
132.0,137.0,293.0,32.0,176.0,254.0,61.0,176.0,184.0,160.0,211.0,178.0,123.0,41.0,153.0
160.0,212.0,530.0,51.0,344.0,294.0,217.0,403.0,660.0,196.0,419.0,236.0,284.0,308.0,422.0
165.0,188.0,183.0,38.0,226.0,382.0,83.0,154.0,213.0,176.0,287.0,197.0,174.0,107.0,181.0
71.0,27.0,340.0,6.0,45.0,87.0,1.0,420.0,33.0,201.0,170.0,204.0,10.0,311.0,69.0
257.0,322.0,392.0,71.0,329.0,462.0,213.0,313.0,293.0,252.0,320.0,302.0,316.0,240.0,229.0
191.0,212.0,701.0,80.0,257.0,294.0,82.0,572.0,117.0,247.0,157.0,304.0,336.0,455.0,231.0
100.0,174.0,183.0,17.0,104.0,261.0,32.0,32.0,119.0,106.0,27.0,174.0,49.0,24.0,114.0
171.0,227.0,283.0,45.0,243.0,312.0,99.0,168.0,232.0,156.0,208.0,175.0,200.0,119.0,215.0
156.0,173.0,294.0,34.0,200.0,249.0,75.0,176.0,197.0,156.0,210.0,175.0,154.0,125.0,172.0
412.0,764.0,580.0,177.0,476.0,656.0,262.0,718.0,616.0,403.0,366.0,681.0,726.0,496.0,881.0
134.0,145.0,246.0,23.0,106.0,268.0,35.0,149.0,171.0,132.0,177.0,127.0,95.0,96.0,87.0
330.0,64.0,542.0,97.0,310.0,160.0,213.0,346.0,480.0,289.0,465.0,348.0,316.0,129.0,473.0
102.0,332.0,580.0,183.0,311.0,429.0,188.0,470.0,281.0,403.0,508.0,197.0,905.0,319.0,334.0
214.0,306.0,336.0,51.0,217.0,254.0,99.0,214.0,290.0,197.0,252.0,241.0,238.0,152.0,134.0
123.0,109.0,310.0,24.0,151.0,216.0,46.0,197.0,164.0,137.0,234.0,101.0,89.0,146.0,119.0
270.0,292.0,449.0,95.0,445.0,374.0,254.0,327.0,466.0,275.0,290.0,338.0,444.0,248.0,566.0
146.0,173.0,363.0,31.0,176.0,256.0,61.0,277.0,184.0,227.0,297.0,288.0,122.0,193.0,153.0
236.0,320.0,346.0,66.0,131.0,393.0,166.0,225.0,180.0,225.0,262.0,280.0,284.0,26.0,101.0
202.0,281.0,326.0,51.0,191.0,365.0,48.0,296.0,270.0,191.0,245.0,228.0,726.0,186.0,157.0
96.0,55.0,206.0,16.0,117.0,663.0,35.0,83.0,117.0,103.0,126.0,125.0,59.0,617.0,89.0
217.0,41.0,528.0,60.0,261.0,102.0,171.0,398.0,297.0,300.0,400.0,263.0,276.0,303.0,242.0
105.0,92.0,536.0,15.0,89.0,253.0,23.0,415.0,145.0,347.0,57.0,470.0,42.0,308.0,101.0
178.0,231.0,316.0,45.0,278.0,315.0,121.0,201.0,232.0,188.0,240.0,95.0,239.0,146.0,242.0
77.0,40.0,207.0,15.0,75.0,86.0,22.0,140.0,103.0,106.0,120.0,61.0,40.0,180.0,55.0
158.0,205.0,293.0,35.0,217.0,288.0,79.0,186.0,197.0,165.0,238.0,185.0,156.0,240.0,179.0
156.0,221.0,336.0,38.0,341.0,315.0,220.0,206.0,204.0,200.0,245.0,249.0,174.0,158.0,390.0
178.0,232.0,266.0,41.0,211.0,319.0,78.0,154.0,223.0,151.0,200.0,162.0,168.0,102.0,175.0
244.0,325.0,361.0,70.0,312.0,460.0,184.0,756.0,333.0,228.0,290.0,287.0,288.0,503.0,333.0
134.0,145.0,266.0,30.0,181.0,250.0,61.0,346.0,180.0,151.0,200.0,162.0,116.0,259.0,155.0
146.0,194.0,428.0,30.0,175.0,328.0,58.0,290.0,182.0,275.0,345.0,355.0,109.0,240.0,144.0
71.0,27.0,582.0,133.0,106.0,127.0,382.0,438.0,571.0,408.0,509.0,456.0,639.0,314.0,87.0
152.0,185.0,183.0,7.0,47.0,268.0,6.0,45.0,81.0,80.0,64.0,68.0,25.0,25.0,32.0
181.0,234.0,313.0,45.0,242.0,328.0,99.0,39.0,343.0,188.0,240.0,207.0,200.0,477.0,218.0
273.0,403.0,374.0,71.0,403.0,462.0,237.0,299.0,369.0,243.0,238.0,301.0,330.0,218.0,469.0
113.0,90.0,224.0,20.0,104.0,213.0,35.0,98.0,129.0,120.0,200.0,162.0,55.0,72.0,9.0
176.0,229.0,528.0,45.0,203.0,315.0,83.0,398.0,199.0,278.0,419.0,348.0,196.0,305.0,173.0
86.0,43.0,207.0,15.0,118.0,241.0,38.0,80.0,98.0,103.0,120.0,61.0,33.0,57.0,95.0
171.0,585.0,353.0,45.0,292.0,518.0,166.0,297.0,233.0,188.0,286.0,221.0,177.0,217.0,307.0
104.0,78.0,293.0,19.0,104.0,175.0,34.0,176.0,122.0,160.0,211.0,125.0,54.0,123.0,80.0
376.0,717.0,481.0,148.0,89.0,324.0,32.0,342.0,858.0,319.0,387.0,456.0,49.0,258.0,74.0
100.0,64.0,207.0,16.0,85.0,268.0,28.0,469.0,120.0,106.0,165.0,91.0,44.0,318.0,93.0
104.0,78.0,215.0,18.0,118.0,101.0,37.0,84.0,122.0,112.0,128.0,100.0,59.0,64.0,94.0
330.0,612.0,507.0,128.0,476.0,486.0,367.0,756.0,503.0,306.0,410.0,186.0,588.0,496.0,422.0
126.0,131.0,263.0,27.0,150.0,238.0,50.0,31.0,170.0,147.0,200.0,160.0,92.0,20.0,87.0
77.0,41.0,201.0,16.0,83.0,101.0,24.0,61.0,117.0,106.0,94.0,163.0,42.0,55.0,66.0
183.0,316.0,337.0,57.0,174.0,390.0,139.0,212.0,313.0,201.0,257.0,248.0,264.0,159.0,139.0
163.0,214.0,303.0,36.0,137.0,294.0,79.0,194.0,210.0,176.0,232.0,196.0,168.0,24.0,111.0
333.0,618.0,475.0,97.0,723.0,490.0,188.0,331.0,545.0,293.0,382.0,25.0,464.0,218.0,4.0
182.0,194.0,332.0,50.0,174.0,280.0,95.0,205.0,252.0,190.0,245.0,207.0,209.0,156.0,154.0
83.0,43.0,201.0,11.0,55.0,127.0,18.0,90.0,76.0,84.0,94.0,76.0,35.0,66.0,44.0
252.0,331.0,355.0,95.0,445.0,422.0,253.0,214.0,579.0,223.0,287.0,280.0,438.0,174.0,574.0
152.0,182.0,351.0,61.0,288.0,261.0,165.0,241.0,50.0,214.0,307.0,264.0,272.0,180.0,154.0
129.0,135.0,312.0,27.0,104.0,241.0,34.0,322.0,171.0,141.0,240.0,241.0,583.0,174.0,80.0
104.0,78.0,212.0,20.0,184.0,191.0,19.0,98.0,132.0,120.0,126.0,113.0,54.0,201.0,155.0
211.0,284.0,303.0,58.0,277.0,373.0,143.0,103.0,296.0,176.0,239.0,197.0,269.0,72.0,250.0
122.0,108.0,240.0,24.0,132.0,215.0,45.0,111.0,163.0,132.0,165.0,125.0,84.0,76.0,107.0
196.0,257.0,999.0,70.0,277.0,365.0,147.0,999.0,332.0,228.0,387.0,287.0,288.0,458.0,247.0
83.0,27.0,204.0,11.0,47.0,56.0,13.0,92.0,204.0,84.0,110.0,76.0,33.0,72.0,32.0
76.0,42.0,530.0,11.0,100.0,118.0,33.0,431.0,86.0,154.0,386.0,165.0,51.0,96.0,80.0
181.0,108.0,316.0,45.0,128.0,215.0,99.0,315.0,237.0,188.0,240.0,193.0,200.0,240.0,99.0
202.0,278.0,336.0,51.0,257.0,460.0,108.0,206.0,281.0,196.0,245.0,162.0,209.0,269.0,231.0
115.0,95.0,511.0,22.0,118.0,197.0,38.0,415.0,144.0,129.0,411.0,125.0,70.0,308.0,87.0
182.0,276.0,320.0,49.0,160.0,373.0,95.0,202.0,276.0,188.0,234.0,220.0,195.0,132.0,124.0
268.0,372.0,360.0,85.0,278.0,445.0,150.0,280.0,425.0,256.0,290.0,220.0,276.0,196.0,198.0
158.0,205.0,279.0,35.0,128.0,294.0,42.0,39.0,199.0,154.0,203.0,165.0,59.0,24.0,97.0
217.0,323.0,440.0,60.0,279.0,407.0,150.0,481.0,302.0,271.0,833.0,323.0,270.0,328.0,275.0
123.0,109.0,204.0,14.0,165.0,216.0,35.0,49.0,171.0,99.0,126.0,76.0,59.0,27.0,94.0
316.0,515.0,475.0,112.0,202.0,490.0,75.0,331.0,829.0,304.0,243.0,428.0,154.0,255.0,172.0
165.0,234.0,530.0,38.0,176.0,315.0,83.0,415.0,503.0,174.0,400.0,193.0,174.0,269.0,148.0
259.0,322.0,999.0,77.0,229.0,397.0,222.0,999.0,369.0,247.0,483.0,303.0,336.0,999.0,190.0
154.0,187.0,303.0,33.0,45.0,270.0,6.0,313.0,191.0,154.0,226.0,167.0,140.0,219.0,32.0
115.0,95.0,320.0,45.0,202.0,182.0,75.0,155.0,139.0,188.0,128.0,231.0,200.0,106.0,179.0
132.0,137.0,312.0,36.0,224.0,294.0,82.0,160.0,177.0,176.0,309.0,101.0,174.0,107.0,182.0
288.0,461.0,475.0,95.0,191.0,484.0,226.0,331.0,454.0,138.0,222.0,139.0,369.0,255.0,157.0
160.0,225.0,348.0,36.0,218.0,362.0,79.0,292.0,215.0,167.0,272.0,186.0,161.0,208.0,180.0
235.0,261.0,356.0,65.0,303.0,280.0,171.0,251.0,313.0,223.0,286.0,277.0,284.0,184.0,333.0
129.0,95.0,266.0,27.0,104.0,203.0,34.0,154.0,171.0,144.0,201.0,155.0,54.0,107.0,84.0
126.0,131.0,395.0,21.0,117.0,235.0,35.0,297.0,132.0,199.0,321.0,244.0,55.0,217.0,91.0
167.0,221.0,351.0,38.0,228.0,101.0,85.0,241.0,105.0,214.0,290.0,220.0,176.0,184.0,187.0
133.0,141.0,530.0,29.0,58.0,249.0,15.0,420.0,173.0,147.0,419.0,164.0,102.0,311.0,44.0
412.0,764.0,570.0,182.0,257.0,767.0,119.0,469.0,676.0,403.0,500.0,91.0,260.0,318.0,297.0
191.0,325.0,346.0,65.0,280.0,425.0,171.0,225.0,314.0,214.0,261.0,268.0,284.0,173.0,274.0
233.0,229.0,323.0,60.0,54.0,315.0,19.0,204.0,296.0,203.0,241.0,257.0,36.0,134.0,43.0
156.0,137.0,190.0,34.0,229.0,249.0,86.0,51.0,184.0,85.0,91.0,76.0,176.0,27.0,190.0
171.0,229.0,240.0,41.0,313.0,315.0,199.0,109.0,223.0,129.0,157.0,118.0,291.0,72.0,30.0
97.0,376.0,184.0,16.0,138.0,164.0,33.0,51.0,117.0,80.0,0.0,68.0,46.0,129.0,114.0
232.0,182.0,350.0,64.0,303.0,261.0,170.0,240.0,313.0,213.0,203.0,257.0,276.0,173.0,322.0
112.0,89.0,657.0,41.0,128.0,188.0,42.0,508.0,198.0,182.0,84.0,185.0,284.0,412.0,110.0
123.0,108.0,206.0,24.0,0.0,214.0,1.0,78.0,163.0,80.0,87.0,423.0,4.0,57.0,0.0
319.0,523.0,346.0,51.0,230.0,439.0,94.0,225.0,270.0,202.0,240.0,257.0,191.0,247.0,202.0
270.0,135.0,476.0,86.0,211.0,241.0,274.0,331.0,430.0,264.0,389.0,316.0,583.0,269.0,175.0
163.0,214.0,340.0,36.0,227.0,253.0,85.0,225.0,210.0,207.0,245.0,298.0,168.0,162.0,183.0
152.0,205.0,283.0,33.0,278.0,281.0,143.0,168.0,184.0,154.0,252.0,187.0,128.0,255.0,247.0
244.0,332.0,385.0,78.0,85.0,468.0,29.0,293.0,428.0,247.0,298.0,304.0,45.0,510.0,66.0
130.0,137.0,293.0,36.0,202.0,249.0,75.0,181.0,199.0,165.0,225.0,139.0,154.0,123.0,173.0
137.0,187.0,258.0,30.0,176.0,276.0,61.0,141.0,103.0,144.0,188.0,190.0,116.0,305.0,154.0
196.0,238.0,332.0,51.0,312.0,344.0,198.0,205.0,177.0,193.0,187.0,248.0,288.0,159.0,329.0
134.0,145.0,223.0,30.0,138.0,250.0,46.0,92.0,181.0,151.0,130.0,162.0,89.0,77.0,111.0
183.0,259.0,312.0,45.0,155.0,369.0,99.0,16.0,248.0,188.0,238.0,214.0,202.0,16.0,43.0
146.0,164.0,283.0,33.0,227.0,254.0,184.0,168.0,188.0,154.0,207.0,208.0,288.0,72.0,72.0
111.0,89.0,238.0,21.0,117.0,241.0,35.0,32.0,119.0,120.0,160.0,113.0,59.0,21.0,81.0
96.0,55.0,348.0,16.0,47.0,159.0,9.0,228.0,170.0,144.0,272.0,47.0,48.0,179.0,32.0
81.0,42.0,206.0,14.0,50.0,127.0,15.0,83.0,144.0,101.0,110.0,127.0,27.0,62.0,42.0
96.0,55.0,528.0,29.0,131.0,160.0,45.0,403.0,178.0,316.0,419.0,446.0,109.0,305.0,101.0
244.0,323.0,208.0,36.0,200.0,86.0,75.0,83.0,195.0,166.0,226.0,187.0,150.0,496.0,172.0
158.0,205.0,240.0,33.0,117.0,289.0,39.0,363.0,188.0,130.0,160.0,126.0,55.0,269.0,87.0
156.0,200.0,281.0,33.0,189.0,280.0,67.0,62.0,187.0,154.0,238.0,167.0,128.0,41.0,157.0
205.0,276.0,184.0,55.0,243.0,358.0,99.0,15.0,290.0,171.0,157.0,172.0,256.0,617.0,213.0
104.0,78.0,263.0,19.0,262.0,175.0,58.0,149.0,180.0,154.0,249.0,167.0,54.0,137.0,250.0
80.0,41.0,252.0,9.0,45.0,102.0,9.0,83.0,76.0,82.0,177.0,69.0,33.0,64.0,31.0
129.0,135.0,283.0,17.0,134.0,261.0,45.0,132.0,120.0,154.0,208.0,165.0,45.0,87.0,69.0
83.0,42.0,111.0,12.0,58.0,484.0,18.0,16.0,127.0,114.0,5.0,100.0,36.0,12.0,45.0
126.0,131.0,257.0,27.0,181.0,249.0,50.0,111.0,215.0,141.0,203.0,151.0,92.0,77.0,180.0
273.0,180.0,346.0,58.0,288.0,260.0,165.0,223.0,296.0,201.0,152.0,246.0,273.0,173.0,297.0
377.0,717.0,481.0,60.0,288.0,288.0,165.0,342.0,302.0,304.0,387.0,428.0,272.0,258.0,250.0
182.0,53.0,336.0,53.0,202.0,143.0,75.0,204.0,302.0,197.0,248.0,231.0,219.0,150.0,173.0
211.0,284.0,855.0,61.0,292.0,358.0,166.0,940.0,313.0,408.0,999.0,803.0,273.0,583.0,307.0
246.0,323.0,395.0,80.0,65.0,382.0,16.0,297.0,454.0,252.0,88.0,387.0,336.0,217.0,44.0
114.0,95.0,222.0,58.0,32.0,205.0,147.0,97.0,297.0,112.0,245.0,100.0,269.0,71.0,12.0
83.0,55.0,184.0,13.0,230.0,143.0,19.0,137.0,109.0,80.0,129.0,72.0,36.0,72.0,202.0
244.0,323.0,570.0,182.0,104.0,407.0,34.0,476.0,227.0,403.0,218.0,175.0,726.0,321.0,84.0
181.0,233.0,283.0,35.0,429.0,320.0,247.0,202.0,195.0,156.0,241.0,162.0,156.0,145.0,566.0
156.0,200.0,281.0,33.0,184.0,289.0,61.0,165.0,187.0,154.0,206.0,167.0,122.0,111.0,155.0
202.0,515.0,208.0,16.0,429.0,486.0,237.0,124.0,120.0,107.0,123.0,101.0,406.0,96.0,566.0
181.0,235.0,386.0,46.0,229.0,210.0,99.0,297.0,232.0,188.0,320.0,181.0,202.0,218.0,190.0
244.0,325.0,379.0,70.0,145.0,422.0,50.0,738.0,341.0,238.0,298.0,353.0,291.0,496.0,238.0
111.0,89.0,238.0,21.0,117.0,211.0,35.0,83.0,145.0,120.0,152.0,117.0,59.0,17.0,155.0
101.0,55.0,222.0,18.0,212.0,144.0,75.0,90.0,122.0,113.0,158.0,105.0,150.0,20.0,175.0
114.0,92.0,294.0,36.0,255.0,222.0,106.0,168.0,199.0,167.0,214.0,186.0,161.0,107.0,308.0
138.0,169.0,356.0,30.0,176.0,221.0,61.0,259.0,187.0,153.0,287.0,163.0,108.0,192.0,148.0
288.0,461.0,457.0,95.0,476.0,489.0,262.0,323.0,498.0,275.0,366.0,330.0,464.0,218.0,678.0
154.0,182.0,290.0,33.0,191.0,261.0,69.0,176.0,193.0,156.0,230.0,203.0,140.0,123.0,155.0
244.0,278.0,360.0,60.0,161.0,372.0,53.0,259.0,341.0,203.0,238.0,287.0,101.0,26.0,52.0
100.0,64.0,208.0,17.0,89.0,156.0,30.0,59.0,119.0,112.0,29.0,98.0,46.0,88.0,73.0
83.0,41.0,240.0,12.0,28.0,260.0,2.0,718.0,98.0,129.0,157.0,118.0,12.0,491.0,126.0
485.0,179.0,488.0,110.0,200.0,260.0,75.0,353.0,568.0,300.0,400.0,330.0,168.0,218.0,172.0
428.0,221.0,570.0,185.0,176.0,259.0,33.0,469.0,999.0,403.0,500.0,134.0,52.0,318.0,148.0
183.0,133.0,326.0,50.0,141.0,200.0,99.0,280.0,182.0,190.0,243.0,231.0,202.0,201.0,180.0
70.0,63.0,240.0,6.0,47.0,156.0,5.0,111.0,46.0,71.0,165.0,58.0,19.0,77.0,32.0
210.0,284.0,396.0,57.0,261.0,373.0,129.0,392.0,293.0,201.0,322.0,248.0,260.0,305.0,242.0
76.0,40.0,279.0,8.0,55.0,86.0,7.0,158.0,69.0,154.0,204.0,167.0,26.0,107.0,43.0
91.0,174.0,183.0,15.0,126.0,260.0,40.0,45.0,103.0,106.0,108.0,98.0,42.0,81.0,110.0
76.0,36.0,187.0,8.0,131.0,60.0,43.0,342.0,120.0,82.0,175.0,69.0,27.0,258.0,102.0
202.0,261.0,240.0,33.0,176.0,348.0,58.0,110.0,184.0,129.0,160.0,125.0,123.0,79.0,154.0
999.0,999.0,999.0,999.0,999.0,999.0,999.0,999.0,999.0,999.0,681.0,207.0,999.0,999.0,999.0
80.0,109.0,187.0,11.0,184.0,220.0,61.0,32.0,120.0,83.0,88.0,72.0,33.0,21.0,155.0
126.0,130.0,179.0,22.0,128.0,230.0,42.0,39.0,144.0,129.0,64.0,118.0,76.0,24.0,99.0
73.0,27.0,0.0,0.0,0.0,56.0,0.0,0.0,0.0,0.0,0.0,207.0,0.0,0.0,0.0
100.0,71.0,224.0,17.0,85.0,159.0,30.0,144.0,109.0,108.0,238.0,100.0,46.0,101.0,71.0
330.0,590.0,507.0,117.0,310.0,521.0,180.0,384.0,545.0,304.0,386.0,428.0,583.0,496.0,331.0
264.0,182.0,457.0,89.0,206.0,261.0,77.0,327.0,454.0,275.0,366.0,302.0,155.0,248.0,192.0
412.0,764.0,252.0,25.0,80.0,362.0,48.0,140.0,168.0,120.0,177.0,114.0,92.0,71.0,55.0
115.0,103.0,247.0,23.0,155.0,212.0,42.0,111.0,145.0,132.0,148.0,137.0,76.0,72.0,119.0
113.0,90.0,242.0,23.0,126.0,200.0,40.0,124.0,302.0,132.0,165.0,127.0,76.0,77.0,95.0
123.0,249.0,255.0,24.0,98.0,341.0,46.0,141.0,184.0,137.0,182.0,137.0,89.0,185.0,77.0
104.0,78.0,283.0,18.0,104.0,319.0,33.0,168.0,122.0,112.0,208.0,108.0,48.0,119.0,87.0
167.0,215.0,311.0,38.0,228.0,306.0,82.0,195.0,213.0,184.0,241.0,249.0,175.0,134.0,188.0
80.0,45.0,294.0,11.0,75.0,127.0,16.0,198.0,184.0,92.0,206.0,76.0,33.0,111.0,55.0
96.0,55.0,201.0,16.0,86.0,173.0,29.0,62.0,551.0,85.0,63.0,76.0,43.0,35.0,69.0
154.0,188.0,279.0,34.0,100.0,272.0,32.0,160.0,193.0,153.0,203.0,163.0,145.0,106.0,88.0
87.0,48.0,207.0,15.0,106.0,144.0,50.0,80.0,103.0,105.0,122.0,164.0,92.0,57.0,87.0
84.0,48.0,481.0,14.0,104.0,143.0,18.0,342.0,98.0,296.0,387.0,288.0,33.0,193.0,84.0
314.0,173.0,661.0,307.0,999.0,256.0,999.0,140.0,858.0,524.0,240.0,894.0,999.0,82.0,999.0
154.0,188.0,356.0,33.0,227.0,277.0,85.0,251.0,187.0,154.0,245.0,172.0,175.0,205.0,127.0
122.0,87.0,242.0,23.0,86.0,188.0,30.0,364.0,162.0,132.0,165.0,124.0,46.0,291.0,69.0
237.0,323.0,201.0,67.0,311.0,407.0,184.0,61.0,332.0,252.0,94.0,304.0,284.0,34.0,333.0
115.0,95.0,855.0,23.0,131.0,200.0,43.0,940.0,145.0,63.0,999.0,47.0,76.0,613.0,416.0
115.0,95.0,549.0,23.0,165.0,205.0,40.0,420.0,145.0,358.0,468.0,254.0,73.0,311.0,119.0
80.0,41.0,187.0,9.0,47.0,102.0,9.0,47.0,76.0,82.0,87.0,70.0,33.0,26.0,32.0
115.0,95.0,242.0,23.0,174.0,206.0,61.0,111.0,117.0,132.0,152.0,126.0,73.0,79.0,157.0
75.0,36.0,207.0,23.0,134.0,56.0,45.0,176.0,182.0,132.0,189.0,127.0,85.0,125.0,111.0
333.0,618.0,507.0,133.0,189.0,247.0,46.0,572.0,518.0,311.0,419.0,446.0,89.0,455.0,156.0
270.0,376.0,361.0,70.0,310.0,484.0,170.0,273.0,181.0,230.0,297.0,288.0,276.0,193.0,333.0
102.0,71.0,238.0,20.0,112.0,159.0,35.0,158.0,210.0,120.0,152.0,115.0,55.0,510.0,114.0
257.0,182.0,385.0,73.0,311.0,261.0,217.0,293.0,425.0,247.0,149.0,303.0,330.0,331.0,80.0
217.0,300.0,317.0,57.0,128.0,328.0,139.0,201.0,288.0,188.0,240.0,138.0,264.0,132.0,84.0
100.0,55.0,240.0,23.0,126.0,156.0,40.0,109.0,145.0,129.0,170.0,126.0,76.0,76.0,95.0
123.0,109.0,246.0,23.0,132.0,221.0,42.0,146.0,125.0,132.0,182.0,127.0,76.0,88.0,107.0
233.0,105.0,530.0,61.0,292.0,118.0,166.0,403.0,311.0,347.0,419.0,463.0,273.0,130.0,220.0
102.0,71.0,208.0,18.0,100.0,160.0,33.0,83.0,122.0,107.0,128.0,95.0,52.0,62.0,80.0
104.0,48.0,564.0,19.0,212.0,143.0,77.0,469.0,132.0,115.0,411.0,108.0,156.0,318.0,175.0
338.0,41.0,507.0,133.0,186.0,173.0,75.0,384.0,616.0,311.0,410.0,430.0,92.0,275.0,155.0
114.0,95.0,242.0,23.0,128.0,205.0,42.0,104.0,107.0,132.0,165.0,138.0,76.0,71.0,107.0
288.0,461.0,438.0,95.0,28.0,486.0,61.0,315.0,428.0,271.0,338.0,323.0,123.0,442.0,12.0
375.0,756.0,491.0,137.0,277.0,310.0,138.0,398.0,568.0,304.0,126.0,117.0,264.0,455.0,250.0
158.0,205.0,532.0,41.0,228.0,241.0,85.0,406.0,223.0,154.0,458.0,165.0,176.0,256.0,214.0
115.0,106.0,263.0,29.0,161.0,214.0,53.0,149.0,347.0,147.0,200.0,114.0,101.0,318.0,119.0
214.0,304.0,363.0,70.0,275.0,390.0,138.0,277.0,343.0,230.0,286.0,288.0,344.0,196.0,247.0
83.0,43.0,449.0,91.0,434.0,124.0,247.0,312.0,454.0,273.0,338.0,323.0,429.0,218.0,566.0
485.0,999.0,360.0,86.0,131.0,999.0,38.0,266.0,430.0,265.0,299.0,323.0,70.0,186.0,102.0
104.0,718.0,491.0,19.0,104.0,741.0,35.0,358.0,163.0,304.0,408.0,446.0,54.0,305.0,83.0
120.0,104.0,247.0,27.0,177.0,212.0,61.0,130.0,165.0,139.0,177.0,84.0,122.0,72.0,154.0
257.0,241.0,372.0,71.0,55.0,348.0,19.0,290.0,343.0,243.0,298.0,105.0,36.0,205.0,44.0
270.0,376.0,322.0,71.0,329.0,687.0,213.0,204.0,343.0,184.0,241.0,207.0,316.0,150.0,214.0
152.0,185.0,361.0,33.0,126.0,261.0,40.0,266.0,187.0,129.0,295.0,126.0,76.0,186.0,88.0
202.0,261.0,542.0,51.0,310.0,276.0,184.0,440.0,271.0,356.0,465.0,457.0,284.0,331.0,187.0
100.0,72.0,256.0,17.0,75.0,156.0,22.0,144.0,119.0,138.0,187.0,139.0,40.0,95.0,30.0
287.0,434.0,461.0,95.0,310.0,479.0,172.0,313.0,400.0,273.0,119.0,236.0,284.0,235.0,172.0
137.0,180.0,266.0,29.0,168.0,260.0,54.0,154.0,177.0,150.0,204.0,460.0,101.0,106.0,116.0
123.0,48.0,252.0,24.0,123.0,143.0,46.0,140.0,165.0,137.0,177.0,100.0,89.0,91.0,83.0
77.0,41.0,322.0,8.0,202.0,118.0,76.0,296.0,69.0,80.0,241.0,76.0,33.0,184.0,172.0
77.0,41.0,279.0,11.0,73.0,164.0,19.0,156.0,99.0,296.0,203.0,353.0,35.0,107.0,55.0
100.0,62.0,214.0,58.0,208.0,155.0,78.0,83.0,296.0,201.0,128.0,241.0,273.0,64.0,175.0
126.0,131.0,142.0,24.0,134.0,225.0,45.0,31.0,571.0,137.0,50.0,137.0,89.0,28.0,110.0
115.0,104.0,852.0,16.0,202.0,212.0,23.0,885.0,120.0,108.0,154.0,98.0,42.0,613.0,173.0
176.0,231.0,310.0,41.0,261.0,315.0,98.0,195.0,223.0,182.0,234.0,214.0,181.0,146.0,242.0
83.0,42.0,190.0,11.0,100.0,124.0,18.0,49.0,81.0,84.0,274.0,76.0,36.0,26.0,81.0
123.0,108.0,278.0,24.0,132.0,206.0,45.0,84.0,164.0,154.0,200.0,167.0,68.0,72.0,82.0
96.0,55.0,224.0,15.0,181.0,155.0,23.0,98.0,122.0,120.0,158.0,114.0,42.0,72.0,153.0
138.0,137.0,72.0,30.0,175.0,247.0,58.0,10.0,178.0,153.0,0.0,163.0,109.0,16.0,144.0
154.0,185.0,292.0,36.0,200.0,270.0,78.0,176.0,198.0,156.0,210.0,175.0,161.0,125.0,172.0
154.0,45.0,283.0,33.0,191.0,127.0,69.0,508.0,181.0,156.0,208.0,175.0,140.0,174.0,158.0
123.0,109.0,224.0,24.0,161.0,215.0,53.0,32.0,163.0,80.0,158.0,68.0,85.0,28.0,126.0
80.0,205.0,187.0,11.0,476.0,281.0,15.0,47.0,129.0,82.0,78.0,69.0,33.0,26.0,678.0
126.0,130.0,238.0,27.0,132.0,230.0,45.0,493.0,173.0,120.0,8.0,91.0,95.0,305.0,329.0
123.0,323.0,252.0,24.0,228.0,253.0,46.0,140.0,164.0,137.0,176.0,137.0,89.0,91.0,187.0
212.0,348.0,279.0,58.0,280.0,439.0,148.0,155.0,297.0,153.0,176.0,163.0,269.0,106.0,275.0
154.0,229.0,263.0,33.0,191.0,315.0,69.0,149.0,178.0,156.0,215.0,212.0,140.0,245.0,156.0
81.0,55.0,187.0,11.0,258.0,156.0,107.0,49.0,99.0,83.0,126.0,138.0,33.0,41.0,238.0
77.0,41.0,184.0,8.0,188.0,102.0,67.0,45.0,69.0,81.0,63.0,68.0,27.0,25.0,157.0
178.0,232.0,256.0,38.0,228.0,319.0,85.0,103.0,223.0,176.0,187.0,197.0,175.0,72.0,212.0
319.0,21.0,346.0,109.0,601.0,250.0,530.0,290.0,199.0,296.0,245.0,353.0,515.0,205.0,808.0
206.0,276.0,337.0,58.0,279.0,362.0,139.0,214.0,302.0,202.0,208.0,301.0,270.0,159.0,156.0
80.0,41.0,293.0,9.0,47.0,102.0,9.0,176.0,76.0,156.0,241.0,173.0,33.0,107.0,30.0
140.0,164.0,278.0,30.0,279.0,241.0,61.0,163.0,188.0,151.0,201.0,162.0,113.0,107.0,87.0
83.0,45.0,293.0,30.0,28.0,127.0,6.0,62.0,178.0,151.0,230.0,162.0,26.0,88.0,12.0
123.0,115.0,361.0,29.0,174.0,397.0,58.0,266.0,184.0,120.0,366.0,114.0,103.0,186.0,131.0
271.0,103.0,379.0,89.0,134.0,211.0,45.0,290.0,454.0,271.0,309.0,322.0,85.0,218.0,114.0
121.0,105.0,281.0,26.0,157.0,211.0,50.0,969.0,164.0,154.0,200.0,164.0,92.0,458.0,107.0
317.0,515.0,207.0,16.0,117.0,348.0,35.0,80.0,293.0,106.0,119.0,98.0,43.0,57.0,89.0
256.0,115.0,449.0,77.0,176.0,220.0,226.0,327.0,302.0,247.0,389.0,303.0,337.0,248.0,148.0
377.0,694.0,208.0,15.0,73.0,663.0,23.0,62.0,357.0,105.0,470.0,84.0,42.0,35.0,11.0
80.0,41.0,201.0,17.0,89.0,102.0,32.0,61.0,120.0,112.0,100.0,101.0,48.0,34.0,73.0
178.0,234.0,648.0,45.0,243.0,328.0,99.0,509.0,227.0,188.0,470.0,207.0,195.0,339.0,192.0
264.0,409.0,392.0,80.0,344.0,460.0,222.0,297.0,425.0,252.0,320.0,307.0,336.0,217.0,422.0
97.0,56.0,208.0,16.0,83.0,155.0,29.0,82.0,117.0,107.0,120.0,118.0,46.0,72.0,55.0
214.0,300.0,346.0,58.0,277.0,277.0,147.0,223.0,297.0,201.0,252.0,248.0,269.0,170.0,250.0
237.0,300.0,105.0,67.0,261.0,374.0,121.0,16.0,162.0,225.0,187.0,282.0,288.0,16.0,242.0
428.0,235.0,580.0,182.0,191.0,333.0,70.0,459.0,660.0,403.0,508.0,561.0,123.0,409.0,158.0
374.0,693.0,528.0,140.0,176.0,255.0,59.0,406.0,571.0,322.0,419.0,457.0,35.0,496.0,154.0
257.0,284.0,382.0,71.0,226.0,373.0,83.0,293.0,357.0,246.0,152.0,302.0,316.0,208.0,181.0
126.0,133.0,323.0,51.0,255.0,210.0,107.0,204.0,272.0,188.0,272.0,221.0,212.0,149.0,262.0
97.0,55.0,310.0,16.0,280.0,155.0,32.0,204.0,117.0,154.0,210.0,167.0,46.0,148.0,52.0
182.0,241.0,208.0,45.0,212.0,348.0,99.0,61.0,223.0,176.0,128.0,203.0,202.0,34.0,187.0
182.0,241.0,312.0,50.0,344.0,349.0,222.0,200.0,253.0,188.0,238.0,212.0,336.0,146.0,422.0
257.0,332.0,374.0,71.0,85.0,429.0,29.0,290.0,332.0,243.0,302.0,330.0,181.0,179.0,64.0
171.0,232.0,530.0,41.0,227.0,319.0,99.0,406.0,222.0,182.0,411.0,449.0,202.0,305.0,183.0
232.0,310.0,330.0,64.0,310.0,390.0,171.0,205.0,313.0,193.0,244.0,236.0,276.0,156.0,329.0
235.0,323.0,372.0,70.0,311.0,306.0,198.0,285.0,333.0,243.0,345.0,298.0,288.0,145.0,341.0
181.0,238.0,363.0,70.0,243.0,344.0,101.0,84.0,483.0,238.0,302.0,287.0,309.0,64.0,216.0
112.0,90.0,300.0,23.0,128.0,203.0,42.0,189.0,145.0,174.0,226.0,196.0,76.0,88.0,95.0
80.0,43.0,111.0,11.0,50.0,124.0,15.0,26.0,81.0,83.0,5.0,241.0,33.0,27.0,99.0
287.0,372.0,447.0,95.0,446.0,445.0,254.0,315.0,454.0,273.0,240.0,323.0,438.0,192.0,582.0
114.0,131.0,220.0,21.0,128.0,315.0,42.0,90.0,139.0,129.0,129.0,118.0,76.0,68.0,83.0
154.0,188.0,266.0,33.0,161.0,241.0,67.0,154.0,191.0,151.0,200.0,162.0,140.0,102.0,126.0
196.0,232.0,337.0,51.0,161.0,310.0,53.0,212.0,276.0,197.0,119.0,241.0,269.0,162.0,126.0
100.0,62.0,207.0,16.0,189.0,156.0,58.0,80.0,111.0,106.0,130.0,204.0,43.0,58.0,157.0
154.0,188.0,283.0,33.0,203.0,280.0,67.0,175.0,187.0,154.0,208.0,181.0,127.0,102.0,172.0
123.0,108.0,252.0,24.0,151.0,215.0,50.0,140.0,163.0,137.0,175.0,139.0,89.0,90.0,77.0
154.0,185.0,485.0,104.0,524.0,261.0,274.0,358.0,518.0,296.0,244.0,355.0,524.0,170.0,308.0
105.0,89.0,260.0,36.0,200.0,173.0,75.0,158.0,223.0,156.0,191.0,187.0,150.0,246.0,172.0
214.0,301.0,336.0,60.0,261.0,382.0,150.0,206.0,292.0,203.0,245.0,288.0,270.0,146.0,242.0
147.0,174.0,385.0,32.0,175.0,270.0,61.0,292.0,184.0,247.0,310.0,303.0,122.0,208.0,142.0
169.0,225.0,310.0,40.0,229.0,306.0,92.0,146.0,223.0,176.0,234.0,203.0,181.0,149.0,44.0
236.0,300.0,355.0,66.0,310.0,310.0,180.0,251.0,314.0,223.0,287.0,282.0,284.0,184.0,55.0
375.0,694.0,542.0,137.0,233.0,241.0,95.0,391.0,571.0,347.0,465.0,470.0,200.0,219.0,81.0
169.0,205.0,298.0,38.0,227.0,281.0,85.0,183.0,222.0,176.0,203.0,197.0,175.0,131.0,154.0
84.0,47.0,201.0,11.0,55.0,164.0,18.0,59.0,95.0,84.0,94.0,76.0,33.0,30.0,55.0
212.0,207.0,125.0,5.0,28.0,294.0,2.0,232.0,173.0,58.0,20.0,81.0,10.0,184.0,32.0
152.0,103.0,266.0,33.0,176.0,211.0,61.0,148.0,187.0,154.0,200.0,186.0,122.0,92.0,153.0
125.0,130.0,255.0,26.0,145.0,225.0,50.0,322.0,178.0,139.0,187.0,140.0,92.0,205.0,114.0
202.0,261.0,316.0,51.0,238.0,328.0,121.0,201.0,292.0,196.0,338.0,355.0,238.0,148.0,214.0
264.0,367.0,564.0,61.0,310.0,310.0,172.0,481.0,182.0,223.0,500.0,280.0,270.0,331.0,322.0
270.0,225.0,476.0,86.0,217.0,260.0,61.0,341.0,425.0,264.0,382.0,316.0,369.0,308.0,180.0
374.0,693.0,374.0,146.0,134.0,437.0,75.0,285.0,314.0,346.0,307.0,460.0,678.0,202.0,55.0
156.0,222.0,292.0,35.0,200.0,308.0,75.0,175.0,181.0,156.0,210.0,178.0,154.0,123.0,180.0
123.0,115.0,281.0,24.0,47.0,220.0,45.0,201.0,163.0,154.0,218.0,162.0,84.0,269.0,32.0
129.0,103.0,252.0,25.0,161.0,211.0,50.0,205.0,168.0,138.0,191.0,138.0,92.0,156.0,97.0
156.0,193.0,184.0,34.0,197.0,297.0,75.0,45.0,191.0,156.0,63.0,208.0,149.0,25.0,220.0
235.0,316.0,363.0,70.0,261.0,388.0,127.0,493.0,330.0,238.0,299.0,298.0,259.0,331.0,242.0
224.0,304.0,348.0,61.0,292.0,389.0,165.0,250.0,232.0,207.0,272.0,263.0,272.0,167.0,308.0
270.0,423.0,481.0,71.0,258.0,270.0,170.0,342.0,182.0,347.0,175.0,463.0,276.0,72.0,297.0
154.0,179.0,281.0,33.0,174.0,260.0,58.0,176.0,178.0,154.0,204.0,167.0,102.0,129.0,131.0
152.0,182.0,296.0,36.0,165.0,261.0,54.0,183.0,248.0,167.0,215.0,164.0,168.0,132.0,127.0
374.0,693.0,347.0,60.0,280.0,348.0,150.0,205.0,297.0,203.0,264.0,322.0,270.0,156.0,190.0
163.0,210.0,187.0,16.0,86.0,247.0,23.0,49.0,81.0,106.0,287.0,277.0,42.0,27.0,69.0
95.0,212.0,111.0,77.0,75.0,297.0,226.0,16.0,369.0,247.0,5.0,303.0,337.0,16.0,89.0
122.0,108.0,549.0,24.0,132.0,215.0,45.0,420.0,163.0,358.0,468.0,249.0,84.0,477.0,107.0
214.0,284.0,386.0,71.0,262.0,373.0,170.0,205.0,122.0,243.0,320.0,298.0,276.0,156.0,201.0
123.0,109.0,238.0,20.0,112.0,221.0,35.0,103.0,222.0,120.0,129.0,175.0,55.0,72.0,88.0
196.0,259.0,688.0,51.0,75.0,437.0,22.0,572.0,271.0,193.0,640.0,236.0,40.0,455.0,54.0
236.0,310.0,351.0,64.0,15.0,390.0,174.0,572.0,314.0,214.0,274.0,268.0,284.0,455.0,4.0
206.0,233.0,336.0,56.0,168.0,320.0,54.0,206.0,288.0,197.0,248.0,244.0,309.0,111.0,127.0
268.0,373.0,411.0,86.0,104.0,372.0,33.0,222.0,431.0,264.0,87.0,305.0,52.0,173.0,83.0
146.0,207.0,240.0,30.0,176.0,289.0,61.0,109.0,182.0,129.0,157.0,117.0,122.0,76.0,154.0
257.0,317.0,125.0,71.0,275.0,310.0,147.0,156.0,616.0,58.0,29.0,23.0,270.0,107.0,179.0
121.0,106.0,240.0,24.0,131.0,214.0,46.0,103.0,164.0,137.0,165.0,134.0,89.0,72.0,31.0
156.0,174.0,290.0,34.0,165.0,259.0,54.0,415.0,197.0,156.0,210.0,174.0,149.0,442.0,127.0
257.0,227.0,417.0,73.0,216.0,315.0,171.0,509.0,363.0,246.0,386.0,302.0,330.0,408.0,160.0
160.0,207.0,204.0,33.0,176.0,288.0,184.0,62.0,172.0,154.0,110.0,165.0,494.0,35.0,155.0
182.0,232.0,507.0,97.0,410.0,319.0,243.0,470.0,363.0,306.0,408.0,446.0,464.0,319.0,12.0
156.0,55.0,294.0,36.0,310.0,155.0,180.0,180.0,198.0,166.0,214.0,186.0,288.0,130.0,331.0
92.0,48.0,240.0,21.0,75.0,160.0,22.0,109.0,139.0,129.0,157.0,118.0,59.0,111.0,55.0
156.0,205.0,300.0,35.0,122.0,221.0,38.0,189.0,199.0,156.0,272.0,167.0,70.0,137.0,95.0
104.0,78.0,500.0,19.0,104.0,200.0,34.0,144.0,125.0,304.0,408.0,76.0,54.0,95.0,84.0
126.0,115.0,507.0,27.0,128.0,272.0,50.0,363.0,170.0,304.0,410.0,423.0,92.0,271.0,101.0
236.0,320.0,283.0,67.0,132.0,393.0,45.0,168.0,333.0,154.0,207.0,187.0,209.0,122.0,66.0
322.0,300.0,488.0,109.0,344.0,393.0,222.0,353.0,503.0,296.0,400.0,374.0,336.0,269.0,422.0
103.0,76.0,222.0,18.0,102.0,164.0,33.0,92.0,122.0,113.0,122.0,101.0,52.0,57.0,87.0
377.0,323.0,481.0,96.0,252.0,430.0,243.0,342.0,466.0,296.0,387.0,446.0,429.0,258.0,215.0
126.0,128.0,267.0,27.0,75.0,220.0,46.0,16.0,171.0,151.0,200.0,162.0,95.0,16.0,55.0
92.0,48.0,111.0,6.0,28.0,127.0,4.0,26.0,34.0,61.0,8.0,21.0,19.0,16.0,11.0
152.0,185.0,281.0,33.0,189.0,261.0,67.0,165.0,187.0,154.0,200.0,172.0,136.0,111.0,316.0
202.0,261.0,353.0,57.0,278.0,369.0,139.0,251.0,296.0,201.0,286.0,248.0,264.0,218.0,262.0
154.0,187.0,266.0,33.0,176.0,270.0,61.0,156.0,184.0,150.0,200.0,288.0,123.0,111.0,148.0
217.0,322.0,294.0,60.0,279.0,390.0,148.0,176.0,147.0,201.0,218.0,248.0,270.0,129.0,274.0
330.0,82.0,500.0,114.0,524.0,270.0,274.0,346.0,829.0,304.0,408.0,430.0,583.0,259.0,316.0
319.0,523.0,481.0,109.0,524.0,518.0,274.0,342.0,501.0,296.0,387.0,374.0,524.0,258.0,82.0
111.0,89.0,257.0,21.0,83.0,191.0,24.0,146.0,139.0,128.0,188.0,117.0,59.0,496.0,94.0
330.0,238.0,500.0,114.0,277.0,143.0,367.0,392.0,313.0,304.0,408.0,460.0,588.0,300.0,250.0
158.0,205.0,283.0,33.0,226.0,296.0,78.0,156.0,184.0,154.0,210.0,167.0,196.0,180.0,181.0
176.0,229.0,476.0,217.0,85.0,188.0,28.0,331.0,501.0,411.0,188.0,799.0,45.0,255.0,250.0
191.0,179.0,252.0,27.0,85.0,260.0,35.0,232.0,95.0,139.0,177.0,137.0,55.0,180.0,64.0
171.0,225.0,475.0,38.0,234.0,310.0,82.0,306.0,213.0,174.0,382.0,178.0,174.0,218.0,198.0
152.0,188.0,511.0,23.0,128.0,270.0,42.0,358.0,163.0,316.0,408.0,449.0,76.0,269.0,99.0
129.0,257.0,254.0,25.0,160.0,358.0,50.0,192.0,168.0,138.0,110.0,138.0,92.0,134.0,124.0
123.0,131.0,332.0,51.0,310.0,238.0,180.0,205.0,281.0,193.0,245.0,236.0,284.0,169.0,322.0
73.0,27.0,190.0,6.0,47.0,422.0,9.0,51.0,223.0,67.0,91.0,101.0,19.0,331.0,32.0
271.0,409.0,449.0,91.0,429.0,362.0,247.0,322.0,454.0,273.0,218.0,323.0,419.0,312.0,566.0
330.0,612.0,491.0,117.0,238.0,203.0,247.0,358.0,571.0,304.0,402.0,287.0,726.0,269.0,213.0
156.0,316.0,296.0,36.0,216.0,270.0,80.0,490.0,210.0,167.0,220.0,204.0,168.0,331.0,148.0
167.0,221.0,294.0,38.0,280.0,706.0,99.0,180.0,296.0,171.0,307.0,76.0,175.0,130.0,275.0
485.0,187.0,693.0,243.0,255.0,348.0,107.0,572.0,165.0,524.0,654.0,799.0,923.0,455.0,238.0
103.0,304.0,485.0,18.0,102.0,389.0,33.0,346.0,122.0,296.0,389.0,355.0,52.0,218.0,82.0
103.0,43.0,239.0,19.0,168.0,127.0,46.0,124.0,125.0,114.0,188.0,108.0,92.0,77.0,94.0
237.0,316.0,476.0,97.0,446.0,390.0,254.0,341.0,500.0,293.0,387.0,355.0,500.0,259.0,582.0
84.0,47.0,488.0,16.0,75.0,197.0,16.0,363.0,117.0,108.0,400.0,98.0,44.0,296.0,52.0
81.0,40.0,215.0,18.0,191.0,86.0,69.0,84.0,122.0,112.0,128.0,98.0,284.0,64.0,158.0
73.0,27.0,187.0,6.0,89.0,56.0,32.0,47.0,50.0,82.0,87.0,69.0,19.0,26.0,74.0
103.0,76.0,223.0,18.0,104.0,156.0,33.0,195.0,122.0,113.0,210.0,95.0,52.0,134.0,246.0
0.0,0.0,72.0,0.0,224.0,0.0,0.0,15.0,54.0,0.0,191.0,72.0,0.0,16.0,181.0
182.0,225.0,312.0,50.0,217.0,270.0,99.0,969.0,252.0,188.0,232.0,220.0,209.0,613.0,80.0
84.0,36.0,323.0,13.0,54.0,56.0,18.0,204.0,95.0,190.0,236.0,218.0,36.0,240.0,156.0
84.0,47.0,204.0,14.0,168.0,281.0,54.0,62.0,98.0,99.0,130.0,76.0,46.0,81.0,134.0
73.0,27.0,204.0,6.0,310.0,118.0,172.0,32.0,34.0,103.0,382.0,430.0,284.0,20.0,334.0
157.0,205.0,184.0,35.0,104.0,397.0,86.0,45.0,198.0,165.0,84.0,197.0,155.0,25.0,84.0
103.0,72.0,224.0,19.0,117.0,155.0,35.0,406.0,125.0,114.0,148.0,108.0,59.0,305.0,89.0
123.0,115.0,252.0,24.0,177.0,143.0,61.0,140.0,165.0,137.0,175.0,137.0,90.0,90.0,154.0
114.0,90.0,361.0,29.0,228.0,155.0,85.0,266.0,187.0,154.0,238.0,165.0,136.0,186.0,122.0
233.0,306.0,457.0,70.0,312.0,389.0,171.0,323.0,551.0,238.0,366.0,298.0,303.0,247.0,333.0
104.0,78.0,208.0,18.0,100.0,173.0,33.0,82.0,134.0,112.0,122.0,101.0,52.0,65.0,81.0
330.0,590.0,661.0,104.0,524.0,521.0,262.0,509.0,457.0,416.0,449.0,822.0,515.0,408.0,699.0
375.0,694.0,532.0,140.0,723.0,767.0,396.0,406.0,571.0,347.0,468.0,463.0,656.0,308.0,97.0
167.0,221.0,475.0,70.0,73.0,445.0,19.0,331.0,333.0,214.0,286.0,268.0,288.0,101.0,63.0
196.0,261.0,336.0,51.0,277.0,362.0,139.0,212.0,276.0,193.0,220.0,236.0,264.0,167.0,247.0
115.0,95.0,240.0,23.0,174.0,389.0,58.0,144.0,145.0,129.0,681.0,126.0,102.0,95.0,144.0
156.0,179.0,267.0,33.0,176.0,260.0,61.0,140.0,163.0,176.0,200.0,204.0,116.0,91.0,148.0
316.0,515.0,487.0,109.0,238.0,490.0,99.0,398.0,501.0,296.0,394.0,387.0,202.0,79.0,214.0
187.0,205.0,532.0,177.0,243.0,288.0,99.0,406.0,579.0,347.0,326.0,999.0,204.0,311.0,216.0
330.0,317.0,457.0,128.0,131.0,393.0,43.0,251.0,571.0,275.0,366.0,312.0,77.0,184.0,101.0
139.0,163.0,278.0,30.0,117.0,254.0,62.0,155.0,180.0,151.0,201.0,162.0,102.0,106.0,96.0
156.0,188.0,283.0,35.0,280.0,358.0,77.0,94.0,222.0,156.0,208.0,186.0,156.0,133.0,329.0
235.0,281.0,360.0,65.0,188.0,372.0,171.0,738.0,314.0,228.0,295.0,287.0,284.0,496.0,156.0
122.0,109.0,693.0,24.0,134.0,216.0,45.0,565.0,163.0,580.0,240.0,894.0,84.0,321.0,110.0
171.0,229.0,312.0,45.0,191.0,312.0,99.0,198.0,232.0,176.0,286.0,204.0,200.0,134.0,175.0
156.0,193.0,283.0,35.0,202.0,280.0,75.0,292.0,197.0,154.0,207.0,172.0,154.0,318.0,173.0
244.0,317.0,356.0,70.0,310.0,393.0,184.0,259.0,333.0,228.0,286.0,287.0,288.0,185.0,242.0
75.0,37.0,187.0,7.0,54.0,86.0,18.0,49.0,98.0,76.0,13.0,61.0,36.0,312.0,11.0
122.0,137.0,208.0,24.0,175.0,247.0,67.0,62.0,163.0,129.0,122.0,124.0,136.0,35.0,144.0
123.0,109.0,252.0,24.0,89.0,205.0,30.0,201.0,163.0,137.0,176.0,137.0,46.0,146.0,81.0
167.0,221.0,310.0,38.0,174.0,306.0,40.0,195.0,223.0,176.0,189.0,197.0,73.0,111.0,94.0
246.0,325.0,693.0,70.0,117.0,425.0,92.0,565.0,341.0,196.0,658.0,236.0,200.0,493.0,99.0
257.0,304.0,382.0,73.0,157.0,390.0,217.0,292.0,369.0,246.0,309.0,301.0,331.0,208.0,122.0
126.0,129.0,254.0,27.0,157.0,222.0,52.0,392.0,170.0,138.0,176.0,139.0,97.0,256.0,119.0
75.0,41.0,111.0,7.0,43.0,238.0,16.0,26.0,194.0,76.0,29.0,69.0,25.0,16.0,390.0
314.0,461.0,428.0,97.0,89.0,489.0,32.0,481.0,498.0,293.0,333.0,301.0,47.0,339.0,74.0
102.0,71.0,661.0,3.0,28.0,164.0,2.0,509.0,24.0,58.0,257.0,25.0,4.0,311.0,12.0
414.0,241.0,639.0,243.0,448.0,348.0,570.0,481.0,314.0,411.0,527.0,115.0,923.0,328.0,96.0
73.0,27.0,157.0,6.0,150.0,127.0,2.0,32.0,38.0,67.0,57.0,50.0,19.0,21.0,119.0
95.0,55.0,206.0,16.0,85.0,143.0,26.0,92.0,184.0,115.0,110.0,186.0,44.0,66.0,64.0
83.0,45.0,222.0,12.0,288.0,221.0,19.0,187.0,119.0,85.0,129.0,76.0,36.0,133.0,297.0
80.0,41.0,240.0,29.0,117.0,249.0,37.0,110.0,178.0,139.0,160.0,138.0,68.0,76.0,94.0
182.0,332.0,310.0,45.0,191.0,429.0,54.0,195.0,227.0,185.0,234.0,203.0,83.0,134.0,158.0
122.0,105.0,256.0,24.0,131.0,227.0,43.0,130.0,162.0,137.0,187.0,134.0,84.0,81.0,85.0
317.0,515.0,440.0,95.0,260.0,281.0,105.0,316.0,466.0,273.0,345.0,203.0,309.0,245.0,229.0
123.0,95.0,252.0,25.0,157.0,205.0,50.0,140.0,168.0,137.0,203.0,101.0,92.0,87.0,190.0
414.0,764.0,580.0,183.0,134.0,390.0,76.0,470.0,171.0,404.0,286.0,139.0,149.0,318.0,111.0
229.0,306.0,396.0,61.0,292.0,389.0,166.0,297.0,829.0,197.0,320.0,241.0,273.0,218.0,307.0
103.0,72.0,590.0,18.0,117.0,156.0,35.0,459.0,122.0,120.0,509.0,101.0,59.0,314.0,89.0
205.0,276.0,340.0,56.0,216.0,349.0,82.0,206.0,293.0,200.0,239.0,246.0,260.0,158.0,82.0
104.0,43.0,215.0,20.0,106.0,127.0,35.0,83.0,132.0,112.0,126.0,101.0,55.0,62.0,71.0
311.0,474.0,457.0,96.0,126.0,490.0,40.0,323.0,466.0,275.0,366.0,338.0,70.0,247.0,95.0
152.0,55.0,294.0,33.0,176.0,154.0,70.0,176.0,187.0,160.0,220.0,137.0,145.0,129.0,148.0
160.0,227.0,330.0,51.0,43.0,315.0,6.0,205.0,272.0,192.0,244.0,231.0,219.0,111.0,4.0
122.0,106.0,204.0,24.0,137.0,214.0,46.0,45.0,164.0,99.0,110.0,76.0,89.0,24.0,84.0
154.0,188.0,283.0,33.0,157.0,103.0,52.0,168.0,188.0,154.0,207.0,212.0,97.0,123.0,122.0
83.0,41.0,580.0,183.0,524.0,101.0,274.0,299.0,144.0,404.0,508.0,288.0,524.0,241.0,881.0
314.0,238.0,322.0,89.0,288.0,534.0,165.0,204.0,454.0,190.0,241.0,446.0,272.0,134.0,274.0
139.0,164.0,299.0,30.0,100.0,255.0,32.0,94.0,182.0,141.0,222.0,151.0,116.0,77.0,101.0
376.0,756.0,549.0,153.0,89.0,687.0,30.0,481.0,498.0,356.0,468.0,681.0,726.0,328.0,73.0
196.0,257.0,337.0,51.0,102.0,294.0,99.0,212.0,271.0,201.0,250.0,248.0,214.0,169.0,71.0
311.0,434.0,487.0,109.0,277.0,484.0,139.0,420.0,503.0,296.0,394.0,374.0,579.0,308.0,247.0
114.0,95.0,214.0,15.0,86.0,210.0,23.0,84.0,117.0,108.0,128.0,100.0,42.0,57.0,69.0
160.0,225.0,294.0,36.0,32.0,310.0,78.0,180.0,119.0,167.0,249.0,167.0,161.0,130.0,12.0
123.0,214.0,208.0,15.0,218.0,280.0,23.0,83.0,105.0,105.0,148.0,100.0,42.0,64.0,174.0
154.0,188.0,283.0,34.0,203.0,272.0,76.0,292.0,194.0,156.0,208.0,175.0,145.0,208.0,174.0
158.0,253.0,299.0,36.0,226.0,348.0,83.0,322.0,180.0,167.0,222.0,187.0,174.0,173.0,190.0
374.0,693.0,507.0,137.0,58.0,663.0,396.0,364.0,568.0,316.0,410.0,449.0,656.0,275.0,44.0
271.0,403.0,411.0,87.0,242.0,484.0,237.0,155.0,425.0,271.0,325.0,323.0,406.0,102.0,214.0
95.0,55.0,208.0,16.0,65.0,143.0,23.0,313.0,46.0,108.0,126.0,98.0,42.0,169.0,45.0
270.0,372.0,481.0,86.0,329.0,445.0,217.0,205.0,430.0,296.0,387.0,353.0,330.0,156.0,30.0
114.0,135.0,661.0,22.0,117.0,241.0,35.0,509.0,141.0,130.0,640.0,126.0,264.0,331.0,74.0
224.0,331.0,350.0,63.0,184.0,393.0,35.0,240.0,311.0,213.0,286.0,264.0,264.0,184.0,66.0
134.0,145.0,258.0,29.0,184.0,250.0,53.0,273.0,177.0,144.0,189.0,162.0,101.0,193.0,170.0
152.0,231.0,111.0,33.0,177.0,319.0,61.0,26.0,184.0,156.0,5.0,175.0,97.0,16.0,155.0
156.0,193.0,300.0,35.0,229.0,0.0,58.0,189.0,205.0,184.0,245.0,207.0,108.0,145.0,172.0
100.0,45.0,206.0,17.0,145.0,127.0,50.0,65.0,120.0,112.0,110.0,100.0,51.0,41.0,116.0
412.0,53.0,590.0,177.0,168.0,143.0,54.0,0.0,829.0,416.0,241.0,822.0,751.0,0.0,139.0
271.0,409.0,449.0,80.0,292.0,468.0,166.0,322.0,296.0,275.0,309.0,338.0,450.0,248.0,307.0
111.0,89.0,224.0,21.0,80.0,205.0,35.0,0.0,134.0,120.0,149.0,114.0,49.0,0.0,55.0
129.0,118.0,283.0,27.0,200.0,221.0,75.0,176.0,163.0,154.0,207.0,174.0,150.0,125.0,172.0
157.0,205.0,999.0,35.0,208.0,281.0,76.0,532.0,198.0,296.0,57.0,355.0,155.0,412.0,175.0
330.0,590.0,491.0,117.0,341.0,422.0,220.0,16.0,545.0,304.0,402.0,338.0,678.0,16.0,406.0
114.0,90.0,240.0,21.0,341.0,197.0,217.0,148.0,177.0,120.0,152.0,323.0,336.0,96.0,416.0
80.0,41.0,240.0,9.0,47.0,238.0,9.0,110.0,76.0,101.0,160.0,456.0,33.0,77.0,31.0
86.0,56.0,208.0,15.0,75.0,155.0,19.0,73.0,103.0,106.0,123.0,92.0,40.0,57.0,54.0
244.0,323.0,363.0,70.0,312.0,261.0,198.0,277.0,341.0,230.0,298.0,288.0,291.0,193.0,160.0
288.0,461.0,590.0,95.0,445.0,490.0,254.0,572.0,452.0,275.0,509.0,330.0,444.0,455.0,574.0
126.0,90.0,260.0,27.0,157.0,221.0,52.0,154.0,171.0,144.0,225.0,220.0,101.0,170.0,122.0
232.0,301.0,336.0,64.0,217.0,241.0,170.0,206.0,313.0,223.0,245.0,282.0,276.0,107.0,175.0
375.0,694.0,514.0,137.0,47.0,687.0,9.0,364.0,570.0,319.0,410.0,456.0,590.0,275.0,32.0
236.0,320.0,111.0,66.0,310.0,393.0,180.0,26.0,330.0,225.0,225.0,282.0,284.0,16.0,331.0
114.0,48.0,281.0,33.0,168.0,143.0,54.0,165.0,215.0,154.0,201.0,126.0,92.0,219.0,157.0
80.0,41.0,215.0,12.0,75.0,102.0,18.0,84.0,296.0,112.0,128.0,101.0,36.0,64.0,69.0
111.0,48.0,111.0,21.0,117.0,144.0,35.0,16.0,132.0,120.0,5.0,118.0,59.0,16.0,87.0
133.0,141.0,255.0,17.0,200.0,249.0,77.0,141.0,122.0,139.0,182.0,92.0,48.0,92.0,155.0
205.0,188.0,337.0,58.0,237.0,288.0,82.0,176.0,296.0,201.0,249.0,244.0,269.0,125.0,102.0
96.0,55.0,206.0,16.0,102.0,154.0,33.0,73.0,122.0,107.0,176.0,127.0,51.0,617.0,74.0
257.0,338.0,310.0,109.0,434.0,429.0,276.0,156.0,501.0,192.0,234.0,249.0,529.0,314.0,566.0
429.0,844.0,449.0,201.0,227.0,102.0,85.0,438.0,616.0,275.0,287.0,163.0,999.0,613.0,183.0
232.0,241.0,311.0,65.0,191.0,348.0,65.0,198.0,314.0,184.0,128.0,207.0,128.0,145.0,173.0
270.0,391.0,475.0,86.0,322.0,460.0,213.0,342.0,430.0,265.0,262.0,317.0,380.0,258.0,99.0
113.0,90.0,240.0,21.0,311.0,208.0,188.0,109.0,170.0,129.0,158.0,118.0,288.0,79.0,333.0
182.0,281.0,322.0,50.0,168.0,365.0,54.0,204.0,173.0,190.0,241.0,220.0,209.0,150.0,131.0
306.0,391.0,293.0,35.0,331.0,173.0,217.0,176.0,194.0,156.0,211.0,165.0,204.0,129.0,404.0
146.0,130.0,570.0,182.0,294.0,230.0,99.0,204.0,430.0,403.0,500.0,681.0,196.0,149.0,308.0
105.0,306.0,240.0,20.0,131.0,389.0,54.0,109.0,105.0,129.0,158.0,118.0,54.0,87.0,74.0
156.0,193.0,283.0,34.0,191.0,250.0,67.0,62.0,194.0,156.0,208.0,186.0,136.0,34.0,157.0
330.0,590.0,500.0,117.0,151.0,498.0,50.0,353.0,173.0,304.0,408.0,428.0,579.0,72.0,188.0
264.0,331.0,417.0,95.0,261.0,422.0,253.0,481.0,466.0,275.0,333.0,338.0,494.0,628.0,54.0
157.0,203.0,283.0,33.0,15.0,281.0,32.0,168.0,184.0,154.0,207.0,173.0,68.0,122.0,4.0
233.0,128.0,326.0,51.0,160.0,200.0,108.0,353.0,281.0,192.0,243.0,172.0,238.0,269.0,124.0
152.0,212.0,580.0,182.0,175.0,294.0,101.0,470.0,428.0,404.0,500.0,582.0,999.0,318.0,83.0
314.0,515.0,481.0,106.0,322.0,490.0,276.0,342.0,454.0,296.0,387.0,355.0,529.0,258.0,473.0
288.0,37.0,447.0,95.0,310.0,82.0,129.0,322.0,457.0,273.0,582.0,325.0,579.0,409.0,334.0
317.0,43.0,485.0,104.0,735.0,103.0,382.0,346.0,570.0,296.0,387.0,355.0,590.0,259.0,699.0
77.0,41.0,126.0,31.0,188.0,87.0,67.0,27.0,198.0,25.0,243.0,0.0,136.0,68.0,156.0
105.0,87.0,316.0,21.0,117.0,191.0,35.0,201.0,198.0,128.0,382.0,100.0,59.0,184.0,89.0
306.0,461.0,449.0,91.0,105.0,489.0,35.0,322.0,454.0,273.0,394.0,323.0,54.0,246.0,84.0
217.0,322.0,500.0,60.0,310.0,397.0,171.0,363.0,296.0,304.0,408.0,449.0,284.0,271.0,329.0
270.0,391.0,414.0,86.0,229.0,460.0,94.0,312.0,430.0,265.0,326.0,322.0,419.0,159.0,566.0
271.0,406.0,487.0,78.0,255.0,498.0,222.0,363.0,568.0,296.0,394.0,374.0,336.0,271.0,218.0
182.0,235.0,310.0,41.0,45.0,341.0,7.0,202.0,223.0,182.0,234.0,207.0,27.0,148.0,102.0
84.0,41.0,130.0,6.0,150.0,127.0,50.0,16.0,86.0,61.0,27.0,117.0,92.0,16.0,119.0
176.0,118.0,855.0,45.0,238.0,221.0,99.0,738.0,233.0,188.0,999.0,214.0,200.0,493.0,214.0
158.0,205.0,294.0,36.0,229.0,288.0,92.0,180.0,163.0,166.0,287.0,186.0,181.0,133.0,198.0
156.0,188.0,258.0,35.0,202.0,270.0,75.0,146.0,198.0,144.0,188.0,151.0,154.0,81.0,173.0
96.0,55.0,212.0,16.0,262.0,103.0,485.0,83.0,111.0,108.0,126.0,98.0,726.0,72.0,246.0
428.0,225.0,570.0,183.0,234.0,310.0,65.0,440.0,676.0,404.0,508.0,76.0,864.0,312.0,213.0
314.0,338.0,507.0,133.0,175.0,430.0,58.0,39.0,213.0,306.0,410.0,428.0,529.0,25.0,140.0
114.0,185.0,247.0,22.0,98.0,270.0,38.0,205.0,141.0,129.0,170.0,118.0,70.0,72.0,77.0
154.0,188.0,283.0,33.0,257.0,276.0,105.0,168.0,188.0,154.0,207.0,174.0,140.0,180.0,213.0
84.0,45.0,179.0,14.0,89.0,127.0,32.0,39.0,109.0,76.0,63.0,61.0,47.0,25.0,74.0
100.0,62.0,215.0,17.0,229.0,155.0,92.0,83.0,120.0,112.0,128.0,100.0,47.0,130.0,88.0
123.0,104.0,252.0,24.0,137.0,212.0,46.0,140.0,163.0,137.0,176.0,133.0,89.0,91.0,111.0
259.0,391.0,382.0,78.0,341.0,460.0,220.0,391.0,272.0,247.0,309.0,304.0,334.0,300.0,416.0
246.0,323.0,481.0,70.0,253.0,382.0,107.0,342.0,178.0,296.0,387.0,355.0,212.0,258.0,240.0
52.0,28.0,240.0,26.0,155.0,112.0,50.0,111.0,170.0,138.0,157.0,138.0,92.0,458.0,116.0
176.0,225.0,313.0,36.0,138.0,310.0,53.0,175.0,163.0,192.0,139.0,254.0,101.0,123.0,202.0
270.0,376.0,385.0,91.0,410.0,341.0,230.0,148.0,454.0,273.0,298.0,323.0,369.0,96.0,473.0
152.0,182.0,351.0,114.0,329.0,261.0,217.0,364.0,480.0,214.0,322.0,84.0,579.0,271.0,316.0
156.0,187.0,312.0,34.0,200.0,270.0,75.0,195.0,199.0,156.0,241.0,101.0,149.0,583.0,170.0
314.0,515.0,346.0,51.0,75.0,490.0,382.0,223.0,281.0,200.0,257.0,246.0,583.0,174.0,55.0
257.0,317.0,590.0,77.0,275.0,393.0,217.0,363.0,341.0,411.0,394.0,76.0,331.0,275.0,246.0
429.0,844.0,475.0,97.0,50.0,254.0,45.0,331.0,293.0,289.0,394.0,348.0,83.0,255.0,38.0
271.0,409.0,449.0,91.0,445.0,254.0,254.0,214.0,430.0,273.0,373.0,323.0,444.0,496.0,99.0
316.0,515.0,491.0,106.0,105.0,479.0,261.0,353.0,500.0,304.0,402.0,580.0,515.0,269.0,94.0
105.0,43.0,224.0,20.0,65.0,205.0,34.0,90.0,129.0,120.0,149.0,113.0,54.0,65.0,42.0
160.0,214.0,299.0,36.0,175.0,294.0,99.0,313.0,199.0,174.0,222.0,167.0,200.0,219.0,202.0
233.0,316.0,351.0,65.0,311.0,390.0,184.0,205.0,314.0,214.0,272.0,25.0,288.0,146.0,72.0
322.0,137.0,310.0,91.0,446.0,227.0,247.0,195.0,454.0,273.0,234.0,323.0,419.0,92.0,582.0
152.0,221.0,170.0,33.0,191.0,297.0,61.0,32.0,187.0,57.0,57.0,47.0,123.0,21.0,157.0
77.0,40.0,323.0,23.0,128.0,86.0,42.0,204.0,145.0,129.0,225.0,126.0,76.0,150.0,99.0
97.0,55.0,215.0,17.0,157.0,155.0,52.0,32.0,120.0,112.0,157.0,100.0,73.0,26.0,122.0
133.0,141.0,313.0,29.0,100.0,249.0,32.0,469.0,173.0,187.0,241.0,137.0,102.0,219.0,80.0
210.0,284.0,346.0,57.0,242.0,373.0,139.0,223.0,122.0,201.0,274.0,248.0,264.0,169.0,238.0
111.0,90.0,224.0,21.0,104.0,249.0,33.0,293.0,162.0,120.0,152.0,117.0,54.0,208.0,122.0
375.0,709.0,528.0,140.0,999.0,687.0,999.0,392.0,571.0,322.0,382.0,457.0,999.0,300.0,999.0
152.0,200.0,281.0,29.0,277.0,280.0,143.0,315.0,178.0,153.0,203.0,162.0,49.0,241.0,250.0
73.0,27.0,184.0,7.0,242.0,56.0,99.0,45.0,24.0,99.0,78.0,76.0,200.0,25.0,214.0
182.0,225.0,283.0,50.0,242.0,310.0,83.0,168.0,252.0,154.0,211.0,173.0,209.0,116.0,94.0
123.0,89.0,260.0,25.0,155.0,193.0,50.0,148.0,168.0,136.0,189.0,155.0,92.0,96.0,117.0
158.0,203.0,283.0,35.0,65.0,280.0,78.0,168.0,215.0,154.0,207.0,172.0,196.0,119.0,72.0
271.0,376.0,457.0,104.0,88.0,155.0,40.0,322.0,500.0,269.0,366.0,322.0,145.0,245.0,93.0
114.0,95.0,283.0,22.0,118.0,205.0,38.0,168.0,144.0,154.0,207.0,178.0,70.0,119.0,93.0
105.0,45.0,396.0,22.0,123.0,127.0,40.0,297.0,147.0,129.0,321.0,124.0,70.0,255.0,95.0
115.0,95.0,240.0,23.0,176.0,297.0,61.0,109.0,145.0,130.0,321.0,126.0,122.0,72.0,153.0
169.0,225.0,303.0,40.0,229.0,310.0,92.0,10.0,223.0,176.0,232.0,203.0,181.0,12.0,182.0
187.0,225.0,312.0,51.0,238.0,312.0,101.0,124.0,270.0,185.0,257.0,190.0,260.0,82.0,91.0
133.0,145.0,271.0,29.0,161.0,255.0,53.0,156.0,173.0,151.0,188.0,162.0,101.0,107.0,322.0
158.0,205.0,279.0,35.0,75.0,288.0,82.0,163.0,198.0,156.0,203.0,139.0,155.0,111.0,87.0
211.0,292.0,346.0,57.0,255.0,374.0,139.0,225.0,204.0,201.0,252.0,282.0,264.0,107.0,242.0
119.0,104.0,298.0,36.0,206.0,212.0,77.0,192.0,162.0,166.0,222.0,186.0,156.0,180.0,175.0
182.0,72.0,322.0,50.0,132.0,155.0,83.0,202.0,198.0,188.0,241.0,221.0,209.0,71.0,111.0
152.0,182.0,339.0,97.0,248.0,261.0,261.0,216.0,281.0,278.0,243.0,346.0,450.0,179.0,215.0
100.0,62.0,215.0,17.0,88.0,156.0,32.0,84.0,119.0,112.0,128.0,98.0,47.0,292.0,71.0
206.0,323.0,336.0,56.0,184.0,407.0,61.0,205.0,292.0,197.0,241.0,240.0,260.0,159.0,155.0
119.0,105.0,240.0,23.0,117.0,213.0,43.0,84.0,187.0,129.0,272.0,127.0,76.0,72.0,101.0
330.0,612.0,553.0,133.0,234.0,534.0,98.0,415.0,547.0,311.0,483.0,374.0,588.0,311.0,214.0
181.0,233.0,379.0,45.0,238.0,315.0,99.0,292.0,233.0,188.0,320.0,236.0,200.0,208.0,214.0
100.0,62.0,240.0,20.0,89.0,156.0,32.0,31.0,134.0,132.0,218.0,126.0,48.0,24.0,74.0
333.0,618.0,187.0,18.0,137.0,462.0,45.0,45.0,122.0,82.0,87.0,98.0,51.0,64.0,107.0
124.0,129.0,111.0,3.0,17.0,222.0,1.0,26.0,34.0,25.0,5.0,0.0,5.0,16.0,12.0
178.0,234.0,336.0,45.0,229.0,320.0,92.0,206.0,281.0,197.0,245.0,240.0,195.0,159.0,182.0
374.0,693.0,550.0,177.0,229.0,118.0,92.0,431.0,616.0,374.0,470.0,582.0,751.0,312.0,190.0
134.0,145.0,312.0,29.0,161.0,250.0,53.0,200.0,172.0,147.0,238.0,241.0,101.0,28.0,125.0
429.0,585.0,396.0,201.0,261.0,521.0,127.0,222.0,293.0,246.0,321.0,317.0,905.0,107.0,12.0
111.0,89.0,170.0,6.0,177.0,225.0,61.0,32.0,302.0,61.0,188.0,174.0,122.0,21.0,154.0
191.0,253.0,361.0,67.0,735.0,348.0,485.0,273.0,332.0,227.0,320.0,282.0,500.0,196.0,182.0
233.0,316.0,661.0,65.0,313.0,390.0,199.0,509.0,314.0,524.0,411.0,268.0,288.0,408.0,44.0
137.0,187.0,256.0,20.0,112.0,328.0,35.0,155.0,129.0,138.0,187.0,580.0,55.0,107.0,88.0
94.0,56.0,204.0,16.0,47.0,155.0,9.0,83.0,111.0,75.0,108.0,151.0,33.0,64.0,32.0
81.0,42.0,204.0,11.0,258.0,220.0,19.0,62.0,95.0,99.0,108.0,76.0,36.0,184.0,234.0
92.0,214.0,105.0,16.0,85.0,294.0,23.0,16.0,95.0,57.0,64.0,72.0,42.0,16.0,52.0
206.0,325.0,339.0,56.0,601.0,425.0,382.0,222.0,292.0,199.0,248.0,248.0,590.0,503.0,187.0
86.0,48.0,105.0,13.0,45.0,144.0,19.0,493.0,99.0,99.0,208.0,76.0,36.0,167.0,32.0
113.0,90.0,208.0,16.0,174.0,203.0,53.0,83.0,173.0,108.0,128.0,100.0,101.0,64.0,126.0
256.0,332.0,395.0,70.0,310.0,429.0,174.0,204.0,341.0,252.0,322.0,312.0,284.0,146.0,329.0
178.0,231.0,320.0,45.0,229.0,315.0,92.0,316.0,12.0,188.0,240.0,204.0,181.0,245.0,190.0
233.0,317.0,382.0,70.0,288.0,393.0,165.0,292.0,333.0,246.0,309.0,302.0,288.0,208.0,246.0
115.0,95.0,125.0,3.0,15.0,205.0,1.0,27.0,173.0,58.0,29.0,149.0,4.0,17.0,31.0
314.0,185.0,549.0,109.0,415.0,260.0,253.0,391.0,501.0,404.0,468.0,705.0,529.0,300.0,455.0
100.0,63.0,179.0,17.0,89.0,155.0,30.0,200.0,660.0,108.0,63.0,100.0,46.0,145.0,73.0
154.0,259.0,281.0,33.0,0.0,430.0,0.0,165.0,184.0,154.0,201.0,172.0,128.0,159.0,0.0
241.0,323.0,353.0,70.0,312.0,297.0,198.0,251.0,341.0,198.0,286.0,241.0,291.0,193.0,341.0
374.0,693.0,530.0,137.0,257.0,484.0,129.0,392.0,571.0,347.0,419.0,463.0,639.0,303.0,234.0
114.0,72.0,240.0,22.0,126.0,160.0,40.0,111.0,141.0,129.0,164.0,193.0,70.0,72.0,54.0
97.0,55.0,212.0,16.0,86.0,155.0,29.0,346.0,117.0,108.0,126.0,98.0,46.0,259.0,72.0
152.0,185.0,283.0,33.0,224.0,261.0,50.0,59.0,127.0,154.0,207.0,221.0,101.0,111.0,153.0
168.0,225.0,353.0,41.0,202.0,259.0,75.0,250.0,223.0,0.0,286.0,197.0,150.0,184.0,172.0
100.0,62.0,207.0,17.0,86.0,156.0,29.0,78.0,33.0,108.0,187.0,98.0,47.0,58.0,69.0
84.0,694.0,246.0,23.0,118.0,407.0,38.0,111.0,163.0,132.0,154.0,127.0,70.0,77.0,107.0
237.0,323.0,363.0,67.0,312.0,306.0,184.0,273.0,332.0,227.0,302.0,244.0,288.0,218.0,333.0
104.0,76.0,187.0,19.0,106.0,175.0,33.0,51.0,125.0,80.0,157.0,92.0,54.0,28.0,87.0
147.0,284.0,300.0,38.0,341.0,373.0,217.0,420.0,223.0,176.0,408.0,248.0,330.0,309.0,469.0
288.0,461.0,449.0,95.0,446.0,486.0,258.0,322.0,466.0,275.0,218.0,304.0,444.0,256.0,582.0
121.0,104.0,246.0,23.0,80.0,212.0,46.0,130.0,210.0,132.0,170.0,127.0,83.0,269.0,55.0
126.0,129.0,532.0,29.0,132.0,225.0,45.0,353.0,173.0,347.0,414.0,460.0,101.0,305.0,87.0
120.0,105.0,326.0,23.0,176.0,215.0,61.0,181.0,165.0,130.0,243.0,125.0,122.0,133.0,148.0
122.0,106.0,661.0,24.0,134.0,214.0,45.0,509.0,163.0,136.0,400.0,70.0,84.0,408.0,107.0
236.0,274.0,256.0,80.0,257.0,362.0,139.0,45.0,425.0,252.0,189.0,127.0,264.0,25.0,231.0
111.0,78.0,224.0,21.0,128.0,175.0,42.0,90.0,134.0,120.0,148.0,117.0,76.0,65.0,116.0
181.0,235.0,738.0,51.0,257.0,315.0,108.0,481.0,270.0,416.0,414.0,280.0,212.0,328.0,122.0
183.0,301.0,279.0,33.0,128.0,87.0,42.0,45.0,193.0,154.0,189.0,162.0,0.0,26.0,99.0
182.0,238.0,310.0,41.0,237.0,344.0,99.0,195.0,227.0,182.0,234.0,204.0,200.0,134.0,216.0
196.0,259.0,353.0,51.0,191.0,439.0,171.0,250.0,276.0,190.0,286.0,301.0,284.0,185.0,157.0
114.0,89.0,190.0,5.0,17.0,191.0,2.0,15.0,54.0,82.0,91.0,114.0,5.0,458.0,99.0
124.0,130.0,351.0,24.0,161.0,214.0,53.0,250.0,163.0,595.0,275.0,911.0,101.0,184.0,126.0
81.0,41.0,488.0,11.0,503.0,102.0,16.0,316.0,81.0,300.0,400.0,387.0,33.0,241.0,678.0
86.0,63.0,251.0,8.0,65.0,261.0,19.0,137.0,69.0,81.0,177.0,68.0,27.0,82.0,45.0
86.0,48.0,240.0,15.0,73.0,324.0,22.0,109.0,290.0,129.0,157.0,101.0,40.0,76.0,54.0
102.0,103.0,105.0,15.0,15.0,211.0,28.0,16.0,103.0,103.0,91.0,84.0,45.0,16.0,4.0
123.0,78.0,251.0,24.0,104.0,143.0,46.0,115.0,164.0,137.0,173.0,137.0,89.0,134.0,4.0
81.0,42.0,187.0,11.0,55.0,175.0,16.0,47.0,184.0,83.0,248.0,69.0,33.0,26.0,43.0
180.0,233.0,336.0,49.0,257.0,310.0,99.0,205.0,252.0,198.0,248.0,241.0,202.0,156.0,231.0
163.0,235.0,283.0,41.0,211.0,333.0,83.0,168.0,223.0,182.0,208.0,204.0,174.0,184.0,175.0
124.0,129.0,382.0,25.0,45.0,220.0,6.0,292.0,163.0,247.0,287.0,303.0,92.0,291.0,31.0
83.0,43.0,170.0,11.0,275.0,479.0,18.0,45.0,86.0,76.0,29.0,61.0,36.0,510.0,247.0
181.0,235.0,336.0,49.0,310.0,348.0,172.0,132.0,333.0,188.0,248.0,220.0,309.0,87.0,322.0
287.0,234.0,438.0,89.0,415.0,324.0,243.0,392.0,425.0,271.0,320.0,323.0,429.0,331.0,566.0
178.0,231.0,300.0,45.0,255.0,349.0,99.0,189.0,233.0,176.0,225.0,204.0,202.0,134.0,187.0
83.0,41.0,240.0,13.0,75.0,155.0,18.0,109.0,122.0,129.0,157.0,117.0,36.0,88.0,55.0
178.0,212.0,142.0,45.0,229.0,294.0,92.0,31.0,224.0,188.0,20.0,221.0,195.0,20.0,190.0
80.0,41.0,688.0,9.0,47.0,103.0,9.0,532.0,119.0,58.0,654.0,0.0,33.0,409.0,144.0
126.0,76.0,688.0,26.0,117.0,214.0,53.0,565.0,168.0,120.0,654.0,117.0,101.0,314.0,107.0
154.0,188.0,294.0,34.0,189.0,319.0,96.0,180.0,193.0,99.0,222.0,76.0,209.0,131.0,175.0
244.0,325.0,363.0,70.0,312.0,422.0,198.0,297.0,341.0,230.0,298.0,288.0,291.0,217.0,341.0
133.0,141.0,855.0,29.0,160.0,249.0,50.0,440.0,173.0,147.0,999.0,167.0,101.0,312.0,124.0
167.0,221.0,310.0,71.0,252.0,348.0,276.0,391.0,302.0,176.0,234.0,207.0,303.0,300.0,218.0
101.0,225.0,252.0,27.0,117.0,310.0,33.0,141.0,181.0,138.0,129.0,138.0,54.0,92.0,97.0
330.0,276.0,507.0,128.0,206.0,365.0,77.0,364.0,518.0,306.0,408.0,423.0,588.0,275.0,175.0
256.0,332.0,386.0,78.0,341.0,429.0,217.0,296.0,430.0,247.0,320.0,301.0,331.0,179.0,406.0
129.0,137.0,511.0,27.0,212.0,260.0,54.0,392.0,170.0,358.0,411.0,165.0,101.0,245.0,175.0
287.0,423.0,440.0,91.0,132.0,479.0,45.0,315.0,454.0,273.0,326.0,323.0,450.0,57.0,107.0
412.0,764.0,339.0,159.0,445.0,809.0,254.0,216.0,601.0,201.0,225.0,248.0,726.0,169.0,574.0
123.0,109.0,252.0,24.0,75.0,156.0,46.0,140.0,162.0,137.0,170.0,138.0,89.0,111.0,30.0
77.0,41.0,183.0,8.0,47.0,214.0,6.0,32.0,69.0,81.0,63.0,68.0,27.0,24.0,107.0
146.0,207.0,639.0,31.0,344.0,294.0,61.0,490.0,125.0,381.0,419.0,456.0,122.0,312.0,422.0
104.0,78.0,208.0,19.0,28.0,193.0,26.0,82.0,147.0,106.0,122.0,76.0,44.0,55.0,32.0
94.0,43.0,125.0,6.0,37.0,124.0,5.0,31.0,33.0,63.0,261.0,50.0,12.0,496.0,45.0
270.0,376.0,550.0,86.0,288.0,448.0,165.0,431.0,425.0,306.0,470.0,460.0,272.0,300.0,201.0
181.0,234.0,283.0,33.0,28.0,348.0,4.0,168.0,187.0,154.0,207.0,172.0,19.0,119.0,11.0
252.0,331.0,361.0,70.0,415.0,425.0,243.0,251.0,332.0,238.0,297.0,355.0,419.0,305.0,66.0
202.0,259.0,322.0,46.0,253.0,241.0,106.0,181.0,239.0,187.0,241.0,207.0,211.0,130.0,220.0
