264.0,323.0,648.0,80.0,191.0,388.0,69.0,509.0,428.0,381.0,681.0,355.0,140.0,408.0,183.0
101.0,55.0,481.0,12.0,89.0,249.0,18.0,342.0,99.0,296.0,387.0,353.0,36.0,321.0,73.0
126.0,131.0,580.0,183.0,188.0,112.0,67.0,470.0,660.0,404.0,208.0,456.0,136.0,319.0,156.0
163.0,133.0,201.0,36.0,261.0,235.0,78.0,155.0,210.0,167.0,84.0,208.0,156.0,102.0,242.0
999.0,999.0,693.0,999.0,50.0,999.0,6.0,565.0,999.0,580.0,654.0,282.0,999.0,455.0,42.0
167.0,221.0,428.0,87.0,429.0,261.0,243.0,315.0,419.0,269.0,220.0,325.0,408.0,219.0,566.0
181.0,234.0,208.0,15.0,80.0,270.0,23.0,82.0,103.0,105.0,122.0,95.0,42.0,131.0,55.0
156.0,188.0,283.0,34.0,261.0,270.0,127.0,49.0,194.0,156.0,211.0,178.0,288.0,27.0,242.0
330.0,590.0,580.0,128.0,403.0,518.0,367.0,470.0,568.0,404.0,509.0,126.0,590.0,503.0,469.0
181.0,233.0,125.0,45.0,260.0,320.0,99.0,27.0,194.0,58.0,8.0,282.0,200.0,71.0,238.0
288.0,461.0,385.0,77.0,227.0,489.0,203.0,293.0,292.0,247.0,310.0,303.0,334.0,493.0,183.0
257.0,325.0,570.0,77.0,360.0,422.0,217.0,469.0,341.0,247.0,500.0,303.0,331.0,318.0,9.0
80.0,41.0,187.0,11.0,47.0,102.0,15.0,39.0,81.0,82.0,88.0,70.0,33.0,25.0,32.0
114.0,37.0,240.0,22.0,122.0,82.0,40.0,969.0,69.0,129.0,160.0,126.0,70.0,613.0,94.0
271.0,215.0,438.0,89.0,165.0,235.0,54.0,316.0,452.0,271.0,338.0,323.0,408.0,241.0,127.0
181.0,235.0,461.0,97.0,248.0,328.0,101.0,32.0,503.0,304.0,366.0,81.0,204.0,57.0,216.0
94.0,55.0,582.0,21.0,100.0,261.0,32.0,470.0,139.0,106.0,508.0,68.0,47.0,318.0,74.0
115.0,95.0,240.0,23.0,104.0,203.0,34.0,110.0,145.0,129.0,152.0,126.0,59.0,79.0,84.0
244.0,274.0,363.0,70.0,280.0,362.0,150.0,251.0,158.0,238.0,299.0,298.0,270.0,184.0,275.0
152.0,179.0,256.0,33.0,234.0,261.0,222.0,144.0,187.0,120.0,250.0,115.0,336.0,95.0,240.0
232.0,300.0,351.0,64.0,288.0,362.0,171.0,241.0,313.0,214.0,287.0,264.0,276.0,184.0,307.0
80.0,43.0,187.0,11.0,145.0,124.0,50.0,32.0,76.0,82.0,87.0,70.0,33.0,21.0,30.0
119.0,104.0,207.0,15.0,229.0,212.0,92.0,80.0,95.0,106.0,119.0,92.0,181.0,58.0,202.0
330.0,325.0,481.0,128.0,100.0,315.0,382.0,470.0,498.0,306.0,387.0,167.0,590.0,319.0,80.0
176.0,225.0,317.0,45.0,230.0,310.0,92.0,201.0,302.0,188.0,239.0,221.0,195.0,179.0,201.0
111.0,89.0,247.0,21.0,229.0,254.0,95.0,144.0,134.0,128.0,238.0,117.0,95.0,58.0,190.0
233.0,317.0,564.0,65.0,448.0,393.0,391.0,459.0,314.0,214.0,500.0,277.0,624.0,314.0,604.0
178.0,232.0,311.0,43.0,252.0,319.0,18.0,293.0,223.0,176.0,199.0,263.0,36.0,184.0,218.0
156.0,200.0,316.0,45.0,242.0,280.0,99.0,201.0,194.0,188.0,236.0,212.0,195.0,137.0,240.0
103.0,72.0,157.0,18.0,83.0,154.0,23.0,16.0,122.0,103.0,123.0,430.0,54.0,55.0,55.0
80.0,41.0,204.0,14.0,197.0,102.0,75.0,62.0,187.0,103.0,108.0,76.0,150.0,68.0,157.0
91.0,48.0,281.0,16.0,50.0,143.0,15.0,165.0,105.0,154.0,206.0,240.0,33.0,111.0,99.0
169.0,225.0,481.0,40.0,229.0,310.0,92.0,342.0,223.0,184.0,382.0,207.0,181.0,111.0,172.0
414.0,709.0,661.0,243.0,524.0,188.0,274.0,509.0,343.0,524.0,509.0,346.0,529.0,328.0,678.0
73.0,323.0,208.0,7.0,131.0,365.0,46.0,73.0,139.0,71.0,122.0,98.0,23.0,617.0,101.0
257.0,409.0,507.0,91.0,150.0,484.0,48.0,377.0,454.0,311.0,410.0,446.0,89.0,303.0,111.0
330.0,612.0,386.0,91.0,104.0,534.0,230.0,358.0,498.0,252.0,320.0,423.0,344.0,617.0,83.0
306.0,461.0,476.0,97.0,446.0,486.0,258.0,346.0,210.0,278.0,333.0,346.0,500.0,259.0,582.0
115.0,55.0,240.0,23.0,123.0,155.0,39.0,103.0,145.0,130.0,165.0,126.0,70.0,72.0,96.0
182.0,48.0,322.0,45.0,73.0,143.0,19.0,204.0,233.0,188.0,241.0,212.0,40.0,169.0,45.0
146.0,163.0,126.0,6.0,75.0,253.0,22.0,27.0,33.0,61.0,27.0,173.0,33.0,17.0,170.0
180.0,233.0,738.0,51.0,255.0,393.0,107.0,620.0,270.0,411.0,164.0,302.0,212.0,184.0,262.0
412.0,764.0,657.0,182.0,217.0,296.0,78.0,490.0,638.0,403.0,298.0,164.0,158.0,331.0,179.0
100.0,63.0,180.0,7.0,117.0,154.0,35.0,39.0,178.0,76.0,64.0,125.0,23.0,25.0,93.0
237.0,323.0,360.0,67.0,277.0,393.0,143.0,315.0,333.0,227.0,295.0,23.0,269.0,241.0,250.0
169.0,108.0,303.0,40.0,310.0,215.0,188.0,194.0,223.0,176.0,232.0,204.0,181.0,134.0,329.0
94.0,53.0,475.0,16.0,112.0,143.0,39.0,341.0,122.0,107.0,640.0,95.0,43.0,256.0,88.0
80.0,41.0,240.0,21.0,105.0,102.0,23.0,109.0,139.0,129.0,157.0,114.0,42.0,88.0,82.0
244.0,323.0,363.0,70.0,341.0,534.0,171.0,285.0,341.0,230.0,295.0,288.0,288.0,205.0,406.0
100.0,62.0,208.0,17.0,294.0,155.0,171.0,322.0,122.0,108.0,123.0,100.0,190.0,246.0,307.0
163.0,212.0,582.0,36.0,217.0,294.0,82.0,470.0,210.0,213.0,509.0,246.0,171.0,318.0,181.0
120.0,105.0,207.0,23.0,216.0,372.0,82.0,80.0,163.0,103.0,199.0,98.0,92.0,57.0,172.0
196.0,276.0,332.0,51.0,200.0,382.0,598.0,251.0,272.0,193.0,248.0,257.0,923.0,184.0,172.0
125.0,130.0,206.0,25.0,145.0,261.0,50.0,92.0,171.0,138.0,110.0,126.0,92.0,66.0,117.0
178.0,235.0,395.0,49.0,341.0,341.0,188.0,297.0,248.0,188.0,322.0,220.0,291.0,208.0,406.0
181.0,234.0,316.0,45.0,238.0,333.0,98.0,232.0,50.0,188.0,245.0,139.0,195.0,184.0,215.0
246.0,331.0,294.0,36.0,176.0,425.0,61.0,187.0,187.0,167.0,298.0,186.0,122.0,133.0,153.0
80.0,41.0,206.0,9.0,15.0,102.0,15.0,65.0,76.0,106.0,120.0,91.0,33.0,87.0,4.0
80.0,36.0,125.0,11.0,73.0,214.0,19.0,327.0,676.0,58.0,120.0,47.0,33.0,145.0,45.0
266.0,238.0,351.0,80.0,344.0,341.0,222.0,296.0,498.0,214.0,402.0,264.0,336.0,496.0,422.0
114.0,89.0,207.0,22.0,118.0,439.0,38.0,83.0,141.0,106.0,120.0,115.0,70.0,64.0,93.0
70.0,590.0,316.0,6.0,157.0,521.0,50.0,201.0,119.0,188.0,241.0,280.0,92.0,16.0,180.0
205.0,373.0,542.0,56.0,176.0,445.0,99.0,420.0,296.0,356.0,64.0,287.0,260.0,309.0,154.0
134.0,141.0,855.0,33.0,329.0,249.0,217.0,885.0,184.0,154.0,999.0,101.0,331.0,583.0,469.0
257.0,338.0,564.0,71.0,104.0,445.0,33.0,969.0,184.0,243.0,286.0,298.0,92.0,628.0,83.0
102.0,154.0,255.0,27.0,168.0,250.0,54.0,144.0,171.0,139.0,200.0,167.0,101.0,81.0,154.0
270.0,372.0,500.0,80.0,277.0,445.0,143.0,353.0,425.0,304.0,408.0,428.0,269.0,269.0,242.0
84.0,434.0,215.0,13.0,55.0,484.0,18.0,493.0,98.0,92.0,128.0,76.0,36.0,339.0,44.0
102.0,71.0,212.0,17.0,89.0,159.0,30.0,84.0,122.0,108.0,128.0,98.0,49.0,66.0,83.0
235.0,348.0,639.0,70.0,85.0,439.0,46.0,490.0,199.0,243.0,252.0,298.0,145.0,331.0,64.0
237.0,323.0,353.0,67.0,311.0,306.0,184.0,228.0,431.0,227.0,286.0,282.0,284.0,179.0,333.0
319.0,612.0,447.0,95.0,434.0,306.0,253.0,322.0,457.0,273.0,373.0,395.0,438.0,291.0,566.0
152.0,182.0,283.0,33.0,54.0,261.0,67.0,168.0,188.0,154.0,207.0,173.0,136.0,173.0,12.0
129.0,135.0,323.0,29.0,168.0,241.0,54.0,204.0,171.0,147.0,206.0,158.0,101.0,150.0,44.0
176.0,180.0,298.0,40.0,174.0,260.0,58.0,346.0,223.0,176.0,222.0,175.0,109.0,219.0,139.0
97.0,55.0,208.0,16.0,88.0,155.0,29.0,83.0,117.0,108.0,128.0,98.0,46.0,106.0,71.0
146.0,194.0,395.0,33.0,176.0,490.0,61.0,297.0,292.0,223.0,321.0,288.0,122.0,192.0,154.0
330.0,590.0,500.0,117.0,365.0,341.0,180.0,346.0,210.0,304.0,408.0,330.0,419.0,256.0,329.0
202.0,261.0,336.0,51.0,260.0,362.0,119.0,202.0,281.0,197.0,245.0,325.0,238.0,148.0,238.0
256.0,332.0,382.0,71.0,277.0,429.0,143.0,292.0,314.0,246.0,309.0,302.0,269.0,208.0,250.0
183.0,231.0,363.0,50.0,248.0,315.0,106.0,297.0,253.0,136.0,298.0,100.0,211.0,218.0,216.0
317.0,36.0,488.0,109.0,260.0,60.0,96.0,353.0,501.0,300.0,400.0,323.0,529.0,269.0,229.0
122.0,214.0,252.0,24.0,138.0,289.0,46.0,140.0,164.0,137.0,110.0,236.0,89.0,90.0,107.0
316.0,515.0,570.0,133.0,137.0,155.0,262.0,420.0,425.0,403.0,500.0,330.0,494.0,311.0,111.0
183.0,249.0,320.0,29.0,157.0,348.0,52.0,223.0,173.0,154.0,240.0,162.0,101.0,185.0,178.0
167.0,221.0,300.0,38.0,89.0,306.0,30.0,189.0,223.0,176.0,225.0,197.0,156.0,133.0,31.0
129.0,76.0,257.0,27.0,123.0,160.0,40.0,146.0,168.0,141.0,321.0,167.0,101.0,96.0,96.0
181.0,235.0,224.0,20.0,112.0,324.0,35.0,98.0,132.0,120.0,152.0,98.0,55.0,72.0,91.0
330.0,187.0,532.0,112.0,344.0,270.0,220.0,144.0,545.0,347.0,243.0,463.0,579.0,95.0,416.0
165.0,232.0,311.0,49.0,174.0,319.0,58.0,197.0,239.0,188.0,152.0,220.0,204.0,145.0,125.0
115.0,95.0,204.0,14.0,28.0,213.0,5.0,62.0,99.0,99.0,108.0,76.0,23.0,72.0,11.0
133.0,141.0,449.0,91.0,448.0,249.0,254.0,327.0,454.0,273.0,321.0,323.0,444.0,248.0,333.0
154.0,185.0,294.0,67.0,132.0,268.0,33.0,180.0,330.0,227.0,215.0,282.0,288.0,131.0,107.0
244.0,317.0,417.0,70.0,279.0,393.0,147.0,306.0,419.0,230.0,326.0,288.0,269.0,169.0,274.0
295.0,461.0,481.0,104.0,524.0,407.0,274.0,470.0,498.0,296.0,387.0,355.0,524.0,17.0,134.0
112.0,105.0,292.0,36.0,217.0,215.0,77.0,204.0,199.0,156.0,210.0,181.0,168.0,150.0,94.0
237.0,322.0,294.0,70.0,200.0,389.0,48.0,181.0,333.0,165.0,100.0,185.0,288.0,130.0,175.0
133.0,141.0,263.0,29.0,165.0,249.0,54.0,97.0,173.0,147.0,173.0,160.0,101.0,72.0,127.0
121.0,205.0,240.0,23.0,131.0,289.0,43.0,115.0,184.0,132.0,165.0,127.0,76.0,79.0,101.0
105.0,261.0,190.0,20.0,55.0,362.0,18.0,51.0,125.0,83.0,207.0,72.0,40.0,28.0,45.0
158.0,205.0,385.0,36.0,117.0,293.0,80.0,285.0,141.0,166.0,310.0,186.0,168.0,196.0,94.0
113.0,90.0,224.0,21.0,229.0,259.0,92.0,290.0,139.0,120.0,152.0,113.0,73.0,218.0,107.0
75.0,179.0,300.0,38.0,233.0,259.0,83.0,189.0,213.0,174.0,210.0,196.0,174.0,149.0,201.0
412.0,764.0,542.0,153.0,735.0,344.0,485.0,438.0,253.0,356.0,123.0,582.0,726.0,312.0,390.0
126.0,55.0,222.0,25.0,128.0,155.0,50.0,92.0,168.0,138.0,152.0,138.0,92.0,68.0,99.0
152.0,180.0,283.0,33.0,189.0,260.0,59.0,168.0,172.0,154.0,207.0,124.0,123.0,116.0,154.0
112.0,90.0,240.0,23.0,157.0,191.0,42.0,132.0,145.0,129.0,157.0,117.0,76.0,107.0,127.0
376.0,709.0,550.0,146.0,735.0,315.0,485.0,431.0,141.0,347.0,470.0,463.0,693.0,312.0,881.0
182.0,238.0,130.0,50.0,226.0,348.0,94.0,115.0,252.0,82.0,27.0,61.0,190.0,79.0,182.0
114.0,95.0,240.0,21.0,47.0,208.0,33.0,109.0,141.0,129.0,157.0,160.0,59.0,122.0,127.0
319.0,515.0,392.0,97.0,161.0,437.0,53.0,297.0,483.0,252.0,320.0,174.0,101.0,217.0,125.0
333.0,618.0,414.0,85.0,161.0,308.0,53.0,297.0,425.0,264.0,322.0,316.0,101.0,217.0,116.0
73.0,27.0,142.0,6.0,28.0,56.0,4.0,31.0,38.0,67.0,8.0,231.0,19.0,62.0,12.0
376.0,717.0,530.0,148.0,175.0,315.0,99.0,403.0,172.0,347.0,419.0,470.0,693.0,328.0,87.0
104.0,78.0,238.0,19.0,89.0,175.0,30.0,103.0,125.0,114.0,152.0,108.0,54.0,613.0,74.0
157.0,205.0,363.0,146.0,639.0,281.0,444.0,273.0,253.0,347.0,321.0,457.0,693.0,477.0,818.0
120.0,104.0,251.0,23.0,128.0,212.0,42.0,132.0,452.0,130.0,152.0,126.0,76.0,133.0,99.0
196.0,257.0,395.0,80.0,360.0,341.0,217.0,297.0,431.0,252.0,321.0,231.0,331.0,217.0,416.0
123.0,109.0,476.0,60.0,277.0,215.0,127.0,331.0,314.0,296.0,387.0,236.0,260.0,255.0,182.0
167.0,222.0,111.0,38.0,227.0,308.0,85.0,26.0,223.0,176.0,0.0,190.0,175.0,16.0,182.0
232.0,310.0,542.0,97.0,476.0,390.0,262.0,420.0,480.0,278.0,225.0,353.0,464.0,309.0,881.0
182.0,259.0,322.0,50.0,310.0,348.0,99.0,273.0,252.0,188.0,241.0,221.0,200.0,186.0,242.0
76.0,999.0,184.0,8.0,131.0,999.0,45.0,45.0,69.0,81.0,222.0,68.0,27.0,25.0,96.0
77.0,41.0,648.0,8.0,45.0,154.0,7.0,493.0,69.0,82.0,386.0,69.0,27.0,339.0,30.0
999.0,999.0,363.0,70.0,279.0,999.0,139.0,280.0,141.0,238.0,299.0,304.0,264.0,201.0,274.0
210.0,278.0,332.0,57.0,277.0,280.0,148.0,205.0,330.0,201.0,245.0,248.0,264.0,158.0,250.0
176.0,229.0,648.0,15.0,85.0,315.0,23.0,481.0,98.0,411.0,402.0,263.0,42.0,328.0,64.0
206.0,281.0,316.0,45.0,312.0,56.0,171.0,201.0,237.0,188.0,126.0,214.0,284.0,131.0,331.0
178.0,231.0,322.0,50.0,253.0,320.0,106.0,204.0,253.0,188.0,243.0,221.0,211.0,174.0,231.0
257.0,306.0,661.0,77.0,279.0,382.0,150.0,509.0,858.0,416.0,149.0,204.0,330.0,408.0,275.0
256.0,332.0,361.0,70.0,89.0,362.0,30.0,32.0,332.0,228.0,302.0,301.0,288.0,81.0,64.0
83.0,42.0,258.0,13.0,47.0,112.0,18.0,155.0,99.0,144.0,139.0,163.0,36.0,409.0,32.0
217.0,180.0,348.0,58.0,191.0,260.0,147.0,601.0,293.0,207.0,245.0,263.0,269.0,458.0,156.0
111.0,42.0,336.0,21.0,89.0,200.0,32.0,212.0,134.0,188.0,245.0,218.0,54.0,159.0,74.0
80.0,174.0,183.0,6.0,175.0,259.0,61.0,83.0,210.0,76.0,402.0,127.0,177.0,64.0,140.0
158.0,205.0,242.0,31.0,197.0,288.0,62.0,115.0,184.0,132.0,165.0,127.0,123.0,55.0,155.0
126.0,130.0,130.0,18.0,89.0,230.0,32.0,31.0,122.0,92.0,29.0,76.0,49.0,20.0,74.0
94.0,55.0,215.0,17.0,83.0,143.0,24.0,84.0,119.0,112.0,126.0,101.0,43.0,64.0,111.0
183.0,249.0,564.0,67.0,161.0,348.0,276.0,459.0,332.0,227.0,295.0,282.0,288.0,318.0,66.0
115.0,95.0,240.0,23.0,131.0,206.0,45.0,104.0,163.0,129.0,182.0,76.0,73.0,167.0,102.0
133.0,141.0,263.0,29.0,242.0,249.0,0.0,141.0,173.0,147.0,203.0,138.0,102.0,162.0,229.0
126.0,131.0,263.0,27.0,137.0,124.0,46.0,148.0,170.0,140.0,206.0,856.0,89.0,77.0,111.0
256.0,332.0,125.0,71.0,176.0,429.0,59.0,15.0,357.0,57.0,170.0,23.0,256.0,28.0,101.0
83.0,55.0,356.0,12.0,47.0,143.0,16.0,251.0,98.0,207.0,252.0,263.0,36.0,184.0,153.0
176.0,210.0,332.0,50.0,234.0,341.0,99.0,205.0,270.0,191.0,244.0,81.0,212.0,156.0,212.0
111.0,89.0,257.0,20.0,105.0,213.0,35.0,146.0,120.0,129.0,182.0,118.0,55.0,57.0,93.0
202.0,276.0,337.0,55.0,313.0,191.0,199.0,212.0,293.0,198.0,241.0,241.0,291.0,159.0,351.0
154.0,106.0,310.0,33.0,161.0,214.0,53.0,195.0,191.0,201.0,128.0,248.0,59.0,503.0,125.0
86.0,612.0,183.0,8.0,45.0,281.0,6.0,0.0,341.0,80.0,57.0,68.0,26.0,0.0,87.0
999.0,999.0,999.0,999.0,999.0,999.0,999.0,999.0,999.0,999.0,236.0,999.0,999.0,999.0,999.0
196.0,257.0,336.0,51.0,200.0,349.0,99.0,212.0,271.0,196.0,245.0,248.0,200.0,146.0,172.0
375.0,694.0,215.0,137.0,188.0,663.0,78.0,84.0,570.0,112.0,158.0,100.0,158.0,64.0,156.0
317.0,523.0,337.0,109.0,503.0,197.0,274.0,212.0,501.0,198.0,250.0,241.0,529.0,169.0,213.0
270.0,391.0,392.0,80.0,312.0,460.0,198.0,205.0,232.0,252.0,321.0,304.0,330.0,152.0,297.0
123.0,109.0,363.0,23.0,117.0,214.0,38.0,277.0,162.0,132.0,232.0,127.0,70.0,583.0,88.0
428.0,131.0,580.0,183.0,160.0,418.0,53.0,470.0,676.0,404.0,508.0,856.0,864.0,318.0,124.0
77.0,41.0,142.0,8.0,216.0,86.0,62.0,31.0,69.0,80.0,57.0,68.0,27.0,21.0,175.0
196.0,257.0,208.0,51.0,255.0,348.0,107.0,82.0,270.0,107.0,122.0,95.0,212.0,58.0,234.0
112.0,90.0,208.0,16.0,83.0,203.0,23.0,83.0,109.0,106.0,123.0,92.0,44.0,65.0,56.0
147.0,180.0,222.0,30.0,200.0,261.0,67.0,92.0,182.0,113.0,129.0,98.0,136.0,58.0,173.0
317.0,233.0,485.0,109.0,445.0,319.0,254.0,313.0,500.0,296.0,389.0,374.0,444.0,185.0,455.0
271.0,406.0,528.0,23.0,126.0,468.0,40.0,214.0,170.0,316.0,419.0,25.0,76.0,162.0,170.0
229.0,306.0,183.0,67.0,310.0,358.0,188.0,16.0,332.0,356.0,27.0,164.0,288.0,24.0,322.0
91.0,48.0,111.0,6.0,17.0,144.0,1.0,26.0,54.0,61.0,8.0,133.0,4.0,87.0,4.0
217.0,306.0,491.0,77.0,257.0,365.0,108.0,342.0,292.0,304.0,402.0,338.0,330.0,258.0,231.0
288.0,612.0,447.0,95.0,446.0,534.0,247.0,322.0,466.0,273.0,322.0,323.0,408.0,477.0,74.0
187.0,238.0,281.0,29.0,175.0,518.0,58.0,165.0,178.0,154.0,214.0,167.0,108.0,132.0,144.0
257.0,215.0,258.0,29.0,168.0,296.0,54.0,148.0,171.0,144.0,188.0,155.0,92.0,102.0,131.0
71.0,27.0,215.0,20.0,112.0,296.0,35.0,84.0,117.0,112.0,128.0,100.0,55.0,72.0,91.0
163.0,214.0,507.0,51.0,258.0,390.0,119.0,364.0,111.0,197.0,408.0,241.0,238.0,275.0,234.0
178.0,42.0,549.0,45.0,17.0,348.0,2.0,420.0,227.0,188.0,345.0,212.0,196.0,308.0,234.0
100.0,63.0,207.0,20.0,102.0,160.0,35.0,78.0,111.0,120.0,119.0,126.0,54.0,57.0,72.0
157.0,205.0,208.0,35.0,248.0,280.0,82.0,73.0,198.0,106.0,122.0,101.0,171.0,57.0,212.0
86.0,48.0,316.0,15.0,43.0,127.0,16.0,141.0,347.0,105.0,240.0,84.0,33.0,196.0,12.0
163.0,27.0,299.0,36.0,218.0,56.0,67.0,200.0,210.0,174.0,222.0,203.0,167.0,145.0,180.0
256.0,332.0,447.0,91.0,277.0,429.0,139.0,292.0,454.0,273.0,366.0,323.0,264.0,208.0,250.0
132.0,137.0,351.0,23.0,227.0,241.0,85.0,241.0,111.0,213.0,286.0,264.0,48.0,170.0,192.0
288.0,461.0,223.0,51.0,98.0,430.0,32.0,398.0,272.0,192.0,139.0,228.0,49.0,305.0,77.0
96.0,76.0,183.0,95.0,445.0,288.0,247.0,45.0,466.0,275.0,63.0,181.0,444.0,24.0,574.0
212.0,284.0,346.0,58.0,261.0,687.0,150.0,223.0,296.0,201.0,262.0,248.0,270.0,170.0,242.0
158.0,200.0,316.0,67.0,310.0,276.0,171.0,200.0,292.0,187.0,241.0,207.0,288.0,169.0,329.0
152.0,182.0,283.0,33.0,639.0,261.0,99.0,168.0,187.0,154.0,207.0,125.0,202.0,107.0,818.0
104.0,78.0,267.0,36.0,237.0,270.0,99.0,290.0,204.0,151.0,200.0,162.0,171.0,65.0,126.0
196.0,259.0,201.0,60.0,278.0,425.0,147.0,61.0,290.0,92.0,100.0,76.0,269.0,34.0,275.0
232.0,306.0,661.0,64.0,294.0,389.0,170.0,493.0,313.0,199.0,470.0,70.0,276.0,333.0,297.0
178.0,179.0,312.0,45.0,216.0,260.0,94.0,204.0,227.0,187.0,238.0,203.0,191.0,149.0,187.0
134.0,145.0,263.0,29.0,174.0,250.0,58.0,149.0,178.0,147.0,203.0,156.0,103.0,96.0,140.0
77.0,40.0,184.0,8.0,15.0,86.0,2.0,45.0,117.0,81.0,20.0,84.0,27.0,25.0,12.0
146.0,130.0,266.0,30.0,176.0,230.0,61.0,440.0,182.0,153.0,128.0,164.0,122.0,308.0,153.0
165.0,235.0,240.0,20.0,112.0,344.0,35.0,110.0,132.0,129.0,241.0,307.0,55.0,76.0,87.0
77.0,42.0,340.0,8.0,89.0,250.0,32.0,214.0,69.0,81.0,252.0,68.0,27.0,169.0,74.0
319.0,64.0,491.0,104.0,476.0,159.0,262.0,16.0,500.0,304.0,402.0,470.0,500.0,16.0,157.0
100.0,62.0,142.0,6.0,55.0,155.0,5.0,31.0,105.0,61.0,214.0,23.0,23.0,20.0,44.0
125.0,130.0,395.0,27.0,150.0,468.0,50.0,297.0,248.0,140.0,321.0,149.0,92.0,218.0,119.0
322.0,585.0,239.0,106.0,58.0,439.0,19.0,392.0,343.0,58.0,386.0,23.0,264.0,292.0,43.0
271.0,64.0,532.0,78.0,89.0,155.0,30.0,406.0,332.0,347.0,470.0,115.0,408.0,477.0,80.0
288.0,434.0,449.0,95.0,445.0,491.0,254.0,32.0,452.0,273.0,373.0,325.0,438.0,21.0,574.0
163.0,215.0,296.0,36.0,216.0,297.0,80.0,181.0,197.0,167.0,220.0,240.0,168.0,107.0,178.0
287.0,406.0,385.0,95.0,100.0,445.0,32.0,250.0,457.0,247.0,302.0,303.0,54.0,184.0,80.0
134.0,145.0,260.0,29.0,176.0,250.0,61.0,146.0,178.0,147.0,187.0,158.0,123.0,180.0,134.0
257.0,185.0,382.0,71.0,0.0,261.0,222.0,313.0,363.0,243.0,307.0,298.0,330.0,240.0,0.0
152.0,180.0,340.0,56.0,601.0,260.0,129.0,205.0,293.0,200.0,286.0,236.0,260.0,148.0,124.0
123.0,284.0,201.0,24.0,75.0,390.0,39.0,61.0,164.0,92.0,100.0,76.0,89.0,34.0,55.0
187.0,253.0,323.0,51.0,255.0,348.0,107.0,204.0,270.0,191.0,248.0,228.0,212.0,82.0,93.0
319.0,274.0,532.0,117.0,723.0,362.0,396.0,470.0,330.0,346.0,322.0,322.0,588.0,319.0,111.0
214.0,301.0,385.0,77.0,341.0,382.0,220.0,293.0,81.0,247.0,108.0,303.0,334.0,208.0,406.0
212.0,310.0,322.0,58.0,278.0,390.0,147.0,202.0,296.0,207.0,241.0,263.0,269.0,148.0,274.0
374.0,693.0,507.0,133.0,176.0,328.0,391.0,364.0,570.0,306.0,408.0,463.0,639.0,269.0,148.0
122.0,104.0,251.0,24.0,131.0,212.0,45.0,476.0,163.0,136.0,78.0,190.0,84.0,321.0,101.0
154.0,188.0,564.0,34.0,203.0,270.0,108.0,470.0,182.0,381.0,468.0,423.0,214.0,319.0,173.0
115.0,95.0,208.0,22.0,43.0,205.0,9.0,61.0,199.0,130.0,123.0,126.0,70.0,41.0,83.0
171.0,222.0,999.0,41.0,100.0,308.0,32.0,440.0,223.0,182.0,654.0,208.0,264.0,312.0,77.0
306.0,488.0,475.0,97.0,123.0,490.0,261.0,438.0,480.0,278.0,351.0,353.0,450.0,318.0,96.0
80.0,41.0,183.0,14.0,104.0,102.0,34.0,31.0,117.0,84.0,200.0,76.0,54.0,20.0,84.0
232.0,306.0,130.0,60.0,288.0,358.0,165.0,31.0,302.0,207.0,29.0,263.0,272.0,21.0,297.0
196.0,259.0,312.0,51.0,28.0,348.0,274.0,195.0,302.0,188.0,238.0,221.0,529.0,184.0,12.0
168.0,225.0,396.0,38.0,243.0,310.0,83.0,297.0,213.0,174.0,189.0,193.0,174.0,218.0,216.0
316.0,515.0,481.0,109.0,524.0,486.0,276.0,342.0,503.0,296.0,387.0,323.0,529.0,133.0,170.0
202.0,276.0,336.0,51.0,257.0,348.0,121.0,216.0,210.0,196.0,200.0,282.0,239.0,167.0,229.0
122.0,130.0,242.0,23.0,229.0,249.0,50.0,104.0,117.0,132.0,165.0,126.0,102.0,111.0,190.0
112.0,90.0,294.0,29.0,128.0,205.0,42.0,299.0,178.0,144.0,78.0,268.0,102.0,131.0,81.0
268.0,316.0,511.0,87.0,410.0,390.0,237.0,391.0,431.0,316.0,414.0,460.0,406.0,300.0,469.0
114.0,95.0,224.0,20.0,112.0,205.0,35.0,98.0,103.0,120.0,158.0,167.0,55.0,72.0,87.0
154.0,188.0,346.0,43.0,217.0,277.0,95.0,176.0,239.0,201.0,244.0,264.0,195.0,133.0,174.0
233.0,310.0,488.0,65.0,310.0,388.0,213.0,353.0,314.0,300.0,400.0,95.0,284.0,269.0,329.0
102.0,56.0,293.0,19.0,104.0,155.0,34.0,176.0,122.0,144.0,211.0,151.0,54.0,493.0,84.0
100.0,63.0,224.0,17.0,89.0,154.0,30.0,90.0,109.0,120.0,148.0,115.0,46.0,65.0,74.0
428.0,769.0,580.0,183.0,639.0,205.0,570.0,438.0,660.0,404.0,509.0,705.0,864.0,192.0,818.0
104.0,253.0,224.0,17.0,89.0,348.0,30.0,94.0,117.0,112.0,128.0,115.0,47.0,174.0,73.0
270.0,403.0,414.0,86.0,292.0,462.0,170.0,312.0,430.0,265.0,326.0,322.0,369.0,79.0,307.0
137.0,41.0,267.0,29.0,175.0,159.0,58.0,154.0,178.0,150.0,201.0,160.0,108.0,102.0,96.0
139.0,163.0,204.0,29.0,45.0,247.0,58.0,49.0,162.0,99.0,100.0,76.0,108.0,269.0,31.0
330.0,612.0,507.0,128.0,639.0,534.0,391.0,384.0,551.0,306.0,411.0,100.0,590.0,296.0,818.0
123.0,89.0,240.0,24.0,132.0,191.0,45.0,115.0,164.0,137.0,164.0,138.0,55.0,79.0,139.0
330.0,612.0,491.0,117.0,434.0,373.0,629.0,358.0,547.0,304.0,394.0,220.0,905.0,269.0,566.0
167.0,222.0,312.0,38.0,230.0,312.0,105.0,59.0,223.0,176.0,238.0,197.0,209.0,55.0,201.0
196.0,259.0,332.0,51.0,233.0,373.0,139.0,205.0,281.0,193.0,245.0,236.0,264.0,156.0,201.0
113.0,90.0,310.0,41.0,237.0,205.0,98.0,201.0,233.0,182.0,234.0,207.0,190.0,149.0,248.0
132.0,137.0,258.0,29.0,161.0,247.0,53.0,200.0,134.0,144.0,187.0,156.0,101.0,493.0,125.0
375.0,709.0,553.0,146.0,257.0,315.0,108.0,438.0,302.0,356.0,483.0,249.0,212.0,308.0,229.0
104.0,78.0,220.0,19.0,117.0,164.0,35.0,32.0,127.0,112.0,139.0,105.0,54.0,28.0,89.0
97.0,56.0,294.0,16.0,100.0,155.0,52.0,290.0,117.0,165.0,204.0,186.0,97.0,192.0,80.0
210.0,284.0,208.0,16.0,75.0,373.0,22.0,32.0,107.0,106.0,295.0,91.0,40.0,21.0,64.0
157.0,241.0,281.0,32.0,260.0,348.0,61.0,165.0,165.0,154.0,203.0,162.0,122.0,111.0,242.0
288.0,434.0,386.0,91.0,255.0,484.0,247.0,296.0,466.0,247.0,320.0,304.0,419.0,213.0,234.0
154.0,188.0,279.0,34.0,191.0,270.0,69.0,175.0,193.0,154.0,203.0,172.0,140.0,123.0,156.0
126.0,130.0,252.0,27.0,161.0,230.0,5.0,140.0,170.0,138.0,176.0,139.0,23.0,92.0,117.0
102.0,71.0,283.0,36.0,203.0,160.0,78.0,251.0,163.0,156.0,241.0,175.0,161.0,184.0,174.0
83.0,43.0,111.0,12.0,211.0,250.0,78.0,15.0,95.0,25.0,245.0,0.0,158.0,16.0,175.0
96.0,55.0,208.0,16.0,145.0,155.0,92.0,80.0,117.0,108.0,122.0,100.0,181.0,57.0,116.0
206.0,301.0,337.0,55.0,261.0,382.0,126.0,200.0,290.0,198.0,262.0,241.0,256.0,149.0,242.0
152.0,187.0,267.0,33.0,181.0,270.0,50.0,45.0,184.0,154.0,200.0,185.0,127.0,25.0,155.0
126.0,205.0,256.0,27.0,145.0,281.0,50.0,144.0,168.0,141.0,214.0,149.0,97.0,107.0,139.0
126.0,104.0,294.0,27.0,243.0,212.0,99.0,181.0,171.0,140.0,215.0,81.0,202.0,30.0,215.0
270.0,257.0,336.0,51.0,261.0,348.0,121.0,206.0,276.0,197.0,210.0,241.0,238.0,159.0,242.0
157.0,200.0,293.0,35.0,448.0,280.0,82.0,176.0,198.0,160.0,211.0,221.0,155.0,132.0,604.0
97.0,62.0,224.0,20.0,112.0,155.0,35.0,98.0,129.0,120.0,468.0,114.0,55.0,72.0,87.0
102.0,71.0,215.0,20.0,106.0,159.0,35.0,84.0,129.0,112.0,128.0,101.0,54.0,24.0,87.0
257.0,346.0,385.0,77.0,341.0,437.0,217.0,293.0,341.0,247.0,320.0,303.0,331.0,218.0,404.0
0.0,0.0,0.0,0.0,50.0,0.0,16.0,0.0,0.0,0.0,0.0,50.0,0.0,0.0,83.0
154.0,188.0,105.0,35.0,206.0,289.0,76.0,481.0,199.0,147.0,208.0,158.0,155.0,328.0,178.0
157.0,205.0,294.0,35.0,128.0,294.0,82.0,223.0,199.0,171.0,218.0,193.0,155.0,170.0,99.0
182.0,164.0,336.0,53.0,310.0,193.0,172.0,206.0,276.0,197.0,248.0,248.0,276.0,145.0,329.0
160.0,210.0,396.0,70.0,141.0,293.0,217.0,297.0,341.0,238.0,286.0,298.0,330.0,218.0,114.0
212.0,284.0,240.0,58.0,117.0,374.0,43.0,32.0,296.0,207.0,188.0,221.0,270.0,20.0,88.0
73.0,72.0,648.0,6.0,157.0,348.0,5.0,490.0,38.0,416.0,110.0,822.0,19.0,331.0,175.0
181.0,235.0,279.0,29.0,175.0,333.0,58.0,225.0,165.0,154.0,200.0,167.0,108.0,583.0,566.0
102.0,72.0,111.0,18.0,43.0,484.0,6.0,10.0,122.0,113.0,5.0,172.0,54.0,28.0,25.0
84.0,215.0,238.0,20.0,112.0,297.0,35.0,32.0,76.0,120.0,152.0,127.0,55.0,21.0,87.0
237.0,323.0,355.0,65.0,255.0,418.0,170.0,264.0,314.0,223.0,275.0,280.0,284.0,16.0,220.0
94.0,53.0,207.0,16.0,104.0,143.0,35.0,78.0,98.0,106.0,120.0,118.0,55.0,58.0,84.0
165.0,130.0,220.0,19.0,83.0,60.0,29.0,90.0,120.0,112.0,200.0,100.0,46.0,65.0,56.0
270.0,164.0,476.0,89.0,341.0,308.0,222.0,327.0,134.0,296.0,468.0,348.0,336.0,248.0,469.0
180.0,234.0,320.0,49.0,200.0,328.0,50.0,204.0,253.0,188.0,239.0,220.0,92.0,87.0,173.0
210.0,284.0,207.0,51.0,255.0,349.0,107.0,78.0,292.0,192.0,119.0,231.0,212.0,72.0,234.0
244.0,348.0,339.0,70.0,310.0,297.0,172.0,216.0,341.0,238.0,250.0,303.0,291.0,107.0,308.0
270.0,461.0,350.0,71.0,415.0,479.0,237.0,251.0,363.0,213.0,274.0,264.0,406.0,184.0,181.0
167.0,221.0,208.0,38.0,228.0,341.0,85.0,82.0,223.0,80.0,117.0,68.0,176.0,58.0,101.0
181.0,106.0,312.0,45.0,226.0,214.0,99.0,165.0,222.0,188.0,239.0,355.0,200.0,111.0,181.0
206.0,130.0,303.0,56.0,262.0,230.0,127.0,201.0,293.0,176.0,239.0,207.0,259.0,148.0,248.0
206.0,306.0,747.0,56.0,261.0,389.0,127.0,509.0,292.0,660.0,64.0,705.0,259.0,408.0,242.0
288.0,461.0,549.0,95.0,601.0,319.0,261.0,420.0,425.0,296.0,468.0,353.0,444.0,309.0,808.0
182.0,338.0,313.0,49.0,229.0,425.0,98.0,415.0,248.0,188.0,232.0,220.0,204.0,309.0,333.0
257.0,338.0,395.0,78.0,312.0,430.0,188.0,297.0,168.0,247.0,309.0,304.0,288.0,218.0,229.0
182.0,234.0,385.0,77.0,360.0,348.0,226.0,297.0,431.0,247.0,310.0,303.0,337.0,217.0,297.0
113.0,90.0,240.0,21.0,47.0,193.0,16.0,103.0,117.0,129.0,157.0,118.0,36.0,240.0,38.0
256.0,332.0,392.0,80.0,122.0,429.0,48.0,296.0,419.0,252.0,320.0,305.0,156.0,245.0,99.0
288.0,434.0,461.0,95.0,446.0,687.0,247.0,322.0,454.0,273.0,210.0,190.0,419.0,245.0,582.0
152.0,185.0,293.0,33.0,237.0,270.0,99.0,192.0,173.0,160.0,211.0,178.0,202.0,134.0,213.0
165.0,219.0,322.0,45.0,238.0,297.0,99.0,204.0,223.0,188.0,241.0,175.0,200.0,150.0,214.0
157.0,187.0,310.0,36.0,176.0,270.0,67.0,195.0,197.0,182.0,234.0,203.0,136.0,122.0,153.0
264.0,367.0,385.0,78.0,112.0,437.0,35.0,297.0,400.0,247.0,382.0,312.0,55.0,170.0,87.0
196.0,259.0,316.0,51.0,75.0,324.0,23.0,200.0,237.0,188.0,236.0,221.0,42.0,503.0,54.0
80.0,41.0,170.0,6.0,227.0,328.0,5.0,94.0,38.0,61.0,5.0,92.0,19.0,71.0,175.0
330.0,47.0,553.0,133.0,278.0,155.0,147.0,431.0,571.0,368.0,483.0,582.0,269.0,312.0,72.0
266.0,372.0,553.0,153.0,128.0,445.0,42.0,440.0,292.0,356.0,387.0,72.0,726.0,312.0,99.0
178.0,231.0,385.0,45.0,255.0,319.0,107.0,292.0,227.0,246.0,152.0,302.0,195.0,208.0,178.0
375.0,709.0,530.0,146.0,278.0,127.0,444.0,391.0,579.0,347.0,419.0,457.0,693.0,305.0,214.0
319.0,523.0,514.0,140.0,999.0,518.0,274.0,204.0,571.0,319.0,414.0,456.0,524.0,137.0,999.0
316.0,515.0,481.0,97.0,476.0,288.0,262.0,342.0,430.0,296.0,387.0,353.0,494.0,259.0,699.0
316.0,515.0,491.0,106.0,217.0,448.0,76.0,470.0,500.0,304.0,410.0,197.0,639.0,319.0,192.0
146.0,173.0,281.0,31.0,176.0,272.0,61.0,165.0,184.0,154.0,204.0,178.0,123.0,116.0,154.0
152.0,185.0,294.0,33.0,85.0,280.0,65.0,195.0,171.0,165.0,222.0,186.0,128.0,130.0,91.0
111.0,89.0,126.0,21.0,175.0,193.0,78.0,27.0,134.0,58.0,29.0,21.0,158.0,17.0,110.0
146.0,45.0,330.0,33.0,175.0,127.0,70.0,205.0,164.0,192.0,244.0,580.0,128.0,150.0,188.0
377.0,693.0,311.0,148.0,999.0,324.0,570.0,200.0,210.0,185.0,236.0,207.0,864.0,148.0,999.0
182.0,229.0,317.0,50.0,253.0,315.0,106.0,202.0,252.0,184.0,240.0,207.0,211.0,134.0,220.0
95.0,55.0,514.0,70.0,313.0,479.0,199.0,363.0,333.0,319.0,414.0,456.0,291.0,271.0,351.0
270.0,105.0,414.0,86.0,445.0,213.0,254.0,292.0,428.0,264.0,326.0,317.0,444.0,208.0,574.0
210.0,292.0,372.0,70.0,55.0,373.0,18.0,327.0,343.0,243.0,307.0,298.0,303.0,218.0,45.0
157.0,187.0,255.0,30.0,175.0,268.0,58.0,141.0,184.0,132.0,94.0,124.0,109.0,92.0,114.0
105.0,87.0,72.0,23.0,128.0,276.0,42.0,15.0,145.0,132.0,0.0,133.0,76.0,12.0,125.0
257.0,346.0,363.0,73.0,189.0,393.0,62.0,205.0,363.0,225.0,298.0,282.0,127.0,156.0,156.0
167.0,214.0,283.0,38.0,227.0,296.0,85.0,168.0,223.0,154.0,207.0,162.0,175.0,119.0,182.0
206.0,306.0,316.0,46.0,242.0,407.0,99.0,290.0,239.0,188.0,239.0,220.0,204.0,205.0,214.0
154.0,185.0,292.0,33.0,191.0,268.0,69.0,940.0,252.0,156.0,210.0,160.0,140.0,613.0,404.0
375.0,261.0,530.0,148.0,174.0,362.0,46.0,440.0,503.0,347.0,419.0,470.0,90.0,312.0,125.0
96.0,55.0,187.0,16.0,415.0,101.0,243.0,47.0,119.0,83.0,87.0,149.0,45.0,26.0,316.0
163.0,207.0,332.0,51.0,150.0,293.0,54.0,205.0,272.0,192.0,241.0,160.0,23.0,152.0,11.0
271.0,409.0,661.0,87.0,410.0,328.0,237.0,509.0,425.0,524.0,110.0,228.0,406.0,16.0,469.0
158.0,205.0,105.0,35.0,200.0,281.0,75.0,16.0,198.0,156.0,5.0,178.0,150.0,16.0,172.0
224.0,304.0,447.0,91.0,189.0,388.0,67.0,322.0,454.0,273.0,108.0,323.0,136.0,219.0,157.0
206.0,278.0,337.0,56.0,311.0,369.0,184.0,132.0,292.0,203.0,264.0,105.0,288.0,107.0,334.0
180.0,233.0,320.0,45.0,165.0,320.0,54.0,204.0,178.0,188.0,241.0,228.0,101.0,145.0,127.0
103.0,76.0,222.0,18.0,89.0,133.0,32.0,98.0,170.0,113.0,123.0,105.0,73.0,71.0,74.0
999.0,999.0,999.0,999.0,131.0,999.0,43.0,999.0,999.0,999.0,654.0,681.0,999.0,613.0,72.0
122.0,43.0,142.0,23.0,155.0,216.0,45.0,31.0,158.0,137.0,286.0,172.0,85.0,245.0,119.0
80.0,43.0,187.0,11.0,54.0,124.0,16.0,47.0,103.0,83.0,87.0,76.0,33.0,27.0,44.0
123.0,133.0,256.0,27.0,257.0,227.0,108.0,144.0,171.0,140.0,187.0,167.0,214.0,95.0,234.0
115.0,95.0,299.0,23.0,233.0,210.0,39.0,187.0,145.0,132.0,222.0,70.0,92.0,133.0,182.0
295.0,461.0,207.0,29.0,100.0,486.0,29.0,175.0,177.0,120.0,117.0,92.0,35.0,57.0,73.0
330.0,219.0,491.0,114.0,206.0,297.0,77.0,358.0,518.0,304.0,20.0,423.0,583.0,269.0,172.0
114.0,28.0,215.0,22.0,117.0,60.0,37.0,84.0,141.0,129.0,465.0,100.0,68.0,65.0,125.0
168.0,225.0,300.0,38.0,200.0,310.0,75.0,192.0,223.0,176.0,236.0,218.0,149.0,271.0,172.0
81.0,42.0,206.0,11.0,100.0,143.0,32.0,73.0,86.0,120.0,120.0,126.0,36.0,55.0,83.0
163.0,225.0,294.0,36.0,275.0,310.0,78.0,180.0,213.0,166.0,222.0,186.0,158.0,159.0,247.0
319.0,474.0,238.0,114.0,242.0,249.0,99.0,111.0,545.0,120.0,152.0,117.0,200.0,77.0,220.0
412.0,764.0,553.0,177.0,446.0,706.0,258.0,392.0,69.0,374.0,232.0,582.0,494.0,292.0,582.0
73.0,28.0,661.0,11.0,55.0,281.0,16.0,490.0,81.0,83.0,250.0,126.0,33.0,331.0,43.0
154.0,188.0,283.0,33.0,89.0,272.0,29.0,168.0,187.0,156.0,207.0,186.0,46.0,179.0,72.0
212.0,320.0,657.0,58.0,278.0,393.0,138.0,565.0,296.0,201.0,582.0,248.0,264.0,318.0,183.0
123.0,129.0,258.0,29.0,216.0,225.0,54.0,187.0,194.0,144.0,188.0,139.0,101.0,133.0,183.0
288.0,434.0,507.0,133.0,434.0,490.0,253.0,377.0,129.0,306.0,408.0,430.0,444.0,271.0,566.0
210.0,284.0,336.0,51.0,260.0,373.0,121.0,206.0,292.0,196.0,248.0,446.0,252.0,158.0,238.0
100.0,62.0,247.0,27.0,292.0,156.0,50.0,65.0,145.0,214.0,170.0,277.0,92.0,55.0,307.0
126.0,130.0,247.0,27.0,47.0,230.0,7.0,132.0,168.0,140.0,187.0,98.0,95.0,87.0,32.0
206.0,278.0,374.0,71.0,85.0,369.0,99.0,187.0,369.0,243.0,298.0,302.0,200.0,133.0,64.0
76.0,37.0,201.0,8.0,47.0,373.0,9.0,61.0,38.0,92.0,100.0,76.0,33.0,28.0,32.0
0.0,0.0,0.0,0.0,105.0,0.0,5.0,0.0,0.0,0.0,0.0,0.0,0.0,0.0,83.0
330.0,585.0,661.0,133.0,73.0,521.0,226.0,509.0,428.0,311.0,470.0,312.0,344.0,409.0,42.0
156.0,115.0,283.0,35.0,165.0,214.0,53.0,290.0,199.0,156.0,210.0,172.0,145.0,205.0,127.0
178.0,231.0,311.0,45.0,238.0,312.0,94.0,140.0,223.0,188.0,232.0,204.0,191.0,91.0,250.0
270.0,372.0,348.0,85.0,243.0,445.0,119.0,240.0,425.0,207.0,272.0,263.0,264.0,184.0,213.0
147.0,174.0,312.0,30.0,176.0,259.0,61.0,198.0,198.0,185.0,241.0,207.0,122.0,145.0,142.0
120.0,63.0,111.0,5.0,100.0,156.0,32.0,26.0,38.0,58.0,13.0,23.0,51.0,16.0,81.0
377.0,325.0,481.0,97.0,141.0,437.0,48.0,342.0,483.0,289.0,387.0,348.0,905.0,248.0,144.0
183.0,137.0,351.0,50.0,341.0,249.0,78.0,187.0,253.0,197.0,206.0,248.0,211.0,192.0,416.0
156.0,200.0,240.0,35.0,200.0,280.0,75.0,124.0,184.0,129.0,157.0,118.0,154.0,116.0,172.0
113.0,90.0,207.0,21.0,161.0,103.0,53.0,59.0,139.0,120.0,120.0,124.0,101.0,57.0,125.0
77.0,41.0,157.0,6.0,197.0,393.0,75.0,32.0,24.0,71.0,20.0,76.0,149.0,107.0,160.0
187.0,300.0,550.0,51.0,248.0,374.0,101.0,431.0,270.0,192.0,470.0,218.0,209.0,312.0,180.0
73.0,37.0,180.0,7.0,45.0,82.0,6.0,15.0,50.0,76.0,63.0,61.0,25.0,16.0,32.0
244.0,325.0,363.0,70.0,735.0,422.0,444.0,285.0,341.0,238.0,320.0,151.0,334.0,458.0,881.0
125.0,130.0,208.0,26.0,157.0,211.0,50.0,83.0,171.0,112.0,208.0,134.0,92.0,58.0,119.0
146.0,222.0,279.0,32.0,184.0,308.0,61.0,83.0,184.0,154.0,203.0,254.0,122.0,64.0,155.0
167.0,222.0,300.0,38.0,229.0,310.0,92.0,192.0,222.0,176.0,230.0,173.0,181.0,162.0,179.0
154.0,278.0,536.0,97.0,202.0,369.0,276.0,415.0,290.0,347.0,458.0,470.0,529.0,305.0,172.0
84.0,45.0,255.0,12.0,54.0,127.0,18.0,141.0,139.0,139.0,200.0,140.0,33.0,122.0,32.0
115.0,95.0,240.0,21.0,217.0,227.0,37.0,109.0,141.0,129.0,157.0,118.0,73.0,79.0,175.0
317.0,434.0,488.0,110.0,106.0,484.0,35.0,346.0,518.0,300.0,400.0,330.0,55.0,169.0,87.0
182.0,231.0,322.0,50.0,258.0,315.0,108.0,204.0,233.0,188.0,241.0,220.0,214.0,185.0,234.0
410.0,105.0,542.0,159.0,89.0,215.0,23.0,420.0,616.0,356.0,236.0,149.0,42.0,311.0,73.0
83.0,43.0,240.0,17.0,98.0,341.0,32.0,111.0,162.0,129.0,157.0,114.0,48.0,77.0,77.0
77.0,41.0,184.0,8.0,112.0,56.0,35.0,45.0,69.0,81.0,225.0,68.0,27.0,25.0,87.0
146.0,89.0,336.0,35.0,229.0,191.0,92.0,222.0,213.0,165.0,245.0,186.0,181.0,170.0,178.0
205.0,276.0,356.0,51.0,260.0,521.0,126.0,273.0,272.0,196.0,290.0,228.0,238.0,111.0,238.0
137.0,76.0,283.0,29.0,151.0,143.0,82.0,168.0,178.0,153.0,207.0,174.0,161.0,119.0,114.0
115.0,95.0,351.0,23.0,189.0,213.0,67.0,205.0,120.0,227.0,272.0,355.0,101.0,134.0,154.0
270.0,137.0,440.0,89.0,415.0,767.0,243.0,346.0,454.0,271.0,320.0,323.0,408.0,308.0,574.0
114.0,95.0,693.0,22.0,112.0,205.0,38.0,572.0,141.0,416.0,527.0,149.0,70.0,409.0,93.0
377.0,718.0,536.0,148.0,83.0,288.0,23.0,415.0,579.0,347.0,458.0,470.0,678.0,309.0,55.0
154.0,188.0,111.0,3.0,229.0,277.0,92.0,26.0,107.0,42.0,0.0,126.0,145.0,16.0,183.0
81.0,43.0,190.0,11.0,28.0,200.0,4.0,51.0,172.0,83.0,91.0,72.0,33.0,28.0,218.0
244.0,323.0,204.0,70.0,313.0,425.0,199.0,32.0,341.0,99.0,108.0,76.0,291.0,24.0,351.0
178.0,231.0,313.0,45.0,322.0,348.0,127.0,322.0,237.0,188.0,250.0,228.0,259.0,246.0,329.0
196.0,257.0,326.0,51.0,50.0,498.0,32.0,160.0,270.0,193.0,240.0,236.0,330.0,66.0,4.0
112.0,118.0,238.0,20.0,112.0,221.0,35.0,103.0,127.0,120.0,154.0,92.0,54.0,72.0,84.0
167.0,222.0,311.0,41.0,85.0,308.0,29.0,197.0,194.0,182.0,238.0,117.0,46.0,296.0,66.0
217.0,304.0,346.0,58.0,150.0,388.0,50.0,223.0,296.0,201.0,470.0,186.0,269.0,132.0,118.0
316.0,515.0,507.0,109.0,329.0,173.0,217.0,364.0,503.0,296.0,410.0,374.0,330.0,496.0,192.0
52.0,89.0,260.0,97.0,255.0,182.0,107.0,16.0,500.0,153.0,201.0,163.0,500.0,16.0,231.0
374.0,693.0,126.0,110.0,524.0,222.0,274.0,316.0,570.0,80.0,50.0,68.0,529.0,81.0,178.0
257.0,304.0,356.0,71.0,310.0,388.0,217.0,259.0,419.0,223.0,295.0,282.0,331.0,185.0,351.0
206.0,47.0,639.0,51.0,176.0,127.0,61.0,572.0,302.0,408.0,597.0,803.0,123.0,455.0,139.0
115.0,95.0,481.0,23.0,203.0,213.0,67.0,342.0,144.0,130.0,387.0,126.0,84.0,258.0,174.0
114.0,90.0,312.0,7.0,100.0,206.0,33.0,197.0,12.0,106.0,238.0,91.0,54.0,133.0,81.0
111.0,109.0,224.0,21.0,255.0,256.0,33.0,316.0,134.0,120.0,382.0,113.0,51.0,245.0,231.0
122.0,103.0,266.0,23.0,134.0,211.0,45.0,363.0,105.0,130.0,200.0,126.0,90.0,269.0,119.0
97.0,55.0,648.0,16.0,132.0,182.0,45.0,508.0,117.0,107.0,321.0,47.0,46.0,442.0,101.0
232.0,180.0,336.0,65.0,329.0,260.0,213.0,32.0,314.0,227.0,245.0,282.0,284.0,21.0,250.0
73.0,320.0,294.0,6.0,128.0,225.0,99.0,180.0,38.0,67.0,225.0,50.0,204.0,130.0,107.0
317.0,515.0,475.0,109.0,279.0,86.0,339.0,15.0,430.0,296.0,366.0,374.0,583.0,617.0,275.0
97.0,55.0,212.0,17.0,100.0,155.0,33.0,83.0,120.0,108.0,128.0,98.0,49.0,64.0,81.0
429.0,56.0,507.0,201.0,262.0,155.0,243.0,377.0,660.0,403.0,287.0,681.0,408.0,269.0,63.0
375.0,694.0,661.0,140.0,47.0,656.0,5.0,509.0,571.0,322.0,394.0,457.0,26.0,408.0,31.0
176.0,169.0,240.0,15.0,73.0,261.0,19.0,111.0,103.0,188.0,164.0,178.0,40.0,77.0,44.0
205.0,276.0,580.0,153.0,138.0,365.0,570.0,470.0,616.0,404.0,508.0,323.0,726.0,331.0,101.0
130.0,137.0,258.0,29.0,117.0,205.0,35.0,148.0,163.0,144.0,252.0,155.0,101.0,201.0,134.0
236.0,323.0,142.0,66.0,55.0,429.0,15.0,32.0,330.0,381.0,27.0,127.0,284.0,21.0,44.0
180.0,233.0,322.0,45.0,228.0,320.0,99.0,204.0,195.0,188.0,241.0,264.0,200.0,150.0,341.0
273.0,423.0,312.0,78.0,203.0,468.0,217.0,195.0,76.0,176.0,264.0,204.0,330.0,185.0,187.0
152.0,179.0,283.0,33.0,165.0,259.0,54.0,204.0,178.0,154.0,218.0,263.0,128.0,158.0,127.0
80.0,41.0,855.0,33.0,197.0,260.0,78.0,940.0,187.0,154.0,999.0,185.0,158.0,889.0,94.0
97.0,27.0,111.0,16.0,117.0,155.0,29.0,26.0,117.0,107.0,20.0,101.0,46.0,16.0,89.0
167.0,227.0,564.0,38.0,217.0,197.0,80.0,476.0,222.0,176.0,236.0,207.0,175.0,300.0,175.0
115.0,103.0,208.0,16.0,85.0,212.0,28.0,83.0,99.0,107.0,126.0,100.0,44.0,64.0,66.0
73.0,27.0,590.0,6.0,47.0,56.0,9.0,476.0,38.0,595.0,307.0,374.0,19.0,309.0,38.0
80.0,43.0,179.0,11.0,47.0,118.0,9.0,15.0,81.0,83.0,117.0,72.0,33.0,12.0,32.0
233.0,317.0,300.0,38.0,176.0,404.0,59.0,192.0,223.0,176.0,248.0,197.0,175.0,193.0,125.0
86.0,55.0,256.0,16.0,83.0,156.0,24.0,144.0,107.0,106.0,220.0,105.0,43.0,95.0,63.0
73.0,278.0,183.0,7.0,118.0,369.0,38.0,39.0,170.0,71.0,158.0,58.0,76.0,25.0,63.0
104.0,90.0,300.0,38.0,123.0,205.0,40.0,144.0,222.0,176.0,230.0,138.0,46.0,219.0,97.0
84.0,48.0,353.0,11.0,15.0,143.0,19.0,264.0,103.0,84.0,230.0,25.0,36.0,72.0,4.0
252.0,331.0,351.0,133.0,257.0,425.0,276.0,241.0,568.0,213.0,286.0,220.0,588.0,186.0,247.0
126.0,131.0,255.0,27.0,176.0,241.0,61.0,132.0,171.0,139.0,191.0,140.0,113.0,88.0,148.0
137.0,137.0,257.0,29.0,176.0,261.0,61.0,141.0,177.0,147.0,187.0,118.0,122.0,92.0,153.0
295.0,409.0,485.0,106.0,569.0,393.0,276.0,346.0,498.0,296.0,199.0,355.0,515.0,64.0,808.0
152.0,180.0,283.0,33.0,227.0,260.0,83.0,168.0,184.0,154.0,200.0,172.0,128.0,122.0,183.0
124.0,130.0,252.0,25.0,151.0,203.0,50.0,137.0,164.0,138.0,130.0,139.0,92.0,132.0,119.0
146.0,163.0,157.0,31.0,105.0,259.0,61.0,32.0,184.0,71.0,238.0,117.0,122.0,21.0,140.0
202.0,320.0,332.0,51.0,257.0,389.0,119.0,969.0,369.0,193.0,245.0,236.0,219.0,617.0,240.0
138.0,154.0,283.0,34.0,257.0,247.0,75.0,168.0,184.0,154.0,207.0,165.0,149.0,65.0,455.0
163.0,215.0,296.0,36.0,206.0,288.0,80.0,192.0,210.0,167.0,208.0,186.0,168.0,132.0,175.0
152.0,180.0,256.0,33.0,175.0,260.0,58.0,144.0,199.0,154.0,187.0,257.0,128.0,95.0,154.0
70.0,21.0,207.0,6.0,28.0,133.0,4.0,82.0,34.0,82.0,117.0,76.0,12.0,58.0,11.0
152.0,179.0,279.0,32.0,217.0,260.0,80.0,163.0,204.0,153.0,203.0,163.0,113.0,72.0,180.0
83.0,37.0,201.0,15.0,89.0,319.0,16.0,61.0,103.0,92.0,100.0,76.0,40.0,57.0,72.0
181.0,234.0,485.0,80.0,344.0,328.0,222.0,316.0,425.0,296.0,386.0,355.0,336.0,241.0,422.0
81.0,48.0,187.0,6.0,32.0,143.0,5.0,83.0,12.0,82.0,87.0,69.0,5.0,81.0,12.0
114.0,95.0,240.0,22.0,122.0,206.0,39.0,110.0,134.0,129.0,187.0,126.0,70.0,77.0,111.0
97.0,55.0,215.0,16.0,73.0,160.0,19.0,92.0,184.0,112.0,128.0,100.0,40.0,66.0,52.0
322.0,200.0,440.0,97.0,54.0,280.0,262.0,315.0,428.0,293.0,239.0,212.0,500.0,241.0,55.0
210.0,278.0,346.0,57.0,227.0,369.0,121.0,223.0,293.0,201.0,257.0,248.0,256.0,196.0,183.0
202.0,261.0,553.0,148.0,65.0,389.0,253.0,438.0,347.0,347.0,468.0,470.0,380.0,312.0,44.0
167.0,78.0,322.0,38.0,47.0,188.0,13.0,204.0,195.0,176.0,241.0,197.0,175.0,149.0,142.0
154.0,188.0,475.0,45.0,226.0,270.0,83.0,331.0,191.0,214.0,402.0,249.0,200.0,255.0,181.0
156.0,274.0,279.0,34.0,181.0,362.0,59.0,31.0,194.0,154.0,203.0,165.0,158.0,24.0,144.0
114.0,300.0,206.0,9.0,47.0,328.0,9.0,130.0,76.0,81.0,160.0,68.0,33.0,79.0,32.0
115.0,95.0,240.0,23.0,261.0,203.0,121.0,111.0,144.0,129.0,152.0,115.0,252.0,77.0,242.0
187.0,253.0,311.0,51.0,105.0,348.0,274.0,197.0,270.0,184.0,238.0,207.0,303.0,88.0,85.0
271.0,225.0,396.0,86.0,311.0,221.0,213.0,297.0,430.0,265.0,320.0,317.0,316.0,235.0,351.0
132.0,137.0,263.0,29.0,28.0,259.0,85.0,148.0,173.0,151.0,220.0,162.0,101.0,96.0,11.0
152.0,188.0,267.0,33.0,188.0,276.0,67.0,205.0,187.0,156.0,200.0,174.0,136.0,149.0,155.0
273.0,205.0,111.0,153.0,601.0,281.0,391.0,26.0,601.0,356.0,5.0,207.0,639.0,16.0,818.0
163.0,212.0,300.0,36.0,208.0,294.0,78.0,189.0,210.0,171.0,226.0,167.0,168.0,146.0,175.0
80.0,41.0,254.0,11.0,322.0,288.0,59.0,204.0,111.0,139.0,208.0,126.0,35.0,150.0,246.0
268.0,372.0,488.0,86.0,229.0,425.0,86.0,322.0,430.0,300.0,366.0,387.0,177.0,149.0,190.0
412.0,764.0,507.0,177.0,83.0,216.0,24.0,364.0,187.0,374.0,410.0,582.0,579.0,275.0,64.0
115.0,95.0,279.0,22.0,234.0,208.0,78.0,16.0,145.0,154.0,152.0,165.0,70.0,16.0,201.0
112.0,78.0,242.0,21.0,117.0,175.0,35.0,132.0,227.0,132.0,173.0,125.0,59.0,81.0,107.0
92.0,78.0,204.0,16.0,104.0,164.0,23.0,83.0,107.0,99.0,110.0,76.0,42.0,64.0,84.0
115.0,36.0,240.0,23.0,128.0,56.0,40.0,111.0,145.0,130.0,191.0,126.0,73.0,77.0,97.0
375.0,694.0,542.0,148.0,208.0,741.0,50.0,420.0,601.0,347.0,222.0,463.0,588.0,309.0,175.0
288.0,461.0,438.0,95.0,448.0,362.0,253.0,315.0,466.0,271.0,338.0,323.0,444.0,240.0,107.0
115.0,95.0,240.0,23.0,122.0,210.0,46.0,110.0,144.0,129.0,160.0,127.0,73.0,21.0,30.0
100.0,62.0,201.0,23.0,128.0,156.0,42.0,61.0,147.0,136.0,100.0,254.0,76.0,30.0,99.0
119.0,104.0,251.0,23.0,47.0,212.0,9.0,140.0,105.0,136.0,176.0,100.0,33.0,311.0,12.0
113.0,90.0,240.0,21.0,118.0,175.0,38.0,146.0,139.0,129.0,157.0,117.0,68.0,134.0,81.0
202.0,284.0,332.0,51.0,279.0,374.0,147.0,315.0,288.0,193.0,245.0,236.0,269.0,241.0,274.0
196.0,261.0,661.0,51.0,258.0,328.0,121.0,509.0,501.0,192.0,210.0,221.0,239.0,312.0,155.0
163.0,212.0,353.0,60.0,252.0,296.0,23.0,251.0,302.0,275.0,286.0,395.0,272.0,185.0,66.0
138.0,106.0,220.0,29.0,126.0,214.0,40.0,32.0,191.0,112.0,129.0,449.0,95.0,21.0,93.0
257.0,28.0,395.0,73.0,341.0,56.0,217.0,292.0,369.0,246.0,321.0,301.0,331.0,192.0,406.0
81.0,53.0,240.0,17.0,117.0,143.0,37.0,266.0,120.0,139.0,165.0,140.0,48.0,192.0,93.0
211.0,235.0,294.0,56.0,189.0,333.0,39.0,181.0,288.0,167.0,211.0,124.0,260.0,132.0,157.0
236.0,301.0,411.0,51.0,248.0,388.0,106.0,299.0,272.0,192.0,320.0,105.0,211.0,218.0,212.0
257.0,331.0,639.0,104.0,278.0,306.0,147.0,509.0,551.0,411.0,640.0,822.0,291.0,408.0,246.0
133.0,281.0,142.0,29.0,226.0,373.0,58.0,31.0,173.0,271.0,203.0,322.0,102.0,20.0,182.0
157.0,205.0,293.0,35.0,161.0,281.0,79.0,176.0,198.0,160.0,211.0,137.0,155.0,130.0,190.0
180.0,233.0,532.0,41.0,54.0,297.0,99.0,392.0,223.0,347.0,449.0,470.0,191.0,219.0,43.0
414.0,769.0,570.0,182.0,137.0,491.0,39.0,200.0,333.0,403.0,500.0,681.0,751.0,134.0,111.0
210.0,284.0,340.0,57.0,211.0,397.0,139.0,216.0,296.0,201.0,187.0,248.0,264.0,169.0,175.0
256.0,332.0,374.0,71.0,174.0,429.0,58.0,296.0,302.0,243.0,261.0,298.0,103.0,213.0,127.0
244.0,323.0,379.0,70.0,313.0,289.0,199.0,346.0,341.0,225.0,175.0,25.0,291.0,259.0,331.0
212.0,257.0,350.0,58.0,275.0,348.0,143.0,240.0,296.0,213.0,274.0,263.0,269.0,185.0,234.0
124.0,130.0,184.0,97.0,261.0,225.0,247.0,62.0,480.0,296.0,78.0,353.0,419.0,35.0,242.0
156.0,235.0,336.0,33.0,186.0,333.0,67.0,222.0,188.0,156.0,154.0,174.0,136.0,174.0,111.0
165.0,180.0,296.0,38.0,217.0,155.0,82.0,155.0,213.0,156.0,220.0,353.0,174.0,107.0,179.0
295.0,367.0,457.0,96.0,448.0,437.0,261.0,323.0,466.0,275.0,366.0,355.0,450.0,247.0,582.0
125.0,130.0,214.0,17.0,89.0,222.0,30.0,84.0,141.0,108.0,128.0,101.0,46.0,57.0,174.0
330.0,612.0,549.0,114.0,569.0,534.0,339.0,601.0,551.0,356.0,468.0,463.0,583.0,477.0,125.0
105.0,82.0,208.0,16.0,89.0,188.0,29.0,32.0,272.0,106.0,122.0,98.0,44.0,21.0,74.0
138.0,174.0,379.0,30.0,138.0,254.0,46.0,232.0,180.0,243.0,297.0,298.0,90.0,173.0,110.0
126.0,118.0,263.0,29.0,138.0,221.0,48.0,132.0,173.0,147.0,152.0,151.0,102.0,87.0,63.0
429.0,130.0,582.0,201.0,32.0,230.0,5.0,572.0,132.0,408.0,508.0,803.0,19.0,455.0,12.0
288.0,78.0,240.0,95.0,322.0,173.0,203.0,110.0,454.0,275.0,160.0,303.0,303.0,72.0,275.0
264.0,257.0,299.0,80.0,275.0,349.0,139.0,200.0,425.0,174.0,222.0,193.0,264.0,55.0,246.0
113.0,90.0,240.0,58.0,280.0,203.0,148.0,111.0,293.0,202.0,164.0,254.0,269.0,628.0,126.0
100.0,62.0,852.0,248.0,279.0,155.0,143.0,756.0,341.0,580.0,582.0,894.0,269.0,496.0,274.0
113.0,90.0,238.0,20.0,112.0,216.0,35.0,103.0,129.0,120.0,152.0,118.0,55.0,72.0,87.0
212.0,187.0,346.0,58.0,278.0,268.0,147.0,273.0,296.0,201.0,179.0,248.0,269.0,193.0,262.0
123.0,145.0,252.0,24.0,131.0,256.0,43.0,140.0,168.0,137.0,176.0,236.0,89.0,91.0,99.0
196.0,259.0,332.0,51.0,275.0,344.0,138.0,49.0,272.0,193.0,211.0,236.0,238.0,25.0,246.0
112.0,89.0,363.0,26.0,157.0,191.0,52.0,280.0,193.0,154.0,298.0,158.0,92.0,208.0,107.0
266.0,372.0,414.0,86.0,329.0,445.0,226.0,83.0,430.0,265.0,326.0,346.0,369.0,64.0,604.0
115.0,103.0,187.0,17.0,100.0,211.0,32.0,49.0,120.0,82.0,100.0,50.0,48.0,27.0,80.0
157.0,200.0,299.0,35.0,32.0,280.0,5.0,181.0,198.0,167.0,222.0,187.0,155.0,131.0,12.0
169.0,338.0,303.0,40.0,117.0,430.0,35.0,194.0,223.0,176.0,239.0,322.0,59.0,134.0,89.0
156.0,194.0,278.0,30.0,174.0,281.0,58.0,163.0,178.0,151.0,201.0,162.0,102.0,122.0,139.0
241.0,323.0,639.0,66.0,217.0,220.0,203.0,476.0,333.0,411.0,394.0,822.0,288.0,333.0,180.0
236.0,225.0,461.0,67.0,28.0,319.0,4.0,364.0,332.0,278.0,307.0,348.0,284.0,275.0,11.0
180.0,233.0,310.0,41.0,229.0,320.0,94.0,195.0,223.0,182.0,234.0,204.0,191.0,134.0,190.0
158.0,169.0,283.0,33.0,65.0,272.0,19.0,168.0,210.0,154.0,207.0,126.0,36.0,131.0,175.0
171.0,221.0,326.0,41.0,229.0,293.0,96.0,201.0,222.0,192.0,239.0,228.0,204.0,145.0,566.0
229.0,306.0,386.0,65.0,310.0,418.0,172.0,296.0,314.0,223.0,320.0,282.0,284.0,208.0,334.0
271.0,409.0,582.0,97.0,446.0,348.0,253.0,222.0,313.0,408.0,509.0,799.0,438.0,170.0,582.0
123.0,130.0,130.0,6.0,105.0,230.0,35.0,31.0,122.0,61.0,27.0,25.0,55.0,132.0,96.0
95.0,55.0,661.0,19.0,191.0,155.0,67.0,509.0,271.0,115.0,382.0,84.0,54.0,408.0,157.0
137.0,391.0,293.0,30.0,160.0,188.0,53.0,176.0,173.0,160.0,211.0,346.0,101.0,129.0,124.0
103.0,72.0,215.0,18.0,28.0,155.0,4.0,94.0,122.0,112.0,128.0,105.0,54.0,65.0,12.0
124.0,131.0,293.0,25.0,188.0,362.0,67.0,39.0,168.0,129.0,210.0,118.0,92.0,25.0,156.0
233.0,316.0,201.0,65.0,278.0,390.0,147.0,61.0,314.0,243.0,100.0,298.0,284.0,34.0,308.0
115.0,95.0,240.0,23.0,37.0,289.0,19.0,111.0,145.0,129.0,165.0,138.0,85.0,77.0,9.0
152.0,27.0,296.0,33.0,429.0,118.0,247.0,155.0,132.0,167.0,222.0,164.0,419.0,111.0,566.0
71.0,27.0,130.0,6.0,277.0,221.0,139.0,31.0,33.0,63.0,29.0,47.0,264.0,17.0,247.0
101.0,71.0,201.0,20.0,188.0,159.0,67.0,32.0,129.0,92.0,100.0,76.0,54.0,20.0,198.0
206.0,300.0,356.0,56.0,248.0,374.0,101.0,259.0,163.0,197.0,299.0,240.0,256.0,292.0,247.0
122.0,128.0,300.0,24.0,132.0,425.0,45.0,192.0,163.0,176.0,240.0,197.0,84.0,129.0,107.0
102.0,42.0,252.0,18.0,100.0,118.0,32.0,204.0,122.0,137.0,236.0,268.0,48.0,107.0,80.0
154.0,188.0,283.0,34.0,175.0,270.0,65.0,168.0,193.0,156.0,208.0,174.0,128.0,122.0,144.0
104.0,274.0,201.0,11.0,83.0,362.0,23.0,62.0,204.0,92.0,100.0,76.0,36.0,35.0,55.0
187.0,253.0,332.0,51.0,184.0,348.0,121.0,205.0,276.0,193.0,245.0,236.0,239.0,149.0,155.0
316.0,515.0,485.0,104.0,85.0,489.0,217.0,346.0,500.0,296.0,419.0,355.0,344.0,259.0,11.0
154.0,188.0,292.0,34.0,134.0,270.0,46.0,205.0,171.0,156.0,210.0,91.0,145.0,184.0,107.0
233.0,27.0,266.0,33.0,86.0,56.0,15.0,175.0,187.0,151.0,84.0,162.0,33.0,107.0,69.0
156.0,108.0,564.0,35.0,279.0,215.0,148.0,469.0,198.0,416.0,408.0,822.0,155.0,583.0,215.0
112.0,48.0,204.0,21.0,226.0,127.0,78.0,61.0,178.0,103.0,122.0,178.0,113.0,34.0,238.0
103.0,72.0,220.0,19.0,104.0,159.0,33.0,154.0,129.0,112.0,129.0,305.0,54.0,185.0,84.0
154.0,76.0,488.0,33.0,145.0,173.0,50.0,353.0,163.0,300.0,400.0,204.0,92.0,305.0,117.0
232.0,317.0,661.0,97.0,45.0,393.0,570.0,481.0,188.0,278.0,582.0,221.0,678.0,412.0,31.0
217.0,403.0,346.0,60.0,277.0,462.0,143.0,223.0,297.0,202.0,261.0,246.0,269.0,180.0,247.0
70.0,27.0,204.0,6.0,117.0,164.0,35.0,65.0,34.0,63.0,158.0,47.0,59.0,12.0,89.0
375.0,694.0,511.0,140.0,310.0,663.0,172.0,391.0,571.0,347.0,400.0,105.0,288.0,300.0,329.0
181.0,235.0,330.0,51.0,260.0,333.0,121.0,205.0,271.0,192.0,243.0,181.0,252.0,28.0,238.0
154.0,188.0,447.0,34.0,89.0,272.0,54.0,322.0,193.0,273.0,345.0,323.0,145.0,218.0,43.0
178.0,221.0,311.0,43.0,261.0,197.0,99.0,197.0,222.0,185.0,236.0,212.0,202.0,145.0,54.0
146.0,205.0,283.0,30.0,217.0,281.0,80.0,168.0,181.0,151.0,207.0,162.0,90.0,119.0,179.0
111.0,89.0,294.0,21.0,117.0,191.0,35.0,10.0,132.0,165.0,218.0,186.0,59.0,12.0,94.0
183.0,249.0,322.0,50.0,230.0,393.0,94.0,204.0,253.0,192.0,241.0,124.0,211.0,145.0,201.0
233.0,316.0,355.0,65.0,294.0,390.0,166.0,273.0,314.0,223.0,410.0,236.0,291.0,170.0,119.0
112.0,90.0,238.0,21.0,45.0,203.0,9.0,137.0,139.0,120.0,177.0,118.0,59.0,116.0,30.0
266.0,372.0,374.0,71.0,344.0,445.0,222.0,290.0,357.0,243.0,230.0,282.0,330.0,208.0,422.0
138.0,43.0,279.0,30.0,150.0,127.0,50.0,158.0,170.0,153.0,203.0,163.0,92.0,107.0,127.0
271.0,47.0,475.0,97.0,128.0,297.0,261.0,331.0,173.0,278.0,130.0,338.0,464.0,218.0,101.0
180.0,233.0,317.0,45.0,237.0,320.0,99.0,204.0,50.0,188.0,187.0,220.0,200.0,308.0,212.0
235.0,325.0,348.0,61.0,360.0,468.0,226.0,232.0,296.0,207.0,272.0,228.0,273.0,179.0,422.0
317.0,238.0,549.0,97.0,98.0,341.0,26.0,420.0,302.0,296.0,470.0,353.0,127.0,311.0,77.0
182.0,232.0,320.0,49.0,176.0,319.0,61.0,202.0,193.0,188.0,257.0,220.0,140.0,148.0,153.0
119.0,103.0,246.0,23.0,128.0,211.0,42.0,97.0,147.0,132.0,148.0,127.0,76.0,62.0,99.0
314.0,515.0,298.0,97.0,277.0,490.0,139.0,186.0,187.0,154.0,222.0,172.0,500.0,133.0,94.0
160.0,207.0,570.0,40.0,117.0,173.0,65.0,469.0,223.0,404.0,500.0,911.0,181.0,318.0,127.0
94.0,55.0,215.0,16.0,47.0,144.0,23.0,84.0,107.0,112.0,129.0,101.0,44.0,81.0,31.0
73.0,27.0,142.0,6.0,105.0,56.0,35.0,31.0,163.0,67.0,130.0,50.0,54.0,24.0,85.0
104.0,78.0,184.0,19.0,104.0,159.0,33.0,45.0,50.0,114.0,130.0,98.0,54.0,25.0,83.0
156.0,225.0,266.0,34.0,252.0,310.0,99.0,154.0,194.0,156.0,199.0,174.0,202.0,102.0,218.0
377.0,205.0,507.0,183.0,312.0,288.0,171.0,438.0,178.0,408.0,408.0,799.0,284.0,312.0,139.0
133.0,141.0,258.0,29.0,157.0,249.0,52.0,155.0,173.0,144.0,189.0,196.0,101.0,106.0,122.0
80.0,41.0,347.0,11.0,43.0,102.0,16.0,228.0,81.0,202.0,262.0,254.0,33.0,184.0,94.0
257.0,229.0,322.0,60.0,415.0,315.0,243.0,204.0,302.0,207.0,241.0,263.0,270.0,150.0,582.0
113.0,90.0,252.0,21.0,117.0,315.0,35.0,132.0,145.0,137.0,177.0,138.0,59.0,81.0,89.0
288.0,461.0,449.0,95.0,415.0,486.0,230.0,322.0,500.0,275.0,275.0,287.0,444.0,186.0,183.0
96.0,55.0,507.0,16.0,85.0,156.0,28.0,364.0,107.0,106.0,410.0,98.0,45.0,292.0,66.0
237.0,323.0,374.0,70.0,311.0,407.0,188.0,290.0,333.0,243.0,297.0,298.0,288.0,186.0,333.0
214.0,301.0,570.0,57.0,260.0,372.0,121.0,469.0,205.0,403.0,500.0,681.0,252.0,339.0,238.0
233.0,187.0,126.0,65.0,310.0,270.0,188.0,29.0,314.0,214.0,13.0,287.0,288.0,21.0,329.0
152.0,180.0,263.0,29.0,310.0,260.0,139.0,155.0,177.0,147.0,191.0,423.0,264.0,106.0,250.0
205.0,276.0,361.0,70.0,238.0,388.0,188.0,273.0,333.0,228.0,225.0,287.0,288.0,193.0,214.0
83.0,43.0,187.0,11.0,117.0,124.0,37.0,32.0,95.0,84.0,88.0,76.0,46.0,21.0,94.0
77.0,41.0,179.0,8.0,89.0,144.0,32.0,111.0,223.0,81.0,57.0,70.0,54.0,77.0,74.0
244.0,300.0,356.0,70.0,313.0,373.0,199.0,273.0,341.0,278.0,286.0,346.0,291.0,81.0,351.0
244.0,320.0,322.0,70.0,0.0,390.0,0.0,204.0,341.0,230.0,241.0,288.0,0.0,159.0,0.0
410.0,756.0,530.0,183.0,83.0,82.0,23.0,358.0,660.0,404.0,419.0,681.0,43.0,269.0,148.0
97.0,55.0,440.0,16.0,89.0,341.0,30.0,315.0,117.0,108.0,345.0,98.0,46.0,241.0,71.0
206.0,274.0,382.0,70.0,217.0,362.0,80.0,297.0,98.0,246.0,309.0,301.0,288.0,217.0,179.0
123.0,372.0,111.0,23.0,131.0,445.0,43.0,26.0,145.0,346.0,5.0,167.0,76.0,16.0,101.0
126.0,131.0,476.0,6.0,45.0,261.0,7.0,341.0,34.0,63.0,302.0,47.0,12.0,275.0,32.0
139.0,169.0,347.0,51.0,243.0,407.0,106.0,228.0,270.0,191.0,264.0,228.0,212.0,180.0,216.0
314.0,234.0,252.0,97.0,735.0,324.0,570.0,137.0,293.0,137.0,175.0,304.0,864.0,92.0,125.0
121.0,89.0,208.0,29.0,145.0,191.0,53.0,59.0,171.0,140.0,129.0,158.0,101.0,28.0,111.0
212.0,200.0,207.0,58.0,279.0,280.0,148.0,78.0,296.0,214.0,122.0,282.0,270.0,30.0,308.0
264.0,367.0,661.0,80.0,344.0,294.0,222.0,509.0,425.0,252.0,299.0,280.0,336.0,408.0,422.0
178.0,232.0,300.0,45.0,227.0,319.0,83.0,718.0,223.0,187.0,226.0,236.0,214.0,496.0,183.0
376.0,717.0,300.0,146.0,160.0,320.0,61.0,398.0,616.0,347.0,222.0,457.0,122.0,409.0,154.0
100.0,64.0,549.0,8.0,312.0,173.0,5.0,420.0,330.0,80.0,468.0,126.0,27.0,309.0,125.0
288.0,423.0,475.0,95.0,227.0,418.0,85.0,331.0,454.0,273.0,373.0,325.0,175.0,255.0,183.0
73.0,28.0,190.0,6.0,168.0,193.0,53.0,51.0,38.0,82.0,110.0,92.0,35.0,16.0,126.0
73.0,27.0,190.0,6.0,43.0,56.0,5.0,51.0,38.0,92.0,50.0,76.0,19.0,25.0,25.0
137.0,133.0,542.0,153.0,174.0,319.0,58.0,292.0,498.0,356.0,465.0,178.0,726.0,208.0,144.0
306.0,515.0,372.0,70.0,117.0,348.0,37.0,290.0,347.0,238.0,238.0,288.0,128.0,312.0,88.0
330.0,718.0,661.0,307.0,100.0,706.0,396.0,493.0,999.0,524.0,640.0,187.0,999.0,333.0,81.0
205.0,284.0,348.0,55.0,277.0,373.0,139.0,323.0,293.0,198.0,232.0,241.0,264.0,245.0,247.0
196.0,259.0,339.0,51.0,218.0,197.0,261.0,204.0,223.0,197.0,250.0,241.0,25.0,150.0,180.0
101.0,63.0,855.0,17.0,104.0,188.0,34.0,885.0,120.0,425.0,999.0,856.0,43.0,613.0,52.0
178.0,232.0,310.0,51.0,233.0,319.0,95.0,195.0,270.0,187.0,234.0,207.0,195.0,134.0,202.0
152.0,179.0,207.0,33.0,181.0,260.0,61.0,83.0,199.0,108.0,119.0,100.0,127.0,64.0,154.0
134.0,137.0,267.0,29.0,89.0,249.0,65.0,154.0,173.0,147.0,191.0,156.0,108.0,101.0,74.0
96.0,55.0,208.0,16.0,86.0,154.0,29.0,83.0,119.0,108.0,128.0,98.0,45.0,62.0,69.0
152.0,225.0,570.0,26.0,155.0,215.0,50.0,469.0,168.0,425.0,470.0,155.0,92.0,318.0,119.0
114.0,95.0,246.0,23.0,86.0,216.0,29.0,62.0,198.0,132.0,128.0,126.0,76.0,20.0,69.0
126.0,131.0,247.0,20.0,104.0,429.0,35.0,205.0,141.0,120.0,177.0,203.0,55.0,57.0,84.0
178.0,231.0,738.0,45.0,257.0,324.0,99.0,620.0,204.0,200.0,758.0,246.0,200.0,493.0,229.0
330.0,590.0,491.0,114.0,277.0,656.0,150.0,364.0,139.0,304.0,240.0,428.0,583.0,186.0,250.0
317.0,523.0,487.0,109.0,360.0,518.0,138.0,346.0,503.0,296.0,394.0,374.0,464.0,259.0,455.0
147.0,173.0,296.0,33.0,54.0,256.0,18.0,160.0,184.0,167.0,222.0,187.0,59.0,107.0,52.0
102.0,64.0,224.0,17.0,89.0,155.0,32.0,90.0,122.0,114.0,139.0,81.0,49.0,65.0,89.0
73.0,76.0,530.0,5.0,157.0,164.0,52.0,403.0,34.0,356.0,419.0,561.0,97.0,305.0,122.0
246.0,332.0,564.0,104.0,218.0,429.0,274.0,440.0,500.0,381.0,483.0,681.0,524.0,312.0,180.0
113.0,90.0,240.0,21.0,106.0,315.0,35.0,111.0,139.0,129.0,157.0,118.0,59.0,72.0,87.0
256.0,332.0,532.0,71.0,344.0,430.0,217.0,398.0,357.0,347.0,449.0,463.0,330.0,305.0,422.0
182.0,238.0,313.0,50.0,248.0,344.0,101.0,194.0,290.0,188.0,249.0,221.0,209.0,102.0,220.0
73.0,28.0,239.0,6.0,37.0,462.0,5.0,111.0,38.0,82.0,154.0,117.0,19.0,81.0,25.0
264.0,372.0,372.0,71.0,75.0,445.0,22.0,285.0,341.0,243.0,201.0,137.0,40.0,202.0,82.0
111.0,95.0,224.0,21.0,88.0,203.0,35.0,98.0,139.0,120.0,152.0,105.0,59.0,72.0,71.0
202.0,261.0,337.0,51.0,262.0,270.0,121.0,205.0,248.0,198.0,252.0,241.0,252.0,156.0,262.0
87.0,41.0,242.0,15.0,248.0,221.0,19.0,111.0,103.0,132.0,165.0,101.0,40.0,196.0,216.0
126.0,131.0,252.0,26.0,168.0,238.0,40.0,160.0,170.0,138.0,177.0,138.0,92.0,245.0,118.0
83.0,43.0,411.0,86.0,434.0,124.0,226.0,297.0,428.0,264.0,320.0,325.0,369.0,218.0,566.0
410.0,764.0,532.0,159.0,117.0,333.0,37.0,406.0,419.0,347.0,449.0,460.0,26.0,305.0,94.0
121.0,141.0,417.0,23.0,132.0,249.0,45.0,313.0,158.0,129.0,240.0,126.0,76.0,296.0,107.0
147.0,174.0,283.0,32.0,177.0,260.0,61.0,168.0,194.0,154.0,207.0,173.0,122.0,122.0,154.0
376.0,718.0,590.0,146.0,175.0,270.0,58.0,508.0,579.0,408.0,527.0,799.0,656.0,390.0,142.0
257.0,304.0,353.0,71.0,260.0,393.0,166.0,264.0,119.0,223.0,286.0,280.0,273.0,185.0,246.0
295.0,367.0,738.0,97.0,448.0,388.0,261.0,738.0,483.0,871.0,108.0,999.0,464.0,496.0,126.0
270.0,376.0,688.0,86.0,503.0,484.0,274.0,565.0,430.0,264.0,654.0,316.0,380.0,442.0,218.0
123.0,109.0,252.0,24.0,132.0,215.0,45.0,148.0,164.0,137.0,128.0,137.0,89.0,96.0,73.0
999.0,999.0,999.0,999.0,999.0,999.0,999.0,999.0,999.0,999.0,470.0,117.0,999.0,999.0,999.0
104.0,78.0,223.0,19.0,102.0,260.0,34.0,94.0,172.0,114.0,148.0,108.0,54.0,72.0,80.0
97.0,76.0,240.0,16.0,85.0,143.0,29.0,104.0,117.0,129.0,158.0,126.0,46.0,72.0,96.0
123.0,105.0,252.0,24.0,161.0,213.0,53.0,140.0,163.0,137.0,176.0,186.0,90.0,79.0,125.0
81.0,42.0,105.0,11.0,83.0,118.0,24.0,312.0,86.0,83.0,8.0,70.0,33.0,235.0,246.0
270.0,376.0,336.0,53.0,261.0,422.0,127.0,206.0,145.0,197.0,248.0,249.0,256.0,96.0,242.0
80.0,41.0,330.0,9.0,47.0,102.0,9.0,140.0,76.0,192.0,244.0,240.0,33.0,91.0,31.0
319.0,515.0,481.0,109.0,434.0,82.0,253.0,342.0,430.0,296.0,387.0,348.0,529.0,258.0,566.0
154.0,188.0,251.0,34.0,228.0,261.0,85.0,132.0,204.0,156.0,149.0,126.0,145.0,87.0,83.0
196.0,259.0,125.0,51.0,117.0,393.0,35.0,27.0,184.0,193.0,275.0,231.0,59.0,26.0,89.0
122.0,108.0,252.0,24.0,28.0,215.0,5.0,130.0,163.0,137.0,177.0,133.0,19.0,82.0,9.0
152.0,180.0,283.0,33.0,208.0,260.0,65.0,146.0,204.0,154.0,207.0,172.0,127.0,96.0,175.0
169.0,233.0,255.0,30.0,134.0,315.0,46.0,155.0,184.0,138.0,123.0,138.0,89.0,107.0,111.0
94.0,53.0,212.0,16.0,104.0,143.0,34.0,59.0,111.0,108.0,117.0,98.0,42.0,76.0,84.0
182.0,235.0,330.0,49.0,168.0,348.0,54.0,232.0,419.0,192.0,244.0,218.0,101.0,180.0,80.0
76.0,193.0,183.0,7.0,54.0,260.0,5.0,45.0,204.0,76.0,63.0,105.0,25.0,409.0,63.0
97.0,55.0,336.0,16.0,112.0,173.0,35.0,205.0,117.0,92.0,248.0,76.0,46.0,158.0,179.0
237.0,323.0,363.0,67.0,313.0,429.0,199.0,277.0,132.0,227.0,299.0,282.0,291.0,412.0,242.0
73.0,27.0,126.0,6.0,208.0,293.0,6.0,29.0,38.0,57.0,64.0,236.0,19.0,17.0,175.0
158.0,205.0,292.0,35.0,277.0,288.0,150.0,176.0,199.0,156.0,210.0,175.0,156.0,122.0,250.0
375.0,694.0,528.0,140.0,123.0,429.0,50.0,459.0,571.0,322.0,408.0,457.0,678.0,328.0,93.0
244.0,323.0,363.0,70.0,341.0,362.0,220.0,277.0,341.0,230.0,203.0,288.0,291.0,201.0,422.0
103.0,72.0,183.0,20.0,365.0,160.0,35.0,39.0,144.0,80.0,78.0,76.0,55.0,25.0,111.0
257.0,28.0,411.0,63.0,47.0,56.0,13.0,299.0,311.0,264.0,326.0,316.0,270.0,311.0,64.0
266.0,37.0,449.0,91.0,230.0,82.0,94.0,292.0,452.0,271.0,419.0,323.0,200.0,208.0,201.0
104.0,82.0,224.0,18.0,83.0,205.0,22.0,103.0,122.0,114.0,148.0,268.0,44.0,72.0,55.0
163.0,212.0,247.0,35.0,200.0,397.0,76.0,115.0,198.0,171.0,176.0,185.0,155.0,72.0,170.0
146.0,174.0,657.0,217.0,89.0,221.0,30.0,493.0,829.0,425.0,261.0,856.0,905.0,333.0,73.0
105.0,43.0,530.0,20.0,104.0,127.0,33.0,420.0,129.0,108.0,419.0,101.0,54.0,296.0,99.0
316.0,515.0,457.0,97.0,446.0,521.0,258.0,323.0,500.0,275.0,366.0,298.0,450.0,82.0,699.0
375.0,709.0,488.0,143.0,445.0,448.0,254.0,144.0,276.0,356.0,400.0,181.0,444.0,95.0,574.0
268.0,376.0,386.0,73.0,331.0,448.0,217.0,296.0,363.0,246.0,322.0,302.0,330.0,213.0,404.0
999.0,999.0,855.0,999.0,999.0,999.0,999.0,940.0,999.0,999.0,999.0,999.0,999.0,613.0,999.0
156.0,205.0,294.0,36.0,403.0,288.0,237.0,180.0,194.0,167.0,214.0,186.0,344.0,130.0,469.0
0.0,0.0,701.0,0.0,0.0,0.0,0.0,391.0,0.0,0.0,640.0,76.0,0.0,296.0,0.0
156.0,234.0,142.0,35.0,175.0,56.0,70.0,195.0,210.0,156.0,78.0,178.0,145.0,134.0,154.0
171.0,227.0,347.0,17.0,117.0,312.0,35.0,222.0,122.0,106.0,264.0,163.0,54.0,170.0,95.0
377.0,227.0,542.0,148.0,128.0,155.0,382.0,476.0,194.0,356.0,465.0,117.0,624.0,321.0,93.0
157.0,187.0,293.0,35.0,161.0,270.0,75.0,176.0,198.0,160.0,211.0,221.0,155.0,107.0,127.0
259.0,346.0,385.0,77.0,112.0,393.0,217.0,59.0,466.0,247.0,310.0,303.0,331.0,30.0,63.0
273.0,409.0,386.0,78.0,476.0,468.0,262.0,296.0,400.0,247.0,320.0,304.0,316.0,240.0,808.0
182.0,276.0,511.0,70.0,261.0,362.0,121.0,438.0,363.0,238.0,410.0,197.0,252.0,311.0,242.0
156.0,200.0,292.0,35.0,202.0,280.0,75.0,10.0,197.0,156.0,210.0,172.0,150.0,16.0,175.0
158.0,205.0,283.0,35.0,189.0,281.0,75.0,194.0,197.0,156.0,208.0,167.0,156.0,137.0,153.0
264.0,367.0,417.0,91.0,150.0,439.0,32.0,292.0,454.0,273.0,333.0,323.0,90.0,208.0,118.0
330.0,590.0,999.0,97.0,104.0,203.0,33.0,999.0,132.0,278.0,241.0,61.0,48.0,555.0,93.0
257.0,348.0,379.0,71.0,415.0,430.0,243.0,438.0,119.0,243.0,57.0,298.0,46.0,312.0,229.0
83.0,47.0,206.0,12.0,80.0,143.0,23.0,65.0,117.0,92.0,126.0,76.0,44.0,41.0,55.0
121.0,106.0,350.0,29.0,176.0,214.0,61.0,241.0,178.0,214.0,274.0,241.0,116.0,159.0,153.0
257.0,523.0,382.0,73.0,191.0,521.0,217.0,481.0,270.0,246.0,309.0,302.0,331.0,409.0,170.0
140.0,133.0,256.0,29.0,176.0,241.0,61.0,250.0,177.0,151.0,191.0,162.0,122.0,343.0,153.0
412.0,281.0,580.0,183.0,202.0,373.0,75.0,470.0,145.0,404.0,508.0,322.0,154.0,318.0,173.0
152.0,185.0,260.0,29.0,161.0,261.0,53.0,146.0,171.0,144.0,152.0,162.0,101.0,96.0,119.0
485.0,306.0,256.0,243.0,344.0,388.0,222.0,144.0,858.0,521.0,187.0,856.0,336.0,106.0,422.0
96.0,55.0,208.0,16.0,75.0,143.0,22.0,82.0,120.0,107.0,117.0,0.0,42.0,58.0,31.0
123.0,104.0,246.0,24.0,117.0,212.0,46.0,440.0,163.0,132.0,179.0,126.0,89.0,312.0,88.0
182.0,238.0,323.0,50.0,260.0,344.0,106.0,204.0,253.0,190.0,211.0,221.0,211.0,149.0,234.0
123.0,109.0,251.0,24.0,105.0,216.0,46.0,132.0,164.0,137.0,175.0,137.0,89.0,291.0,85.0
84.0,47.0,204.0,14.0,175.0,127.0,19.0,61.0,184.0,99.0,110.0,76.0,36.0,30.0,139.0
196.0,257.0,179.0,51.0,174.0,348.0,58.0,176.0,120.0,193.0,63.0,236.0,103.0,179.0,157.0
103.0,41.0,240.0,19.0,104.0,87.0,34.0,109.0,125.0,129.0,157.0,118.0,54.0,76.0,83.0
268.0,372.0,386.0,80.0,448.0,486.0,261.0,306.0,425.0,247.0,320.0,304.0,500.0,218.0,148.0
295.0,461.0,396.0,96.0,448.0,486.0,258.0,297.0,466.0,273.0,320.0,317.0,450.0,213.0,32.0
97.0,37.0,214.0,16.0,191.0,324.0,54.0,470.0,76.0,108.0,128.0,98.0,43.0,314.0,157.0
92.0,62.0,238.0,16.0,85.0,155.0,23.0,103.0,109.0,120.0,152.0,197.0,43.0,72.0,83.0
163.0,219.0,411.0,36.0,233.0,297.0,82.0,15.0,210.0,165.0,325.0,178.0,171.0,16.0,25.0
77.0,41.0,126.0,8.0,106.0,341.0,35.0,29.0,81.0,80.0,290.0,68.0,55.0,20.0,87.0
210.0,281.0,549.0,58.0,280.0,373.0,148.0,420.0,296.0,358.0,470.0,423.0,269.0,311.0,175.0
140.0,130.0,271.0,30.0,176.0,227.0,61.0,156.0,223.0,150.0,248.0,162.0,122.0,107.0,153.0
152.0,180.0,281.0,33.0,145.0,260.0,50.0,163.0,198.0,154.0,206.0,173.0,128.0,111.0,122.0
288.0,423.0,549.0,95.0,341.0,256.0,243.0,415.0,454.0,304.0,468.0,221.0,406.0,583.0,406.0
264.0,612.0,639.0,78.0,322.0,373.0,217.0,756.0,195.0,411.0,509.0,799.0,330.0,503.0,82.0
113.0,235.0,300.0,31.0,242.0,429.0,61.0,187.0,184.0,165.0,222.0,185.0,123.0,71.0,215.0
0.0,0.0,0.0,0.0,104.0,0.0,34.0,940.0,122.0,0.0,0.0,21.0,0.0,613.0,84.0
244.0,323.0,374.0,71.0,118.0,445.0,213.0,290.0,545.0,243.0,206.0,298.0,330.0,208.0,87.0
146.0,169.0,417.0,32.0,184.0,255.0,61.0,313.0,184.0,154.0,320.0,165.0,122.0,235.0,155.0
377.0,709.0,536.0,148.0,735.0,430.0,485.0,415.0,579.0,347.0,458.0,95.0,726.0,309.0,881.0
182.0,233.0,312.0,49.0,260.0,319.0,99.0,200.0,239.0,188.0,238.0,220.0,204.0,159.0,234.0
152.0,179.0,292.0,33.0,227.0,260.0,85.0,176.0,188.0,154.0,210.0,193.0,175.0,125.0,170.0
86.0,76.0,252.0,15.0,105.0,254.0,52.0,137.0,122.0,138.0,175.0,139.0,97.0,88.0,85.0
235.0,348.0,855.0,67.0,176.0,445.0,61.0,940.0,332.0,223.0,999.0,280.0,284.0,613.0,153.0
114.0,95.0,187.0,14.0,117.0,205.0,37.0,47.0,252.0,82.0,87.0,69.0,40.0,26.0,94.0
83.0,41.0,111.0,14.0,104.0,102.0,35.0,16.0,107.0,99.0,188.0,76.0,55.0,16.0,83.0
103.0,76.0,255.0,18.0,100.0,160.0,32.0,481.0,122.0,139.0,182.0,156.0,49.0,339.0,81.0
196.0,76.0,215.0,24.0,132.0,155.0,43.0,92.0,199.0,112.0,128.0,100.0,101.0,66.0,107.0
264.0,367.0,661.0,243.0,174.0,373.0,40.0,509.0,454.0,580.0,640.0,894.0,923.0,408.0,140.0
168.0,225.0,300.0,41.0,104.0,312.0,34.0,189.0,223.0,182.0,222.0,207.0,256.0,133.0,11.0
376.0,717.0,553.0,146.0,117.0,706.0,76.0,438.0,571.0,374.0,465.0,126.0,693.0,312.0,96.0
100.0,62.0,111.0,17.0,86.0,155.0,28.0,493.0,127.0,115.0,13.0,76.0,47.0,333.0,72.0
152.0,182.0,256.0,36.0,177.0,261.0,67.0,144.0,215.0,141.0,187.0,175.0,154.0,95.0,154.0
191.0,238.0,312.0,60.0,261.0,241.0,150.0,198.0,296.0,184.0,238.0,207.0,270.0,134.0,242.0
70.0,55.0,240.0,6.0,47.0,143.0,13.0,296.0,38.0,129.0,157.0,118.0,33.0,167.0,44.0
146.0,173.0,283.0,33.0,145.0,256.0,50.0,175.0,182.0,156.0,239.0,174.0,92.0,123.0,172.0
271.0,409.0,395.0,80.0,403.0,214.0,226.0,293.0,369.0,252.0,320.0,303.0,337.0,218.0,469.0
126.0,55.0,256.0,27.0,176.0,144.0,61.0,212.0,170.0,139.0,200.0,164.0,113.0,159.0,148.0
259.0,257.0,385.0,77.0,341.0,348.0,220.0,292.0,341.0,247.0,321.0,303.0,330.0,208.0,406.0
73.0,27.0,179.0,7.0,28.0,56.0,4.0,130.0,46.0,75.0,351.0,61.0,23.0,180.0,12.0
123.0,115.0,283.0,25.0,176.0,220.0,75.0,168.0,103.0,130.0,207.0,197.0,419.0,119.0,43.0
146.0,163.0,279.0,33.0,200.0,254.0,75.0,160.0,184.0,154.0,203.0,186.0,150.0,205.0,172.0
70.0,21.0,639.0,6.0,45.0,143.0,5.0,490.0,34.0,408.0,128.0,799.0,23.0,17.0,12.0
229.0,306.0,648.0,110.0,279.0,60.0,253.0,620.0,297.0,300.0,582.0,387.0,438.0,72.0,274.0
115.0,95.0,222.0,23.0,161.0,203.0,53.0,92.0,139.0,129.0,129.0,125.0,76.0,66.0,107.0
377.0,95.0,536.0,148.0,89.0,253.0,30.0,346.0,252.0,347.0,458.0,101.0,46.0,259.0,72.0
412.0,693.0,661.0,159.0,83.0,534.0,16.0,718.0,518.0,358.0,382.0,470.0,751.0,496.0,55.0
288.0,434.0,361.0,65.0,278.0,490.0,171.0,264.0,332.0,223.0,295.0,277.0,288.0,205.0,274.0
314.0,233.0,528.0,97.0,89.0,320.0,237.0,364.0,466.0,289.0,419.0,348.0,500.0,269.0,74.0
178.0,188.0,312.0,45.0,138.0,407.0,95.0,197.0,198.0,188.0,320.0,212.0,195.0,145.0,117.0
182.0,235.0,111.0,51.0,226.0,328.0,83.0,26.0,163.0,252.0,5.0,301.0,256.0,16.0,181.0
311.0,585.0,396.0,91.0,261.0,390.0,121.0,297.0,454.0,273.0,309.0,323.0,252.0,491.0,240.0
100.0,55.0,258.0,17.0,54.0,324.0,24.0,146.0,120.0,144.0,188.0,288.0,46.0,96.0,42.0
314.0,222.0,476.0,97.0,234.0,348.0,222.0,341.0,483.0,289.0,187.0,348.0,177.0,256.0,216.0
97.0,55.0,336.0,16.0,85.0,164.0,29.0,206.0,117.0,92.0,248.0,76.0,46.0,145.0,55.0
257.0,338.0,125.0,36.0,211.0,430.0,78.0,27.0,145.0,166.0,117.0,186.0,161.0,20.0,175.0
129.0,135.0,111.0,6.0,137.0,241.0,46.0,16.0,296.0,25.0,5.0,0.0,89.0,16.0,111.0
52.0,55.0,190.0,6.0,17.0,127.0,1.0,51.0,24.0,82.0,449.0,68.0,4.0,26.0,9.0
133.0,141.0,303.0,29.0,137.0,249.0,46.0,509.0,177.0,147.0,234.0,156.0,102.0,328.0,111.0
288.0,461.0,507.0,95.0,445.0,489.0,254.0,364.0,454.0,273.0,410.0,323.0,438.0,218.0,566.0
103.0,72.0,111.0,0.0,0.0,155.0,0.0,16.0,0.0,42.0,57.0,92.0,0.0,16.0,0.0
232.0,310.0,379.0,64.0,191.0,390.0,170.0,292.0,313.0,246.0,287.0,301.0,276.0,208.0,144.0
270.0,391.0,688.0,86.0,175.0,230.0,58.0,601.0,430.0,524.0,833.0,894.0,108.0,493.0,110.0
182.0,154.0,336.0,43.0,230.0,253.0,94.0,205.0,223.0,176.0,241.0,204.0,191.0,156.0,201.0
210.0,284.0,346.0,57.0,277.0,374.0,139.0,223.0,343.0,201.0,274.0,248.0,264.0,174.0,242.0
0.0,0.0,0.0,0.0,0.0,0.0,0.0,0.0,0.0,0.0,0.0,108.0,0.0,0.0,0.0
236.0,325.0,356.0,67.0,80.0,422.0,23.0,259.0,332.0,223.0,287.0,287.0,264.0,184.0,55.0
288.0,461.0,440.0,95.0,260.0,486.0,121.0,364.0,457.0,273.0,333.0,322.0,406.0,275.0,242.0
410.0,304.0,549.0,159.0,311.0,388.0,217.0,420.0,518.0,374.0,468.0,582.0,529.0,412.0,331.0
154.0,188.0,223.0,34.0,75.0,372.0,70.0,141.0,193.0,156.0,152.0,175.0,145.0,149.0,43.0
191.0,259.0,256.0,22.0,123.0,214.0,40.0,132.0,145.0,137.0,187.0,124.0,70.0,82.0,95.0
257.0,316.0,379.0,71.0,341.0,389.0,217.0,292.0,332.0,246.0,222.0,301.0,331.0,205.0,190.0
86.0,47.0,111.0,15.0,73.0,241.0,19.0,26.0,103.0,99.0,27.0,76.0,40.0,16.0,96.0
181.0,234.0,300.0,46.0,237.0,102.0,99.0,189.0,233.0,188.0,199.0,244.0,200.0,133.0,212.0
202.0,278.0,323.0,51.0,175.0,390.0,58.0,620.0,288.0,193.0,128.0,236.0,252.0,87.0,139.0
105.0,87.0,126.0,11.0,197.0,191.0,75.0,29.0,86.0,84.0,84.0,160.0,33.0,17.0,157.0
999.0,999.0,999.0,999.0,999.0,999.0,999.0,969.0,999.0,999.0,681.0,999.0,999.0,617.0,999.0
146.0,174.0,298.0,36.0,403.0,259.0,129.0,420.0,193.0,171.0,222.0,164.0,260.0,309.0,469.0
96.0,55.0,485.0,87.0,341.0,156.0,222.0,205.0,452.0,296.0,394.0,355.0,406.0,156.0,416.0
182.0,235.0,316.0,50.0,229.0,261.0,94.0,306.0,252.0,188.0,238.0,221.0,181.0,240.0,248.0
124.0,180.0,252.0,25.0,211.0,260.0,79.0,137.0,127.0,138.0,177.0,126.0,97.0,96.0,175.0
256.0,332.0,385.0,80.0,310.0,429.0,184.0,293.0,428.0,252.0,310.0,303.0,288.0,208.0,331.0
154.0,185.0,500.0,33.0,151.0,270.0,45.0,469.0,191.0,304.0,408.0,323.0,85.0,318.0,119.0
120.0,105.0,240.0,23.0,117.0,227.0,32.0,110.0,162.0,129.0,160.0,105.0,54.0,77.0,89.0
120.0,103.0,246.0,23.0,98.0,211.0,32.0,132.0,171.0,132.0,200.0,125.0,49.0,12.0,77.0
158.0,205.0,299.0,35.0,145.0,288.0,46.0,187.0,195.0,174.0,222.0,196.0,92.0,132.0,114.0
114.0,103.0,252.0,21.0,112.0,211.0,35.0,137.0,139.0,138.0,177.0,138.0,55.0,88.0,87.0
146.0,276.0,488.0,71.0,310.0,656.0,199.0,346.0,117.0,300.0,400.0,301.0,291.0,259.0,322.0
212.0,348.0,346.0,58.0,277.0,439.0,143.0,223.0,252.0,201.0,243.0,249.0,269.0,173.0,250.0
182.0,238.0,322.0,50.0,262.0,344.0,98.0,204.0,518.0,188.0,241.0,221.0,209.0,57.0,246.0
259.0,225.0,356.0,77.0,313.0,221.0,222.0,259.0,158.0,247.0,290.0,305.0,334.0,186.0,155.0
104.0,78.0,530.0,51.0,255.0,175.0,106.0,403.0,271.0,191.0,419.0,228.0,212.0,305.0,238.0
111.0,89.0,252.0,21.0,112.0,200.0,35.0,155.0,132.0,147.0,220.0,149.0,55.0,106.0,88.0
257.0,338.0,382.0,73.0,341.0,460.0,217.0,290.0,369.0,246.0,307.0,302.0,330.0,245.0,406.0
317.0,304.0,564.0,104.0,294.0,389.0,165.0,391.0,500.0,278.0,366.0,346.0,272.0,300.0,307.0
295.0,461.0,336.0,50.0,176.0,489.0,99.0,195.0,253.0,197.0,248.0,241.0,202.0,134.0,153.0
375.0,709.0,530.0,140.0,278.0,687.0,199.0,398.0,571.0,322.0,414.0,457.0,288.0,169.0,297.0
104.0,106.0,187.0,19.0,83.0,214.0,32.0,39.0,122.0,114.0,87.0,108.0,54.0,25.0,118.0
168.0,225.0,294.0,38.0,100.0,310.0,79.0,180.0,466.0,165.0,215.0,181.0,176.0,130.0,80.0
73.0,71.0,215.0,18.0,65.0,160.0,16.0,83.0,122.0,112.0,128.0,207.0,33.0,88.0,43.0
167.0,106.0,258.0,45.0,238.0,214.0,99.0,32.0,237.0,144.0,261.0,127.0,200.0,21.0,218.0
167.0,222.0,447.0,45.0,117.0,308.0,37.0,322.0,162.0,273.0,351.0,325.0,70.0,88.0,111.0
181.0,234.0,336.0,50.0,118.0,445.0,26.0,273.0,132.0,188.0,245.0,221.0,211.0,412.0,66.0
167.0,225.0,184.0,38.0,258.0,348.0,121.0,32.0,223.0,176.0,310.0,197.0,239.0,21.0,234.0
114.0,95.0,206.0,22.0,123.0,205.0,40.0,73.0,111.0,132.0,130.0,127.0,70.0,87.0,95.0
126.0,104.0,417.0,25.0,145.0,212.0,50.0,459.0,168.0,138.0,320.0,303.0,92.0,314.0,117.0
77.0,40.0,550.0,8.0,234.0,86.0,5.0,431.0,139.0,81.0,470.0,68.0,27.0,343.0,201.0
105.0,106.0,747.0,20.0,184.0,214.0,75.0,508.0,122.0,660.0,833.0,705.0,33.0,343.0,155.0
233.0,316.0,549.0,159.0,278.0,390.0,147.0,420.0,660.0,358.0,382.0,50.0,656.0,305.0,247.0
104.0,78.0,215.0,19.0,176.0,159.0,61.0,84.0,184.0,112.0,215.0,100.0,122.0,64.0,153.0
84.0,316.0,240.0,20.0,112.0,393.0,35.0,111.0,129.0,128.0,182.0,117.0,55.0,77.0,87.0
211.0,281.0,361.0,57.0,188.0,369.0,67.0,392.0,430.0,227.0,287.0,282.0,264.0,303.0,156.0
154.0,185.0,310.0,33.0,191.0,261.0,70.0,111.0,191.0,171.0,234.0,190.0,140.0,331.0,144.0
212.0,304.0,271.0,25.0,128.0,390.0,40.0,141.0,163.0,151.0,200.0,133.0,92.0,613.0,99.0
122.0,105.0,310.0,24.0,141.0,213.0,46.0,83.0,165.0,137.0,234.0,124.0,89.0,81.0,118.0
232.0,235.0,356.0,64.0,310.0,320.0,170.0,259.0,313.0,214.0,333.0,277.0,276.0,185.0,94.0
288.0,461.0,564.0,58.0,261.0,489.0,129.0,459.0,297.0,358.0,287.0,138.0,260.0,318.0,242.0
168.0,225.0,300.0,38.0,15.0,310.0,2.0,189.0,223.0,176.0,214.0,197.0,177.0,133.0,4.0
103.0,78.0,215.0,17.0,155.0,247.0,35.0,84.0,120.0,112.0,130.0,101.0,47.0,64.0,119.0
126.0,131.0,251.0,26.0,141.0,230.0,46.0,0.0,177.0,137.0,179.0,137.0,92.0,0.0,117.0
181.0,241.0,312.0,49.0,248.0,348.0,101.0,198.0,232.0,188.0,238.0,220.0,204.0,122.0,201.0
103.0,76.0,356.0,18.0,89.0,154.0,32.0,156.0,122.0,112.0,286.0,101.0,54.0,72.0,74.0
183.0,90.0,317.0,50.0,434.0,203.0,106.0,15.0,253.0,190.0,240.0,220.0,211.0,16.0,566.0
317.0,406.0,661.0,106.0,524.0,448.0,274.0,508.0,500.0,425.0,244.0,856.0,524.0,339.0,574.0
154.0,188.0,283.0,33.0,191.0,270.0,69.0,175.0,194.0,154.0,207.0,172.0,140.0,122.0,157.0
211.0,227.0,346.0,60.0,279.0,312.0,148.0,222.0,296.0,201.0,238.0,248.0,270.0,218.0,274.0
75.0,43.0,323.0,7.0,85.0,127.0,40.0,204.0,164.0,76.0,236.0,76.0,70.0,170.0,64.0
147.0,174.0,111.0,31.0,176.0,259.0,61.0,26.0,184.0,153.0,8.0,174.0,122.0,16.0,153.0
257.0,278.0,582.0,77.0,243.0,369.0,226.0,470.0,333.0,408.0,509.0,316.0,334.0,319.0,216.0
182.0,235.0,317.0,49.0,311.0,372.0,188.0,204.0,253.0,188.0,240.0,220.0,288.0,150.0,334.0
80.0,41.0,187.0,9.0,47.0,102.0,9.0,47.0,76.0,82.0,87.0,68.0,33.0,26.0,74.0
115.0,95.0,111.0,23.0,89.0,310.0,30.0,26.0,144.0,129.0,8.0,126.0,70.0,16.0,73.0
330.0,590.0,491.0,114.0,243.0,521.0,226.0,327.0,428.0,304.0,400.0,23.0,583.0,491.0,246.0
330.0,212.0,500.0,117.0,224.0,294.0,391.0,363.0,551.0,304.0,408.0,428.0,590.0,305.0,173.0
73.0,41.0,184.0,7.0,104.0,250.0,34.0,45.0,215.0,76.0,210.0,134.0,54.0,25.0,84.0
104.0,78.0,240.0,21.0,104.0,175.0,34.0,83.0,139.0,129.0,157.0,117.0,59.0,64.0,43.0
270.0,261.0,511.0,97.0,229.0,358.0,217.0,391.0,425.0,296.0,411.0,322.0,331.0,300.0,190.0
123.0,115.0,347.0,24.0,132.0,154.0,45.0,222.0,163.0,203.0,264.0,257.0,85.0,179.0,107.0
123.0,249.0,246.0,23.0,123.0,348.0,40.0,130.0,163.0,132.0,157.0,127.0,70.0,88.0,96.0
271.0,618.0,396.0,86.0,277.0,445.0,230.0,297.0,430.0,265.0,204.0,317.0,406.0,412.0,250.0
410.0,756.0,549.0,153.0,32.0,741.0,170.0,327.0,0.0,356.0,468.0,580.0,276.0,245.0,12.0
76.0,37.0,336.0,8.0,47.0,82.0,5.0,205.0,54.0,80.0,245.0,84.0,25.0,170.0,31.0
322.0,163.0,570.0,117.0,141.0,297.0,50.0,459.0,571.0,404.0,500.0,456.0,127.0,314.0,114.0
165.0,259.0,298.0,38.0,311.0,348.0,82.0,186.0,213.0,171.0,222.0,221.0,174.0,170.0,329.0
146.0,163.0,223.0,33.0,261.0,249.0,126.0,90.0,187.0,151.0,158.0,162.0,260.0,291.0,240.0
156.0,131.0,299.0,34.0,261.0,235.0,79.0,176.0,184.0,156.0,222.0,178.0,168.0,125.0,242.0
81.0,43.0,208.0,5.0,43.0,124.0,2.0,83.0,38.0,107.0,119.0,95.0,5.0,129.0,119.0
169.0,193.0,105.0,20.0,89.0,277.0,32.0,10.0,120.0,71.0,5.0,164.0,55.0,318.0,74.0
83.0,43.0,184.0,13.0,230.0,82.0,83.0,39.0,107.0,82.0,87.0,69.0,36.0,25.0,201.0
125.0,130.0,183.0,14.0,105.0,205.0,35.0,39.0,117.0,82.0,84.0,72.0,49.0,26.0,85.0
104.0,78.0,361.0,29.0,175.0,173.0,58.0,214.0,172.0,223.0,298.0,280.0,108.0,174.0,144.0
288.0,461.0,475.0,95.0,445.0,489.0,254.0,331.0,466.0,275.0,387.0,323.0,444.0,255.0,574.0
244.0,323.0,549.0,70.0,312.0,404.0,198.0,420.0,341.0,358.0,272.0,580.0,291.0,305.0,341.0
171.0,21.0,353.0,16.0,132.0,208.0,45.0,202.0,86.0,214.0,287.0,140.0,85.0,174.0,107.0
123.0,109.0,256.0,24.0,229.0,216.0,92.0,146.0,164.0,137.0,187.0,137.0,76.0,96.0,190.0
122.0,106.0,252.0,29.0,174.0,225.0,58.0,140.0,173.0,137.0,191.0,137.0,102.0,91.0,134.0
210.0,284.0,475.0,58.0,277.0,293.0,148.0,331.0,81.0,201.0,382.0,249.0,269.0,255.0,250.0
376.0,718.0,339.0,137.0,434.0,373.0,253.0,216.0,571.0,319.0,394.0,463.0,444.0,162.0,566.0
123.0,128.0,224.0,24.0,134.0,203.0,45.0,98.0,163.0,120.0,154.0,114.0,85.0,455.0,110.0
212.0,310.0,386.0,58.0,277.0,247.0,147.0,292.0,281.0,201.0,320.0,248.0,269.0,72.0,250.0
412.0,764.0,570.0,182.0,47.0,349.0,6.0,440.0,330.0,403.0,500.0,323.0,27.0,312.0,64.0
176.0,229.0,266.0,36.0,226.0,315.0,83.0,154.0,193.0,166.0,200.0,185.0,174.0,57.0,182.0
130.0,137.0,281.0,29.0,206.0,315.0,53.0,165.0,173.0,147.0,204.0,155.0,101.0,62.0,153.0
182.0,323.0,310.0,50.0,83.0,369.0,5.0,469.0,252.0,188.0,236.0,221.0,209.0,319.0,99.0
71.0,27.0,170.0,6.0,117.0,56.0,37.0,31.0,34.0,63.0,57.0,47.0,48.0,16.0,93.0
104.0,82.0,528.0,140.0,288.0,206.0,367.0,398.0,571.0,322.0,419.0,456.0,624.0,305.0,297.0
121.0,106.0,252.0,23.0,197.0,215.0,61.0,140.0,194.0,139.0,366.0,140.0,113.0,91.0,183.0
156.0,203.0,207.0,35.0,176.0,280.0,76.0,80.0,198.0,106.0,123.0,240.0,155.0,55.0,153.0
257.0,348.0,476.0,71.0,312.0,448.0,198.0,341.0,357.0,187.0,382.0,207.0,309.0,296.0,341.0
73.0,174.0,105.0,6.0,32.0,56.0,5.0,15.0,33.0,25.0,5.0,0.0,42.0,12.0,12.0
182.0,241.0,320.0,50.0,255.0,348.0,101.0,197.0,248.0,188.0,240.0,221.0,209.0,145.0,238.0
138.0,238.0,347.0,43.0,206.0,320.0,92.0,222.0,224.0,203.0,264.0,277.0,191.0,133.0,175.0
87.0,48.0,201.0,15.0,134.0,348.0,45.0,59.0,24.0,105.0,100.0,98.0,83.0,30.0,107.0
133.0,106.0,271.0,30.0,175.0,214.0,58.0,155.0,177.0,151.0,200.0,162.0,109.0,107.0,139.0
97.0,56.0,382.0,16.0,88.0,156.0,29.0,316.0,117.0,108.0,309.0,113.0,46.0,245.0,71.0
270.0,310.0,395.0,86.0,233.0,388.0,253.0,297.0,428.0,252.0,321.0,298.0,369.0,217.0,201.0
156.0,188.0,300.0,34.0,176.0,270.0,75.0,192.0,210.0,156.0,230.0,162.0,150.0,134.0,153.0
271.0,434.0,363.0,70.0,277.0,518.0,143.0,277.0,333.0,228.0,298.0,287.0,238.0,202.0,250.0
84.0,48.0,336.0,35.0,75.0,143.0,33.0,204.0,199.0,184.0,310.0,207.0,52.0,129.0,55.0
152.0,179.0,353.0,33.0,175.0,259.0,58.0,202.0,210.0,182.0,286.0,207.0,123.0,158.0,158.0
196.0,259.0,356.0,51.0,89.0,289.0,30.0,259.0,281.0,228.0,286.0,287.0,46.0,65.0,74.0
252.0,331.0,528.0,71.0,100.0,422.0,32.0,398.0,276.0,322.0,419.0,457.0,51.0,308.0,81.0
241.0,346.0,361.0,70.0,292.0,437.0,226.0,266.0,332.0,228.0,297.0,126.0,288.0,186.0,329.0
176.0,233.0,320.0,43.0,277.0,320.0,143.0,202.0,205.0,188.0,257.0,212.0,269.0,146.0,250.0
154.0,78.0,283.0,33.0,188.0,182.0,70.0,168.0,187.0,154.0,207.0,172.0,128.0,122.0,156.0
232.0,322.0,350.0,64.0,288.0,445.0,165.0,297.0,313.0,214.0,274.0,193.0,276.0,217.0,566.0
76.0,41.0,648.0,8.0,86.0,102.0,29.0,572.0,54.0,416.0,321.0,822.0,33.0,442.0,71.0
97.0,55.0,207.0,17.0,211.0,144.0,78.0,78.0,120.0,112.0,119.0,113.0,158.0,41.0,175.0
115.0,95.0,240.0,23.0,123.0,200.0,40.0,156.0,145.0,132.0,220.0,218.0,73.0,106.0,96.0
92.0,56.0,208.0,15.0,331.0,155.0,19.0,82.0,194.0,106.0,122.0,92.0,42.0,58.0,404.0
156.0,188.0,281.0,34.0,200.0,293.0,75.0,165.0,239.0,156.0,160.0,175.0,150.0,129.0,172.0
287.0,693.0,457.0,95.0,445.0,393.0,254.0,323.0,454.0,275.0,366.0,323.0,444.0,235.0,574.0
330.0,612.0,852.0,114.0,261.0,534.0,339.0,940.0,547.0,84.0,241.0,76.0,583.0,613.0,242.0
233.0,316.0,298.0,65.0,243.0,390.0,138.0,194.0,314.0,171.0,222.0,263.0,284.0,149.0,215.0
86.0,53.0,207.0,16.0,89.0,143.0,30.0,78.0,109.0,106.0,120.0,92.0,46.0,24.0,74.0
270.0,409.0,428.0,86.0,601.0,445.0,237.0,476.0,431.0,265.0,410.0,317.0,406.0,321.0,818.0
317.0,367.0,488.0,104.0,102.0,439.0,33.0,353.0,498.0,300.0,419.0,98.0,54.0,296.0,82.0
212.0,323.0,339.0,55.0,128.0,404.0,42.0,158.0,292.0,199.0,249.0,241.0,260.0,107.0,99.0
169.0,210.0,258.0,29.0,161.0,212.0,53.0,103.0,170.0,144.0,189.0,155.0,101.0,412.0,99.0
375.0,694.0,353.0,143.0,165.0,656.0,261.0,251.0,570.0,346.0,286.0,463.0,369.0,184.0,131.0
256.0,332.0,485.0,71.0,17.0,429.0,261.0,322.0,103.0,296.0,386.0,355.0,494.0,145.0,44.0
163.0,215.0,582.0,114.0,242.0,297.0,99.0,470.0,545.0,408.0,509.0,799.0,583.0,319.0,214.0
73.0,27.0,386.0,6.0,279.0,56.0,99.0,222.0,38.0,67.0,320.0,50.0,19.0,133.0,274.0
202.0,130.0,336.0,53.0,100.0,230.0,33.0,212.0,139.0,197.0,248.0,244.0,52.0,179.0,72.0
73.0,27.0,187.0,8.0,331.0,82.0,6.0,146.0,46.0,80.0,88.0,236.0,26.0,71.0,404.0
115.0,95.0,224.0,20.0,106.0,214.0,29.0,97.0,105.0,120.0,149.0,108.0,54.0,41.0,80.0
257.0,348.0,271.0,29.0,446.0,437.0,274.0,292.0,172.0,151.0,200.0,167.0,101.0,208.0,172.0
121.0,106.0,316.0,55.0,229.0,214.0,86.0,201.0,290.0,192.0,239.0,212.0,288.0,259.0,202.0
167.0,215.0,223.0,38.0,229.0,315.0,94.0,94.0,223.0,101.0,139.0,0.0,177.0,291.0,190.0
257.0,257.0,488.0,104.0,206.0,348.0,77.0,353.0,430.0,300.0,400.0,162.0,155.0,256.0,175.0
84.0,47.0,215.0,14.0,310.0,259.0,174.0,84.0,452.0,112.0,128.0,101.0,43.0,57.0,329.0
113.0,90.0,252.0,23.0,126.0,534.0,40.0,137.0,147.0,137.0,152.0,133.0,76.0,27.0,95.0
154.0,188.0,300.0,34.0,202.0,270.0,70.0,189.0,288.0,176.0,226.0,197.0,145.0,131.0,172.0
122.0,105.0,326.0,24.0,89.0,213.0,30.0,204.0,164.0,246.0,243.0,302.0,84.0,131.0,52.0
259.0,372.0,382.0,71.0,118.0,445.0,38.0,285.0,419.0,246.0,309.0,302.0,905.0,186.0,94.0
80.0,41.0,215.0,9.0,47.0,102.0,9.0,84.0,76.0,112.0,128.0,316.0,33.0,76.0,31.0
158.0,205.0,553.0,35.0,174.0,289.0,58.0,438.0,198.0,368.0,582.0,580.0,103.0,312.0,127.0
160.0,210.0,183.0,36.0,216.0,254.0,85.0,39.0,197.0,171.0,84.0,196.0,175.0,25.0,181.0
319.0,409.0,570.0,182.0,218.0,261.0,82.0,469.0,638.0,403.0,220.0,681.0,174.0,318.0,183.0
112.0,89.0,246.0,21.0,123.0,294.0,50.0,148.0,129.0,132.0,152.0,98.0,59.0,101.0,188.0
154.0,104.0,292.0,33.0,85.0,203.0,32.0,176.0,191.0,156.0,208.0,178.0,140.0,123.0,30.0
115.0,95.0,111.0,6.0,112.0,210.0,35.0,26.0,98.0,67.0,13.0,164.0,55.0,17.0,55.0
257.0,137.0,657.0,97.0,168.0,249.0,54.0,718.0,480.0,278.0,483.0,348.0,923.0,308.0,107.0
121.0,109.0,246.0,23.0,145.0,215.0,50.0,132.0,162.0,132.0,208.0,126.0,77.0,71.0,111.0
181.0,235.0,500.0,45.0,234.0,333.0,99.0,363.0,270.0,304.0,408.0,207.0,200.0,271.0,125.0
104.0,78.0,530.0,19.0,104.0,280.0,34.0,398.0,95.0,129.0,419.0,117.0,54.0,305.0,84.0
330.0,95.0,206.0,97.0,229.0,191.0,92.0,65.0,363.0,271.0,149.0,322.0,195.0,55.0,187.0
146.0,169.0,316.0,30.0,200.0,255.0,61.0,202.0,187.0,188.0,240.0,302.0,122.0,148.0,172.0
123.0,225.0,271.0,29.0,226.0,310.0,83.0,154.0,180.0,151.0,201.0,162.0,211.0,116.0,182.0
182.0,241.0,317.0,49.0,261.0,348.0,70.0,83.0,233.0,188.0,240.0,220.0,140.0,64.0,242.0
122.0,115.0,187.0,24.0,73.0,220.0,19.0,47.0,127.0,82.0,87.0,76.0,84.0,81.0,54.0
96.0,55.0,256.0,51.0,252.0,154.0,99.0,144.0,270.0,191.0,187.0,228.0,196.0,95.0,218.0
71.0,27.0,187.0,6.0,28.0,60.0,2.0,47.0,24.0,82.0,87.0,70.0,12.0,26.0,12.0
256.0,332.0,688.0,112.0,123.0,429.0,50.0,509.0,500.0,408.0,640.0,822.0,656.0,408.0,87.0
196.0,259.0,417.0,51.0,258.0,297.0,119.0,481.0,293.0,199.0,262.0,241.0,214.0,328.0,214.0
111.0,55.0,179.0,16.0,89.0,155.0,30.0,39.0,109.0,76.0,63.0,50.0,45.0,24.0,74.0
163.0,212.0,296.0,36.0,176.0,294.0,62.0,183.0,222.0,167.0,208.0,101.0,168.0,131.0,154.0
182.0,249.0,353.0,46.0,227.0,344.0,0.0,273.0,233.0,188.0,286.0,214.0,0.0,314.0,63.0
81.0,41.0,105.0,15.0,75.0,102.0,23.0,16.0,107.0,106.0,13.0,91.0,42.0,27.0,54.0
123.0,130.0,266.0,29.0,157.0,225.0,53.0,154.0,173.0,150.0,200.0,155.0,101.0,102.0,125.0
271.0,278.0,661.0,80.0,360.0,369.0,226.0,509.0,400.0,252.0,654.0,312.0,337.0,408.0,329.0
156.0,193.0,293.0,35.0,174.0,277.0,58.0,176.0,198.0,160.0,211.0,162.0,102.0,123.0,142.0
374.0,693.0,392.0,80.0,360.0,491.0,226.0,204.0,127.0,252.0,320.0,305.0,337.0,158.0,455.0
129.0,129.0,260.0,27.0,277.0,230.0,147.0,156.0,252.0,141.0,188.0,101.0,59.0,107.0,69.0
122.0,106.0,242.0,24.0,132.0,215.0,45.0,124.0,163.0,132.0,165.0,126.0,85.0,129.0,81.0
133.0,141.0,263.0,29.0,176.0,249.0,58.0,163.0,178.0,147.0,165.0,113.0,102.0,92.0,175.0
158.0,207.0,283.0,33.0,184.0,293.0,61.0,200.0,184.0,156.0,208.0,68.0,122.0,145.0,142.0
152.0,179.0,346.0,33.0,258.0,259.0,61.0,92.0,547.0,202.0,262.0,249.0,127.0,66.0,229.0
104.0,90.0,223.0,18.0,100.0,203.0,32.0,92.0,122.0,112.0,128.0,100.0,51.0,16.0,80.0
237.0,322.0,351.0,67.0,310.0,297.0,174.0,39.0,333.0,227.0,414.0,287.0,284.0,24.0,329.0
236.0,325.0,361.0,66.0,168.0,445.0,247.0,251.0,341.0,227.0,297.0,280.0,284.0,184.0,125.0
112.0,89.0,224.0,21.0,123.0,200.0,40.0,98.0,139.0,120.0,152.0,115.0,59.0,145.0,201.0
202.0,261.0,279.0,51.0,410.0,362.0,230.0,160.0,311.0,184.0,211.0,207.0,219.0,106.0,473.0
97.0,55.0,201.0,16.0,260.0,155.0,29.0,508.0,117.0,106.0,87.0,196.0,46.0,291.0,238.0
182.0,233.0,266.0,49.0,230.0,319.0,95.0,154.0,252.0,156.0,200.0,175.0,195.0,90.0,201.0
100.0,62.0,214.0,17.0,132.0,156.0,45.0,144.0,141.0,108.0,128.0,100.0,85.0,95.0,45.0
212.0,332.0,311.0,45.0,200.0,429.0,98.0,144.0,197.0,187.0,248.0,138.0,200.0,95.0,179.0
92.0,47.0,207.0,16.0,80.0,127.0,23.0,78.0,187.0,106.0,122.0,91.0,42.0,65.0,44.0
236.0,322.0,363.0,66.0,229.0,296.0,86.0,277.0,69.0,225.0,272.0,282.0,284.0,159.0,190.0
233.0,317.0,488.0,56.0,260.0,393.0,129.0,290.0,293.0,300.0,400.0,387.0,195.0,269.0,238.0
205.0,276.0,336.0,55.0,186.0,358.0,121.0,10.0,302.0,198.0,245.0,241.0,256.0,12.0,155.0
288.0,115.0,447.0,95.0,434.0,220.0,253.0,306.0,452.0,273.0,414.0,325.0,438.0,218.0,566.0
244.0,338.0,360.0,70.0,312.0,429.0,198.0,240.0,333.0,228.0,274.0,287.0,288.0,184.0,331.0
87.0,48.0,590.0,15.0,73.0,191.0,19.0,476.0,132.0,112.0,400.0,100.0,40.0,321.0,54.0
181.0,235.0,323.0,51.0,253.0,320.0,106.0,204.0,272.0,190.0,243.0,228.0,212.0,245.0,220.0
120.0,95.0,224.0,23.0,262.0,208.0,45.0,124.0,163.0,120.0,13.0,114.0,85.0,81.0,246.0
124.0,129.0,252.0,24.0,138.0,159.0,46.0,141.0,163.0,137.0,176.0,138.0,89.0,101.0,114.0
100.0,62.0,170.0,17.0,89.0,156.0,30.0,31.0,120.0,75.0,8.0,50.0,46.0,21.0,12.0
375.0,709.0,322.0,17.0,89.0,422.0,32.0,176.0,120.0,107.0,241.0,92.0,47.0,129.0,74.0
288.0,323.0,457.0,95.0,288.0,393.0,165.0,620.0,466.0,275.0,366.0,175.0,272.0,477.0,307.0
270.0,301.0,414.0,86.0,106.0,390.0,98.0,296.0,430.0,265.0,325.0,323.0,408.0,192.0,87.0
205.0,276.0,385.0,51.0,227.0,365.0,94.0,296.0,168.0,191.0,218.0,228.0,191.0,208.0,183.0
92.0,21.0,207.0,15.0,83.0,255.0,24.0,80.0,103.0,106.0,149.0,91.0,42.0,57.0,172.0
270.0,376.0,661.0,91.0,83.0,276.0,24.0,509.0,454.0,368.0,640.0,580.0,43.0,390.0,95.0
156.0,193.0,283.0,34.0,202.0,276.0,75.0,146.0,46.0,156.0,210.0,178.0,150.0,71.0,84.0
181.0,234.0,317.0,45.0,243.0,479.0,99.0,204.0,205.0,188.0,240.0,298.0,202.0,149.0,215.0
236.0,323.0,313.0,45.0,242.0,388.0,99.0,205.0,233.0,187.0,234.0,207.0,200.0,173.0,214.0
123.0,169.0,239.0,23.0,176.0,255.0,45.0,104.0,147.0,132.0,220.0,173.0,84.0,72.0,154.0
97.0,56.0,207.0,16.0,73.0,155.0,23.0,80.0,109.0,106.0,126.0,124.0,42.0,58.0,45.0
140.0,214.0,266.0,29.0,181.0,296.0,65.0,154.0,168.0,144.0,187.0,156.0,101.0,102.0,156.0
160.0,222.0,294.0,36.0,216.0,308.0,67.0,181.0,293.0,167.0,241.0,186.0,161.0,129.0,175.0
103.0,72.0,222.0,18.0,117.0,155.0,35.0,572.0,122.0,113.0,419.0,125.0,51.0,458.0,93.0
206.0,278.0,475.0,110.0,50.0,369.0,35.0,331.0,571.0,300.0,394.0,220.0,678.0,255.0,30.0
163.0,212.0,372.0,71.0,47.0,294.0,2.0,285.0,452.0,243.0,298.0,163.0,639.0,185.0,12.0
270.0,367.0,414.0,86.0,341.0,430.0,237.0,312.0,551.0,265.0,320.0,330.0,419.0,328.0,406.0
165.0,174.0,326.0,38.0,202.0,256.0,75.0,205.0,213.0,174.0,207.0,151.0,174.0,162.0,173.0
163.0,235.0,303.0,41.0,175.0,706.0,126.0,194.0,297.0,176.0,240.0,204.0,191.0,312.0,125.0
87.0,43.0,187.0,16.0,128.0,127.0,45.0,49.0,117.0,82.0,87.0,81.0,47.0,27.0,99.0
163.0,215.0,300.0,40.0,73.0,296.0,23.0,189.0,223.0,176.0,130.0,204.0,181.0,133.0,74.0
196.0,259.0,281.0,33.0,212.0,348.0,86.0,156.0,180.0,154.0,200.0,186.0,176.0,106.0,179.0
229.0,367.0,382.0,61.0,288.0,430.0,165.0,285.0,333.0,246.0,243.0,302.0,272.0,312.0,307.0
333.0,618.0,507.0,133.0,229.0,518.0,222.0,384.0,571.0,311.0,410.0,446.0,336.0,111.0,202.0
333.0,618.0,507.0,133.0,238.0,277.0,391.0,363.0,570.0,306.0,408.0,190.0,590.0,271.0,216.0
156.0,205.0,292.0,35.0,161.0,289.0,75.0,176.0,205.0,156.0,210.0,178.0,150.0,123.0,124.0
154.0,188.0,582.0,34.0,189.0,268.0,67.0,459.0,223.0,408.0,509.0,799.0,139.0,314.0,144.0
288.0,461.0,481.0,95.0,445.0,486.0,254.0,327.0,466.0,296.0,387.0,330.0,444.0,248.0,574.0
212.0,235.0,310.0,58.0,202.0,341.0,143.0,198.0,296.0,201.0,234.0,246.0,269.0,184.0,173.0
410.0,756.0,582.0,182.0,524.0,741.0,274.0,470.0,638.0,404.0,509.0,681.0,515.0,319.0,181.0
129.0,133.0,242.0,24.0,132.0,241.0,45.0,115.0,163.0,132.0,165.0,127.0,85.0,79.0,107.0
123.0,109.0,242.0,23.0,181.0,216.0,62.0,130.0,145.0,132.0,165.0,126.0,76.0,96.0,157.0
102.0,48.0,355.0,85.0,252.0,155.0,226.0,620.0,425.0,223.0,290.0,246.0,344.0,555.0,212.0
210.0,222.0,346.0,57.0,261.0,308.0,127.0,223.0,579.0,201.0,261.0,248.0,259.0,180.0,242.0
163.0,212.0,382.0,36.0,261.0,215.0,50.0,296.0,223.0,246.0,309.0,254.0,168.0,305.0,242.0
115.0,95.0,661.0,307.0,601.0,206.0,40.0,509.0,638.0,524.0,236.0,196.0,999.0,491.0,808.0
81.0,43.0,310.0,60.0,279.0,127.0,150.0,214.0,302.0,246.0,234.0,301.0,272.0,107.0,247.0
73.0,37.0,72.0,6.0,47.0,82.0,9.0,572.0,38.0,67.0,8.0,61.0,27.0,331.0,32.0
126.0,164.0,252.0,25.0,161.0,255.0,50.0,103.0,168.0,137.0,100.0,138.0,92.0,72.0,126.0
83.0,43.0,126.0,6.0,45.0,211.0,9.0,183.0,34.0,63.0,50.0,47.0,19.0,133.0,31.0
288.0,461.0,590.0,95.0,203.0,491.0,276.0,476.0,466.0,275.0,681.0,312.0,444.0,409.0,155.0
92.0,53.0,258.0,23.0,128.0,143.0,42.0,141.0,145.0,144.0,188.0,163.0,76.0,111.0,172.0
375.0,694.0,336.0,60.0,252.0,687.0,147.0,206.0,311.0,203.0,130.0,257.0,269.0,134.0,275.0
167.0,225.0,300.0,45.0,234.0,310.0,96.0,292.0,227.0,176.0,243.0,197.0,195.0,208.0,307.0
485.0,320.0,208.0,243.0,253.0,315.0,101.0,83.0,210.0,346.0,122.0,456.0,181.0,65.0,74.0
330.0,590.0,361.0,77.0,476.0,534.0,217.0,266.0,281.0,227.0,295.0,282.0,331.0,186.0,55.0
211.0,316.0,346.0,57.0,252.0,397.0,105.0,297.0,222.0,201.0,244.0,248.0,284.0,218.0,140.0
96.0,55.0,207.0,16.0,85.0,154.0,29.0,73.0,111.0,108.0,119.0,98.0,45.0,72.0,66.0
154.0,48.0,283.0,34.0,54.0,143.0,70.0,168.0,193.0,154.0,207.0,173.0,145.0,122.0,43.0
76.0,36.0,130.0,8.0,45.0,221.0,5.0,26.0,999.0,76.0,29.0,76.0,25.0,17.0,30.0
137.0,188.0,481.0,29.0,174.0,348.0,5.0,342.0,170.0,147.0,387.0,162.0,102.0,258.0,131.0
134.0,145.0,256.0,29.0,242.0,256.0,99.0,186.0,170.0,151.0,187.0,162.0,196.0,132.0,192.0
122.0,104.0,346.0,24.0,132.0,212.0,45.0,223.0,163.0,136.0,249.0,301.0,84.0,613.0,94.0
119.0,105.0,246.0,23.0,177.0,212.0,65.0,130.0,163.0,132.0,164.0,127.0,102.0,87.0,157.0
410.0,764.0,549.0,159.0,723.0,767.0,444.0,420.0,117.0,368.0,468.0,580.0,751.0,255.0,699.0
270.0,376.0,180.0,6.0,176.0,369.0,61.0,39.0,33.0,61.0,64.0,186.0,116.0,24.0,148.0
196.0,257.0,312.0,51.0,229.0,348.0,92.0,197.0,205.0,139.0,238.0,207.0,181.0,148.0,190.0
169.0,261.0,351.0,40.0,229.0,270.0,96.0,241.0,223.0,214.0,272.0,155.0,181.0,180.0,192.0
246.0,320.0,363.0,70.0,280.0,404.0,139.0,280.0,290.0,230.0,298.0,288.0,264.0,205.0,148.0
92.0,55.0,130.0,20.0,112.0,407.0,35.0,31.0,103.0,92.0,29.0,76.0,55.0,20.0,89.0
237.0,323.0,255.0,61.0,310.0,393.0,180.0,156.0,296.0,176.0,179.0,203.0,272.0,81.0,322.0
73.0,42.0,125.0,7.0,117.0,103.0,6.0,27.0,46.0,57.0,20.0,23.0,23.0,17.0,89.0
163.0,235.0,491.0,36.0,181.0,333.0,61.0,346.0,233.0,306.0,250.0,430.0,161.0,256.0,154.0
113.0,90.0,201.0,21.0,202.0,200.0,40.0,61.0,139.0,141.0,100.0,149.0,73.0,58.0,173.0
178.0,231.0,267.0,45.0,191.0,319.0,69.0,111.0,227.0,187.0,200.0,207.0,195.0,81.0,157.0
376.0,709.0,580.0,183.0,365.0,687.0,629.0,476.0,500.0,404.0,508.0,799.0,888.0,321.0,329.0
129.0,194.0,300.0,29.0,86.0,312.0,29.0,192.0,173.0,176.0,238.0,190.0,101.0,145.0,69.0
206.0,284.0,346.0,56.0,288.0,404.0,165.0,223.0,293.0,201.0,257.0,246.0,272.0,173.0,297.0
113.0,90.0,105.0,21.0,123.0,200.0,40.0,154.0,141.0,129.0,27.0,118.0,68.0,116.0,64.0
163.0,214.0,201.0,36.0,211.0,324.0,95.0,61.0,210.0,85.0,87.0,76.0,171.0,28.0,175.0
114.0,95.0,125.0,22.0,134.0,211.0,40.0,130.0,171.0,58.0,13.0,138.0,70.0,158.0,110.0
100.0,64.0,661.0,17.0,89.0,155.0,30.0,508.0,120.0,112.0,681.0,105.0,46.0,409.0,73.0
133.0,182.0,208.0,17.0,89.0,261.0,30.0,83.0,119.0,356.0,122.0,446.0,48.0,41.0,73.0
122.0,43.0,536.0,110.0,47.0,154.0,6.0,415.0,178.0,347.0,458.0,81.0,26.0,491.0,32.0
210.0,284.0,355.0,65.0,261.0,373.0,170.0,204.0,314.0,223.0,286.0,280.0,284.0,149.0,234.0
178.0,231.0,356.0,45.0,89.0,310.0,30.0,251.0,227.0,223.0,295.0,277.0,195.0,240.0,72.0
330.0,221.0,385.0,117.0,261.0,289.0,382.0,285.0,551.0,247.0,302.0,303.0,588.0,202.0,242.0
376.0,718.0,224.0,41.0,260.0,687.0,121.0,181.0,224.0,184.0,149.0,204.0,260.0,145.0,238.0
73.0,37.0,142.0,6.0,86.0,103.0,32.0,31.0,76.0,63.0,387.0,47.0,49.0,218.0,69.0
154.0,188.0,224.0,33.0,157.0,294.0,50.0,98.0,119.0,154.0,204.0,185.0,128.0,72.0,122.0
211.0,300.0,111.0,3.0,43.0,490.0,0.0,26.0,12.0,42.0,13.0,126.0,0.0,16.0,25.0
210.0,284.0,111.0,57.0,43.0,374.0,138.0,31.0,293.0,201.0,419.0,248.0,264.0,17.0,25.0
271.0,406.0,440.0,87.0,175.0,349.0,217.0,509.0,188.0,269.0,87.0,241.0,406.0,408.0,160.0
83.0,43.0,201.0,12.0,104.0,445.0,39.0,620.0,98.0,83.0,88.0,323.0,35.0,491.0,87.0
100.0,63.0,208.0,17.0,89.0,156.0,30.0,83.0,122.0,108.0,122.0,100.0,46.0,64.0,71.0
224.0,304.0,313.0,50.0,45.0,388.0,108.0,292.0,252.0,190.0,226.0,197.0,211.0,205.0,44.0
232.0,106.0,855.0,61.0,100.0,215.0,166.0,885.0,296.0,871.0,999.0,999.0,273.0,41.0,91.0
152.0,180.0,204.0,33.0,112.0,260.0,35.0,62.0,187.0,154.0,119.0,173.0,55.0,491.0,87.0
206.0,301.0,339.0,55.0,310.0,373.0,166.0,214.0,288.0,199.0,250.0,244.0,256.0,174.0,329.0
270.0,27.0,298.0,85.0,230.0,56.0,18.0,183.0,430.0,247.0,206.0,303.0,494.0,134.0,202.0
171.0,232.0,303.0,41.0,229.0,319.0,99.0,186.0,223.0,176.0,232.0,193.0,202.0,82.0,201.0
104.0,78.0,316.0,17.0,117.0,203.0,35.0,201.0,122.0,188.0,239.0,220.0,59.0,146.0,89.0
178.0,200.0,184.0,14.0,237.0,280.0,76.0,45.0,99.0,101.0,287.0,50.0,36.0,25.0,213.0
133.0,137.0,263.0,33.0,176.0,280.0,61.0,149.0,184.0,147.0,173.0,162.0,122.0,131.0,122.0
156.0,207.0,283.0,34.0,278.0,319.0,78.0,0.0,173.0,156.0,207.0,181.0,149.0,12.0,262.0
270.0,72.0,476.0,91.0,117.0,155.0,243.0,341.0,454.0,293.0,0.0,348.0,419.0,314.0,83.0
182.0,238.0,336.0,50.0,211.0,373.0,95.0,280.0,188.0,197.0,241.0,304.0,196.0,201.0,175.0
319.0,188.0,487.0,109.0,524.0,277.0,274.0,440.0,480.0,296.0,394.0,374.0,524.0,312.0,699.0
157.0,205.0,536.0,35.0,288.0,288.0,75.0,331.0,198.0,160.0,458.0,47.0,155.0,255.0,274.0
86.0,48.0,336.0,51.0,503.0,143.0,274.0,206.0,314.0,197.0,249.0,241.0,529.0,312.0,678.0
214.0,194.0,313.0,58.0,181.0,260.0,147.0,195.0,297.0,188.0,238.0,221.0,269.0,179.0,172.0
330.0,406.0,550.0,128.0,503.0,445.0,570.0,431.0,551.0,358.0,470.0,280.0,590.0,300.0,275.0
187.0,55.0,336.0,51.0,275.0,238.0,106.0,156.0,270.0,197.0,248.0,240.0,211.0,167.0,250.0
123.0,21.0,251.0,25.0,145.0,182.0,50.0,84.0,187.0,137.0,173.0,137.0,92.0,62.0,87.0
169.0,227.0,316.0,45.0,237.0,333.0,99.0,214.0,233.0,188.0,241.0,212.0,200.0,162.0,307.0
268.0,225.0,481.0,80.0,735.0,310.0,444.0,342.0,314.0,296.0,387.0,355.0,309.0,258.0,12.0
101.0,55.0,105.0,18.0,261.0,155.0,107.0,0.0,122.0,25.0,160.0,0.0,101.0,0.0,242.0
121.0,76.0,311.0,23.0,89.0,216.0,30.0,197.0,162.0,132.0,238.0,190.0,51.0,137.0,71.0
187.0,135.0,356.0,51.0,253.0,241.0,107.0,264.0,270.0,191.0,287.0,228.0,214.0,180.0,220.0
241.0,320.0,385.0,77.0,280.0,144.0,165.0,292.0,431.0,247.0,321.0,303.0,303.0,208.0,242.0
211.0,331.0,339.0,61.0,288.0,390.0,170.0,216.0,164.0,199.0,257.0,246.0,284.0,159.0,131.0
168.0,225.0,300.0,38.0,253.0,310.0,101.0,187.0,222.0,176.0,240.0,214.0,176.0,184.0,216.0
206.0,276.0,350.0,53.0,188.0,362.0,166.0,240.0,227.0,213.0,274.0,264.0,273.0,184.0,156.0
178.0,219.0,183.0,45.0,261.0,297.0,107.0,45.0,119.0,83.0,110.0,25.0,196.0,21.0,242.0
103.0,76.0,222.0,18.0,117.0,112.0,37.0,92.0,122.0,113.0,88.0,105.0,51.0,65.0,93.0
167.0,221.0,190.0,11.0,112.0,277.0,35.0,51.0,95.0,84.0,88.0,76.0,55.0,27.0,87.0
256.0,332.0,374.0,71.0,503.0,429.0,226.0,290.0,357.0,243.0,307.0,316.0,337.0,205.0,699.0
428.0,756.0,528.0,143.0,47.0,373.0,15.0,251.0,571.0,322.0,230.0,457.0,678.0,218.0,43.0
71.0,27.0,142.0,6.0,89.0,767.0,30.0,31.0,33.0,63.0,0.0,47.0,43.0,17.0,74.0
191.0,249.0,414.0,86.0,310.0,348.0,171.0,459.0,425.0,264.0,326.0,316.0,284.0,314.0,322.0
91.0,55.0,207.0,15.0,75.0,144.0,23.0,73.0,122.0,106.0,208.0,101.0,42.0,55.0,42.0
77.0,41.0,263.0,33.0,216.0,175.0,67.0,476.0,171.0,147.0,215.0,156.0,139.0,491.0,180.0
101.0,64.0,207.0,6.0,37.0,155.0,5.0,80.0,999.0,106.0,120.0,92.0,10.0,57.0,12.0
0.0,0.0,224.0,0.0,45.0,0.0,18.0,197.0,0.0,120.0,658.0,95.0,10.0,145.0,32.0
374.0,693.0,481.0,109.0,322.0,390.0,274.0,342.0,503.0,296.0,387.0,374.0,529.0,258.0,247.0
156.0,194.0,294.0,35.0,203.0,294.0,76.0,94.0,198.0,165.0,218.0,167.0,155.0,65.0,155.0
139.0,163.0,208.0,29.0,258.0,268.0,58.0,83.0,177.0,112.0,122.0,101.0,102.0,57.0,240.0
160.0,281.0,481.0,97.0,476.0,348.0,262.0,342.0,483.0,293.0,387.0,353.0,464.0,258.0,808.0
137.0,145.0,263.0,29.0,104.0,247.0,34.0,149.0,178.0,147.0,366.0,101.0,92.0,412.0,85.0
182.0,238.0,322.0,50.0,230.0,344.0,48.0,39.0,252.0,188.0,241.0,221.0,92.0,25.0,201.0
180.0,233.0,590.0,182.0,410.0,320.0,237.0,440.0,503.0,404.0,483.0,799.0,464.0,245.0,469.0
80.0,41.0,648.0,11.0,102.0,280.0,19.0,493.0,296.0,411.0,681.0,803.0,33.0,333.0,82.0
167.0,200.0,313.0,45.0,226.0,280.0,94.0,198.0,227.0,188.0,241.0,428.0,191.0,192.0,175.0
271.0,403.0,111.0,89.0,524.0,462.0,237.0,26.0,466.0,271.0,130.0,323.0,406.0,16.0,32.0
154.0,185.0,283.0,33.0,188.0,268.0,67.0,168.0,191.0,154.0,207.0,304.0,136.0,132.0,156.0
233.0,331.0,353.0,65.0,310.0,418.0,174.0,251.0,314.0,112.0,286.0,100.0,284.0,184.0,329.0
211.0,55.0,347.0,57.0,310.0,143.0,180.0,232.0,288.0,202.0,295.0,127.0,284.0,88.0,32.0
83.0,41.0,392.0,85.0,344.0,328.0,222.0,306.0,454.0,252.0,321.0,312.0,336.0,208.0,422.0
123.0,109.0,336.0,36.0,211.0,212.0,78.0,205.0,223.0,165.0,245.0,185.0,161.0,152.0,220.0
257.0,346.0,395.0,71.0,322.0,390.0,213.0,297.0,363.0,243.0,139.0,301.0,309.0,217.0,198.0
428.0,709.0,657.0,177.0,229.0,687.0,85.0,718.0,601.0,374.0,236.0,582.0,905.0,412.0,190.0
83.0,43.0,201.0,13.0,50.0,143.0,19.0,61.0,99.0,92.0,100.0,76.0,36.0,35.0,91.0
163.0,331.0,312.0,38.0,230.0,333.0,86.0,420.0,215.0,174.0,238.0,197.0,176.0,24.0,201.0
158.0,200.0,326.0,51.0,262.0,280.0,150.0,205.0,227.0,191.0,243.0,228.0,211.0,107.0,242.0
126.0,131.0,240.0,27.0,85.0,259.0,50.0,110.0,168.0,129.0,157.0,126.0,95.0,76.0,64.0
999.0,999.0,999.0,999.0,999.0,999.0,999.0,565.0,999.0,999.0,411.0,705.0,999.0,458.0,999.0
288.0,338.0,206.0,95.0,446.0,393.0,258.0,65.0,457.0,289.0,110.0,348.0,450.0,314.0,566.0
154.0,193.0,294.0,34.0,174.0,255.0,70.0,180.0,193.0,156.0,206.0,175.0,145.0,170.0,134.0
235.0,185.0,360.0,65.0,524.0,268.0,274.0,266.0,314.0,223.0,295.0,280.0,288.0,186.0,333.0
183.0,235.0,323.0,51.0,253.0,333.0,107.0,377.0,145.0,192.0,245.0,221.0,212.0,292.0,220.0
196.0,261.0,396.0,51.0,288.0,393.0,99.0,290.0,292.0,356.0,414.0,304.0,204.0,196.0,248.0
232.0,306.0,326.0,63.0,292.0,388.0,166.0,342.0,313.0,203.0,245.0,263.0,273.0,312.0,307.0
257.0,325.0,283.0,77.0,217.0,203.0,82.0,168.0,199.0,154.0,207.0,172.0,176.0,119.0,180.0
214.0,301.0,346.0,58.0,278.0,365.0,147.0,175.0,296.0,201.0,262.0,241.0,269.0,123.0,469.0
178.0,235.0,320.0,45.0,248.0,306.0,105.0,280.0,233.0,188.0,222.0,212.0,209.0,201.0,216.0
130.0,137.0,263.0,29.0,165.0,249.0,54.0,149.0,171.0,147.0,200.0,158.0,101.0,555.0,213.0
73.0,585.0,180.0,7.0,446.0,521.0,5.0,39.0,46.0,75.0,64.0,105.0,25.0,64.0,582.0
288.0,461.0,514.0,95.0,200.0,490.0,237.0,392.0,466.0,273.0,414.0,303.0,406.0,291.0,142.0
167.0,249.0,208.0,38.0,212.0,348.0,79.0,80.0,223.0,101.0,100.0,76.0,175.0,58.0,175.0
100.0,42.0,215.0,17.0,89.0,154.0,1.0,83.0,117.0,112.0,128.0,101.0,12.0,62.0,74.0
129.0,130.0,142.0,5.0,43.0,254.0,6.0,31.0,111.0,71.0,189.0,58.0,26.0,57.0,248.0
86.0,71.0,204.0,14.0,98.0,159.0,29.0,59.0,105.0,99.0,119.0,76.0,47.0,41.0,77.0
317.0,434.0,507.0,133.0,100.0,484.0,217.0,377.0,425.0,311.0,410.0,423.0,515.0,491.0,84.0
266.0,317.0,385.0,70.0,203.0,393.0,75.0,273.0,210.0,247.0,310.0,303.0,154.0,192.0,331.0
152.0,214.0,190.0,33.0,128.0,293.0,42.0,32.0,184.0,154.0,126.0,167.0,127.0,28.0,102.0
330.0,590.0,476.0,97.0,104.0,213.0,33.0,205.0,428.0,293.0,373.0,353.0,52.0,583.0,55.0
114.0,87.0,208.0,22.0,15.0,191.0,1.0,82.0,141.0,106.0,122.0,236.0,4.0,333.0,12.0
114.0,95.0,240.0,22.0,122.0,205.0,39.0,103.0,145.0,129.0,128.0,126.0,70.0,72.0,94.0
295.0,461.0,252.0,96.0,434.0,486.0,253.0,140.0,466.0,296.0,176.0,355.0,444.0,91.0,566.0
264.0,118.0,303.0,41.0,58.0,221.0,77.0,194.0,222.0,176.0,238.0,203.0,145.0,134.0,44.0
122.0,115.0,293.0,24.0,132.0,215.0,45.0,176.0,119.0,136.0,211.0,101.0,84.0,125.0,99.0
156.0,130.0,296.0,34.0,175.0,272.0,58.0,183.0,180.0,167.0,234.0,187.0,113.0,116.0,341.0
229.0,304.0,355.0,35.0,200.0,389.0,75.0,251.0,199.0,160.0,215.0,338.0,154.0,184.0,172.0
115.0,115.0,476.0,248.0,410.0,289.0,243.0,327.0,107.0,411.0,410.0,803.0,406.0,218.0,32.0
86.0,55.0,111.0,3.0,15.0,156.0,1.0,163.0,12.0,42.0,182.0,220.0,4.0,66.0,4.0
137.0,163.0,303.0,29.0,45.0,270.0,9.0,194.0,222.0,176.0,234.0,221.0,109.0,134.0,31.0
319.0,261.0,507.0,109.0,145.0,468.0,230.0,364.0,501.0,296.0,408.0,374.0,494.0,88.0,116.0
287.0,717.0,379.0,58.0,277.0,498.0,147.0,285.0,297.0,201.0,310.0,244.0,269.0,555.0,248.0
330.0,203.0,528.0,112.0,258.0,280.0,184.0,415.0,271.0,322.0,597.0,457.0,579.0,491.0,127.0
139.0,163.0,279.0,30.0,104.0,249.0,34.0,155.0,178.0,153.0,204.0,163.0,54.0,107.0,84.0
134.0,145.0,564.0,29.0,174.0,213.0,58.0,16.0,178.0,147.0,508.0,156.0,103.0,16.0,160.0
237.0,323.0,316.0,45.0,175.0,407.0,119.0,201.0,253.0,188.0,204.0,98.0,238.0,156.0,192.0
83.0,41.0,215.0,20.0,104.0,102.0,33.0,84.0,109.0,112.0,128.0,101.0,52.0,64.0,119.0
146.0,169.0,278.0,31.0,310.0,256.0,61.0,155.0,164.0,151.0,201.0,162.0,122.0,106.0,297.0
100.0,62.0,208.0,17.0,100.0,156.0,33.0,200.0,120.0,108.0,286.0,101.0,47.0,312.0,81.0
330.0,304.0,511.0,133.0,448.0,388.0,253.0,391.0,503.0,316.0,414.0,446.0,438.0,308.0,351.0
244.0,323.0,294.0,70.0,331.0,404.0,444.0,181.0,347.0,230.0,208.0,353.0,923.0,130.0,406.0
270.0,188.0,336.0,51.0,100.0,259.0,32.0,392.0,237.0,196.0,245.0,100.0,45.0,296.0,81.0
104.0,89.0,208.0,17.0,85.0,203.0,28.0,82.0,139.0,99.0,122.0,76.0,46.0,64.0,71.0
256.0,332.0,661.0,153.0,123.0,182.0,382.0,509.0,198.0,411.0,400.0,76.0,726.0,305.0,96.0
237.0,322.0,142.0,67.0,303.0,390.0,171.0,31.0,333.0,227.0,50.0,282.0,284.0,21.0,190.0
154.0,193.0,187.0,33.0,211.0,270.0,67.0,47.0,194.0,82.0,87.0,69.0,139.0,26.0,175.0
330.0,227.0,386.0,112.0,89.0,315.0,274.0,293.0,571.0,252.0,320.0,303.0,583.0,208.0,73.0
270.0,391.0,438.0,86.0,83.0,460.0,485.0,342.0,430.0,271.0,338.0,323.0,380.0,258.0,55.0
115.0,95.0,550.0,23.0,117.0,206.0,35.0,431.0,145.0,374.0,470.0,582.0,73.0,308.0,87.0
105.0,145.0,215.0,17.0,89.0,250.0,30.0,84.0,122.0,112.0,128.0,118.0,46.0,72.0,72.0
374.0,693.0,488.0,137.0,723.0,534.0,396.0,353.0,571.0,306.0,400.0,470.0,639.0,314.0,144.0
176.0,187.0,252.0,24.0,137.0,418.0,46.0,140.0,164.0,137.0,175.0,181.0,89.0,72.0,111.0
271.0,409.0,293.0,70.0,255.0,479.0,107.0,176.0,271.0,223.0,189.0,323.0,176.0,79.0,229.0
210.0,284.0,411.0,97.0,160.0,373.0,226.0,299.0,501.0,264.0,88.0,316.0,464.0,292.0,118.0
152.0,210.0,281.0,33.0,275.0,293.0,50.0,165.0,187.0,154.0,206.0,165.0,95.0,133.0,242.0
410.0,756.0,582.0,182.0,203.0,741.0,75.0,470.0,425.0,408.0,470.0,799.0,150.0,409.0,175.0
77.0,41.0,657.0,8.0,47.0,102.0,9.0,509.0,76.0,81.0,176.0,68.0,27.0,331.0,119.0
178.0,221.0,311.0,45.0,157.0,348.0,53.0,738.0,122.0,188.0,238.0,220.0,200.0,493.0,119.0
156.0,188.0,570.0,35.0,242.0,741.0,217.0,469.0,199.0,408.0,203.0,803.0,726.0,311.0,214.0
316.0,515.0,487.0,109.0,429.0,200.0,261.0,363.0,501.0,296.0,387.0,374.0,500.0,271.0,566.0
154.0,188.0,461.0,30.0,191.0,270.0,67.0,251.0,180.0,151.0,387.0,163.0,128.0,184.0,157.0
103.0,72.0,300.0,20.0,100.0,160.0,33.0,176.0,127.0,176.0,225.0,197.0,54.0,123.0,81.0
137.0,56.0,336.0,29.0,128.0,155.0,19.0,212.0,178.0,147.0,245.0,158.0,40.0,308.0,99.0
96.0,55.0,215.0,17.0,117.0,154.0,37.0,84.0,122.0,112.0,128.0,134.0,45.0,57.0,94.0
114.0,108.0,239.0,17.0,88.0,215.0,30.0,104.0,120.0,129.0,154.0,126.0,46.0,72.0,0.0
81.0,40.0,187.0,11.0,45.0,86.0,9.0,32.0,86.0,83.0,87.0,72.0,33.0,17.0,31.0
154.0,373.0,267.0,30.0,168.0,445.0,46.0,140.0,178.0,151.0,200.0,162.0,89.0,91.0,153.0
196.0,259.0,361.0,67.0,310.0,422.0,180.0,266.0,333.0,227.0,220.0,282.0,284.0,192.0,329.0
270.0,338.0,414.0,86.0,253.0,437.0,230.0,206.0,428.0,265.0,326.0,317.0,369.0,159.0,213.0
158.0,205.0,283.0,35.0,161.0,288.0,53.0,264.0,199.0,167.0,245.0,178.0,156.0,130.0,179.0
375.0,694.0,514.0,137.0,311.0,656.0,382.0,384.0,570.0,319.0,400.0,456.0,590.0,305.0,333.0
147.0,145.0,222.0,30.0,176.0,256.0,61.0,92.0,182.0,147.0,245.0,163.0,122.0,292.0,154.0
266.0,372.0,657.0,217.0,200.0,445.0,75.0,481.0,210.0,416.0,582.0,355.0,905.0,328.0,172.0
152.0,76.0,266.0,33.0,89.0,156.0,29.0,146.0,195.0,154.0,200.0,175.0,95.0,96.0,32.0
156.0,154.0,283.0,34.0,117.0,253.0,50.0,168.0,188.0,156.0,225.0,174.0,92.0,106.0,93.0
114.0,108.0,239.0,16.0,434.0,215.0,26.0,103.0,105.0,106.0,157.0,101.0,44.0,72.0,566.0
83.0,43.0,201.0,12.0,55.0,127.0,18.0,62.0,122.0,92.0,100.0,76.0,36.0,35.0,43.0
103.0,71.0,747.0,19.0,89.0,160.0,32.0,704.0,105.0,660.0,833.0,249.0,54.0,493.0,74.0
271.0,391.0,411.0,87.0,277.0,460.0,276.0,299.0,419.0,264.0,325.0,322.0,408.0,312.0,250.0
156.0,180.0,290.0,34.0,176.0,260.0,75.0,187.0,194.0,156.0,210.0,167.0,155.0,133.0,154.0
87.0,48.0,180.0,3.0,341.0,235.0,220.0,45.0,12.0,25.0,64.0,0.0,276.0,25.0,172.0
102.0,71.0,311.0,23.0,128.0,159.0,42.0,197.0,145.0,184.0,236.0,207.0,76.0,137.0,110.0
182.0,235.0,283.0,33.0,191.0,211.0,69.0,175.0,177.0,154.0,207.0,101.0,140.0,132.0,170.0
124.0,129.0,639.0,25.0,89.0,220.0,48.0,322.0,170.0,411.0,509.0,894.0,92.0,247.0,126.0
246.0,284.0,363.0,70.0,313.0,315.0,203.0,277.0,363.0,238.0,299.0,282.0,303.0,201.0,99.0
414.0,515.0,590.0,217.0,150.0,439.0,50.0,476.0,109.0,416.0,470.0,856.0,905.0,321.0,118.0
73.0,21.0,180.0,7.0,105.0,175.0,33.0,32.0,24.0,75.0,63.0,125.0,52.0,21.0,158.0
236.0,76.0,356.0,66.0,191.0,159.0,237.0,264.0,330.0,223.0,241.0,287.0,284.0,192.0,157.0
126.0,130.0,258.0,26.0,175.0,213.0,50.0,141.0,171.0,144.0,182.0,158.0,92.0,92.0,144.0
270.0,373.0,414.0,86.0,216.0,448.0,203.0,201.0,428.0,265.0,326.0,317.0,303.0,146.0,178.0
80.0,41.0,187.0,9.0,45.0,102.0,9.0,49.0,76.0,82.0,87.0,125.0,33.0,184.0,31.0
83.0,47.0,204.0,16.0,200.0,112.0,46.0,59.0,111.0,106.0,108.0,92.0,46.0,62.0,172.0
196.0,259.0,323.0,51.0,226.0,358.0,94.0,181.0,81.0,193.0,244.0,236.0,195.0,130.0,183.0
376.0,717.0,488.0,146.0,227.0,706.0,95.0,353.0,571.0,300.0,400.0,460.0,693.0,269.0,183.0
264.0,367.0,360.0,80.0,723.0,439.0,396.0,264.0,81.0,228.0,320.0,287.0,590.0,269.0,69.0
77.0,41.0,184.0,8.0,47.0,86.0,9.0,45.0,117.0,81.0,87.0,68.0,27.0,25.0,32.0
206.0,108.0,337.0,56.0,208.0,215.0,78.0,251.0,292.0,199.0,250.0,244.0,161.0,162.0,175.0
485.0,207.0,693.0,243.0,17.0,280.0,5.0,198.0,141.0,524.0,658.0,911.0,923.0,131.0,9.0
270.0,41.0,528.0,86.0,310.0,155.0,172.0,398.0,430.0,265.0,414.0,317.0,380.0,305.0,119.0
121.0,130.0,256.0,23.0,85.0,348.0,38.0,144.0,162.0,140.0,187.0,138.0,70.0,96.0,64.0
288.0,461.0,223.0,53.0,277.0,767.0,138.0,194.0,281.0,188.0,119.0,212.0,264.0,145.0,250.0
92.0,55.0,224.0,13.0,55.0,143.0,18.0,204.0,105.0,108.0,165.0,98.0,36.0,150.0,32.0
196.0,257.0,332.0,51.0,260.0,348.0,121.0,212.0,272.0,193.0,245.0,236.0,252.0,412.0,238.0
97.0,55.0,187.0,16.0,104.0,155.0,33.0,0.0,117.0,82.0,309.0,68.0,46.0,12.0,31.0
163.0,212.0,293.0,36.0,238.0,294.0,78.0,176.0,199.0,160.0,211.0,214.0,158.0,132.0,214.0
244.0,323.0,111.0,97.0,569.0,429.0,253.0,26.0,503.0,278.0,5.0,346.0,494.0,25.0,818.0
83.0,43.0,208.0,13.0,65.0,155.0,19.0,83.0,81.0,106.0,123.0,105.0,36.0,71.0,44.0
237.0,323.0,461.0,67.0,112.0,437.0,35.0,323.0,330.0,227.0,366.0,282.0,284.0,248.0,87.0
134.0,276.0,293.0,35.0,206.0,358.0,77.0,175.0,198.0,160.0,211.0,185.0,155.0,123.0,175.0
163.0,215.0,294.0,36.0,216.0,296.0,78.0,32.0,210.0,167.0,214.0,187.0,161.0,21.0,175.0
152.0,317.0,283.0,33.0,723.0,393.0,396.0,205.0,184.0,154.0,207.0,178.0,726.0,129.0,582.0
80.0,41.0,208.0,16.0,415.0,118.0,237.0,78.0,117.0,106.0,0.0,95.0,76.0,57.0,172.0
270.0,406.0,414.0,86.0,226.0,308.0,92.0,299.0,428.0,264.0,325.0,312.0,380.0,26.0,181.0
114.0,90.0,530.0,133.0,105.0,216.0,35.0,470.0,483.0,311.0,419.0,449.0,583.0,319.0,87.0
86.0,28.0,206.0,15.0,128.0,227.0,39.0,73.0,103.0,103.0,100.0,81.0,70.0,57.0,134.0
97.0,56.0,207.0,17.0,85.0,155.0,30.0,59.0,119.0,106.0,120.0,98.0,46.0,184.0,89.0
104.0,78.0,252.0,24.0,145.0,197.0,50.0,140.0,164.0,137.0,177.0,138.0,92.0,76.0,117.0
376.0,717.0,476.0,137.0,311.0,706.0,184.0,341.0,570.0,408.0,234.0,374.0,656.0,88.0,334.0
429.0,844.0,183.0,185.0,344.0,479.0,126.0,186.0,483.0,404.0,128.0,705.0,288.0,133.0,422.0
169.0,225.0,372.0,40.0,126.0,310.0,40.0,285.0,223.0,184.0,84.0,207.0,181.0,202.0,139.0
103.0,55.0,487.0,18.0,104.0,155.0,28.0,476.0,122.0,296.0,333.0,374.0,42.0,555.0,84.0
114.0,95.0,240.0,22.0,117.0,200.0,38.0,110.0,145.0,129.0,449.0,125.0,70.0,77.0,89.0
181.0,234.0,316.0,45.0,248.0,324.0,101.0,201.0,237.0,188.0,240.0,214.0,204.0,145.0,156.0
168.0,225.0,255.0,38.0,280.0,310.0,86.0,141.0,223.0,154.0,176.0,172.0,174.0,87.0,274.0
271.0,403.0,438.0,87.0,445.0,462.0,243.0,316.0,518.0,271.0,338.0,330.0,408.0,241.0,574.0
102.0,71.0,187.0,18.0,89.0,159.0,30.0,32.0,141.0,192.0,88.0,248.0,48.0,245.0,107.0
114.0,259.0,661.0,22.0,118.0,259.0,38.0,493.0,141.0,381.0,640.0,799.0,70.0,331.0,99.0
257.0,331.0,385.0,77.0,47.0,358.0,217.0,293.0,223.0,247.0,189.0,302.0,331.0,218.0,63.0
104.0,78.0,224.0,19.0,85.0,254.0,33.0,98.0,99.0,120.0,123.0,127.0,54.0,66.0,66.0
375.0,693.0,657.0,143.0,100.0,663.0,106.0,508.0,363.0,368.0,400.0,580.0,678.0,339.0,80.0
104.0,95.0,294.0,17.0,104.0,206.0,32.0,176.0,122.0,151.0,189.0,241.0,49.0,132.0,85.0
124.0,129.0,530.0,27.0,217.0,221.0,61.0,403.0,171.0,139.0,419.0,105.0,123.0,275.0,218.0
129.0,130.0,263.0,29.0,168.0,143.0,54.0,149.0,173.0,147.0,203.0,173.0,102.0,101.0,127.0
124.0,129.0,257.0,25.0,138.0,160.0,46.0,146.0,103.0,103.0,245.0,244.0,76.0,167.0,116.0
181.0,180.0,313.0,49.0,45.0,260.0,9.0,200.0,288.0,188.0,206.0,220.0,33.0,149.0,30.0
126.0,131.0,201.0,25.0,151.0,235.0,48.0,59.0,168.0,138.0,100.0,151.0,90.0,180.0,144.0
115.0,95.0,239.0,23.0,118.0,214.0,40.0,103.0,145.0,144.0,128.0,105.0,73.0,72.0,94.0
233.0,322.0,372.0,65.0,310.0,372.0,147.0,186.0,311.0,214.0,386.0,303.0,284.0,130.0,566.0
73.0,27.0,170.0,33.0,228.0,56.0,85.0,32.0,184.0,106.0,57.0,91.0,176.0,25.0,178.0
181.0,234.0,316.0,46.0,229.0,324.0,94.0,130.0,139.0,188.0,234.0,218.0,200.0,55.0,190.0
129.0,95.0,258.0,29.0,200.0,210.0,46.0,148.0,147.0,144.0,295.0,167.0,101.0,96.0,118.0
429.0,376.0,701.0,243.0,161.0,448.0,50.0,313.0,330.0,595.0,110.0,911.0,923.0,173.0,116.0
102.0,89.0,111.0,18.0,100.0,191.0,32.0,26.0,122.0,112.0,8.0,100.0,49.0,16.0,83.0
271.0,403.0,411.0,86.0,83.0,462.0,226.0,280.0,430.0,265.0,325.0,316.0,344.0,296.0,56.0
176.0,229.0,313.0,50.0,191.0,319.0,69.0,200.0,253.0,188.0,232.0,221.0,140.0,145.0,148.0
211.0,225.0,693.0,248.0,261.0,310.0,121.0,565.0,165.0,580.0,200.0,894.0,238.0,442.0,242.0
101.0,62.0,208.0,18.0,83.0,155.0,28.0,83.0,122.0,112.0,215.0,100.0,45.0,62.0,55.0
83.0,43.0,279.0,32.0,32.0,261.0,5.0,160.0,184.0,154.0,248.0,167.0,19.0,106.0,12.0
138.0,174.0,187.0,29.0,208.0,227.0,78.0,62.0,178.0,82.0,123.0,158.0,108.0,57.0,154.0
374.0,693.0,514.0,137.0,723.0,206.0,396.0,316.0,571.0,319.0,411.0,456.0,588.0,241.0,234.0
257.0,346.0,488.0,73.0,181.0,437.0,61.0,353.0,454.0,300.0,402.0,387.0,330.0,269.0,190.0
235.0,346.0,355.0,65.0,310.0,373.0,172.0,273.0,314.0,223.0,286.0,288.0,284.0,193.0,242.0
80.0,41.0,190.0,11.0,37.0,103.0,2.0,59.0,81.0,82.0,91.0,124.0,33.0,21.0,12.0
92.0,27.0,204.0,15.0,88.0,225.0,53.0,62.0,105.0,103.0,110.0,98.0,429.0,35.0,604.0
206.0,284.0,348.0,56.0,262.0,373.0,226.0,738.0,293.0,207.0,274.0,263.0,337.0,496.0,246.0
83.0,43.0,852.0,15.0,75.0,118.0,19.0,756.0,103.0,188.0,366.0,214.0,40.0,510.0,43.0
410.0,756.0,550.0,159.0,360.0,518.0,230.0,470.0,638.0,358.0,470.0,47.0,726.0,314.0,202.0
123.0,109.0,240.0,24.0,176.0,261.0,61.0,111.0,95.0,129.0,165.0,167.0,89.0,72.0,154.0
111.0,27.0,311.0,21.0,54.0,155.0,18.0,251.0,134.0,120.0,236.0,124.0,36.0,184.0,42.0
77.0,41.0,206.0,8.0,45.0,56.0,9.0,73.0,81.0,81.0,123.0,68.0,27.0,55.0,31.0
24.0,135.0,0.0,0.0,123.0,241.0,40.0,0.0,0.0,0.0,0.0,113.0,73.0,0.0,96.0
125.0,130.0,511.0,110.0,310.0,230.0,129.0,384.0,518.0,311.0,410.0,325.0,149.0,510.0,333.0
80.0,41.0,183.0,11.0,58.0,102.0,16.0,0.0,122.0,83.0,63.0,76.0,33.0,16.0,44.0
183.0,331.0,317.0,49.0,255.0,425.0,99.0,201.0,223.0,188.0,240.0,220.0,202.0,146.0,229.0
270.0,376.0,374.0,86.0,415.0,42.0,230.0,601.0,428.0,246.0,252.0,244.0,369.0,312.0,262.0
83.0,43.0,294.0,11.0,45.0,124.0,15.0,186.0,99.0,83.0,218.0,76.0,33.0,107.0,31.0
330.0,89.0,363.0,133.0,445.0,155.0,254.0,266.0,551.0,311.0,299.0,298.0,444.0,185.0,574.0
196.0,261.0,336.0,51.0,257.0,362.0,108.0,313.0,276.0,192.0,241.0,221.0,238.0,219.0,234.0
999.0,999.0,999.0,999.0,999.0,999.0,999.0,999.0,999.0,999.0,402.0,346.0,999.0,999.0,999.0
375.0,694.0,240.0,140.0,601.0,663.0,382.0,109.0,571.0,322.0,165.0,457.0,656.0,72.0,55.0
154.0,188.0,336.0,33.0,175.0,445.0,54.0,206.0,191.0,154.0,245.0,175.0,25.0,158.0,144.0
152.0,222.0,283.0,33.0,191.0,308.0,69.0,168.0,187.0,154.0,206.0,167.0,140.0,107.0,144.0
257.0,348.0,238.0,20.0,184.0,439.0,61.0,103.0,95.0,120.0,208.0,118.0,55.0,79.0,155.0
271.0,590.0,395.0,80.0,429.0,429.0,226.0,297.0,425.0,252.0,298.0,338.0,344.0,217.0,566.0
147.0,235.0,549.0,32.0,177.0,333.0,61.0,420.0,168.0,154.0,468.0,165.0,122.0,308.0,154.0
180.0,233.0,239.0,49.0,237.0,333.0,99.0,104.0,252.0,136.0,226.0,76.0,202.0,107.0,187.0
376.0,718.0,532.0,146.0,117.0,767.0,29.0,391.0,601.0,347.0,509.0,460.0,678.0,303.0,63.0
105.0,89.0,242.0,16.0,73.0,521.0,19.0,111.0,109.0,132.0,191.0,126.0,40.0,81.0,66.0
129.0,137.0,382.0,78.0,341.0,333.0,222.0,290.0,232.0,246.0,310.0,355.0,336.0,24.0,322.0
377.0,764.0,532.0,148.0,89.0,741.0,30.0,406.0,568.0,347.0,449.0,470.0,46.0,305.0,74.0
152.0,179.0,283.0,33.0,189.0,259.0,67.0,168.0,188.0,154.0,207.0,172.0,136.0,159.0,153.0
83.0,42.0,379.0,14.0,224.0,388.0,58.0,292.0,98.0,306.0,320.0,395.0,40.0,208.0,178.0
252.0,331.0,360.0,87.0,189.0,425.0,237.0,292.0,330.0,264.0,287.0,317.0,406.0,208.0,157.0
163.0,133.0,257.0,31.0,145.0,241.0,50.0,146.0,180.0,154.0,187.0,164.0,122.0,81.0,116.0
154.0,185.0,283.0,33.0,174.0,268.0,58.0,168.0,173.0,154.0,207.0,178.0,103.0,122.0,31.0
178.0,233.0,360.0,91.0,445.0,320.0,254.0,154.0,457.0,246.0,214.0,307.0,444.0,107.0,455.0
137.0,104.0,476.0,29.0,161.0,212.0,53.0,341.0,171.0,147.0,157.0,158.0,101.0,256.0,119.0
84.0,41.0,187.0,11.0,288.0,112.0,165.0,47.0,147.0,83.0,274.0,68.0,33.0,26.0,240.0
182.0,241.0,549.0,50.0,238.0,297.0,99.0,438.0,252.0,356.0,470.0,240.0,209.0,12.0,213.0
119.0,92.0,240.0,23.0,128.0,212.0,42.0,110.0,158.0,129.0,160.0,162.0,76.0,77.0,93.0
124.0,135.0,252.0,25.0,151.0,249.0,50.0,154.0,172.0,138.0,176.0,138.0,92.0,102.0,116.0
73.0,55.0,126.0,6.0,17.0,143.0,2.0,31.0,170.0,61.0,20.0,105.0,5.0,41.0,99.0
84.0,137.0,550.0,17.0,88.0,249.0,30.0,431.0,120.0,114.0,470.0,317.0,47.0,311.0,71.0
115.0,95.0,252.0,23.0,112.0,211.0,35.0,140.0,141.0,137.0,164.0,133.0,73.0,91.0,87.0
156.0,229.0,187.0,35.0,261.0,341.0,121.0,47.0,197.0,82.0,91.0,203.0,195.0,24.0,242.0
70.0,48.0,130.0,6.0,150.0,348.0,50.0,31.0,107.0,63.0,27.0,47.0,12.0,20.0,94.0
163.0,215.0,323.0,36.0,15.0,297.0,82.0,204.0,210.0,176.0,241.0,193.0,171.0,150.0,4.0
196.0,259.0,293.0,51.0,227.0,144.0,170.0,176.0,271.0,196.0,211.0,127.0,238.0,123.0,183.0
126.0,131.0,507.0,27.0,65.0,238.0,53.0,377.0,171.0,141.0,408.0,181.0,101.0,28.0,114.0
202.0,203.0,317.0,51.0,255.0,280.0,107.0,202.0,270.0,191.0,240.0,228.0,212.0,132.0,220.0
76.0,41.0,125.0,15.0,73.0,102.0,19.0,39.0,86.0,57.0,220.0,25.0,40.0,24.0,55.0
86.0,48.0,208.0,15.0,75.0,133.0,22.0,82.0,34.0,106.0,203.0,91.0,40.0,57.0,44.0
96.0,53.0,208.0,16.0,83.0,143.0,29.0,83.0,122.0,106.0,126.0,101.0,43.0,55.0,56.0
257.0,338.0,374.0,71.0,313.0,437.0,199.0,290.0,343.0,243.0,302.0,298.0,309.0,205.0,416.0
169.0,225.0,256.0,40.0,229.0,310.0,92.0,144.0,223.0,144.0,158.0,156.0,181.0,88.0,818.0
71.0,27.0,852.0,6.0,28.0,56.0,2.0,885.0,38.0,871.0,179.0,999.0,12.0,583.0,180.0
84.0,55.0,126.0,6.0,73.0,154.0,19.0,29.0,34.0,63.0,13.0,47.0,10.0,16.0,43.0
168.0,225.0,326.0,43.0,229.0,310.0,94.0,290.0,103.0,182.0,243.0,207.0,191.0,291.0,99.0
115.0,103.0,240.0,23.0,126.0,211.0,40.0,111.0,145.0,130.0,164.0,126.0,73.0,77.0,95.0
271.0,406.0,411.0,86.0,117.0,247.0,37.0,299.0,430.0,265.0,325.0,317.0,369.0,184.0,63.0
115.0,103.0,392.0,80.0,344.0,211.0,222.0,297.0,430.0,252.0,320.0,305.0,336.0,217.0,198.0
126.0,130.0,312.0,27.0,151.0,210.0,50.0,186.0,162.0,184.0,238.0,207.0,92.0,132.0,119.0
157.0,205.0,323.0,50.0,189.0,281.0,67.0,204.0,253.0,190.0,241.0,263.0,212.0,150.0,157.0
104.0,78.0,239.0,19.0,89.0,175.0,32.0,103.0,50.0,115.0,157.0,118.0,27.0,72.0,74.0
167.0,219.0,313.0,38.0,228.0,297.0,85.0,222.0,223.0,187.0,241.0,208.0,177.0,170.0,187.0
270.0,376.0,395.0,96.0,448.0,448.0,261.0,306.0,466.0,252.0,321.0,117.0,450.0,218.0,566.0
217.0,301.0,355.0,60.0,280.0,382.0,143.0,251.0,171.0,227.0,287.0,282.0,269.0,184.0,198.0
210.0,284.0,313.0,51.0,75.0,373.0,22.0,601.0,281.0,188.0,187.0,221.0,369.0,318.0,88.0
412.0,764.0,580.0,182.0,999.0,241.0,629.0,493.0,829.0,404.0,508.0,167.0,864.0,455.0,999.0
317.0,515.0,385.0,87.0,312.0,425.0,199.0,296.0,466.0,247.0,299.0,304.0,337.0,208.0,351.0
182.0,222.0,251.0,50.0,174.0,306.0,59.0,141.0,252.0,190.0,173.0,268.0,209.0,92.0,142.0
167.0,241.0,300.0,38.0,206.0,348.0,76.0,192.0,222.0,176.0,230.0,263.0,176.0,72.0,172.0
376.0,717.0,511.0,140.0,261.0,437.0,121.0,391.0,571.0,316.0,411.0,446.0,239.0,300.0,172.0
206.0,261.0,336.0,56.0,253.0,369.0,127.0,206.0,184.0,197.0,250.0,240.0,259.0,158.0,218.0
83.0,43.0,208.0,15.0,32.0,0.0,19.0,83.0,288.0,106.0,91.0,91.0,40.0,64.0,12.0
206.0,225.0,337.0,56.0,261.0,310.0,126.0,195.0,292.0,198.0,249.0,241.0,259.0,134.0,238.0
180.0,233.0,339.0,57.0,365.0,320.0,226.0,132.0,180.0,200.0,245.0,241.0,337.0,617.0,455.0
119.0,130.0,263.0,29.0,200.0,230.0,54.0,264.0,165.0,147.0,149.0,463.0,101.0,192.0,99.0
264.0,461.0,392.0,80.0,341.0,484.0,220.0,176.0,419.0,252.0,320.0,288.0,334.0,318.0,416.0
132.0,137.0,271.0,29.0,112.0,247.0,54.0,155.0,173.0,151.0,200.0,162.0,101.0,107.0,82.0
257.0,115.0,111.0,73.0,279.0,222.0,148.0,16.0,480.0,246.0,165.0,302.0,330.0,173.0,316.0
273.0,27.0,187.0,11.0,168.0,56.0,54.0,47.0,86.0,82.0,87.0,69.0,33.0,16.0,126.0
84.0,45.0,481.0,12.0,54.0,127.0,18.0,601.0,125.0,296.0,387.0,355.0,36.0,458.0,43.0
311.0,461.0,507.0,133.0,191.0,468.0,69.0,391.0,332.0,311.0,410.0,446.0,140.0,300.0,173.0
125.0,108.0,300.0,58.0,277.0,215.0,143.0,189.0,297.0,201.0,230.0,249.0,269.0,133.0,250.0
103.0,78.0,222.0,18.0,85.0,173.0,33.0,94.0,122.0,113.0,122.0,114.0,52.0,71.0,69.0
287.0,301.0,447.0,95.0,191.0,389.0,46.0,296.0,454.0,273.0,373.0,325.0,44.0,218.0,154.0
156.0,200.0,279.0,34.0,188.0,261.0,67.0,163.0,194.0,154.0,204.0,172.0,190.0,192.0,156.0
257.0,323.0,385.0,77.0,365.0,389.0,217.0,293.0,248.0,247.0,262.0,280.0,331.0,192.0,469.0
206.0,281.0,300.0,53.0,85.0,372.0,28.0,187.0,191.0,156.0,240.0,100.0,45.0,133.0,66.0
210.0,284.0,346.0,56.0,233.0,373.0,77.0,225.0,293.0,200.0,262.0,246.0,155.0,173.0,201.0
76.0,42.0,298.0,8.0,341.0,118.0,5.0,204.0,187.0,108.0,222.0,100.0,25.0,292.0,422.0
122.0,106.0,255.0,26.0,151.0,214.0,50.0,141.0,170.0,63.0,160.0,47.0,92.0,92.0,126.0
196.0,259.0,326.0,51.0,260.0,358.0,121.0,204.0,248.0,188.0,244.0,221.0,252.0,150.0,240.0
94.0,48.0,310.0,15.0,80.0,143.0,23.0,156.0,181.0,137.0,234.0,162.0,42.0,107.0,38.0
171.0,231.0,294.0,36.0,217.0,324.0,80.0,204.0,213.0,167.0,210.0,186.0,168.0,150.0,175.0
187.0,348.0,332.0,50.0,310.0,437.0,108.0,205.0,270.0,191.0,230.0,228.0,212.0,149.0,329.0
187.0,257.0,283.0,32.0,177.0,348.0,61.0,168.0,177.0,154.0,208.0,163.0,122.0,122.0,154.0
156.0,194.0,283.0,34.0,216.0,294.0,75.0,168.0,193.0,156.0,208.0,174.0,149.0,129.0,179.0
306.0,461.0,488.0,104.0,723.0,490.0,396.0,353.0,454.0,300.0,400.0,323.0,590.0,269.0,808.0
123.0,109.0,252.0,24.0,117.0,197.0,46.0,140.0,182.0,137.0,164.0,172.0,89.0,96.0,64.0
83.0,43.0,157.0,13.0,55.0,124.0,18.0,32.0,119.0,67.0,50.0,50.0,36.0,17.0,64.0
163.0,212.0,294.0,56.0,243.0,294.0,171.0,313.0,293.0,200.0,241.0,246.0,284.0,240.0,215.0
374.0,693.0,363.0,70.0,448.0,439.0,261.0,277.0,343.0,238.0,299.0,298.0,309.0,196.0,604.0
73.0,234.0,187.0,11.0,98.0,348.0,32.0,49.0,76.0,84.0,57.0,76.0,51.0,27.0,73.0
205.0,276.0,293.0,137.0,211.0,373.0,79.0,176.0,570.0,319.0,211.0,456.0,639.0,81.0,175.0
133.0,141.0,299.0,33.0,243.0,250.0,78.0,192.0,184.0,176.0,222.0,185.0,128.0,179.0,215.0
123.0,27.0,224.0,23.0,43.0,86.0,6.0,718.0,139.0,136.0,152.0,138.0,26.0,493.0,25.0
156.0,284.0,183.0,35.0,280.0,372.0,107.0,32.0,253.0,156.0,64.0,108.0,211.0,20.0,174.0
84.0,42.0,126.0,11.0,104.0,205.0,18.0,29.0,252.0,82.0,123.0,68.0,35.0,20.0,84.0
375.0,709.0,564.0,137.0,252.0,687.0,119.0,459.0,570.0,319.0,179.0,456.0,212.0,314.0,218.0
205.0,276.0,340.0,55.0,260.0,437.0,121.0,214.0,290.0,200.0,152.0,246.0,260.0,122.0,238.0
120.0,105.0,246.0,23.0,161.0,213.0,53.0,90.0,109.0,132.0,177.0,127.0,101.0,65.0,96.0
322.0,585.0,639.0,183.0,258.0,521.0,119.0,313.0,660.0,411.0,64.0,799.0,888.0,240.0,322.0
96.0,55.0,223.0,16.0,112.0,154.0,38.0,94.0,117.0,106.0,139.0,95.0,45.0,68.0,87.0
123.0,106.0,278.0,25.0,175.0,214.0,50.0,154.0,199.0,138.0,201.0,117.0,92.0,102.0,144.0
73.0,41.0,204.0,7.0,32.0,103.0,5.0,62.0,54.0,99.0,108.0,76.0,23.0,34.0,12.0
266.0,323.0,440.0,91.0,242.0,297.0,99.0,316.0,454.0,273.0,309.0,323.0,202.0,241.0,247.0
314.0,222.0,461.0,97.0,476.0,308.0,262.0,327.0,227.0,293.0,382.0,346.0,494.0,248.0,238.0
146.0,235.0,279.0,31.0,218.0,344.0,79.0,160.0,187.0,153.0,203.0,163.0,122.0,296.0,119.0
205.0,203.0,224.0,24.0,155.0,280.0,50.0,98.0,163.0,120.0,149.0,114.0,92.0,72.0,119.0
202.0,281.0,438.0,95.0,445.0,372.0,254.0,0.0,430.0,271.0,400.0,325.0,444.0,0.0,574.0
196.0,257.0,320.0,49.0,237.0,348.0,98.0,204.0,253.0,188.0,239.0,220.0,204.0,149.0,214.0
156.0,188.0,290.0,35.0,216.0,280.0,79.0,176.0,197.0,156.0,210.0,181.0,167.0,129.0,178.0
270.0,331.0,428.0,87.0,257.0,374.0,61.0,313.0,425.0,269.0,208.0,681.0,406.0,328.0,231.0
124.0,276.0,239.0,25.0,157.0,362.0,52.0,104.0,171.0,139.0,152.0,76.0,92.0,30.0,142.0
374.0,693.0,411.0,140.0,47.0,521.0,9.0,415.0,571.0,346.0,326.0,470.0,76.0,308.0,32.0
270.0,391.0,449.0,86.0,403.0,656.0,226.0,969.0,430.0,265.0,226.0,316.0,369.0,628.0,469.0
168.0,225.0,379.0,71.0,238.0,310.0,99.0,296.0,369.0,246.0,310.0,302.0,202.0,213.0,183.0
268.0,372.0,183.0,85.0,260.0,445.0,126.0,90.0,425.0,256.0,240.0,178.0,272.0,68.0,238.0
123.0,118.0,514.0,96.0,446.0,221.0,258.0,440.0,466.0,319.0,402.0,456.0,450.0,292.0,582.0
163.0,215.0,294.0,36.0,208.0,297.0,78.0,176.0,199.0,167.0,211.0,187.0,168.0,129.0,175.0
217.0,322.0,294.0,60.0,277.0,349.0,143.0,180.0,296.0,165.0,91.0,190.0,269.0,130.0,250.0
181.0,235.0,296.0,32.0,138.0,333.0,46.0,154.0,184.0,167.0,222.0,220.0,92.0,107.0,119.0
100.0,62.0,208.0,17.0,50.0,155.0,15.0,59.0,122.0,112.0,122.0,100.0,47.0,21.0,131.0
233.0,316.0,395.0,80.0,294.0,390.0,226.0,297.0,419.0,252.0,321.0,316.0,337.0,217.0,308.0
134.0,145.0,530.0,29.0,174.0,253.0,58.0,415.0,177.0,147.0,419.0,158.0,103.0,308.0,140.0
377.0,769.0,481.0,133.0,165.0,362.0,54.0,327.0,551.0,319.0,387.0,456.0,583.0,245.0,127.0
86.0,47.0,208.0,15.0,85.0,133.0,19.0,141.0,103.0,103.0,122.0,162.0,40.0,92.0,64.0
152.0,185.0,283.0,33.0,278.0,268.0,147.0,168.0,187.0,154.0,207.0,175.0,291.0,162.0,229.0
158.0,205.0,320.0,35.0,200.0,288.0,77.0,202.0,199.0,246.0,241.0,302.0,156.0,148.0,172.0
126.0,133.0,256.0,27.0,117.0,241.0,35.0,140.0,171.0,140.0,187.0,139.0,59.0,90.0,89.0
270.0,367.0,356.0,87.0,415.0,439.0,237.0,259.0,500.0,269.0,238.0,323.0,406.0,185.0,180.0
156.0,193.0,491.0,32.0,176.0,277.0,61.0,358.0,184.0,304.0,408.0,463.0,122.0,269.0,198.0
376.0,717.0,999.0,140.0,54.0,706.0,18.0,999.0,571.0,322.0,681.0,449.0,46.0,999.0,42.0
77.0,36.0,125.0,8.0,45.0,0.0,7.0,27.0,69.0,58.0,120.0,23.0,27.0,201.0,181.0
111.0,89.0,111.0,19.0,100.0,127.0,33.0,26.0,120.0,256.0,187.0,317.0,52.0,16.0,148.0
295.0,406.0,461.0,97.0,208.0,241.0,78.0,327.0,501.0,278.0,366.0,346.0,168.0,248.0,175.0
126.0,133.0,224.0,23.0,128.0,256.0,40.0,192.0,129.0,107.0,148.0,100.0,76.0,88.0,96.0
196.0,276.0,351.0,51.0,253.0,348.0,106.0,205.0,276.0,214.0,286.0,263.0,211.0,145.0,218.0
134.0,145.0,263.0,29.0,191.0,254.0,58.0,149.0,178.0,147.0,411.0,207.0,108.0,218.0,148.0
73.0,27.0,279.0,6.0,45.0,56.0,15.0,160.0,38.0,153.0,203.0,164.0,19.0,129.0,25.0
191.0,62.0,332.0,53.0,253.0,156.0,121.0,205.0,290.0,192.0,240.0,231.0,238.0,152.0,144.0
103.0,64.0,204.0,18.0,112.0,155.0,35.0,62.0,122.0,113.0,108.0,105.0,55.0,35.0,87.0
100.0,48.0,125.0,17.0,160.0,144.0,30.0,27.0,120.0,99.0,13.0,76.0,46.0,41.0,127.0
206.0,284.0,204.0,56.0,85.0,288.0,29.0,59.0,168.0,200.0,108.0,248.0,44.0,30.0,64.0
134.0,145.0,187.0,29.0,126.0,250.0,50.0,47.0,178.0,82.0,87.0,70.0,90.0,12.0,95.0
271.0,406.0,361.0,70.0,310.0,259.0,188.0,264.0,333.0,228.0,419.0,288.0,288.0,186.0,333.0
157.0,292.0,299.0,33.0,186.0,373.0,67.0,187.0,191.0,171.0,222.0,190.0,136.0,133.0,154.0
377.0,310.0,475.0,91.0,28.0,390.0,274.0,509.0,454.0,273.0,286.0,323.0,419.0,255.0,127.0
111.0,89.0,240.0,21.0,117.0,143.0,35.0,110.0,132.0,129.0,122.0,124.0,59.0,77.0,131.0
181.0,232.0,693.0,87.0,410.0,319.0,243.0,565.0,400.0,580.0,658.0,894.0,419.0,442.0,566.0
95.0,55.0,440.0,91.0,410.0,143.0,247.0,315.0,103.0,273.0,262.0,323.0,429.0,240.0,473.0
410.0,756.0,126.0,159.0,58.0,293.0,18.0,31.0,545.0,416.0,302.0,822.0,864.0,146.0,44.0
412.0,764.0,570.0,182.0,174.0,767.0,58.0,469.0,660.0,403.0,500.0,68.0,113.0,24.0,139.0
156.0,193.0,290.0,34.0,206.0,277.0,77.0,202.0,194.0,156.0,210.0,178.0,145.0,148.0,174.0
132.0,137.0,278.0,25.0,150.0,270.0,50.0,163.0,168.0,151.0,201.0,162.0,92.0,95.0,118.0
241.0,306.0,351.0,70.0,255.0,390.0,180.0,176.0,333.0,214.0,382.0,197.0,288.0,129.0,229.0
178.0,257.0,322.0,45.0,234.0,348.0,96.0,204.0,125.0,187.0,241.0,100.0,195.0,149.0,188.0
122.0,115.0,252.0,24.0,145.0,220.0,50.0,140.0,163.0,137.0,207.0,137.0,83.0,185.0,114.0
114.0,92.0,240.0,21.0,122.0,225.0,39.0,115.0,139.0,129.0,164.0,124.0,70.0,81.0,82.0
163.0,215.0,549.0,36.0,176.0,294.0,61.0,420.0,205.0,166.0,470.0,186.0,158.0,503.0,153.0
123.0,104.0,322.0,38.0,261.0,212.0,129.0,176.0,223.0,188.0,241.0,221.0,177.0,125.0,242.0
271.0,284.0,374.0,78.0,165.0,373.0,77.0,299.0,518.0,243.0,295.0,298.0,140.0,218.0,125.0
257.0,210.0,339.0,71.0,229.0,293.0,92.0,163.0,568.0,198.0,252.0,241.0,181.0,111.0,190.0
71.0,27.0,130.0,6.0,45.0,498.0,13.0,290.0,34.0,63.0,160.0,47.0,27.0,205.0,31.0
182.0,235.0,336.0,50.0,261.0,333.0,126.0,206.0,252.0,198.0,244.0,241.0,259.0,158.0,242.0
330.0,612.0,532.0,114.0,176.0,429.0,15.0,704.0,547.0,347.0,419.0,463.0,588.0,496.0,154.0
126.0,130.0,266.0,30.0,165.0,143.0,59.0,201.0,173.0,154.0,200.0,164.0,109.0,111.0,122.0
154.0,187.0,298.0,33.0,966.0,280.0,98.0,16.0,223.0,156.0,220.0,208.0,196.0,16.0,125.0
202.0,274.0,356.0,51.0,132.0,365.0,45.0,266.0,292.0,193.0,290.0,221.0,84.0,300.0,94.0
160.0,207.0,258.0,51.0,253.0,297.0,106.0,83.0,271.0,144.0,189.0,175.0,214.0,64.0,220.0
229.0,322.0,130.0,63.0,601.0,437.0,203.0,31.0,164.0,213.0,29.0,76.0,291.0,245.0,818.0
124.0,133.0,252.0,24.0,104.0,241.0,33.0,205.0,111.0,137.0,175.0,160.0,54.0,122.0,81.0
163.0,227.0,317.0,49.0,117.0,261.0,37.0,204.0,197.0,188.0,244.0,220.0,59.0,57.0,94.0
206.0,278.0,340.0,56.0,141.0,374.0,78.0,204.0,272.0,199.0,245.0,207.0,259.0,201.0,116.0
76.0,62.0,180.0,8.0,47.0,155.0,9.0,39.0,54.0,80.0,91.0,68.0,25.0,57.0,32.0
125.0,130.0,485.0,25.0,145.0,143.0,50.0,346.0,168.0,296.0,419.0,355.0,92.0,259.0,119.0
132.0,137.0,0.0,0.0,132.0,249.0,45.0,0.0,0.0,0.0,0.0,25.0,0.0,0.0,202.0
71.0,27.0,530.0,6.0,310.0,56.0,61.0,403.0,34.0,71.0,419.0,178.0,12.0,269.0,329.0
165.0,221.0,294.0,46.0,176.0,310.0,99.0,176.0,239.0,188.0,226.0,118.0,200.0,123.0,155.0
311.0,488.0,428.0,97.0,341.0,489.0,254.0,315.0,480.0,275.0,333.0,236.0,494.0,319.0,404.0
316.0,515.0,475.0,109.0,253.0,341.0,98.0,216.0,503.0,296.0,63.0,374.0,200.0,146.0,202.0
97.0,106.0,281.0,16.0,410.0,214.0,274.0,156.0,117.0,154.0,187.0,172.0,46.0,583.0,473.0
73.0,27.0,657.0,7.0,168.0,56.0,43.0,490.0,50.0,416.0,154.0,822.0,76.0,331.0,95.0
77.0,41.0,187.0,11.0,28.0,319.0,4.0,49.0,103.0,84.0,88.0,105.0,35.0,339.0,80.0
233.0,317.0,351.0,65.0,310.0,393.0,172.0,241.0,314.0,214.0,290.0,207.0,284.0,184.0,188.0
165.0,215.0,296.0,41.0,253.0,296.0,106.0,183.0,223.0,167.0,218.0,187.0,211.0,131.0,157.0
311.0,488.0,372.0,97.0,184.0,489.0,62.0,290.0,498.0,289.0,302.0,137.0,419.0,613.0,155.0
125.0,130.0,266.0,15.0,47.0,227.0,9.0,154.0,98.0,114.0,204.0,108.0,35.0,133.0,32.0
77.0,41.0,207.0,15.0,54.0,102.0,23.0,80.0,122.0,106.0,230.0,108.0,42.0,68.0,43.0
156.0,200.0,346.0,35.0,175.0,280.0,75.0,225.0,197.0,156.0,175.0,181.0,150.0,173.0,140.0
111.0,89.0,252.0,11.0,253.0,203.0,19.0,140.0,95.0,137.0,173.0,158.0,36.0,312.0,220.0
75.0,36.0,125.0,17.0,85.0,277.0,29.0,27.0,120.0,58.0,57.0,21.0,45.0,312.0,64.0
182.0,233.0,316.0,49.0,197.0,319.0,253.0,200.0,232.0,188.0,240.0,220.0,204.0,145.0,160.0
229.0,306.0,337.0,61.0,278.0,389.0,166.0,222.0,297.0,198.0,249.0,241.0,273.0,173.0,262.0
92.0,367.0,507.0,133.0,73.0,430.0,22.0,601.0,425.0,311.0,410.0,446.0,888.0,409.0,54.0
96.0,55.0,208.0,16.0,98.0,155.0,26.0,73.0,107.0,106.0,122.0,92.0,44.0,58.0,77.0
182.0,235.0,320.0,45.0,161.0,348.0,53.0,51.0,233.0,188.0,240.0,204.0,101.0,27.0,94.0
100.0,62.0,363.0,17.0,89.0,324.0,30.0,940.0,120.0,112.0,299.0,98.0,46.0,491.0,72.0
112.0,90.0,240.0,21.0,118.0,270.0,35.0,109.0,145.0,129.0,157.0,236.0,59.0,96.0,93.0
163.0,210.0,457.0,97.0,217.0,489.0,253.0,565.0,483.0,275.0,366.0,355.0,500.0,628.0,179.0
176.0,180.0,322.0,45.0,229.0,260.0,86.0,204.0,237.0,188.0,241.0,301.0,214.0,107.0,153.0
271.0,406.0,438.0,89.0,261.0,462.0,126.0,316.0,457.0,271.0,338.0,323.0,408.0,255.0,242.0
100.0,63.0,240.0,17.0,85.0,155.0,29.0,115.0,120.0,129.0,157.0,118.0,46.0,34.0,63.0
80.0,105.0,187.0,11.0,47.0,211.0,9.0,32.0,419.0,83.0,88.0,803.0,33.0,17.0,101.0
270.0,376.0,323.0,86.0,313.0,445.0,217.0,204.0,363.0,264.0,240.0,196.0,331.0,149.0,333.0
114.0,92.0,208.0,22.0,150.0,203.0,43.0,80.0,144.0,92.0,120.0,76.0,76.0,41.0,126.0
111.0,89.0,238.0,21.0,123.0,249.0,35.0,103.0,182.0,120.0,176.0,84.0,59.0,72.0,12.0
270.0,348.0,688.0,86.0,75.0,437.0,19.0,718.0,428.0,256.0,654.0,323.0,40.0,496.0,55.0
288.0,461.0,481.0,95.0,434.0,486.0,570.0,342.0,466.0,273.0,387.0,325.0,751.0,258.0,566.0
123.0,185.0,252.0,24.0,141.0,261.0,46.0,103.0,194.0,137.0,176.0,140.0,89.0,88.0,122.0
169.0,225.0,271.0,40.0,275.0,358.0,92.0,132.0,223.0,151.0,200.0,162.0,181.0,87.0,242.0
154.0,185.0,310.0,35.0,200.0,268.0,75.0,195.0,198.0,160.0,234.0,181.0,155.0,134.0,172.0
288.0,373.0,440.0,95.0,403.0,445.0,253.0,297.0,457.0,273.0,307.0,323.0,438.0,218.0,469.0
181.0,235.0,323.0,49.0,237.0,333.0,99.0,204.0,248.0,188.0,152.0,220.0,202.0,149.0,213.0
104.0,71.0,350.0,51.0,112.0,159.0,171.0,232.0,270.0,214.0,274.0,208.0,209.0,170.0,87.0
84.0,89.0,208.0,17.0,100.0,193.0,32.0,83.0,120.0,108.0,120.0,100.0,49.0,64.0,81.0
114.0,90.0,239.0,21.0,181.0,208.0,61.0,45.0,139.0,115.0,0.0,76.0,70.0,25.0,157.0
80.0,41.0,570.0,16.0,184.0,102.0,61.0,469.0,117.0,411.0,527.0,681.0,46.0,318.0,155.0
165.0,115.0,360.0,38.0,75.0,230.0,67.0,241.0,213.0,174.0,470.0,117.0,139.0,184.0,55.0
140.0,164.0,251.0,30.0,47.0,253.0,18.0,156.0,178.0,150.0,173.0,162.0,113.0,312.0,32.0
268.0,372.0,475.0,85.0,131.0,445.0,43.0,331.0,452.0,256.0,366.0,312.0,77.0,12.0,101.0
154.0,185.0,283.0,33.0,200.0,268.0,67.0,168.0,191.0,156.0,207.0,174.0,139.0,122.0,102.0
160.0,205.0,208.0,30.0,176.0,260.0,61.0,32.0,191.0,106.0,120.0,92.0,122.0,21.0,153.0
71.0,27.0,385.0,78.0,311.0,56.0,222.0,296.0,425.0,247.0,310.0,317.0,334.0,213.0,334.0
103.0,62.0,111.0,18.0,86.0,156.0,33.0,312.0,122.0,103.0,13.0,580.0,51.0,28.0,12.0
270.0,391.0,170.0,86.0,85.0,333.0,29.0,32.0,428.0,264.0,57.0,312.0,219.0,21.0,66.0
140.0,164.0,294.0,30.0,184.0,255.0,65.0,180.0,215.0,165.0,230.0,139.0,128.0,133.0,155.0
125.0,130.0,385.0,27.0,150.0,230.0,50.0,293.0,171.0,247.0,321.0,303.0,92.0,208.0,118.0
83.0,43.0,215.0,16.0,83.0,280.0,23.0,290.0,86.0,106.0,128.0,92.0,43.0,493.0,83.0
115.0,95.0,240.0,22.0,122.0,206.0,39.0,104.0,144.0,129.0,158.0,125.0,70.0,72.0,87.0
237.0,322.0,457.0,96.0,446.0,397.0,258.0,297.0,466.0,275.0,366.0,338.0,450.0,477.0,582.0
202.0,261.0,336.0,51.0,261.0,344.0,121.0,154.0,296.0,196.0,245.0,236.0,239.0,102.0,242.0
187.0,164.0,296.0,38.0,128.0,254.0,42.0,183.0,213.0,167.0,244.0,190.0,175.0,111.0,99.0
132.0,137.0,582.0,23.0,117.0,250.0,38.0,572.0,163.0,408.0,509.0,803.0,70.0,455.0,101.0
123.0,109.0,252.0,24.0,174.0,208.0,46.0,140.0,163.0,137.0,177.0,137.0,89.0,90.0,87.0
73.0,27.0,72.0,0.0,0.0,56.0,0.0,10.0,0.0,0.0,351.0,23.0,0.0,269.0,0.0
377.0,718.0,536.0,146.0,157.0,656.0,171.0,415.0,570.0,347.0,458.0,460.0,284.0,312.0,119.0
211.0,284.0,323.0,57.0,311.0,373.0,184.0,264.0,293.0,246.0,240.0,302.0,284.0,185.0,139.0
257.0,322.0,322.0,71.0,138.0,404.0,213.0,202.0,341.0,188.0,240.0,214.0,330.0,412.0,116.0
233.0,317.0,350.0,65.0,313.0,393.0,166.0,240.0,313.0,214.0,274.0,268.0,276.0,184.0,351.0
316.0,515.0,481.0,104.0,524.0,143.0,274.0,342.0,498.0,296.0,387.0,353.0,500.0,258.0,582.0
295.0,461.0,549.0,87.0,50.0,491.0,16.0,438.0,454.0,356.0,366.0,113.0,35.0,312.0,52.0
157.0,281.0,320.0,35.0,262.0,389.0,127.0,490.0,199.0,171.0,241.0,190.0,156.0,331.0,246.0
156.0,188.0,372.0,38.0,227.0,268.0,82.0,280.0,210.0,174.0,298.0,196.0,174.0,305.0,234.0
256.0,325.0,208.0,77.0,331.0,484.0,217.0,82.0,194.0,247.0,123.0,303.0,330.0,82.0,404.0
374.0,693.0,536.0,137.0,524.0,197.0,274.0,420.0,571.0,347.0,458.0,460.0,524.0,311.0,455.0
83.0,43.0,142.0,11.0,262.0,143.0,19.0,31.0,122.0,80.0,182.0,118.0,35.0,173.0,247.0
87.0,45.0,485.0,15.0,83.0,127.0,24.0,346.0,99.0,296.0,389.0,355.0,40.0,259.0,818.0
295.0,235.0,532.0,96.0,112.0,214.0,50.0,415.0,466.0,347.0,500.0,460.0,288.0,308.0,99.0
183.0,238.0,0.0,0.0,0.0,349.0,0.0,481.0,0.0,0.0,0.0,303.0,0.0,328.0,0.0
123.0,109.0,311.0,23.0,132.0,208.0,45.0,130.0,165.0,184.0,236.0,175.0,76.0,82.0,110.0
236.0,306.0,353.0,66.0,191.0,389.0,69.0,201.0,330.0,225.0,287.0,282.0,284.0,116.0,158.0
214.0,301.0,457.0,96.0,310.0,382.0,217.0,323.0,425.0,275.0,366.0,317.0,316.0,256.0,329.0
206.0,257.0,339.0,56.0,211.0,348.0,82.0,83.0,293.0,200.0,298.0,151.0,171.0,64.0,175.0
129.0,135.0,326.0,51.0,257.0,241.0,108.0,187.0,272.0,192.0,245.0,127.0,219.0,184.0,242.0
244.0,320.0,363.0,70.0,341.0,210.0,213.0,264.0,343.0,227.0,298.0,282.0,291.0,184.0,140.0
229.0,276.0,447.0,63.0,137.0,365.0,15.0,384.0,311.0,273.0,366.0,323.0,48.0,296.0,202.0
205.0,276.0,355.0,55.0,200.0,373.0,75.0,250.0,290.0,207.0,286.0,263.0,154.0,184.0,170.0
147.0,48.0,440.0,32.0,175.0,205.0,61.0,620.0,184.0,275.0,63.0,127.0,122.0,491.0,140.0
157.0,205.0,337.0,35.0,89.0,241.0,76.0,312.0,198.0,201.0,152.0,246.0,155.0,241.0,72.0
212.0,278.0,311.0,57.0,252.0,362.0,138.0,197.0,313.0,176.0,238.0,208.0,264.0,145.0,220.0
120.0,128.0,246.0,23.0,174.0,222.0,58.0,155.0,158.0,132.0,240.0,127.0,103.0,27.0,153.0
322.0,585.0,215.0,16.0,88.0,534.0,32.0,83.0,198.0,112.0,128.0,101.0,44.0,64.0,69.0
126.0,131.0,240.0,26.0,175.0,216.0,50.0,32.0,213.0,139.0,164.0,137.0,92.0,17.0,142.0
121.0,90.0,240.0,23.0,161.0,208.0,78.0,110.0,428.0,130.0,157.0,126.0,158.0,72.0,127.0
115.0,103.0,206.0,15.0,73.0,211.0,19.0,65.0,103.0,103.0,57.0,81.0,40.0,72.0,45.0
115.0,95.0,255.0,22.0,123.0,211.0,39.0,83.0,144.0,138.0,261.0,138.0,70.0,555.0,231.0
156.0,194.0,379.0,35.0,202.0,268.0,75.0,292.0,197.0,246.0,310.0,302.0,150.0,208.0,173.0
181.0,234.0,507.0,133.0,294.0,320.0,166.0,364.0,425.0,311.0,458.0,446.0,273.0,269.0,178.0
165.0,219.0,187.0,33.0,105.0,297.0,32.0,59.0,188.0,82.0,87.0,69.0,26.0,27.0,85.0
125.0,130.0,300.0,25.0,151.0,235.0,50.0,192.0,168.0,138.0,200.0,138.0,92.0,132.0,118.0
112.0,90.0,240.0,21.0,128.0,203.0,42.0,110.0,139.0,128.0,160.0,114.0,76.0,218.0,99.0
256.0,332.0,339.0,71.0,341.0,430.0,217.0,225.0,347.0,243.0,250.0,302.0,330.0,184.0,404.0
156.0,203.0,340.0,58.0,279.0,281.0,147.0,10.0,296.0,201.0,128.0,248.0,269.0,186.0,45.0
104.0,78.0,263.0,29.0,161.0,173.0,53.0,154.0,170.0,147.0,208.0,160.0,101.0,28.0,144.0
181.0,235.0,312.0,45.0,155.0,315.0,98.0,148.0,111.0,188.0,238.0,212.0,200.0,101.0,242.0
114.0,95.0,246.0,22.0,100.0,214.0,35.0,132.0,162.0,132.0,148.0,124.0,70.0,87.0,175.0
316.0,515.0,570.0,109.0,55.0,373.0,18.0,476.0,500.0,300.0,500.0,263.0,256.0,321.0,44.0
270.0,391.0,414.0,86.0,83.0,460.0,24.0,313.0,430.0,265.0,326.0,303.0,83.0,218.0,999.0
114.0,95.0,340.0,22.0,126.0,205.0,40.0,216.0,144.0,151.0,239.0,162.0,70.0,303.0,31.0
111.0,89.0,238.0,21.0,117.0,193.0,35.0,175.0,141.0,120.0,152.0,117.0,59.0,208.0,99.0
206.0,276.0,852.0,56.0,261.0,373.0,127.0,756.0,292.0,201.0,411.0,151.0,259.0,503.0,240.0
211.0,212.0,385.0,58.0,277.0,294.0,147.0,293.0,293.0,201.0,206.0,257.0,270.0,208.0,247.0
270.0,163.0,475.0,86.0,216.0,296.0,80.0,322.0,431.0,265.0,366.0,312.0,140.0,247.0,71.0
70.0,28.0,157.0,6.0,128.0,393.0,40.0,32.0,302.0,71.0,188.0,138.0,73.0,20.0,99.0
75.0,36.0,183.0,7.0,175.0,143.0,58.0,39.0,46.0,75.0,84.0,68.0,5.0,25.0,144.0
181.0,316.0,330.0,49.0,255.0,390.0,107.0,155.0,281.0,188.0,244.0,220.0,204.0,106.0,201.0
163.0,205.0,747.0,36.0,188.0,288.0,78.0,718.0,210.0,660.0,833.0,137.0,168.0,496.0,156.0
235.0,233.0,347.0,60.0,280.0,312.0,150.0,323.0,302.0,203.0,264.0,118.0,270.0,247.0,297.0
73.0,41.0,190.0,6.0,50.0,82.0,35.0,51.0,33.0,84.0,129.0,95.0,55.0,28.0,87.0
100.0,63.0,105.0,18.0,106.0,156.0,35.0,16.0,122.0,112.0,5.0,101.0,55.0,16.0,87.0
317.0,515.0,648.0,97.0,294.0,498.0,262.0,493.0,501.0,408.0,833.0,803.0,515.0,339.0,341.0
146.0,372.0,283.0,33.0,175.0,445.0,61.0,168.0,184.0,154.0,207.0,108.0,122.0,81.0,153.0
264.0,367.0,438.0,89.0,174.0,439.0,274.0,322.0,430.0,271.0,338.0,323.0,408.0,245.0,139.0
103.0,72.0,222.0,18.0,176.0,42.0,59.0,94.0,122.0,113.0,128.0,98.0,52.0,77.0,201.0
167.0,221.0,322.0,38.0,229.0,297.0,86.0,204.0,400.0,192.0,241.0,317.0,176.0,149.0,140.0
84.0,205.0,361.0,67.0,233.0,289.0,96.0,266.0,330.0,227.0,297.0,282.0,128.0,192.0,201.0
126.0,41.0,255.0,27.0,176.0,102.0,61.0,154.0,170.0,139.0,182.0,138.0,122.0,102.0,154.0
73.0,40.0,298.0,36.0,174.0,86.0,58.0,297.0,205.0,166.0,214.0,178.0,102.0,328.0,178.0
111.0,89.0,290.0,7.0,45.0,191.0,2.0,205.0,518.0,154.0,211.0,162.0,27.0,107.0,0.0
163.0,180.0,693.0,38.0,277.0,260.0,139.0,508.0,194.0,174.0,658.0,214.0,219.0,491.0,250.0
257.0,332.0,488.0,77.0,155.0,429.0,226.0,353.0,204.0,247.0,400.0,303.0,344.0,269.0,119.0
133.0,141.0,257.0,29.0,161.0,249.0,53.0,144.0,172.0,144.0,187.0,156.0,101.0,72.0,127.0
95.0,40.0,208.0,16.0,248.0,86.0,107.0,82.0,171.0,107.0,120.0,76.0,212.0,68.0,216.0
122.0,104.0,220.0,24.0,176.0,212.0,46.0,90.0,178.0,137.0,128.0,138.0,89.0,21.0,153.0
241.0,322.0,386.0,70.0,47.0,404.0,9.0,297.0,333.0,243.0,320.0,298.0,288.0,218.0,32.0
101.0,182.0,485.0,17.0,104.0,261.0,35.0,346.0,120.0,296.0,389.0,355.0,49.0,259.0,84.0
244.0,62.0,440.0,70.0,312.0,156.0,198.0,273.0,311.0,271.0,345.0,325.0,291.0,193.0,341.0
322.0,585.0,657.0,97.0,434.0,521.0,253.0,490.0,498.0,296.0,465.0,353.0,494.0,333.0,566.0
126.0,130.0,279.0,30.0,174.0,333.0,58.0,186.0,197.0,153.0,203.0,163.0,103.0,133.0,142.0
375.0,709.0,361.0,146.0,112.0,809.0,35.0,280.0,568.0,228.0,215.0,287.0,55.0,245.0,72.0
83.0,41.0,298.0,12.0,100.0,143.0,33.0,565.0,105.0,176.0,222.0,197.0,35.0,412.0,80.0
212.0,284.0,348.0,58.0,243.0,373.0,222.0,0.0,296.0,201.0,272.0,241.0,330.0,0.0,216.0
232.0,185.0,363.0,70.0,344.0,268.0,222.0,292.0,363.0,230.0,298.0,288.0,334.0,218.0,422.0
252.0,292.0,852.0,71.0,322.0,373.0,213.0,940.0,125.0,214.0,257.0,323.0,330.0,617.0,808.0
178.0,232.0,316.0,58.0,277.0,319.0,170.0,201.0,296.0,192.0,240.0,236.0,276.0,409.0,250.0
214.0,301.0,254.0,60.0,200.0,404.0,75.0,137.0,302.0,138.0,179.0,139.0,259.0,87.0,172.0
0.0,0.0,553.0,177.0,312.0,0.0,203.0,392.0,184.0,381.0,509.0,681.0,726.0,291.0,331.0
87.0,48.0,190.0,11.0,75.0,222.0,19.0,358.0,95.0,84.0,129.0,91.0,35.0,312.0,55.0
224.0,284.0,485.0,109.0,174.0,373.0,58.0,363.0,503.0,296.0,386.0,355.0,494.0,269.0,139.0
375.0,332.0,208.0,143.0,150.0,429.0,50.0,392.0,571.0,129.0,128.0,127.0,92.0,292.0,74.0
264.0,367.0,476.0,80.0,434.0,418.0,222.0,341.0,177.0,252.0,220.0,323.0,336.0,311.0,566.0
288.0,461.0,461.0,95.0,446.0,490.0,258.0,322.0,457.0,275.0,366.0,325.0,450.0,246.0,808.0
317.0,37.0,648.0,80.0,277.0,349.0,148.0,493.0,431.0,252.0,234.0,303.0,269.0,409.0,118.0
154.0,180.0,279.0,33.0,191.0,260.0,69.0,160.0,191.0,153.0,298.0,167.0,140.0,107.0,157.0
167.0,227.0,294.0,36.0,200.0,315.0,75.0,181.0,109.0,167.0,654.0,193.0,154.0,152.0,172.0
288.0,200.0,256.0,97.0,446.0,280.0,261.0,201.0,480.0,278.0,187.0,346.0,464.0,148.0,566.0
330.0,205.0,348.0,112.0,434.0,289.0,253.0,251.0,518.0,207.0,272.0,263.0,579.0,184.0,566.0
77.0,41.0,240.0,5.0,15.0,259.0,1.0,110.0,24.0,129.0,182.0,118.0,4.0,256.0,4.0
214.0,233.0,330.0,51.0,258.0,348.0,121.0,205.0,302.0,192.0,244.0,277.0,239.0,159.0,220.0
158.0,205.0,340.0,35.0,177.0,280.0,78.0,232.0,134.0,156.0,245.0,193.0,156.0,184.0,154.0
86.0,48.0,204.0,14.0,75.0,144.0,19.0,315.0,103.0,101.0,119.0,76.0,40.0,240.0,55.0
167.0,221.0,258.0,38.0,227.0,82.0,85.0,144.0,24.0,144.0,188.0,162.0,175.0,21.0,127.0
295.0,474.0,350.0,65.0,310.0,490.0,172.0,363.0,314.0,213.0,274.0,264.0,284.0,412.0,329.0
126.0,130.0,256.0,27.0,137.0,225.0,46.0,144.0,170.0,140.0,188.0,457.0,101.0,90.0,127.0
146.0,174.0,311.0,31.0,184.0,259.0,61.0,364.0,178.0,184.0,238.0,207.0,122.0,184.0,155.0
167.0,225.0,382.0,38.0,229.0,308.0,86.0,299.0,222.0,246.0,309.0,302.0,176.0,219.0,190.0
191.0,225.0,336.0,51.0,252.0,310.0,106.0,205.0,0.0,196.0,245.0,241.0,209.0,156.0,218.0
205.0,276.0,347.0,55.0,310.0,365.0,172.0,228.0,290.0,202.0,264.0,254.0,256.0,169.0,242.0
181.0,234.0,293.0,50.0,503.0,272.0,203.0,176.0,253.0,160.0,211.0,187.0,211.0,125.0,678.0
125.0,130.0,255.0,25.0,128.0,225.0,54.0,192.0,168.0,139.0,206.0,140.0,92.0,27.0,99.0
158.0,205.0,247.0,35.0,255.0,289.0,76.0,192.0,199.0,154.0,170.0,167.0,156.0,72.0,215.0
130.0,137.0,201.0,29.0,175.0,188.0,58.0,62.0,172.0,85.0,389.0,81.0,101.0,35.0,126.0
75.0,37.0,187.0,8.0,45.0,82.0,7.0,59.0,46.0,83.0,91.0,72.0,25.0,179.0,31.0
101.0,78.0,130.0,17.0,85.0,188.0,29.0,31.0,120.0,84.0,5.0,76.0,48.0,71.0,66.0
257.0,274.0,267.0,248.0,445.0,362.0,261.0,175.0,498.0,144.0,200.0,151.0,464.0,123.0,574.0
178.0,241.0,311.0,38.0,100.0,348.0,19.0,197.0,222.0,176.0,244.0,197.0,176.0,82.0,172.0
187.0,281.0,320.0,51.0,257.0,373.0,107.0,205.0,270.0,192.0,241.0,207.0,212.0,145.0,116.0
167.0,346.0,222.0,38.0,216.0,422.0,79.0,115.0,215.0,113.0,128.0,69.0,171.0,79.0,153.0
169.0,225.0,300.0,40.0,229.0,310.0,92.0,189.0,223.0,176.0,245.0,203.0,181.0,133.0,172.0
83.0,118.0,190.0,12.0,476.0,222.0,19.0,51.0,204.0,84.0,91.0,125.0,36.0,28.0,678.0
83.0,43.0,355.0,15.0,45.0,124.0,22.0,222.0,111.0,82.0,264.0,181.0,40.0,170.0,32.0
126.0,133.0,255.0,27.0,157.0,241.0,50.0,141.0,168.0,139.0,182.0,221.0,95.0,88.0,111.0
330.0,590.0,395.0,114.0,569.0,319.0,339.0,297.0,547.0,416.0,64.0,822.0,583.0,217.0,334.0
257.0,346.0,476.0,70.0,118.0,281.0,38.0,341.0,333.0,243.0,382.0,298.0,288.0,256.0,94.0
183.0,241.0,256.0,23.0,128.0,349.0,42.0,32.0,330.0,139.0,187.0,118.0,76.0,21.0,172.0
270.0,56.0,414.0,86.0,200.0,155.0,253.0,306.0,430.0,265.0,326.0,317.0,406.0,131.0,172.0
123.0,109.0,255.0,24.0,45.0,216.0,9.0,141.0,141.0,138.0,182.0,139.0,33.0,92.0,31.0
257.0,322.0,374.0,71.0,341.0,393.0,217.0,285.0,452.0,243.0,302.0,302.0,330.0,202.0,406.0
374.0,693.0,514.0,137.0,278.0,390.0,382.0,391.0,545.0,319.0,414.0,456.0,590.0,192.0,170.0
264.0,367.0,382.0,78.0,329.0,425.0,226.0,155.0,425.0,247.0,309.0,353.0,337.0,106.0,172.0
80.0,41.0,336.0,16.0,104.0,102.0,34.0,398.0,107.0,197.0,245.0,240.0,48.0,305.0,84.0
246.0,474.0,356.0,70.0,175.0,468.0,170.0,259.0,343.0,238.0,275.0,288.0,303.0,256.0,140.0
157.0,200.0,240.0,35.0,176.0,280.0,77.0,111.0,198.0,129.0,157.0,117.0,155.0,303.0,148.0
257.0,292.0,999.0,112.0,723.0,373.0,396.0,999.0,119.0,304.0,307.0,430.0,656.0,999.0,9.0
999.0,999.0,999.0,999.0,999.0,999.0,999.0,999.0,999.0,999.0,681.0,999.0,999.0,999.0,999.0
158.0,207.0,263.0,29.0,174.0,293.0,58.0,158.0,173.0,147.0,165.0,165.0,102.0,102.0,179.0
187.0,253.0,347.0,51.0,255.0,348.0,107.0,10.0,270.0,191.0,173.0,228.0,212.0,92.0,240.0
167.0,221.0,187.0,51.0,303.0,312.0,121.0,130.0,272.0,82.0,87.0,50.0,239.0,82.0,316.0
126.0,145.0,440.0,27.0,157.0,255.0,52.0,83.0,168.0,214.0,345.0,268.0,97.0,64.0,122.0
268.0,372.0,414.0,86.0,260.0,445.0,121.0,280.0,430.0,265.0,326.0,317.0,239.0,201.0,229.0
105.0,90.0,142.0,20.0,112.0,216.0,35.0,31.0,127.0,151.0,160.0,162.0,55.0,173.0,88.0
140.0,225.0,278.0,30.0,150.0,315.0,50.0,175.0,180.0,151.0,201.0,162.0,92.0,218.0,119.0
241.0,323.0,351.0,70.0,112.0,404.0,35.0,241.0,332.0,228.0,63.0,287.0,55.0,170.0,82.0
182.0,133.0,320.0,50.0,89.0,241.0,30.0,202.0,252.0,188.0,240.0,221.0,209.0,148.0,72.0
154.0,188.0,290.0,34.0,216.0,310.0,82.0,176.0,210.0,156.0,208.0,178.0,171.0,125.0,119.0
376.0,56.0,532.0,146.0,310.0,155.0,180.0,406.0,579.0,347.0,182.0,457.0,288.0,292.0,334.0
271.0,406.0,346.0,58.0,277.0,486.0,143.0,225.0,296.0,201.0,295.0,374.0,269.0,167.0,247.0
113.0,90.0,238.0,21.0,86.0,203.0,28.0,103.0,139.0,120.0,152.0,117.0,40.0,72.0,69.0
322.0,515.0,491.0,112.0,47.0,227.0,9.0,346.0,500.0,304.0,387.0,76.0,42.0,259.0,32.0
126.0,131.0,254.0,25.0,181.0,211.0,50.0,146.0,168.0,138.0,149.0,139.0,92.0,106.0,154.0
146.0,173.0,260.0,32.0,252.0,254.0,61.0,148.0,184.0,144.0,189.0,156.0,123.0,96.0,122.0
338.0,40.0,511.0,97.0,415.0,87.0,243.0,32.0,483.0,289.0,465.0,348.0,408.0,12.0,416.0
181.0,222.0,316.0,45.0,237.0,308.0,99.0,201.0,232.0,188.0,244.0,212.0,200.0,628.0,212.0
156.0,180.0,215.0,33.0,80.0,260.0,23.0,83.0,178.0,112.0,128.0,101.0,42.0,64.0,55.0
171.0,231.0,330.0,51.0,248.0,312.0,107.0,205.0,271.0,192.0,244.0,231.0,212.0,158.0,218.0
119.0,72.0,355.0,65.0,175.0,205.0,58.0,132.0,314.0,223.0,286.0,280.0,284.0,87.0,142.0
167.0,222.0,299.0,38.0,227.0,308.0,85.0,187.0,180.0,174.0,220.0,196.0,175.0,133.0,154.0
104.0,78.0,208.0,19.0,105.0,164.0,32.0,82.0,134.0,106.0,402.0,134.0,48.0,55.0,85.0
80.0,48.0,283.0,15.0,73.0,211.0,19.0,168.0,103.0,154.0,207.0,175.0,40.0,116.0,124.0
156.0,210.0,283.0,34.0,160.0,490.0,53.0,175.0,233.0,156.0,208.0,175.0,113.0,123.0,157.0
319.0,325.0,528.0,96.0,32.0,241.0,247.0,398.0,419.0,300.0,419.0,353.0,429.0,303.0,12.0
270.0,179.0,411.0,86.0,341.0,260.0,220.0,316.0,430.0,265.0,325.0,317.0,419.0,255.0,406.0
111.0,89.0,240.0,21.0,131.0,197.0,43.0,111.0,139.0,129.0,157.0,118.0,77.0,77.0,63.0
163.0,210.0,204.0,36.0,233.0,211.0,82.0,62.0,210.0,99.0,108.0,76.0,171.0,35.0,202.0
311.0,461.0,476.0,104.0,89.0,489.0,35.0,331.0,500.0,296.0,468.0,355.0,55.0,255.0,74.0
95.0,56.0,648.0,60.0,288.0,155.0,165.0,493.0,302.0,425.0,240.0,856.0,272.0,333.0,172.0
375.0,205.0,532.0,143.0,735.0,289.0,485.0,490.0,571.0,347.0,449.0,302.0,678.0,339.0,119.0
126.0,131.0,263.0,27.0,123.0,235.0,50.0,148.0,170.0,137.0,191.0,264.0,95.0,28.0,95.0
232.0,322.0,356.0,65.0,191.0,468.0,69.0,259.0,314.0,223.0,290.0,282.0,284.0,66.0,158.0
121.0,106.0,224.0,20.0,202.0,210.0,35.0,98.0,127.0,120.0,152.0,124.0,55.0,72.0,173.0
130.0,137.0,281.0,27.0,161.0,247.0,53.0,212.0,184.0,140.0,201.0,162.0,101.0,162.0,175.0
73.0,27.0,125.0,6.0,118.0,56.0,5.0,27.0,38.0,67.0,149.0,50.0,19.0,503.0,84.0
319.0,306.0,396.0,109.0,117.0,390.0,35.0,290.0,501.0,296.0,326.0,125.0,59.0,205.0,85.0
138.0,222.0,279.0,31.0,255.0,308.0,107.0,156.0,184.0,154.0,243.0,162.0,204.0,107.0,229.0
100.0,63.0,111.0,17.0,186.0,154.0,70.0,26.0,98.0,113.0,222.0,92.0,49.0,12.0,127.0
288.0,434.0,386.0,70.0,322.0,486.0,237.0,323.0,343.0,238.0,320.0,301.0,309.0,292.0,390.0
114.0,78.0,240.0,22.0,128.0,155.0,42.0,109.0,141.0,129.0,157.0,117.0,76.0,57.0,97.0
212.0,76.0,339.0,56.0,278.0,173.0,147.0,216.0,296.0,199.0,238.0,163.0,269.0,162.0,275.0
412.0,764.0,657.0,177.0,88.0,767.0,67.0,493.0,660.0,408.0,394.0,799.0,59.0,339.0,55.0
123.0,109.0,382.0,29.0,161.0,216.0,53.0,292.0,178.0,246.0,309.0,302.0,101.0,208.0,127.0
95.0,62.0,239.0,16.0,83.0,155.0,24.0,104.0,111.0,108.0,157.0,98.0,43.0,81.0,64.0
235.0,316.0,747.0,65.0,288.0,390.0,165.0,718.0,314.0,660.0,509.0,822.0,284.0,296.0,38.0
288.0,461.0,348.0,70.0,310.0,489.0,170.0,15.0,343.0,207.0,272.0,264.0,276.0,192.0,329.0
114.0,95.0,240.0,22.0,131.0,205.0,43.0,111.0,144.0,129.0,164.0,125.0,70.0,76.0,12.0
115.0,95.0,252.0,23.0,118.0,210.0,45.0,155.0,144.0,138.0,179.0,127.0,85.0,102.0,111.0
154.0,200.0,206.0,33.0,176.0,280.0,70.0,251.0,188.0,106.0,100.0,92.0,140.0,92.0,154.0
123.0,104.0,252.0,24.0,188.0,212.0,67.0,140.0,164.0,137.0,177.0,137.0,89.0,87.0,218.0
178.0,231.0,317.0,45.0,75.0,315.0,83.0,204.0,222.0,188.0,87.0,280.0,195.0,179.0,54.0
236.0,323.0,355.0,65.0,128.0,241.0,40.0,251.0,330.0,223.0,286.0,277.0,239.0,184.0,96.0
154.0,188.0,125.0,33.0,155.0,270.0,67.0,27.0,181.0,57.0,20.0,23.0,139.0,16.0,119.0
71.0,72.0,111.0,6.0,28.0,188.0,2.0,26.0,34.0,61.0,8.0,21.0,12.0,16.0,12.0
999.0,999.0,661.0,999.0,85.0,999.0,26.0,509.0,999.0,999.0,640.0,911.0,999.0,390.0,69.0
235.0,317.0,532.0,63.0,292.0,393.0,166.0,565.0,314.0,347.0,470.0,185.0,273.0,455.0,307.0
270.0,409.0,360.0,86.0,104.0,486.0,222.0,264.0,425.0,256.0,199.0,312.0,336.0,156.0,84.0
71.0,27.0,184.0,8.0,45.0,127.0,6.0,45.0,98.0,80.0,87.0,140.0,26.0,25.0,134.0
229.0,205.0,348.0,60.0,292.0,288.0,166.0,241.0,302.0,203.0,272.0,117.0,273.0,184.0,275.0
288.0,76.0,179.0,95.0,191.0,270.0,69.0,39.0,457.0,92.0,64.0,76.0,204.0,24.0,153.0
232.0,82.0,355.0,65.0,365.0,261.0,203.0,225.0,314.0,223.0,287.0,282.0,284.0,134.0,455.0
75.0,105.0,564.0,7.0,28.0,155.0,4.0,420.0,54.0,411.0,470.0,346.0,23.0,311.0,12.0
124.0,105.0,438.0,23.0,43.0,213.0,18.0,315.0,163.0,132.0,321.0,127.0,35.0,240.0,12.0
100.0,63.0,414.0,17.0,157.0,155.0,38.0,306.0,125.0,264.0,326.0,316.0,45.0,235.0,119.0
217.0,304.0,313.0,58.0,45.0,388.0,4.0,200.0,297.0,188.0,238.0,172.0,269.0,196.0,31.0
377.0,769.0,532.0,148.0,280.0,706.0,148.0,469.0,210.0,347.0,414.0,456.0,590.0,319.0,274.0
169.0,215.0,239.0,51.0,229.0,297.0,94.0,155.0,248.0,196.0,158.0,221.0,191.0,107.0,190.0
235.0,316.0,337.0,61.0,280.0,390.0,147.0,392.0,311.0,214.0,250.0,254.0,269.0,305.0,275.0
311.0,488.0,475.0,97.0,252.0,490.0,78.0,331.0,210.0,293.0,449.0,353.0,238.0,240.0,218.0
316.0,515.0,348.0,104.0,288.0,462.0,382.0,225.0,503.0,207.0,94.0,76.0,590.0,170.0,124.0
146.0,169.0,283.0,33.0,177.0,255.0,61.0,168.0,184.0,154.0,207.0,137.0,122.0,458.0,154.0
165.0,219.0,111.0,33.0,189.0,297.0,65.0,26.0,177.0,154.0,0.0,139.0,128.0,16.0,155.0
163.0,210.0,296.0,36.0,234.0,294.0,79.0,183.0,233.0,167.0,208.0,187.0,168.0,132.0,215.0
330.0,694.0,157.0,117.0,45.0,663.0,9.0,297.0,547.0,304.0,152.0,355.0,590.0,218.0,45.0
104.0,78.0,72.0,19.0,89.0,175.0,32.0,15.0,129.0,101.0,5.0,316.0,44.0,16.0,74.0
202.0,129.0,339.0,51.0,151.0,221.0,99.0,216.0,270.0,201.0,261.0,282.0,212.0,269.0,119.0
288.0,317.0,348.0,110.0,524.0,393.0,274.0,228.0,518.0,207.0,272.0,263.0,524.0,179.0,808.0
104.0,78.0,224.0,19.0,45.0,155.0,23.0,59.0,139.0,120.0,152.0,114.0,42.0,57.0,32.0
97.0,325.0,223.0,16.0,98.0,328.0,29.0,94.0,117.0,107.0,222.0,98.0,46.0,27.0,77.0
111.0,89.0,224.0,21.0,174.0,193.0,58.0,98.0,134.0,120.0,160.0,114.0,103.0,72.0,119.0
316.0,515.0,111.0,6.0,233.0,490.0,50.0,26.0,34.0,63.0,20.0,47.0,92.0,16.0,201.0
152.0,179.0,283.0,33.0,174.0,260.0,58.0,200.0,173.0,154.0,208.0,127.0,128.0,158.0,126.0
235.0,87.0,266.0,66.0,310.0,193.0,180.0,154.0,311.0,243.0,214.0,301.0,284.0,106.0,329.0
317.0,185.0,648.0,49.0,310.0,261.0,174.0,490.0,122.0,416.0,582.0,95.0,195.0,333.0,322.0
126.0,131.0,247.0,26.0,191.0,241.0,50.0,187.0,170.0,153.0,175.0,163.0,92.0,133.0,157.0
75.0,45.0,661.0,65.0,310.0,127.0,129.0,509.0,195.0,223.0,597.0,282.0,284.0,339.0,322.0
103.0,72.0,385.0,19.0,100.0,210.0,33.0,293.0,145.0,247.0,210.0,303.0,51.0,193.0,77.0
83.0,47.0,204.0,11.0,54.0,127.0,0.0,62.0,76.0,99.0,200.0,76.0,35.0,28.0,31.0
330.0,259.0,350.0,97.0,341.0,160.0,220.0,241.0,333.0,293.0,275.0,268.0,334.0,81.0,455.0
270.0,304.0,440.0,114.0,216.0,388.0,367.0,346.0,199.0,273.0,222.0,301.0,583.0,291.0,45.0
154.0,180.0,336.0,36.0,189.0,260.0,67.0,205.0,195.0,196.0,245.0,208.0,145.0,131.0,174.0
100.0,62.0,240.0,51.0,261.0,155.0,121.0,718.0,290.0,120.0,152.0,117.0,252.0,493.0,246.0
156.0,292.0,300.0,34.0,216.0,374.0,76.0,189.0,195.0,156.0,225.0,301.0,155.0,169.0,179.0
104.0,141.0,224.0,19.0,145.0,249.0,35.0,98.0,34.0,120.0,149.0,114.0,55.0,72.0,97.0
112.0,90.0,240.0,23.0,229.0,203.0,129.0,315.0,134.0,129.0,164.0,124.0,76.0,245.0,198.0
123.0,179.0,252.0,24.0,134.0,260.0,46.0,140.0,164.0,137.0,175.0,133.0,89.0,91.0,119.0
113.0,90.0,481.0,22.0,131.0,203.0,43.0,342.0,141.0,296.0,387.0,95.0,77.0,256.0,101.0
103.0,72.0,239.0,18.0,85.0,160.0,28.0,104.0,454.0,113.0,158.0,100.0,51.0,55.0,64.0
257.0,338.0,360.0,70.0,165.0,255.0,54.0,572.0,343.0,230.0,243.0,288.0,101.0,455.0,126.0
84.0,48.0,125.0,6.0,89.0,372.0,30.0,27.0,117.0,61.0,139.0,70.0,46.0,17.0,71.0
158.0,205.0,247.0,57.0,277.0,289.0,139.0,137.0,281.0,227.0,173.0,282.0,264.0,88.0,248.0
211.0,325.0,363.0,60.0,288.0,382.0,165.0,420.0,302.0,203.0,298.0,263.0,272.0,311.0,297.0
165.0,225.0,322.0,43.0,310.0,144.0,391.0,98.0,171.0,198.0,245.0,241.0,238.0,72.0,334.0
167.0,225.0,326.0,51.0,242.0,310.0,99.0,204.0,272.0,191.0,261.0,236.0,200.0,162.0,215.0
123.0,115.0,252.0,24.0,155.0,220.0,45.0,137.0,164.0,137.0,177.0,137.0,84.0,129.0,119.0
288.0,89.0,447.0,95.0,117.0,445.0,38.0,322.0,466.0,273.0,366.0,322.0,429.0,246.0,101.0
316.0,515.0,648.0,63.0,212.0,448.0,165.0,493.0,314.0,403.0,351.0,68.0,272.0,339.0,179.0
86.0,71.0,693.0,13.0,55.0,159.0,18.0,572.0,95.0,76.0,400.0,76.0,36.0,333.0,44.0
236.0,320.0,351.0,61.0,89.0,393.0,166.0,225.0,314.0,214.0,274.0,264.0,272.0,184.0,72.0
156.0,249.0,271.0,36.0,43.0,348.0,6.0,155.0,199.0,166.0,200.0,186.0,26.0,90.0,74.0
119.0,104.0,240.0,23.0,145.0,212.0,50.0,110.0,120.0,129.0,158.0,126.0,76.0,76.0,118.0
236.0,320.0,340.0,56.0,238.0,393.0,129.0,130.0,293.0,200.0,252.0,249.0,260.0,72.0,96.0
273.0,423.0,428.0,110.0,202.0,484.0,75.0,315.0,480.0,269.0,322.0,323.0,154.0,245.0,173.0
138.0,229.0,271.0,30.0,128.0,312.0,61.0,124.0,178.0,151.0,129.0,162.0,113.0,88.0,101.0
256.0,332.0,449.0,71.0,261.0,429.0,226.0,322.0,363.0,273.0,29.0,323.0,337.0,235.0,238.0
101.0,72.0,183.0,7.0,105.0,155.0,5.0,756.0,50.0,76.0,298.0,61.0,25.0,628.0,87.0
322.0,585.0,351.0,110.0,28.0,518.0,2.0,251.0,498.0,300.0,275.0,50.0,10.0,184.0,12.0
80.0,40.0,254.0,9.0,47.0,86.0,9.0,251.0,76.0,138.0,170.0,139.0,33.0,184.0,44.0
84.0,47.0,184.0,14.0,83.0,308.0,23.0,45.0,139.0,99.0,148.0,76.0,42.0,26.0,82.0
414.0,769.0,661.0,177.0,303.0,328.0,391.0,509.0,518.0,374.0,654.0,582.0,751.0,343.0,93.0
167.0,221.0,855.0,38.0,227.0,293.0,85.0,940.0,12.0,871.0,999.0,999.0,175.0,583.0,183.0
206.0,316.0,396.0,56.0,218.0,390.0,82.0,297.0,272.0,141.0,322.0,149.0,259.0,235.0,181.0
180.0,233.0,111.0,45.0,200.0,320.0,75.0,16.0,198.0,187.0,241.0,162.0,195.0,16.0,172.0
132.0,137.0,240.0,27.0,217.0,281.0,82.0,111.0,171.0,140.0,160.0,117.0,102.0,129.0,175.0
257.0,323.0,374.0,71.0,85.0,333.0,61.0,285.0,297.0,243.0,241.0,303.0,330.0,218.0,64.0
113.0,90.0,240.0,21.0,117.0,203.0,37.0,111.0,139.0,129.0,157.0,118.0,54.0,101.0,94.0
410.0,756.0,550.0,159.0,234.0,143.0,82.0,459.0,638.0,403.0,470.0,681.0,726.0,491.0,126.0
163.0,212.0,299.0,38.0,186.0,211.0,70.0,186.0,213.0,174.0,222.0,196.0,174.0,134.0,155.0
232.0,306.0,351.0,64.0,252.0,491.0,82.0,315.0,313.0,214.0,274.0,355.0,276.0,240.0,212.0
119.0,104.0,254.0,23.0,89.0,212.0,30.0,141.0,165.0,138.0,176.0,101.0,76.0,314.0,72.0
163.0,41.0,294.0,36.0,208.0,118.0,82.0,204.0,210.0,167.0,211.0,338.0,168.0,150.0,175.0
123.0,87.0,251.0,24.0,132.0,188.0,45.0,144.0,162.0,137.0,173.0,137.0,85.0,95.0,107.0
271.0,179.0,411.0,89.0,445.0,127.0,254.0,306.0,858.0,271.0,325.0,322.0,438.0,291.0,351.0
377.0,694.0,530.0,148.0,188.0,663.0,67.0,403.0,579.0,347.0,382.0,582.0,583.0,305.0,154.0
210.0,284.0,311.0,57.0,261.0,373.0,121.0,197.0,297.0,201.0,262.0,248.0,252.0,132.0,218.0
129.0,131.0,294.0,38.0,252.0,238.0,101.0,176.0,223.0,174.0,210.0,214.0,214.0,292.0,198.0
319.0,523.0,491.0,109.0,86.0,521.0,23.0,358.0,501.0,304.0,597.0,207.0,42.0,269.0,69.0
428.0,515.0,500.0,243.0,322.0,498.0,261.0,342.0,858.0,304.0,408.0,428.0,494.0,258.0,416.0
140.0,40.0,278.0,30.0,189.0,86.0,82.0,103.0,103.0,151.0,201.0,162.0,171.0,72.0,157.0
163.0,27.0,332.0,40.0,43.0,82.0,19.0,216.0,223.0,184.0,245.0,207.0,181.0,134.0,12.0
181.0,234.0,317.0,45.0,310.0,324.0,184.0,204.0,232.0,188.0,240.0,204.0,284.0,57.0,334.0
196.0,225.0,332.0,51.0,137.0,310.0,188.0,999.0,431.0,193.0,245.0,236.0,288.0,999.0,111.0
211.0,87.0,590.0,248.0,260.0,188.0,121.0,476.0,145.0,408.0,187.0,822.0,923.0,321.0,238.0
152.0,180.0,330.0,51.0,227.0,260.0,98.0,285.0,288.0,191.0,244.0,228.0,209.0,192.0,182.0
202.0,257.0,332.0,51.0,237.0,349.0,78.0,194.0,182.0,196.0,245.0,236.0,158.0,134.0,214.0
80.0,41.0,184.0,9.0,47.0,102.0,9.0,45.0,81.0,57.0,120.0,25.0,33.0,24.0,31.0
206.0,276.0,339.0,56.0,175.0,348.0,58.0,222.0,292.0,199.0,252.0,244.0,259.0,170.0,142.0
182.0,235.0,323.0,50.0,253.0,270.0,105.0,176.0,178.0,190.0,240.0,218.0,209.0,131.0,231.0
121.0,105.0,220.0,20.0,176.0,534.0,58.0,90.0,132.0,112.0,129.0,101.0,54.0,57.0,148.0
169.0,222.0,240.0,40.0,255.0,308.0,94.0,111.0,223.0,129.0,160.0,126.0,191.0,81.0,216.0
154.0,188.0,279.0,34.0,228.0,214.0,65.0,160.0,171.0,153.0,232.0,163.0,145.0,72.0,187.0
71.0,27.0,184.0,3.0,15.0,268.0,1.0,49.0,601.0,25.0,119.0,0.0,4.0,27.0,4.0
169.0,235.0,300.0,40.0,229.0,333.0,92.0,476.0,223.0,176.0,187.0,160.0,181.0,339.0,97.0
101.0,62.0,507.0,5.0,569.0,155.0,1.0,323.0,109.0,306.0,408.0,430.0,5.0,247.0,158.0
187.0,769.0,360.0,51.0,253.0,143.0,108.0,264.0,276.0,192.0,286.0,228.0,214.0,186.0,220.0
97.0,55.0,208.0,16.0,89.0,156.0,30.0,80.0,117.0,106.0,129.0,92.0,46.0,57.0,71.0
122.0,105.0,246.0,23.0,176.0,42.0,58.0,111.0,145.0,132.0,170.0,139.0,70.0,76.0,153.0
100.0,62.0,214.0,17.0,89.0,156.0,30.0,32.0,105.0,108.0,128.0,100.0,46.0,21.0,93.0
105.0,89.0,747.0,38.0,226.0,175.0,83.0,718.0,122.0,660.0,509.0,582.0,174.0,583.0,180.0
105.0,90.0,313.0,96.0,448.0,197.0,258.0,186.0,466.0,271.0,188.0,323.0,450.0,133.0,604.0
80.0,40.0,187.0,11.0,145.0,86.0,2.0,47.0,76.0,82.0,200.0,72.0,33.0,26.0,85.0
152.0,174.0,180.0,36.0,212.0,143.0,78.0,146.0,204.0,71.0,63.0,68.0,158.0,55.0,175.0
115.0,95.0,240.0,23.0,253.0,208.0,106.0,620.0,145.0,129.0,160.0,280.0,73.0,442.0,220.0
152.0,174.0,347.0,60.0,278.0,259.0,143.0,232.0,341.0,203.0,597.0,244.0,269.0,184.0,262.0
316.0,515.0,481.0,106.0,258.0,491.0,119.0,358.0,500.0,300.0,387.0,387.0,515.0,269.0,234.0
152.0,182.0,111.0,33.0,202.0,261.0,75.0,26.0,187.0,154.0,310.0,76.0,154.0,16.0,173.0
235.0,207.0,688.0,65.0,311.0,288.0,172.0,532.0,314.0,223.0,658.0,282.0,284.0,496.0,334.0
333.0,612.0,336.0,133.0,191.0,534.0,367.0,206.0,400.0,207.0,239.0,263.0,624.0,158.0,172.0
76.0,55.0,257.0,27.0,89.0,143.0,32.0,146.0,180.0,141.0,177.0,149.0,101.0,247.0,72.0
132.0,137.0,283.0,29.0,294.0,249.0,171.0,168.0,638.0,153.0,208.0,163.0,284.0,116.0,32.0
163.0,214.0,507.0,36.0,255.0,255.0,106.0,306.0,210.0,167.0,410.0,187.0,214.0,218.0,220.0
210.0,284.0,347.0,60.0,280.0,373.0,150.0,228.0,302.0,203.0,261.0,244.0,270.0,174.0,275.0
288.0,461.0,126.0,97.0,446.0,486.0,258.0,31.0,311.0,278.0,27.0,304.0,450.0,17.0,574.0
264.0,300.0,447.0,91.0,446.0,372.0,258.0,322.0,430.0,273.0,222.0,323.0,450.0,246.0,181.0
428.0,194.0,553.0,185.0,234.0,268.0,75.0,391.0,314.0,374.0,509.0,582.0,154.0,300.0,220.0
180.0,233.0,316.0,45.0,233.0,320.0,61.0,201.0,213.0,188.0,240.0,185.0,122.0,146.0,198.0
156.0,391.0,184.0,35.0,200.0,468.0,75.0,469.0,197.0,84.0,78.0,76.0,154.0,319.0,390.0
91.0,47.0,224.0,15.0,83.0,254.0,24.0,98.0,103.0,147.0,152.0,158.0,42.0,247.0,198.0
112.0,90.0,580.0,18.0,200.0,203.0,61.0,470.0,122.0,408.0,470.0,894.0,122.0,319.0,178.0
100.0,63.0,395.0,17.0,45.0,156.0,19.0,200.0,120.0,130.0,322.0,126.0,35.0,145.0,31.0
237.0,323.0,355.0,67.0,322.0,404.0,62.0,97.0,237.0,223.0,220.0,280.0,156.0,491.0,390.0
246.0,323.0,326.0,51.0,228.0,294.0,85.0,130.0,210.0,191.0,243.0,228.0,190.0,87.0,183.0
156.0,129.0,281.0,33.0,200.0,222.0,67.0,165.0,227.0,154.0,206.0,173.0,136.0,111.0,170.0
217.0,301.0,347.0,60.0,279.0,349.0,147.0,228.0,293.0,203.0,264.0,330.0,270.0,185.0,469.0
270.0,331.0,111.0,86.0,446.0,425.0,258.0,26.0,430.0,25.0,5.0,0.0,380.0,28.0,566.0
163.0,232.0,240.0,15.0,73.0,319.0,19.0,110.0,103.0,101.0,160.0,449.0,40.0,76.0,119.0
113.0,90.0,183.0,21.0,100.0,277.0,33.0,39.0,139.0,75.0,27.0,178.0,54.0,25.0,83.0
237.0,323.0,279.0,32.0,227.0,767.0,85.0,163.0,141.0,154.0,203.0,167.0,123.0,218.0,180.0
73.0,55.0,257.0,7.0,197.0,297.0,5.0,146.0,105.0,112.0,187.0,101.0,23.0,96.0,242.0
183.0,320.0,356.0,61.0,341.0,390.0,166.0,280.0,357.0,207.0,286.0,263.0,273.0,201.0,406.0
156.0,292.0,294.0,35.0,277.0,374.0,105.0,156.0,197.0,165.0,182.0,185.0,209.0,28.0,250.0
266.0,320.0,266.0,80.0,132.0,448.0,45.0,155.0,425.0,264.0,200.0,303.0,85.0,106.0,107.0
100.0,62.0,212.0,17.0,89.0,156.0,30.0,73.0,119.0,108.0,122.0,100.0,46.0,57.0,73.0
80.0,145.0,184.0,8.0,47.0,250.0,9.0,45.0,69.0,81.0,8.0,68.0,27.0,25.0,32.0
187.0,253.0,252.0,58.0,277.0,348.0,139.0,140.0,296.0,137.0,165.0,137.0,264.0,291.0,248.0
259.0,133.0,386.0,80.0,429.0,250.0,226.0,292.0,419.0,252.0,320.0,298.0,337.0,208.0,566.0
83.0,188.0,491.0,13.0,50.0,270.0,15.0,406.0,103.0,304.0,658.0,428.0,36.0,305.0,42.0
104.0,78.0,240.0,18.0,117.0,173.0,35.0,39.0,122.0,115.0,164.0,105.0,59.0,25.0,181.0
205.0,276.0,246.0,23.0,131.0,365.0,45.0,132.0,164.0,132.0,177.0,127.0,83.0,82.0,101.0
124.0,128.0,204.0,25.0,138.0,205.0,46.0,62.0,170.0,151.0,94.0,162.0,59.0,35.0,114.0
114.0,92.0,283.0,32.0,181.0,211.0,61.0,168.0,184.0,154.0,207.0,165.0,123.0,116.0,153.0
202.0,292.0,336.0,51.0,260.0,374.0,121.0,206.0,184.0,196.0,244.0,249.0,252.0,158.0,238.0
123.0,115.0,252.0,24.0,137.0,220.0,46.0,187.0,168.0,137.0,177.0,137.0,89.0,133.0,111.0
96.0,55.0,214.0,16.0,104.0,173.0,35.0,175.0,132.0,108.0,128.0,98.0,47.0,133.0,84.0
322.0,585.0,475.0,183.0,200.0,534.0,75.0,331.0,483.0,404.0,382.0,580.0,150.0,255.0,155.0
374.0,693.0,532.0,137.0,234.0,656.0,58.0,144.0,570.0,347.0,449.0,457.0,103.0,101.0,201.0
268.0,373.0,385.0,85.0,85.0,445.0,29.0,293.0,503.0,256.0,321.0,312.0,54.0,201.0,307.0
428.0,717.0,481.0,133.0,365.0,404.0,226.0,342.0,551.0,296.0,387.0,322.0,334.0,300.0,404.0
232.0,310.0,360.0,64.0,310.0,390.0,171.0,156.0,313.0,223.0,286.0,197.0,276.0,331.0,175.0
256.0,332.0,396.0,73.0,280.0,437.0,147.0,297.0,483.0,246.0,322.0,100.0,270.0,218.0,316.0
264.0,372.0,223.0,78.0,89.0,445.0,22.0,94.0,253.0,82.0,84.0,69.0,336.0,41.0,74.0
210.0,284.0,337.0,57.0,279.0,373.0,171.0,214.0,46.0,201.0,250.0,248.0,273.0,167.0,275.0
212.0,300.0,346.0,58.0,278.0,349.0,147.0,290.0,296.0,202.0,465.0,254.0,269.0,205.0,88.0
412.0,764.0,570.0,182.0,117.0,372.0,35.0,572.0,638.0,403.0,500.0,681.0,59.0,455.0,85.0
97.0,55.0,72.0,16.0,100.0,144.0,29.0,0.0,117.0,108.0,0.0,98.0,46.0,0.0,80.0
205.0,203.0,549.0,55.0,261.0,261.0,127.0,420.0,292.0,198.0,470.0,241.0,259.0,311.0,242.0
375.0,709.0,738.0,143.0,188.0,479.0,67.0,718.0,288.0,300.0,87.0,387.0,751.0,555.0,156.0
115.0,109.0,126.0,15.0,75.0,210.0,18.0,27.0,103.0,58.0,27.0,50.0,36.0,17.0,55.0
138.0,174.0,255.0,29.0,200.0,259.0,75.0,204.0,171.0,144.0,165.0,127.0,97.0,149.0,170.0
77.0,40.0,303.0,8.0,47.0,86.0,9.0,49.0,69.0,176.0,232.0,330.0,27.0,27.0,32.0
999.0,999.0,999.0,999.0,999.0,999.0,999.0,999.0,999.0,999.0,681.0,317.0,999.0,999.0,999.0
999.0,999.0,999.0,999.0,999.0,999.0,999.0,999.0,999.0,999.0,302.0,894.0,999.0,628.0,999.0
114.0,37.0,475.0,65.0,211.0,118.0,171.0,327.0,314.0,223.0,389.0,282.0,284.0,248.0,175.0
202.0,274.0,312.0,51.0,294.0,362.0,147.0,130.0,293.0,196.0,238.0,263.0,269.0,82.0,202.0
119.0,109.0,204.0,7.0,43.0,188.0,6.0,62.0,50.0,76.0,108.0,101.0,26.0,57.0,9.0
121.0,106.0,298.0,27.0,174.0,214.0,58.0,200.0,171.0,160.0,210.0,244.0,102.0,458.0,88.0
167.0,221.0,299.0,38.0,228.0,341.0,85.0,292.0,239.0,174.0,225.0,196.0,175.0,208.0,190.0
122.0,131.0,240.0,24.0,132.0,225.0,45.0,469.0,163.0,130.0,182.0,126.0,84.0,555.0,107.0
210.0,284.0,312.0,57.0,275.0,288.0,139.0,195.0,302.0,184.0,238.0,207.0,264.0,134.0,247.0
112.0,115.0,223.0,21.0,117.0,220.0,35.0,97.0,139.0,114.0,152.0,108.0,59.0,71.0,89.0
156.0,130.0,290.0,34.0,200.0,373.0,75.0,176.0,184.0,156.0,203.0,220.0,150.0,129.0,172.0
375.0,709.0,536.0,143.0,234.0,372.0,444.0,398.0,571.0,347.0,458.0,470.0,678.0,308.0,154.0
241.0,323.0,330.0,51.0,229.0,422.0,92.0,205.0,272.0,192.0,244.0,197.0,214.0,152.0,275.0
96.0,55.0,208.0,16.0,197.0,155.0,70.0,39.0,233.0,107.0,139.0,98.0,168.0,25.0,125.0
270.0,137.0,530.0,86.0,279.0,200.0,150.0,704.0,430.0,265.0,419.0,303.0,260.0,493.0,99.0
412.0,764.0,570.0,177.0,117.0,333.0,35.0,469.0,466.0,411.0,468.0,70.0,200.0,318.0,89.0
129.0,210.0,252.0,25.0,145.0,294.0,50.0,83.0,168.0,138.0,154.0,138.0,92.0,64.0,117.0
83.0,41.0,126.0,6.0,310.0,268.0,172.0,156.0,103.0,61.0,27.0,23.0,284.0,107.0,274.0
246.0,323.0,363.0,70.0,415.0,369.0,237.0,277.0,357.0,238.0,299.0,175.0,406.0,193.0,55.0
257.0,300.0,511.0,73.0,341.0,390.0,217.0,364.0,184.0,296.0,414.0,355.0,330.0,275.0,416.0
123.0,109.0,252.0,24.0,176.0,216.0,61.0,140.0,164.0,137.0,175.0,137.0,116.0,91.0,183.0
183.0,257.0,283.0,41.0,224.0,349.0,92.0,15.0,223.0,154.0,207.0,172.0,190.0,162.0,83.0
96.0,55.0,207.0,16.0,89.0,154.0,30.0,83.0,109.0,106.0,120.0,92.0,46.0,24.0,74.0
224.0,304.0,347.0,60.0,261.0,362.0,121.0,225.0,302.0,203.0,410.0,257.0,239.0,179.0,242.0
157.0,205.0,363.0,97.0,252.0,272.0,119.0,277.0,213.0,278.0,298.0,346.0,219.0,192.0,216.0
152.0,253.0,528.0,33.0,122.0,344.0,82.0,398.0,184.0,358.0,411.0,582.0,174.0,305.0,117.0
171.0,231.0,356.0,41.0,341.0,315.0,99.0,259.0,223.0,182.0,274.0,204.0,200.0,331.0,82.0
257.0,346.0,360.0,70.0,341.0,445.0,213.0,266.0,545.0,238.0,295.0,298.0,316.0,193.0,416.0
156.0,221.0,283.0,35.0,229.0,308.0,79.0,202.0,194.0,156.0,210.0,203.0,156.0,148.0,198.0
114.0,95.0,111.0,17.0,157.0,205.0,58.0,26.0,122.0,103.0,758.0,68.0,54.0,55.0,127.0
206.0,278.0,348.0,58.0,278.0,365.0,147.0,232.0,296.0,201.0,272.0,282.0,269.0,291.0,262.0
206.0,284.0,336.0,55.0,218.0,373.0,139.0,214.0,290.0,192.0,225.0,231.0,259.0,162.0,180.0
256.0,331.0,379.0,71.0,277.0,422.0,143.0,313.0,357.0,243.0,307.0,298.0,270.0,269.0,242.0
180.0,233.0,317.0,45.0,229.0,261.0,92.0,202.0,69.0,188.0,240.0,186.0,190.0,76.0,74.0
92.0,90.0,207.0,15.0,83.0,203.0,23.0,84.0,570.0,106.0,120.0,218.0,42.0,64.0,122.0
273.0,403.0,852.0,71.0,434.0,310.0,247.0,885.0,332.0,871.0,483.0,999.0,369.0,613.0,566.0
211.0,259.0,346.0,57.0,145.0,344.0,50.0,223.0,271.0,201.0,345.0,248.0,269.0,122.0,118.0
235.0,179.0,326.0,51.0,151.0,260.0,48.0,205.0,419.0,191.0,244.0,228.0,90.0,152.0,119.0
129.0,130.0,126.0,30.0,175.0,280.0,58.0,29.0,187.0,151.0,5.0,162.0,108.0,20.0,148.0
100.0,53.0,214.0,17.0,75.0,143.0,30.0,84.0,120.0,108.0,128.0,115.0,47.0,64.0,38.0
158.0,221.0,294.0,36.0,257.0,308.0,121.0,363.0,227.0,167.0,222.0,186.0,239.0,271.0,229.0
101.0,72.0,348.0,61.0,448.0,159.0,166.0,225.0,271.0,207.0,299.0,263.0,273.0,12.0,678.0
202.0,261.0,312.0,35.0,208.0,362.0,78.0,198.0,163.0,185.0,238.0,181.0,156.0,145.0,91.0
156.0,187.0,290.0,34.0,132.0,293.0,43.0,204.0,180.0,156.0,210.0,178.0,76.0,150.0,107.0
374.0,693.0,511.0,133.0,723.0,706.0,396.0,391.0,570.0,316.0,408.0,449.0,656.0,300.0,240.0
71.0,27.0,190.0,6.0,174.0,56.0,58.0,51.0,34.0,83.0,91.0,72.0,12.0,28.0,140.0
257.0,346.0,395.0,77.0,445.0,439.0,254.0,297.0,272.0,247.0,321.0,304.0,331.0,217.0,574.0
154.0,104.0,323.0,41.0,237.0,212.0,99.0,214.0,222.0,184.0,241.0,207.0,190.0,192.0,216.0
124.0,72.0,252.0,25.0,145.0,216.0,46.0,140.0,144.0,138.0,158.0,133.0,89.0,91.0,96.0
158.0,205.0,457.0,96.0,279.0,281.0,150.0,323.0,466.0,275.0,366.0,338.0,450.0,247.0,187.0
271.0,461.0,852.0,91.0,313.0,489.0,203.0,969.0,452.0,273.0,240.0,323.0,419.0,617.0,238.0
317.0,64.0,487.0,104.0,177.0,155.0,61.0,331.0,498.0,296.0,389.0,374.0,123.0,255.0,154.0
97.0,48.0,255.0,16.0,89.0,156.0,29.0,144.0,117.0,107.0,177.0,114.0,46.0,95.0,74.0
273.0,348.0,361.0,86.0,229.0,429.0,107.0,183.0,428.0,227.0,320.0,282.0,196.0,123.0,190.0
317.0,515.0,440.0,91.0,434.0,439.0,253.0,316.0,454.0,273.0,238.0,323.0,438.0,245.0,566.0
87.0,48.0,201.0,14.0,117.0,143.0,35.0,61.0,233.0,84.0,94.0,76.0,59.0,41.0,94.0
100.0,62.0,536.0,17.0,89.0,155.0,30.0,415.0,120.0,347.0,458.0,470.0,46.0,308.0,74.0
376.0,718.0,111.0,3.0,15.0,687.0,1.0,26.0,223.0,42.0,5.0,21.0,4.0,21.0,0.0
80.0,40.0,372.0,11.0,261.0,86.0,203.0,285.0,81.0,243.0,307.0,298.0,33.0,202.0,242.0
126.0,131.0,279.0,27.0,106.0,241.0,43.0,192.0,171.0,141.0,199.0,151.0,54.0,116.0,87.0
295.0,461.0,476.0,96.0,434.0,479.0,253.0,565.0,466.0,275.0,248.0,117.0,438.0,409.0,566.0
295.0,332.0,549.0,109.0,524.0,429.0,274.0,420.0,503.0,296.0,468.0,374.0,529.0,309.0,582.0
270.0,376.0,553.0,159.0,117.0,373.0,35.0,438.0,184.0,381.0,232.0,220.0,726.0,312.0,89.0
244.0,461.0,385.0,60.0,292.0,373.0,150.0,296.0,302.0,246.0,320.0,302.0,270.0,217.0,333.0
182.0,234.0,336.0,51.0,261.0,389.0,367.0,206.0,270.0,196.0,248.0,246.0,380.0,409.0,262.0
181.0,235.0,320.0,46.0,278.0,333.0,121.0,202.0,144.0,188.0,240.0,167.0,252.0,148.0,216.0
244.0,323.0,322.0,36.0,211.0,333.0,78.0,204.0,204.0,185.0,241.0,203.0,158.0,149.0,175.0
330.0,590.0,481.0,117.0,233.0,437.0,95.0,342.0,545.0,296.0,387.0,355.0,590.0,258.0,202.0
104.0,78.0,240.0,20.0,104.0,175.0,33.0,103.0,132.0,130.0,164.0,126.0,54.0,72.0,56.0
123.0,109.0,252.0,24.0,262.0,216.0,127.0,140.0,162.0,137.0,177.0,137.0,260.0,91.0,247.0
126.0,131.0,356.0,29.0,165.0,211.0,52.0,259.0,177.0,300.0,286.0,423.0,101.0,185.0,127.0
196.0,257.0,347.0,60.0,131.0,348.0,16.0,392.0,302.0,203.0,290.0,231.0,270.0,296.0,87.0
119.0,108.0,239.0,25.0,150.0,215.0,50.0,83.0,168.0,138.0,158.0,138.0,92.0,57.0,119.0
101.0,90.0,256.0,17.0,89.0,159.0,30.0,141.0,125.0,137.0,187.0,134.0,46.0,92.0,74.0
236.0,322.0,356.0,66.0,476.0,462.0,171.0,251.0,281.0,225.0,287.0,282.0,284.0,184.0,297.0
123.0,235.0,361.0,70.0,47.0,348.0,276.0,266.0,343.0,228.0,275.0,218.0,380.0,184.0,160.0
257.0,323.0,355.0,70.0,279.0,404.0,226.0,204.0,332.0,225.0,322.0,282.0,288.0,111.0,190.0
122.0,89.0,257.0,24.0,137.0,173.0,46.0,273.0,163.0,156.0,182.0,70.0,83.0,193.0,111.0
95.0,55.0,246.0,16.0,262.0,312.0,4.0,130.0,139.0,107.0,177.0,105.0,19.0,82.0,248.0
96.0,55.0,204.0,16.0,189.0,143.0,67.0,62.0,103.0,92.0,108.0,76.0,150.0,34.0,77.0
246.0,331.0,337.0,61.0,292.0,425.0,166.0,212.0,314.0,199.0,248.0,249.0,273.0,167.0,307.0
80.0,41.0,204.0,15.0,83.0,102.0,22.0,130.0,103.0,106.0,108.0,91.0,40.0,111.0,87.0
94.0,55.0,208.0,16.0,80.0,154.0,23.0,62.0,132.0,106.0,108.0,70.0,42.0,35.0,55.0
97.0,48.0,179.0,16.0,89.0,206.0,32.0,39.0,288.0,106.0,13.0,98.0,44.0,72.0,74.0
288.0,461.0,300.0,95.0,445.0,486.0,254.0,175.0,466.0,273.0,234.0,303.0,444.0,137.0,582.0
101.0,76.0,283.0,20.0,106.0,250.0,35.0,358.0,127.0,154.0,207.0,178.0,55.0,291.0,87.0
246.0,284.0,457.0,71.0,0.0,373.0,0.0,481.0,483.0,264.0,366.0,303.0,309.0,152.0,0.0
147.0,173.0,201.0,30.0,200.0,256.0,75.0,61.0,182.0,153.0,94.0,163.0,122.0,491.0,172.0
125.0,135.0,240.0,23.0,429.0,241.0,222.0,110.0,570.0,130.0,203.0,126.0,656.0,77.0,566.0
86.0,48.0,207.0,15.0,75.0,143.0,19.0,90.0,103.0,106.0,117.0,91.0,40.0,65.0,55.0
414.0,718.0,507.0,182.0,446.0,294.0,530.0,306.0,194.0,374.0,410.0,582.0,726.0,218.0,469.0
125.0,129.0,256.0,25.0,151.0,235.0,50.0,144.0,170.0,138.0,179.0,172.0,92.0,106.0,110.0
330.0,278.0,491.0,117.0,723.0,369.0,396.0,346.0,547.0,304.0,402.0,178.0,588.0,259.0,881.0
154.0,188.0,283.0,34.0,360.0,249.0,70.0,168.0,193.0,156.0,208.0,181.0,145.0,116.0,455.0
154.0,185.0,257.0,27.0,176.0,261.0,61.0,146.0,171.0,141.0,158.0,151.0,113.0,96.0,153.0
256.0,332.0,372.0,71.0,145.0,429.0,50.0,266.0,357.0,243.0,333.0,305.0,284.0,271.0,118.0
214.0,301.0,639.0,65.0,313.0,374.0,170.0,297.0,314.0,411.0,470.0,167.0,284.0,217.0,351.0
237.0,323.0,360.0,70.0,181.0,288.0,203.0,297.0,343.0,228.0,290.0,287.0,303.0,201.0,331.0
224.0,304.0,320.0,63.0,242.0,388.0,99.0,204.0,332.0,213.0,239.0,263.0,167.0,132.0,175.0
314.0,515.0,549.0,97.0,735.0,518.0,485.0,438.0,163.0,293.0,468.0,338.0,693.0,111.0,97.0
202.0,76.0,336.0,51.0,88.0,159.0,23.0,313.0,293.0,196.0,239.0,214.0,42.0,314.0,71.0
160.0,210.0,337.0,49.0,260.0,294.0,121.0,212.0,314.0,198.0,238.0,241.0,252.0,311.0,238.0
182.0,227.0,550.0,45.0,202.0,315.0,75.0,431.0,223.0,187.0,470.0,207.0,150.0,312.0,77.0
270.0,376.0,414.0,86.0,161.0,118.0,53.0,312.0,162.0,264.0,326.0,316.0,101.0,240.0,116.0
121.0,105.0,247.0,23.0,200.0,213.0,75.0,115.0,184.0,136.0,120.0,173.0,113.0,72.0,172.0
316.0,515.0,180.0,97.0,278.0,486.0,147.0,39.0,431.0,293.0,57.0,138.0,269.0,64.0,174.0
212.0,278.0,346.0,58.0,275.0,369.0,147.0,223.0,296.0,201.0,239.0,101.0,269.0,111.0,455.0
183.0,249.0,310.0,45.0,238.0,348.0,94.0,92.0,232.0,187.0,236.0,165.0,191.0,66.0,229.0
319.0,194.0,395.0,96.0,445.0,277.0,254.0,312.0,466.0,300.0,321.0,322.0,444.0,255.0,574.0
156.0,212.0,266.0,36.0,211.0,294.0,79.0,154.0,223.0,166.0,201.0,139.0,156.0,16.0,175.0
126.0,133.0,299.0,26.0,155.0,390.0,50.0,187.0,227.0,154.0,210.0,162.0,92.0,132.0,119.0
154.0,188.0,224.0,16.0,202.0,294.0,75.0,92.0,122.0,113.0,120.0,91.0,44.0,66.0,173.0
191.0,229.0,187.0,38.0,224.0,315.0,83.0,10.0,293.0,174.0,87.0,197.0,174.0,41.0,181.0
156.0,185.0,290.0,34.0,174.0,268.0,58.0,163.0,194.0,156.0,210.0,280.0,113.0,111.0,126.0
167.0,221.0,300.0,38.0,202.0,320.0,95.0,186.0,288.0,176.0,241.0,196.0,175.0,24.0,172.0
264.0,367.0,507.0,133.0,123.0,373.0,367.0,364.0,173.0,311.0,410.0,446.0,588.0,275.0,94.0
97.0,53.0,240.0,21.0,123.0,143.0,45.0,197.0,139.0,129.0,157.0,118.0,70.0,145.0,95.0
73.0,27.0,142.0,6.0,83.0,56.0,24.0,31.0,34.0,67.0,87.0,58.0,19.0,20.0,44.0
129.0,137.0,255.0,27.0,176.0,241.0,39.0,141.0,171.0,139.0,170.0,138.0,70.0,96.0,154.0
295.0,461.0,530.0,96.0,446.0,489.0,258.0,83.0,431.0,347.0,419.0,460.0,450.0,65.0,574.0
235.0,316.0,363.0,65.0,280.0,390.0,148.0,273.0,314.0,223.0,262.0,185.0,284.0,193.0,88.0
113.0,90.0,303.0,21.0,83.0,222.0,23.0,194.0,223.0,176.0,207.0,204.0,42.0,28.0,54.0
183.0,241.0,386.0,50.0,277.0,348.0,106.0,756.0,253.0,193.0,320.0,236.0,211.0,503.0,139.0
126.0,131.0,657.0,27.0,134.0,235.0,43.0,508.0,178.0,140.0,88.0,156.0,76.0,343.0,110.0
123.0,188.0,263.0,29.0,168.0,308.0,54.0,103.0,173.0,147.0,158.0,162.0,101.0,87.0,107.0
410.0,63.0,386.0,159.0,191.0,156.0,69.0,296.0,638.0,247.0,320.0,305.0,726.0,248.0,107.0
100.0,56.0,187.0,17.0,145.0,155.0,32.0,49.0,213.0,92.0,119.0,76.0,49.0,24.0,116.0
232.0,373.0,530.0,64.0,310.0,518.0,180.0,756.0,313.0,214.0,419.0,282.0,276.0,496.0,331.0
154.0,55.0,657.0,183.0,234.0,155.0,96.0,509.0,829.0,408.0,582.0,799.0,419.0,408.0,242.0
156.0,185.0,279.0,35.0,216.0,260.0,82.0,212.0,172.0,154.0,203.0,165.0,171.0,146.0,183.0
167.0,109.0,351.0,33.0,226.0,211.0,83.0,241.0,184.0,214.0,222.0,268.0,40.0,193.0,174.0
182.0,78.0,266.0,20.0,106.0,173.0,35.0,154.0,129.0,120.0,152.0,117.0,55.0,102.0,87.0
124.0,129.0,252.0,25.0,365.0,225.0,50.0,10.0,171.0,138.0,234.0,162.0,92.0,12.0,198.0
288.0,434.0,449.0,95.0,261.0,484.0,121.0,322.0,195.0,273.0,999.0,298.0,252.0,246.0,242.0
75.0,276.0,549.0,8.0,131.0,390.0,45.0,194.0,38.0,524.0,468.0,999.0,84.0,134.0,99.0
83.0,45.0,457.0,11.0,106.0,127.0,23.0,323.0,281.0,275.0,366.0,72.0,33.0,247.0,87.0
115.0,95.0,514.0,20.0,112.0,210.0,35.0,306.0,168.0,128.0,414.0,117.0,55.0,235.0,87.0
160.0,227.0,350.0,36.0,191.0,310.0,76.0,156.0,579.0,213.0,203.0,264.0,155.0,106.0,142.0
114.0,95.0,208.0,22.0,175.0,213.0,65.0,80.0,162.0,106.0,122.0,197.0,70.0,412.0,139.0
311.0,474.0,481.0,97.0,89.0,490.0,30.0,342.0,290.0,296.0,387.0,353.0,154.0,258.0,85.0
80.0,41.0,187.0,11.0,105.0,102.0,33.0,47.0,86.0,83.0,91.0,288.0,35.0,27.0,85.0
375.0,515.0,536.0,143.0,191.0,241.0,95.0,251.0,571.0,347.0,458.0,463.0,678.0,314.0,157.0
123.0,115.0,252.0,24.0,161.0,225.0,53.0,140.0,164.0,137.0,176.0,139.0,101.0,81.0,125.0
123.0,45.0,252.0,24.0,123.0,127.0,45.0,141.0,163.0,137.0,164.0,133.0,85.0,101.0,96.0
224.0,301.0,553.0,61.0,186.0,388.0,170.0,438.0,293.0,213.0,468.0,264.0,273.0,312.0,155.0
306.0,461.0,491.0,112.0,260.0,486.0,126.0,358.0,638.0,304.0,414.0,374.0,579.0,269.0,240.0
233.0,306.0,457.0,61.0,104.0,389.0,98.0,323.0,311.0,275.0,366.0,175.0,273.0,247.0,307.0
256.0,332.0,256.0,27.0,175.0,429.0,59.0,140.0,172.0,140.0,148.0,151.0,113.0,91.0,144.0
266.0,373.0,385.0,77.0,157.0,249.0,217.0,293.0,296.0,247.0,310.0,303.0,331.0,218.0,99.0
154.0,188.0,323.0,34.0,191.0,272.0,70.0,204.0,193.0,156.0,234.0,178.0,145.0,150.0,142.0
24.0,28.0,999.0,3.0,15.0,227.0,1.0,999.0,12.0,57.0,158.0,23.0,4.0,999.0,4.0
83.0,42.0,204.0,15.0,415.0,103.0,19.0,27.0,98.0,105.0,310.0,84.0,36.0,409.0,213.0
71.0,27.0,125.0,6.0,55.0,160.0,16.0,27.0,33.0,63.0,20.0,47.0,44.0,16.0,43.0
86.0,41.0,207.0,15.0,134.0,143.0,45.0,80.0,105.0,106.0,508.0,91.0,85.0,57.0,88.0
104.0,78.0,661.0,243.0,261.0,175.0,127.0,509.0,858.0,524.0,238.0,346.0,260.0,390.0,242.0
338.0,474.0,738.0,128.0,292.0,490.0,166.0,31.0,547.0,595.0,999.0,160.0,284.0,17.0,84.0
178.0,164.0,396.0,45.0,15.0,254.0,6.0,572.0,227.0,187.0,321.0,156.0,195.0,331.0,4.0
103.0,62.0,247.0,19.0,238.0,155.0,98.0,130.0,103.0,120.0,225.0,113.0,51.0,91.0,213.0
187.0,253.0,294.0,51.0,278.0,348.0,143.0,186.0,270.0,165.0,173.0,186.0,269.0,269.0,262.0
71.0,227.0,184.0,6.0,89.0,272.0,7.0,45.0,34.0,80.0,234.0,69.0,12.0,24.0,30.0
233.0,320.0,348.0,65.0,313.0,393.0,170.0,228.0,314.0,207.0,272.0,263.0,284.0,174.0,351.0
206.0,257.0,514.0,36.0,218.0,349.0,82.0,398.0,270.0,404.0,414.0,172.0,168.0,305.0,180.0
236.0,320.0,263.0,66.0,311.0,393.0,180.0,158.0,357.0,225.0,188.0,282.0,284.0,107.0,334.0
206.0,278.0,661.0,51.0,258.0,369.0,121.0,704.0,248.0,193.0,508.0,236.0,239.0,458.0,242.0
124.0,106.0,346.0,58.0,280.0,215.0,148.0,223.0,297.0,201.0,234.0,254.0,269.0,173.0,97.0
196.0,259.0,326.0,51.0,200.0,241.0,75.0,148.0,271.0,192.0,241.0,98.0,150.0,79.0,172.0
273.0,41.0,392.0,86.0,217.0,103.0,82.0,296.0,431.0,252.0,321.0,423.0,171.0,218.0,179.0
316.0,515.0,379.0,70.0,176.0,490.0,59.0,292.0,341.0,243.0,366.0,298.0,291.0,208.0,148.0
111.0,43.0,322.0,21.0,117.0,127.0,35.0,204.0,117.0,182.0,241.0,193.0,59.0,149.0,89.0
237.0,331.0,386.0,80.0,735.0,439.0,226.0,296.0,425.0,252.0,320.0,323.0,337.0,217.0,881.0
71.0,28.0,126.0,6.0,45.0,60.0,33.0,29.0,34.0,63.0,245.0,47.0,52.0,24.0,38.0
376.0,717.0,549.0,133.0,131.0,365.0,226.0,398.0,132.0,368.0,470.0,580.0,624.0,305.0,178.0
157.0,200.0,294.0,35.0,211.0,280.0,78.0,180.0,198.0,165.0,214.0,197.0,155.0,130.0,175.0
210.0,257.0,661.0,57.0,257.0,348.0,108.0,532.0,296.0,201.0,582.0,248.0,264.0,331.0,574.0
182.0,225.0,111.0,5.0,43.0,296.0,6.0,26.0,12.0,42.0,13.0,76.0,26.0,132.0,43.0
156.0,233.0,290.0,34.0,132.0,320.0,32.0,176.0,281.0,156.0,210.0,181.0,51.0,82.0,87.0
94.0,55.0,207.0,16.0,83.0,143.0,23.0,80.0,107.0,106.0,117.0,84.0,43.0,613.0,140.0
178.0,274.0,372.0,43.0,233.0,362.0,98.0,285.0,215.0,184.0,299.0,207.0,200.0,17.0,140.0
87.0,37.0,279.0,11.0,175.0,60.0,18.0,160.0,50.0,153.0,203.0,162.0,36.0,331.0,144.0
244.0,325.0,363.0,70.0,258.0,437.0,203.0,312.0,347.0,238.0,299.0,236.0,303.0,58.0,234.0
206.0,274.0,382.0,56.0,260.0,362.0,121.0,509.0,292.0,199.0,309.0,244.0,252.0,510.0,238.0
0.0,0.0,247.0,0.0,0.0,0.0,4.0,130.0,0.0,57.0,386.0,23.0,0.0,88.0,0.0
156.0,182.0,303.0,41.0,206.0,261.0,77.0,204.0,222.0,176.0,208.0,203.0,181.0,159.0,173.0
123.0,95.0,207.0,27.0,105.0,144.0,99.0,62.0,171.0,101.0,117.0,68.0,95.0,628.0,85.0
270.0,373.0,417.0,91.0,415.0,445.0,247.0,312.0,419.0,273.0,123.0,323.0,419.0,219.0,406.0
229.0,331.0,207.0,6.0,17.0,425.0,2.0,80.0,24.0,61.0,286.0,246.0,5.0,57.0,84.0
244.0,325.0,363.0,70.0,229.0,102.0,184.0,277.0,341.0,230.0,338.0,288.0,288.0,185.0,201.0
333.0,585.0,337.0,36.0,217.0,518.0,79.0,212.0,204.0,197.0,188.0,254.0,161.0,186.0,180.0
139.0,164.0,266.0,30.0,175.0,238.0,58.0,155.0,178.0,154.0,200.0,165.0,108.0,88.0,144.0
105.0,169.0,224.0,20.0,73.0,255.0,33.0,98.0,129.0,120.0,154.0,203.0,55.0,72.0,55.0
271.0,43.0,303.0,45.0,230.0,127.0,92.0,476.0,227.0,187.0,240.0,212.0,195.0,321.0,202.0
103.0,72.0,215.0,18.0,165.0,212.0,54.0,83.0,122.0,112.0,57.0,101.0,101.0,81.0,125.0
71.0,27.0,130.0,6.0,0.0,101.0,1.0,31.0,34.0,63.0,29.0,47.0,4.0,17.0,0.0
154.0,185.0,530.0,36.0,217.0,261.0,80.0,415.0,195.0,595.0,419.0,911.0,168.0,308.0,179.0
