271.0,332.0,485.0,106.0,446.0,430.0,258.0,377.0,500.0,296.0,345.0,355.0,515.0,314.0,566.0
319.0,461.0,487.0,109.0,446.0,498.0,274.0,327.0,227.0,296.0,394.0,374.0,524.0,248.0,73.0
121.0,105.0,252.0,24.0,132.0,213.0,45.0,140.0,163.0,137.0,179.0,140.0,84.0,91.0,127.0
157.0,47.0,542.0,35.0,100.0,133.0,32.0,420.0,198.0,356.0,465.0,125.0,155.0,409.0,80.0
75.0,36.0,183.0,6.0,104.0,82.0,34.0,39.0,34.0,76.0,91.0,47.0,47.0,25.0,87.0
410.0,523.0,657.0,183.0,47.0,203.0,15.0,508.0,184.0,404.0,160.0,316.0,888.0,339.0,64.0
100.0,62.0,214.0,17.0,89.0,155.0,30.0,83.0,120.0,108.0,128.0,100.0,46.0,64.0,73.0
374.0,693.0,514.0,140.0,83.0,358.0,24.0,391.0,571.0,319.0,414.0,457.0,43.0,300.0,55.0
202.0,261.0,330.0,53.0,261.0,362.0,129.0,83.0,98.0,192.0,244.0,231.0,264.0,58.0,242.0
133.0,141.0,72.0,30.0,0.0,249.0,23.0,10.0,181.0,139.0,286.0,140.0,43.0,628.0,0.0
126.0,130.0,252.0,26.0,184.0,227.0,52.0,132.0,171.0,103.0,173.0,92.0,95.0,87.0,155.0
233.0,180.0,428.0,91.0,112.0,260.0,35.0,459.0,188.0,273.0,333.0,323.0,55.0,318.0,87.0
123.0,130.0,701.0,109.0,203.0,422.0,598.0,493.0,503.0,296.0,833.0,374.0,888.0,333.0,187.0
129.0,135.0,252.0,24.0,174.0,241.0,59.0,140.0,171.0,137.0,177.0,47.0,89.0,90.0,214.0
152.0,109.0,351.0,32.0,174.0,220.0,53.0,223.0,184.0,198.0,290.0,241.0,101.0,159.0,119.0
182.0,235.0,648.0,217.0,176.0,341.0,61.0,156.0,858.0,416.0,179.0,822.0,116.0,111.0,153.0
146.0,129.0,207.0,32.0,65.0,197.0,61.0,65.0,184.0,197.0,206.0,167.0,123.0,55.0,45.0
80.0,41.0,184.0,9.0,47.0,393.0,9.0,45.0,76.0,82.0,84.0,68.0,33.0,25.0,32.0
152.0,179.0,281.0,30.0,123.0,260.0,19.0,165.0,178.0,154.0,204.0,167.0,108.0,149.0,95.0
375.0,694.0,481.0,146.0,503.0,498.0,274.0,718.0,191.0,296.0,387.0,353.0,693.0,493.0,12.0
83.0,43.0,187.0,12.0,47.0,439.0,9.0,47.0,103.0,92.0,87.0,76.0,33.0,179.0,32.0
169.0,233.0,300.0,40.0,216.0,320.0,82.0,189.0,223.0,176.0,226.0,303.0,171.0,133.0,180.0
252.0,332.0,256.0,114.0,176.0,429.0,62.0,141.0,570.0,347.0,189.0,463.0,583.0,92.0,148.0
202.0,261.0,351.0,51.0,410.0,362.0,237.0,250.0,271.0,214.0,239.0,264.0,380.0,218.0,455.0
202.0,276.0,187.0,56.0,260.0,388.0,121.0,47.0,213.0,247.0,222.0,303.0,238.0,173.0,238.0
374.0,694.0,542.0,133.0,310.0,521.0,243.0,469.0,570.0,358.0,468.0,580.0,639.0,319.0,334.0
80.0,41.0,693.0,6.0,275.0,102.0,79.0,572.0,107.0,580.0,654.0,894.0,167.0,455.0,248.0
115.0,95.0,215.0,58.0,278.0,205.0,147.0,84.0,297.0,112.0,128.0,101.0,269.0,57.0,240.0
167.0,221.0,278.0,38.0,37.0,333.0,5.0,363.0,210.0,174.0,201.0,193.0,175.0,271.0,9.0
76.0,310.0,105.0,8.0,310.0,390.0,180.0,969.0,81.0,80.0,0.0,69.0,284.0,442.0,334.0
330.0,612.0,532.0,91.0,234.0,534.0,99.0,398.0,454.0,347.0,449.0,460.0,202.0,510.0,201.0
129.0,145.0,511.0,133.0,341.0,270.0,222.0,704.0,545.0,311.0,411.0,446.0,529.0,496.0,240.0
119.0,105.0,220.0,22.0,117.0,188.0,35.0,92.0,144.0,129.0,129.0,151.0,70.0,173.0,175.0
73.0,27.0,294.0,6.0,32.0,56.0,5.0,194.0,38.0,71.0,215.0,61.0,19.0,134.0,82.0
273.0,56.0,215.0,86.0,288.0,155.0,139.0,61.0,428.0,112.0,128.0,98.0,264.0,41.0,308.0
288.0,461.0,449.0,95.0,445.0,484.0,254.0,322.0,227.0,275.0,321.0,330.0,444.0,246.0,574.0
100.0,62.0,214.0,17.0,37.0,155.0,30.0,323.0,119.0,108.0,128.0,100.0,47.0,247.0,32.0
100.0,63.0,125.0,17.0,89.0,155.0,30.0,27.0,120.0,108.0,122.0,98.0,46.0,34.0,74.0
133.0,141.0,266.0,30.0,176.0,249.0,61.0,59.0,181.0,151.0,201.0,162.0,116.0,28.0,148.0
287.0,461.0,395.0,97.0,191.0,489.0,243.0,297.0,545.0,252.0,322.0,312.0,429.0,496.0,158.0
77.0,41.0,190.0,8.0,45.0,276.0,7.0,51.0,145.0,80.0,91.0,68.0,27.0,28.0,30.0
271.0,406.0,395.0,87.0,85.0,462.0,1.0,297.0,452.0,252.0,321.0,323.0,408.0,185.0,66.0
80.0,42.0,279.0,29.0,233.0,112.0,70.0,160.0,177.0,153.0,200.0,204.0,113.0,111.0,201.0
288.0,618.0,855.0,95.0,176.0,518.0,61.0,940.0,457.0,871.0,999.0,999.0,116.0,613.0,154.0
96.0,55.0,220.0,16.0,83.0,133.0,23.0,144.0,117.0,112.0,179.0,101.0,42.0,90.0,74.0
211.0,300.0,311.0,57.0,275.0,388.0,217.0,197.0,224.0,201.0,245.0,249.0,331.0,145.0,247.0
268.0,406.0,530.0,80.0,322.0,462.0,217.0,509.0,568.0,252.0,408.0,304.0,331.0,412.0,390.0
287.0,261.0,449.0,96.0,341.0,362.0,220.0,115.0,466.0,275.0,366.0,325.0,330.0,79.0,82.0
125.0,130.0,386.0,29.0,161.0,225.0,53.0,293.0,172.0,247.0,320.0,303.0,101.0,208.0,122.0
154.0,185.0,553.0,33.0,126.0,255.0,45.0,420.0,181.0,154.0,449.0,167.0,136.0,309.0,111.0
105.0,95.0,240.0,16.0,85.0,197.0,28.0,110.0,122.0,106.0,175.0,277.0,44.0,77.0,74.0
154.0,187.0,330.0,70.0,105.0,270.0,35.0,205.0,297.0,192.0,244.0,236.0,55.0,152.0,87.0
95.0,55.0,208.0,16.0,58.0,143.0,19.0,738.0,95.0,106.0,220.0,95.0,44.0,503.0,44.0
171.0,229.0,353.0,56.0,83.0,210.0,171.0,440.0,293.0,202.0,286.0,264.0,260.0,218.0,55.0
181.0,235.0,363.0,49.0,248.0,333.0,101.0,290.0,253.0,188.0,299.0,220.0,204.0,205.0,216.0
202.0,261.0,238.0,20.0,128.0,348.0,42.0,103.0,272.0,120.0,152.0,113.0,55.0,241.0,95.0
256.0,332.0,385.0,77.0,303.0,390.0,171.0,312.0,601.0,247.0,297.0,303.0,175.0,241.0,331.0
156.0,188.0,283.0,35.0,155.0,270.0,50.0,204.0,168.0,156.0,203.0,178.0,92.0,149.0,119.0
130.0,137.0,300.0,29.0,161.0,249.0,53.0,192.0,204.0,176.0,252.0,164.0,101.0,134.0,125.0
94.0,48.0,212.0,16.0,47.0,143.0,13.0,90.0,170.0,107.0,13.0,151.0,33.0,65.0,32.0
306.0,461.0,550.0,96.0,429.0,490.0,253.0,403.0,457.0,368.0,468.0,582.0,438.0,87.0,308.0
287.0,409.0,257.0,16.0,106.0,418.0,35.0,146.0,107.0,137.0,200.0,124.0,55.0,96.0,87.0
122.0,105.0,240.0,24.0,132.0,213.0,45.0,110.0,163.0,139.0,117.0,197.0,84.0,81.0,107.0
97.0,55.0,214.0,16.0,86.0,155.0,29.0,83.0,117.0,108.0,128.0,98.0,46.0,64.0,72.0
154.0,185.0,283.0,33.0,253.0,200.0,121.0,141.0,145.0,156.0,210.0,185.0,252.0,90.0,220.0
181.0,234.0,395.0,46.0,261.0,407.0,129.0,398.0,239.0,252.0,322.0,127.0,260.0,305.0,242.0
123.0,89.0,180.0,25.0,128.0,270.0,50.0,39.0,168.0,120.0,63.0,115.0,92.0,169.0,96.0
130.0,137.0,542.0,27.0,168.0,249.0,54.0,384.0,171.0,358.0,468.0,561.0,101.0,292.0,99.0
268.0,373.0,379.0,85.0,165.0,445.0,53.0,346.0,425.0,256.0,208.0,303.0,101.0,259.0,125.0
104.0,78.0,582.0,97.0,446.0,193.0,253.0,470.0,428.0,296.0,509.0,126.0,444.0,72.0,574.0
80.0,41.0,701.0,9.0,105.0,102.0,9.0,572.0,69.0,595.0,345.0,911.0,33.0,455.0,94.0
76.0,37.0,260.0,3.0,28.0,155.0,4.0,148.0,12.0,144.0,189.0,156.0,10.0,96.0,12.0
237.0,322.0,353.0,67.0,410.0,404.0,253.0,273.0,105.0,227.0,286.0,282.0,284.0,491.0,469.0
181.0,235.0,542.0,45.0,89.0,333.0,32.0,438.0,205.0,207.0,458.0,263.0,48.0,311.0,74.0
113.0,90.0,255.0,21.0,104.0,197.0,33.0,141.0,139.0,139.0,187.0,158.0,54.0,111.0,82.0
123.0,115.0,142.0,16.0,168.0,221.0,54.0,31.0,107.0,129.0,64.0,125.0,42.0,82.0,153.0
176.0,229.0,313.0,45.0,176.0,315.0,61.0,202.0,239.0,188.0,286.0,249.0,174.0,55.0,153.0
125.0,130.0,549.0,248.0,126.0,225.0,67.0,420.0,227.0,425.0,468.0,822.0,139.0,309.0,181.0
257.0,346.0,507.0,148.0,258.0,437.0,119.0,363.0,579.0,306.0,408.0,428.0,678.0,201.0,242.0
233.0,316.0,855.0,65.0,106.0,390.0,83.0,481.0,314.0,174.0,999.0,214.0,174.0,312.0,87.0
163.0,233.0,294.0,38.0,217.0,328.0,83.0,59.0,213.0,174.0,158.0,174.0,174.0,62.0,179.0
330.0,461.0,500.0,117.0,176.0,484.0,39.0,363.0,545.0,304.0,408.0,430.0,590.0,271.0,183.0
120.0,105.0,278.0,30.0,175.0,213.0,58.0,158.0,224.0,151.0,201.0,162.0,127.0,107.0,134.0
91.0,48.0,206.0,15.0,73.0,143.0,30.0,82.0,103.0,105.0,108.0,84.0,47.0,41.0,52.0
123.0,253.0,254.0,24.0,131.0,348.0,43.0,140.0,164.0,138.0,179.0,207.0,83.0,305.0,107.0
95.0,55.0,214.0,16.0,132.0,154.0,29.0,84.0,105.0,108.0,126.0,98.0,46.0,82.0,107.0
113.0,90.0,240.0,21.0,131.0,203.0,45.0,110.0,139.0,129.0,152.0,118.0,83.0,79.0,101.0
236.0,317.0,549.0,66.0,157.0,393.0,52.0,420.0,330.0,358.0,468.0,338.0,284.0,185.0,126.0
182.0,241.0,293.0,49.0,476.0,235.0,237.0,176.0,163.0,156.0,214.0,175.0,336.0,12.0,42.0
273.0,406.0,536.0,29.0,157.0,479.0,52.0,415.0,178.0,347.0,458.0,470.0,97.0,308.0,119.0
246.0,325.0,361.0,70.0,341.0,425.0,222.0,130.0,293.0,238.0,248.0,298.0,337.0,82.0,416.0
182.0,109.0,224.0,50.0,191.0,341.0,105.0,297.0,252.0,188.0,148.0,221.0,214.0,196.0,157.0
273.0,221.0,507.0,91.0,261.0,462.0,121.0,384.0,454.0,273.0,410.0,323.0,252.0,296.0,250.0
80.0,41.0,187.0,11.0,112.0,102.0,35.0,49.0,103.0,83.0,88.0,72.0,55.0,24.0,87.0
124.0,129.0,293.0,24.0,75.0,225.0,22.0,32.0,164.0,137.0,211.0,133.0,51.0,21.0,63.0
330.0,618.0,507.0,128.0,322.0,550.0,382.0,377.0,638.0,306.0,408.0,428.0,590.0,312.0,341.0
235.0,300.0,379.0,65.0,310.0,374.0,172.0,280.0,314.0,243.0,225.0,298.0,284.0,201.0,331.0
138.0,180.0,511.0,30.0,128.0,260.0,42.0,493.0,181.0,300.0,414.0,280.0,76.0,333.0,99.0
113.0,90.0,293.0,53.0,253.0,200.0,129.0,176.0,272.0,188.0,211.0,214.0,256.0,123.0,220.0
428.0,709.0,570.0,185.0,999.0,280.0,598.0,469.0,452.0,408.0,176.0,799.0,888.0,318.0,999.0
288.0,323.0,449.0,91.0,415.0,333.0,243.0,322.0,454.0,273.0,298.0,323.0,419.0,248.0,455.0
113.0,90.0,240.0,21.0,50.0,193.0,15.0,110.0,139.0,129.0,84.0,118.0,33.0,16.0,114.0
73.0,27.0,179.0,7.0,73.0,56.0,5.0,969.0,122.0,76.0,240.0,241.0,25.0,617.0,31.0
123.0,106.0,242.0,24.0,131.0,214.0,45.0,103.0,163.0,132.0,170.0,212.0,84.0,72.0,97.0
24.0,76.0,549.0,243.0,260.0,159.0,121.0,420.0,858.0,580.0,465.0,894.0,923.0,613.0,242.0
338.0,515.0,550.0,146.0,258.0,687.0,119.0,62.0,571.0,346.0,470.0,456.0,693.0,35.0,416.0
288.0,461.0,130.0,5.0,15.0,489.0,1.0,32.0,38.0,58.0,29.0,47.0,4.0,21.0,11.0
101.0,133.0,299.0,17.0,168.0,241.0,18.0,273.0,119.0,128.0,222.0,117.0,36.0,193.0,45.0
178.0,231.0,323.0,45.0,228.0,319.0,92.0,204.0,120.0,187.0,238.0,208.0,195.0,150.0,201.0
133.0,281.0,263.0,29.0,176.0,372.0,59.0,149.0,173.0,147.0,201.0,126.0,102.0,96.0,154.0
81.0,43.0,187.0,11.0,47.0,155.0,13.0,141.0,95.0,84.0,50.0,76.0,33.0,119.0,32.0
271.0,406.0,299.0,70.0,341.0,437.0,203.0,202.0,343.0,190.0,222.0,244.0,303.0,146.0,416.0
111.0,89.0,238.0,21.0,106.0,191.0,35.0,132.0,134.0,120.0,152.0,115.0,59.0,87.0,87.0
130.0,137.0,279.0,29.0,168.0,249.0,54.0,160.0,172.0,144.0,203.0,156.0,101.0,129.0,157.0
236.0,348.0,142.0,6.0,89.0,437.0,32.0,31.0,117.0,61.0,188.0,236.0,54.0,20.0,74.0
87.0,41.0,187.0,8.0,248.0,103.0,5.0,49.0,103.0,75.0,244.0,428.0,23.0,25.0,175.0
270.0,320.0,440.0,91.0,262.0,393.0,129.0,313.0,454.0,273.0,307.0,323.0,624.0,159.0,246.0
167.0,221.0,263.0,38.0,227.0,310.0,85.0,98.0,223.0,138.0,236.0,139.0,176.0,65.0,188.0
214.0,301.0,312.0,58.0,280.0,382.0,147.0,197.0,297.0,202.0,238.0,254.0,269.0,218.0,275.0
76.0,41.0,657.0,7.0,83.0,663.0,24.0,508.0,134.0,76.0,833.0,76.0,43.0,339.0,63.0
158.0,210.0,223.0,36.0,224.0,293.0,82.0,32.0,187.0,154.0,154.0,165.0,161.0,21.0,174.0
104.0,78.0,396.0,29.0,174.0,82.0,58.0,297.0,177.0,306.0,257.0,430.0,103.0,218.0,172.0
83.0,45.0,125.0,11.0,134.0,127.0,45.0,27.0,144.0,58.0,210.0,23.0,77.0,16.0,110.0
271.0,391.0,356.0,89.0,176.0,460.0,61.0,259.0,454.0,256.0,333.0,312.0,419.0,184.0,153.0
126.0,131.0,252.0,27.0,197.0,235.0,46.0,137.0,170.0,140.0,177.0,137.0,90.0,81.0,156.0
123.0,109.0,247.0,24.0,112.0,214.0,35.0,132.0,204.0,137.0,176.0,186.0,89.0,87.0,89.0
125.0,129.0,220.0,25.0,161.0,249.0,50.0,90.0,168.0,130.0,120.0,127.0,92.0,68.0,102.0
100.0,63.0,204.0,14.0,310.0,155.0,174.0,62.0,99.0,99.0,108.0,76.0,288.0,34.0,308.0
94.0,55.0,661.0,65.0,197.0,156.0,75.0,509.0,270.0,223.0,57.0,277.0,168.0,408.0,84.0
237.0,322.0,356.0,67.0,248.0,404.0,217.0,259.0,332.0,243.0,287.0,298.0,288.0,185.0,213.0
102.0,71.0,220.0,17.0,104.0,159.0,32.0,264.0,120.0,112.0,129.0,101.0,49.0,192.0,84.0
158.0,391.0,379.0,36.0,216.0,521.0,80.0,292.0,204.0,167.0,302.0,186.0,171.0,218.0,175.0
311.0,461.0,457.0,97.0,206.0,486.0,85.0,0.0,314.0,275.0,366.0,353.0,500.0,0.0,32.0
121.0,301.0,310.0,26.0,145.0,348.0,50.0,200.0,172.0,185.0,234.0,207.0,92.0,146.0,118.0
211.0,276.0,346.0,57.0,279.0,365.0,139.0,306.0,297.0,201.0,201.0,248.0,264.0,292.0,64.0
257.0,338.0,386.0,60.0,277.0,310.0,148.0,293.0,302.0,203.0,320.0,221.0,269.0,247.0,250.0
115.0,95.0,246.0,23.0,45.0,227.0,9.0,140.0,163.0,132.0,175.0,127.0,54.0,90.0,31.0
202.0,274.0,999.0,51.0,262.0,362.0,129.0,999.0,281.0,193.0,240.0,236.0,238.0,999.0,201.0
158.0,205.0,310.0,35.0,208.0,281.0,78.0,195.0,199.0,176.0,681.0,301.0,158.0,137.0,175.0
126.0,131.0,207.0,27.0,112.0,235.0,35.0,82.0,168.0,140.0,117.0,137.0,33.0,57.0,88.0
123.0,281.0,242.0,25.0,150.0,372.0,50.0,103.0,168.0,132.0,165.0,220.0,92.0,72.0,85.0
167.0,225.0,346.0,38.0,228.0,310.0,78.0,223.0,210.0,188.0,262.0,208.0,174.0,185.0,188.0
154.0,188.0,303.0,34.0,176.0,270.0,61.0,194.0,193.0,176.0,249.0,203.0,145.0,134.0,154.0
96.0,55.0,187.0,17.0,89.0,155.0,30.0,49.0,145.0,83.0,108.0,118.0,46.0,16.0,73.0
156.0,194.0,852.0,97.0,275.0,280.0,139.0,313.0,466.0,289.0,500.0,323.0,219.0,241.0,250.0
100.0,62.0,212.0,17.0,112.0,156.0,35.0,61.0,117.0,108.0,128.0,98.0,45.0,184.0,88.0
271.0,174.0,392.0,80.0,157.0,259.0,52.0,331.0,302.0,252.0,320.0,307.0,97.0,255.0,215.0
84.0,47.0,476.0,14.0,54.0,143.0,18.0,327.0,103.0,92.0,387.0,72.0,36.0,256.0,42.0
205.0,276.0,549.0,55.0,434.0,390.0,253.0,420.0,290.0,198.0,470.0,241.0,256.0,240.0,566.0
100.0,55.0,316.0,17.0,89.0,155.0,30.0,201.0,120.0,199.0,240.0,330.0,46.0,134.0,74.0
412.0,764.0,648.0,177.0,176.0,687.0,61.0,620.0,616.0,374.0,29.0,582.0,113.0,477.0,153.0
196.0,227.0,267.0,29.0,228.0,320.0,139.0,115.0,178.0,144.0,200.0,156.0,101.0,312.0,183.0
115.0,95.0,240.0,23.0,112.0,206.0,40.0,110.0,145.0,129.0,160.0,126.0,73.0,79.0,87.0
75.0,36.0,208.0,7.0,50.0,124.0,6.0,62.0,50.0,76.0,128.0,61.0,26.0,26.0,43.0
115.0,95.0,392.0,23.0,123.0,216.0,40.0,297.0,145.0,252.0,320.0,305.0,73.0,193.0,95.0
73.0,36.0,447.0,6.0,161.0,188.0,53.0,322.0,125.0,273.0,275.0,221.0,102.0,246.0,126.0
181.0,234.0,298.0,49.0,132.0,324.0,45.0,130.0,233.0,188.0,201.0,220.0,84.0,82.0,107.0
114.0,95.0,240.0,22.0,122.0,210.0,40.0,110.0,144.0,129.0,160.0,246.0,70.0,76.0,99.0
375.0,718.0,536.0,148.0,0.0,809.0,570.0,415.0,601.0,347.0,458.0,470.0,726.0,309.0,0.0
113.0,90.0,240.0,21.0,100.0,205.0,32.0,130.0,139.0,129.0,157.0,118.0,49.0,87.0,80.0
81.0,41.0,179.0,15.0,83.0,103.0,23.0,39.0,105.0,106.0,63.0,186.0,42.0,24.0,55.0
428.0,709.0,511.0,85.0,253.0,365.0,106.0,481.0,425.0,660.0,400.0,208.0,177.0,328.0,213.0
114.0,95.0,215.0,17.0,100.0,205.0,33.0,84.0,122.0,112.0,129.0,100.0,52.0,87.0,81.0
104.0,64.0,251.0,19.0,100.0,156.0,33.0,137.0,145.0,115.0,177.0,108.0,54.0,102.0,81.0
211.0,323.0,348.0,60.0,277.0,404.0,143.0,296.0,302.0,203.0,272.0,257.0,269.0,311.0,31.0
111.0,105.0,252.0,41.0,184.0,200.0,139.0,49.0,223.0,83.0,177.0,98.0,264.0,27.0,175.0
257.0,488.0,374.0,71.0,313.0,491.0,199.0,290.0,293.0,243.0,264.0,302.0,291.0,208.0,351.0
123.0,154.0,247.0,25.0,161.0,250.0,50.0,130.0,177.0,138.0,189.0,137.0,92.0,318.0,198.0
377.0,717.0,536.0,148.0,277.0,422.0,139.0,415.0,601.0,347.0,458.0,470.0,726.0,503.0,248.0
217.0,320.0,347.0,58.0,229.0,393.0,92.0,228.0,296.0,201.0,241.0,254.0,204.0,132.0,116.0
77.0,40.0,206.0,8.0,89.0,86.0,29.0,83.0,76.0,101.0,20.0,76.0,27.0,79.0,74.0
154.0,200.0,296.0,33.0,191.0,280.0,69.0,186.0,180.0,167.0,177.0,186.0,140.0,132.0,157.0
130.0,130.0,184.0,30.0,176.0,133.0,62.0,620.0,180.0,120.0,84.0,113.0,123.0,458.0,153.0
113.0,90.0,215.0,17.0,735.0,221.0,33.0,84.0,120.0,112.0,128.0,100.0,48.0,57.0,881.0
270.0,391.0,392.0,80.0,341.0,460.0,220.0,322.0,170.0,252.0,320.0,305.0,334.0,247.0,416.0
86.0,48.0,157.0,14.0,55.0,155.0,18.0,32.0,105.0,71.0,64.0,76.0,36.0,20.0,31.0
202.0,284.0,339.0,56.0,37.0,404.0,2.0,204.0,293.0,200.0,245.0,303.0,264.0,150.0,4.0
229.0,694.0,481.0,80.0,137.0,281.0,0.0,342.0,425.0,296.0,386.0,353.0,330.0,258.0,64.0
104.0,82.0,187.0,19.0,117.0,182.0,35.0,39.0,103.0,82.0,87.0,76.0,76.0,25.0,64.0
244.0,323.0,313.0,67.0,313.0,418.0,184.0,205.0,205.0,225.0,236.0,298.0,288.0,150.0,390.0
137.0,95.0,267.0,29.0,174.0,206.0,54.0,192.0,171.0,147.0,189.0,156.0,102.0,107.0,82.0
191.0,225.0,263.0,29.0,228.0,310.0,92.0,141.0,178.0,147.0,191.0,174.0,200.0,92.0,180.0
154.0,194.0,201.0,33.0,191.0,256.0,69.0,61.0,191.0,92.0,100.0,76.0,140.0,55.0,160.0
485.0,179.0,582.0,177.0,446.0,281.0,258.0,470.0,551.0,381.0,509.0,423.0,500.0,319.0,172.0
428.0,36.0,580.0,185.0,45.0,86.0,67.0,756.0,272.0,404.0,500.0,322.0,128.0,503.0,25.0
163.0,229.0,300.0,36.0,229.0,261.0,92.0,192.0,205.0,176.0,236.0,197.0,219.0,133.0,192.0
375.0,694.0,514.0,137.0,410.0,422.0,261.0,392.0,571.0,319.0,414.0,457.0,464.0,303.0,473.0
122.0,180.0,332.0,24.0,132.0,261.0,45.0,292.0,163.0,156.0,238.0,175.0,84.0,208.0,107.0
236.0,323.0,332.0,51.0,313.0,425.0,119.0,205.0,270.0,192.0,245.0,249.0,200.0,156.0,678.0
257.0,346.0,223.0,71.0,311.0,382.0,226.0,94.0,178.0,256.0,758.0,317.0,337.0,68.0,334.0
316.0,515.0,582.0,106.0,112.0,518.0,43.0,572.0,111.0,408.0,483.0,803.0,77.0,455.0,87.0
156.0,179.0,303.0,41.0,257.0,260.0,203.0,194.0,223.0,176.0,366.0,197.0,284.0,134.0,87.0
167.0,222.0,322.0,38.0,189.0,308.0,79.0,204.0,222.0,176.0,241.0,197.0,175.0,150.0,156.0
156.0,48.0,290.0,34.0,117.0,143.0,35.0,176.0,194.0,156.0,210.0,178.0,59.0,134.0,89.0
236.0,320.0,126.0,6.0,0.0,393.0,0.0,31.0,173.0,61.0,27.0,158.0,4.0,17.0,0.0
244.0,406.0,475.0,71.0,365.0,308.0,226.0,331.0,343.0,278.0,402.0,346.0,330.0,255.0,140.0
152.0,104.0,542.0,153.0,233.0,212.0,95.0,420.0,616.0,356.0,465.0,288.0,678.0,16.0,202.0
123.0,115.0,258.0,24.0,137.0,197.0,46.0,146.0,165.0,137.0,187.0,139.0,90.0,133.0,144.0
73.0,188.0,639.0,16.0,17.0,261.0,23.0,490.0,111.0,411.0,222.0,257.0,40.0,331.0,9.0
206.0,221.0,340.0,55.0,260.0,315.0,105.0,140.0,290.0,200.0,262.0,246.0,176.0,91.0,238.0
126.0,115.0,252.0,25.0,131.0,221.0,43.0,103.0,168.0,138.0,201.0,186.0,92.0,72.0,101.0
75.0,37.0,258.0,29.0,86.0,56.0,53.0,32.0,173.0,144.0,307.0,155.0,101.0,496.0,66.0
241.0,320.0,661.0,70.0,310.0,393.0,180.0,509.0,333.0,319.0,394.0,456.0,288.0,201.0,390.0
157.0,207.0,688.0,14.0,73.0,296.0,19.0,565.0,98.0,580.0,419.0,76.0,36.0,339.0,212.0
171.0,281.0,747.0,95.0,445.0,253.0,254.0,216.0,466.0,660.0,373.0,681.0,444.0,271.0,574.0
375.0,694.0,476.0,12.0,45.0,663.0,7.0,341.0,95.0,246.0,208.0,302.0,25.0,111.0,31.0
105.0,163.0,0.0,0.0,28.0,238.0,0.0,0.0,0.0,0.0,0.0,207.0,0.0,0.0,12.0
217.0,301.0,353.0,45.0,261.0,382.0,127.0,312.0,232.0,188.0,286.0,221.0,196.0,240.0,242.0
103.0,72.0,476.0,16.0,75.0,156.0,22.0,341.0,111.0,92.0,400.0,76.0,43.0,256.0,66.0
91.0,48.0,688.0,55.0,229.0,143.0,129.0,532.0,290.0,200.0,658.0,178.0,273.0,409.0,190.0
178.0,231.0,396.0,45.0,237.0,280.0,99.0,297.0,103.0,187.0,325.0,208.0,200.0,218.0,212.0
319.0,693.0,530.0,133.0,134.0,741.0,391.0,403.0,570.0,316.0,419.0,456.0,590.0,305.0,144.0
123.0,109.0,252.0,24.0,157.0,221.0,50.0,137.0,198.0,137.0,177.0,117.0,90.0,81.0,119.0
80.0,41.0,187.0,11.0,253.0,102.0,18.0,49.0,86.0,84.0,252.0,76.0,33.0,27.0,201.0
156.0,187.0,290.0,34.0,262.0,270.0,127.0,186.0,199.0,156.0,210.0,138.0,264.0,132.0,246.0
156.0,409.0,292.0,35.0,202.0,521.0,75.0,205.0,184.0,156.0,215.0,187.0,161.0,152.0,173.0
133.0,141.0,553.0,153.0,89.0,249.0,30.0,438.0,570.0,347.0,483.0,460.0,726.0,312.0,72.0
130.0,137.0,279.0,29.0,132.0,241.0,50.0,160.0,171.0,153.0,203.0,163.0,101.0,16.0,71.0
104.0,55.0,271.0,19.0,175.0,133.0,58.0,363.0,127.0,151.0,200.0,162.0,54.0,271.0,32.0
295.0,474.0,449.0,96.0,445.0,490.0,261.0,322.0,466.0,275.0,394.0,338.0,450.0,269.0,574.0
103.0,82.0,224.0,18.0,45.0,160.0,9.0,92.0,122.0,107.0,149.0,127.0,27.0,68.0,31.0
236.0,238.0,363.0,60.0,277.0,348.0,150.0,277.0,430.0,203.0,299.0,268.0,270.0,196.0,247.0
330.0,585.0,255.0,34.0,189.0,315.0,67.0,137.0,193.0,156.0,165.0,175.0,140.0,88.0,154.0
167.0,221.0,130.0,38.0,89.0,293.0,32.0,132.0,223.0,176.0,27.0,187.0,46.0,87.0,74.0
288.0,185.0,461.0,95.0,248.0,268.0,101.0,342.0,457.0,275.0,382.0,101.0,209.0,258.0,216.0
146.0,173.0,271.0,30.0,177.0,256.0,61.0,154.0,182.0,156.0,200.0,175.0,116.0,96.0,154.0
187.0,214.0,550.0,51.0,89.0,293.0,23.0,431.0,270.0,368.0,470.0,580.0,42.0,314.0,55.0
178.0,232.0,648.0,64.0,75.0,315.0,166.0,601.0,314.0,293.0,582.0,355.0,284.0,477.0,95.0
73.0,27.0,281.0,38.0,145.0,87.0,50.0,165.0,223.0,154.0,204.0,167.0,128.0,132.0,117.0
158.0,205.0,346.0,36.0,211.0,306.0,78.0,240.0,187.0,182.0,226.0,470.0,158.0,169.0,175.0
244.0,323.0,313.0,70.0,278.0,418.0,213.0,323.0,341.0,243.0,245.0,298.0,291.0,245.0,275.0
257.0,325.0,382.0,71.0,132.0,422.0,45.0,293.0,333.0,246.0,309.0,303.0,84.0,208.0,107.0
241.0,323.0,355.0,65.0,310.0,468.0,172.0,293.0,330.0,223.0,286.0,277.0,284.0,208.0,334.0
288.0,461.0,570.0,183.0,341.0,437.0,180.0,469.0,163.0,404.0,302.0,353.0,888.0,318.0,404.0
316.0,515.0,392.0,97.0,197.0,491.0,139.0,297.0,144.0,252.0,408.0,305.0,264.0,17.0,174.0
259.0,89.0,386.0,80.0,313.0,56.0,226.0,296.0,431.0,252.0,320.0,305.0,337.0,16.0,329.0
377.0,844.0,550.0,148.0,448.0,249.0,32.0,322.0,302.0,358.0,470.0,582.0,273.0,246.0,881.0
236.0,320.0,351.0,65.0,310.0,393.0,172.0,251.0,314.0,214.0,298.0,316.0,284.0,184.0,329.0
316.0,515.0,476.0,97.0,176.0,490.0,171.0,327.0,170.0,293.0,408.0,355.0,276.0,247.0,153.0
115.0,103.0,240.0,22.0,117.0,211.0,38.0,110.0,144.0,129.0,157.0,125.0,70.0,76.0,155.0
133.0,141.0,263.0,29.0,191.0,250.0,67.0,149.0,173.0,147.0,218.0,174.0,145.0,101.0,157.0
268.0,373.0,372.0,80.0,365.0,445.0,226.0,198.0,419.0,252.0,286.0,228.0,337.0,134.0,99.0
270.0,95.0,414.0,86.0,191.0,205.0,220.0,306.0,430.0,265.0,326.0,317.0,334.0,218.0,154.0
71.0,27.0,481.0,97.0,181.0,42.0,46.0,346.0,457.0,296.0,387.0,346.0,89.0,259.0,155.0
165.0,219.0,300.0,38.0,226.0,297.0,83.0,189.0,199.0,174.0,226.0,196.0,174.0,111.0,182.0
999.0,999.0,855.0,999.0,206.0,999.0,15.0,738.0,999.0,999.0,999.0,338.0,999.0,503.0,175.0
246.0,320.0,580.0,183.0,410.0,393.0,230.0,353.0,105.0,404.0,508.0,167.0,864.0,184.0,157.0
138.0,238.0,278.0,30.0,176.0,348.0,61.0,163.0,178.0,151.0,201.0,162.0,122.0,111.0,218.0
210.0,323.0,240.0,57.0,234.0,369.0,70.0,92.0,293.0,202.0,164.0,100.0,264.0,66.0,155.0
115.0,95.0,247.0,23.0,89.0,208.0,30.0,132.0,145.0,132.0,170.0,126.0,76.0,167.0,73.0
139.0,163.0,322.0,29.0,311.0,259.0,35.0,202.0,177.0,190.0,241.0,244.0,109.0,148.0,333.0
229.0,306.0,355.0,63.0,233.0,389.0,95.0,195.0,314.0,223.0,290.0,282.0,196.0,134.0,201.0
126.0,131.0,201.0,12.0,55.0,256.0,18.0,572.0,103.0,82.0,94.0,72.0,33.0,455.0,32.0
182.0,238.0,317.0,49.0,102.0,341.0,33.0,201.0,252.0,188.0,239.0,220.0,54.0,137.0,64.0
152.0,182.0,296.0,33.0,177.0,261.0,59.0,222.0,187.0,167.0,207.0,186.0,128.0,628.0,154.0
412.0,764.0,549.0,177.0,999.0,767.0,629.0,420.0,296.0,358.0,468.0,204.0,751.0,303.0,999.0
113.0,90.0,256.0,21.0,37.0,193.0,4.0,146.0,141.0,137.0,187.0,158.0,33.0,96.0,32.0
124.0,129.0,224.0,25.0,150.0,308.0,50.0,137.0,164.0,139.0,152.0,140.0,92.0,88.0,116.0
123.0,109.0,170.0,38.0,228.0,349.0,85.0,32.0,222.0,188.0,88.0,221.0,176.0,16.0,97.0
206.0,278.0,417.0,55.0,280.0,143.0,148.0,216.0,288.0,296.0,402.0,348.0,269.0,167.0,180.0
103.0,76.0,222.0,18.0,191.0,143.0,32.0,704.0,111.0,113.0,128.0,160.0,49.0,493.0,174.0
241.0,323.0,372.0,70.0,123.0,390.0,171.0,205.0,333.0,228.0,234.0,263.0,284.0,156.0,95.0
210.0,284.0,351.0,60.0,217.0,372.0,82.0,250.0,369.0,202.0,333.0,221.0,270.0,131.0,604.0
288.0,461.0,449.0,95.0,117.0,490.0,35.0,322.0,466.0,275.0,204.0,68.0,419.0,246.0,91.0
178.0,95.0,320.0,45.0,102.0,445.0,61.0,202.0,145.0,188.0,234.0,126.0,122.0,180.0,124.0
120.0,104.0,258.0,23.0,331.0,213.0,80.0,132.0,173.0,144.0,188.0,221.0,176.0,111.0,404.0
257.0,325.0,294.0,91.0,186.0,448.0,570.0,181.0,454.0,156.0,214.0,178.0,429.0,131.0,155.0
244.0,284.0,256.0,97.0,446.0,373.0,258.0,141.0,518.0,278.0,187.0,348.0,419.0,92.0,582.0
232.0,278.0,130.0,6.0,228.0,369.0,85.0,181.0,50.0,61.0,29.0,98.0,176.0,131.0,202.0
167.0,221.0,320.0,46.0,242.0,320.0,107.0,202.0,252.0,188.0,241.0,0.0,200.0,305.0,215.0
181.0,233.0,346.0,46.0,261.0,319.0,121.0,292.0,224.0,188.0,262.0,220.0,252.0,205.0,242.0
178.0,231.0,212.0,51.0,277.0,374.0,143.0,90.0,272.0,114.0,126.0,108.0,269.0,65.0,250.0
112.0,90.0,208.0,21.0,117.0,200.0,35.0,82.0,122.0,106.0,123.0,92.0,59.0,66.0,89.0
80.0,41.0,187.0,9.0,47.0,102.0,9.0,45.0,76.0,83.0,88.0,70.0,33.0,25.0,32.0
264.0,376.0,356.0,78.0,341.0,498.0,226.0,259.0,419.0,243.0,299.0,298.0,337.0,185.0,406.0
152.0,154.0,298.0,43.0,200.0,235.0,75.0,202.0,292.0,185.0,220.0,207.0,150.0,116.0,170.0
103.0,76.0,240.0,19.0,104.0,156.0,35.0,313.0,125.0,129.0,128.0,126.0,54.0,219.0,82.0
154.0,48.0,532.0,148.0,98.0,143.0,274.0,415.0,223.0,347.0,386.0,470.0,726.0,493.0,77.0
271.0,137.0,346.0,87.0,165.0,253.0,54.0,205.0,297.0,256.0,261.0,323.0,406.0,156.0,126.0
212.0,338.0,396.0,53.0,123.0,430.0,40.0,297.0,332.0,252.0,322.0,301.0,256.0,218.0,94.0
202.0,301.0,336.0,51.0,258.0,362.0,106.0,250.0,103.0,196.0,245.0,241.0,211.0,241.0,234.0
181.0,235.0,224.0,49.0,233.0,333.0,96.0,83.0,233.0,150.0,200.0,162.0,191.0,64.0,202.0
126.0,130.0,252.0,27.0,410.0,225.0,243.0,137.0,170.0,138.0,154.0,139.0,515.0,91.0,473.0
130.0,137.0,281.0,29.0,161.0,0.0,53.0,155.0,172.0,154.0,286.0,108.0,101.0,169.0,111.0
132.0,137.0,222.0,45.0,229.0,249.0,95.0,92.0,222.0,187.0,139.0,208.0,195.0,66.0,220.0
111.0,90.0,347.0,60.0,288.0,124.0,165.0,228.0,302.0,203.0,264.0,282.0,272.0,333.0,95.0
129.0,461.0,220.0,27.0,174.0,489.0,213.0,92.0,172.0,139.0,239.0,140.0,316.0,72.0,157.0
317.0,515.0,411.0,97.0,233.0,491.0,82.0,313.0,498.0,296.0,325.0,58.0,161.0,240.0,201.0
271.0,403.0,417.0,87.0,415.0,460.0,237.0,322.0,500.0,269.0,91.0,137.0,406.0,245.0,89.0
111.0,78.0,201.0,21.0,106.0,250.0,35.0,59.0,132.0,92.0,100.0,76.0,55.0,41.0,87.0
114.0,104.0,208.0,21.0,117.0,212.0,38.0,98.0,139.0,120.0,123.0,207.0,59.0,72.0,94.0
123.0,128.0,363.0,16.0,89.0,155.0,30.0,358.0,107.0,275.0,299.0,428.0,43.0,269.0,66.0
154.0,188.0,542.0,33.0,176.0,270.0,61.0,392.0,187.0,356.0,470.0,561.0,122.0,308.0,148.0
152.0,173.0,336.0,33.0,226.0,256.0,82.0,206.0,187.0,197.0,177.0,241.0,171.0,192.0,175.0
130.0,137.0,257.0,27.0,161.0,253.0,53.0,144.0,171.0,141.0,187.0,162.0,101.0,95.0,124.0
165.0,221.0,339.0,38.0,243.0,277.0,83.0,216.0,213.0,174.0,275.0,186.0,168.0,496.0,216.0
288.0,406.0,476.0,95.0,310.0,484.0,180.0,341.0,237.0,296.0,386.0,355.0,678.0,256.0,334.0
123.0,109.0,252.0,24.0,137.0,328.0,46.0,140.0,163.0,137.0,176.0,137.0,89.0,91.0,111.0
271.0,409.0,386.0,86.0,329.0,369.0,213.0,296.0,430.0,252.0,320.0,317.0,316.0,208.0,404.0
73.0,37.0,126.0,7.0,229.0,82.0,99.0,27.0,46.0,57.0,27.0,23.0,202.0,28.0,188.0
115.0,89.0,242.0,23.0,128.0,197.0,42.0,115.0,147.0,132.0,165.0,181.0,76.0,79.0,97.0
126.0,145.0,256.0,27.0,176.0,250.0,61.0,144.0,168.0,140.0,187.0,186.0,116.0,107.0,148.0
132.0,137.0,267.0,29.0,230.0,249.0,61.0,297.0,173.0,147.0,191.0,156.0,92.0,217.0,242.0
330.0,590.0,396.0,128.0,723.0,521.0,396.0,297.0,547.0,322.0,307.0,457.0,590.0,201.0,218.0
210.0,284.0,310.0,57.0,229.0,373.0,92.0,195.0,276.0,201.0,234.0,248.0,264.0,145.0,180.0
374.0,693.0,542.0,137.0,639.0,999.0,391.0,420.0,570.0,356.0,465.0,181.0,624.0,309.0,275.0
77.0,41.0,639.0,8.0,45.0,102.0,7.0,509.0,69.0,408.0,470.0,803.0,27.0,131.0,31.0
156.0,164.0,290.0,34.0,200.0,255.0,75.0,187.0,197.0,156.0,210.0,173.0,150.0,133.0,172.0
333.0,612.0,507.0,133.0,28.0,534.0,391.0,420.0,570.0,311.0,410.0,446.0,624.0,179.0,12.0
176.0,229.0,254.0,61.0,47.0,315.0,165.0,132.0,570.0,184.0,188.0,999.0,273.0,87.0,32.0
375.0,717.0,481.0,146.0,735.0,706.0,530.0,377.0,187.0,296.0,387.0,460.0,678.0,314.0,566.0
316.0,488.0,461.0,106.0,54.0,445.0,16.0,306.0,333.0,151.0,373.0,162.0,583.0,218.0,73.0
123.0,130.0,246.0,24.0,138.0,175.0,46.0,200.0,163.0,132.0,189.0,158.0,89.0,79.0,99.0
338.0,590.0,507.0,133.0,228.0,656.0,85.0,384.0,579.0,306.0,310.0,196.0,429.0,292.0,188.0
202.0,173.0,332.0,51.0,233.0,259.0,247.0,154.0,290.0,193.0,245.0,236.0,284.0,88.0,202.0
152.0,274.0,530.0,33.0,175.0,362.0,58.0,392.0,227.0,356.0,419.0,287.0,108.0,303.0,80.0
160.0,205.0,266.0,36.0,216.0,281.0,80.0,32.0,199.0,167.0,200.0,186.0,161.0,21.0,178.0
80.0,41.0,206.0,16.0,83.0,333.0,24.0,65.0,109.0,101.0,468.0,81.0,42.0,27.0,56.0
152.0,284.0,255.0,33.0,131.0,373.0,45.0,250.0,187.0,160.0,200.0,196.0,85.0,491.0,101.0
154.0,188.0,283.0,34.0,150.0,254.0,42.0,470.0,193.0,156.0,203.0,174.0,145.0,319.0,118.0
130.0,137.0,238.0,29.0,723.0,193.0,396.0,111.0,173.0,120.0,152.0,105.0,101.0,77.0,117.0
140.0,154.0,386.0,30.0,176.0,253.0,61.0,296.0,180.0,151.0,320.0,162.0,116.0,213.0,99.0
97.0,53.0,361.0,16.0,157.0,143.0,53.0,266.0,117.0,228.0,287.0,287.0,46.0,185.0,119.0
95.0,55.0,500.0,16.0,322.0,143.0,28.0,470.0,163.0,304.0,408.0,428.0,44.0,314.0,154.0
156.0,179.0,290.0,34.0,165.0,260.0,48.0,176.0,194.0,156.0,210.0,178.0,140.0,129.0,127.0
237.0,346.0,485.0,97.0,446.0,320.0,258.0,346.0,503.0,296.0,408.0,355.0,444.0,201.0,160.0
156.0,281.0,223.0,36.0,230.0,382.0,82.0,32.0,210.0,171.0,110.0,190.0,171.0,17.0,201.0
152.0,323.0,360.0,38.0,228.0,407.0,76.0,225.0,223.0,174.0,295.0,197.0,174.0,173.0,192.0
330.0,63.0,507.0,117.0,28.0,156.0,2.0,292.0,545.0,304.0,408.0,428.0,10.0,208.0,11.0
157.0,203.0,294.0,36.0,212.0,280.0,78.0,181.0,194.0,165.0,245.0,186.0,149.0,132.0,157.0
168.0,225.0,240.0,91.0,83.0,310.0,26.0,110.0,454.0,273.0,157.0,323.0,450.0,101.0,55.0
167.0,235.0,337.0,38.0,227.0,312.0,92.0,251.0,223.0,176.0,165.0,197.0,177.0,184.0,178.0
80.0,41.0,247.0,22.0,117.0,393.0,37.0,290.0,145.0,137.0,200.0,137.0,70.0,328.0,94.0
86.0,41.0,207.0,13.0,43.0,102.0,18.0,62.0,111.0,106.0,120.0,91.0,36.0,35.0,242.0
322.0,193.0,657.0,110.0,524.0,358.0,274.0,493.0,483.0,300.0,225.0,395.0,515.0,333.0,220.0
270.0,281.0,417.0,86.0,100.0,372.0,59.0,292.0,431.0,269.0,322.0,312.0,303.0,308.0,81.0
156.0,205.0,299.0,35.0,206.0,288.0,77.0,187.0,341.0,174.0,222.0,196.0,155.0,133.0,174.0
206.0,320.0,303.0,56.0,177.0,369.0,61.0,194.0,292.0,176.0,394.0,203.0,288.0,134.0,154.0
229.0,306.0,356.0,63.0,292.0,390.0,166.0,259.0,313.0,213.0,449.0,264.0,273.0,219.0,248.0
176.0,229.0,260.0,45.0,216.0,315.0,99.0,148.0,210.0,199.0,187.0,241.0,200.0,122.0,181.0
146.0,131.0,252.0,31.0,176.0,206.0,61.0,140.0,210.0,138.0,176.0,138.0,122.0,91.0,154.0
95.0,55.0,208.0,30.0,157.0,156.0,61.0,82.0,178.0,107.0,119.0,101.0,122.0,55.0,107.0
114.0,95.0,208.0,23.0,191.0,206.0,69.0,0.0,145.0,129.0,88.0,126.0,76.0,0.0,178.0
112.0,95.0,240.0,23.0,165.0,200.0,43.0,110.0,144.0,130.0,206.0,207.0,76.0,77.0,127.0
257.0,284.0,340.0,57.0,524.0,373.0,217.0,240.0,369.0,201.0,226.0,248.0,331.0,184.0,96.0
154.0,188.0,263.0,34.0,161.0,270.0,67.0,148.0,193.0,154.0,128.0,165.0,136.0,111.0,97.0
80.0,41.0,187.0,11.0,128.0,319.0,42.0,49.0,134.0,83.0,88.0,72.0,33.0,27.0,80.0
273.0,164.0,379.0,91.0,151.0,255.0,54.0,292.0,454.0,273.0,239.0,323.0,97.0,503.0,88.0
191.0,257.0,564.0,70.0,257.0,349.0,121.0,431.0,332.0,228.0,345.0,287.0,288.0,314.0,73.0
206.0,278.0,281.0,56.0,248.0,369.0,101.0,165.0,281.0,154.0,203.0,305.0,256.0,122.0,216.0
252.0,331.0,395.0,80.0,262.0,247.0,226.0,297.0,425.0,252.0,321.0,305.0,337.0,217.0,248.0
168.0,225.0,300.0,38.0,228.0,349.0,86.0,187.0,222.0,176.0,208.0,172.0,176.0,81.0,201.0
122.0,76.0,246.0,23.0,137.0,155.0,45.0,83.0,163.0,132.0,158.0,127.0,84.0,64.0,111.0
111.0,90.0,125.0,11.0,258.0,200.0,99.0,27.0,76.0,85.0,508.0,76.0,97.0,17.0,247.0
154.0,188.0,212.0,33.0,191.0,247.0,69.0,92.0,191.0,108.0,208.0,98.0,140.0,68.0,157.0
333.0,612.0,457.0,96.0,445.0,534.0,261.0,323.0,119.0,275.0,366.0,162.0,450.0,247.0,566.0
95.0,55.0,336.0,16.0,165.0,143.0,29.0,205.0,227.0,107.0,245.0,139.0,51.0,156.0,124.0
123.0,103.0,252.0,24.0,138.0,250.0,50.0,493.0,172.0,137.0,176.0,138.0,92.0,328.0,101.0
154.0,188.0,215.0,51.0,208.0,272.0,67.0,84.0,293.0,112.0,128.0,101.0,238.0,64.0,174.0
105.0,87.0,553.0,185.0,161.0,188.0,53.0,438.0,178.0,403.0,449.0,58.0,101.0,312.0,127.0
114.0,95.0,224.0,22.0,188.0,210.0,40.0,92.0,144.0,120.0,164.0,108.0,70.0,66.0,156.0
152.0,55.0,224.0,33.0,189.0,156.0,67.0,98.0,187.0,120.0,128.0,117.0,136.0,71.0,183.0
167.0,221.0,294.0,38.0,234.0,225.0,79.0,183.0,178.0,171.0,215.0,165.0,161.0,122.0,9.0
232.0,310.0,311.0,64.0,524.0,390.0,276.0,197.0,313.0,214.0,236.0,263.0,276.0,583.0,416.0
158.0,207.0,281.0,36.0,226.0,315.0,78.0,175.0,210.0,154.0,177.0,167.0,158.0,134.0,119.0
160.0,169.0,279.0,36.0,258.0,259.0,99.0,222.0,343.0,154.0,204.0,165.0,200.0,95.0,93.0
999.0,999.0,999.0,999.0,999.0,999.0,999.0,999.0,999.0,999.0,654.0,999.0,999.0,999.0,999.0
104.0,78.0,142.0,19.0,83.0,175.0,23.0,31.0,117.0,112.0,87.0,101.0,42.0,87.0,55.0
196.0,257.0,385.0,55.0,217.0,173.0,80.0,296.0,290.0,197.0,309.0,263.0,256.0,202.0,178.0
119.0,105.0,239.0,21.0,54.0,216.0,19.0,104.0,139.0,120.0,154.0,100.0,36.0,71.0,63.0
75.0,43.0,187.0,5.0,150.0,124.0,50.0,73.0,163.0,83.0,88.0,68.0,219.0,55.0,242.0
429.0,756.0,550.0,201.0,131.0,484.0,43.0,431.0,163.0,202.0,470.0,160.0,905.0,339.0,96.0
130.0,137.0,500.0,29.0,161.0,216.0,53.0,476.0,173.0,304.0,408.0,430.0,101.0,331.0,390.0
152.0,188.0,283.0,33.0,176.0,280.0,67.0,168.0,188.0,154.0,207.0,173.0,136.0,116.0,154.0
206.0,231.0,339.0,51.0,277.0,296.0,121.0,228.0,187.0,198.0,203.0,241.0,239.0,173.0,248.0
120.0,105.0,385.0,78.0,329.0,155.0,217.0,293.0,419.0,247.0,310.0,303.0,330.0,318.0,351.0
178.0,232.0,313.0,45.0,229.0,297.0,83.0,200.0,168.0,187.0,238.0,277.0,174.0,101.0,154.0
100.0,63.0,298.0,38.0,134.0,156.0,79.0,201.0,213.0,174.0,226.0,197.0,167.0,148.0,117.0
158.0,207.0,281.0,35.0,132.0,293.0,76.0,163.0,163.0,154.0,204.0,172.0,156.0,331.0,140.0
257.0,348.0,385.0,78.0,344.0,439.0,222.0,293.0,483.0,247.0,287.0,307.0,336.0,208.0,422.0
182.0,238.0,320.0,50.0,261.0,448.0,127.0,204.0,252.0,188.0,240.0,221.0,209.0,245.0,240.0
288.0,461.0,457.0,95.0,446.0,491.0,258.0,323.0,454.0,275.0,321.0,338.0,450.0,255.0,416.0
147.0,174.0,396.0,33.0,132.0,259.0,45.0,297.0,184.0,316.0,326.0,446.0,149.0,218.0,229.0
152.0,164.0,224.0,33.0,253.0,254.0,65.0,94.0,187.0,120.0,148.0,115.0,136.0,68.0,231.0
232.0,372.0,351.0,64.0,280.0,445.0,138.0,225.0,313.0,214.0,382.0,268.0,276.0,331.0,334.0
168.0,225.0,356.0,70.0,206.0,310.0,76.0,205.0,332.0,228.0,248.0,316.0,288.0,193.0,174.0
122.0,106.0,207.0,23.0,415.0,214.0,243.0,80.0,501.0,107.0,120.0,98.0,408.0,64.0,4.0
270.0,203.0,648.0,248.0,312.0,276.0,188.0,493.0,132.0,416.0,582.0,822.0,256.0,333.0,215.0
288.0,461.0,440.0,95.0,445.0,486.0,274.0,315.0,454.0,275.0,325.0,322.0,450.0,241.0,262.0
319.0,474.0,251.0,41.0,230.0,448.0,94.0,241.0,168.0,136.0,189.0,288.0,190.0,68.0,202.0
104.0,89.0,183.0,19.0,448.0,188.0,33.0,39.0,122.0,76.0,50.0,167.0,54.0,25.0,215.0
271.0,403.0,142.0,3.0,88.0,462.0,33.0,476.0,163.0,42.0,252.0,173.0,52.0,318.0,71.0
211.0,292.0,300.0,57.0,157.0,373.0,139.0,189.0,293.0,198.0,236.0,241.0,264.0,218.0,119.0
374.0,693.0,536.0,148.0,211.0,390.0,78.0,420.0,127.0,347.0,470.0,91.0,219.0,312.0,175.0
176.0,229.0,271.0,29.0,175.0,315.0,58.0,155.0,178.0,151.0,200.0,162.0,108.0,106.0,140.0
233.0,316.0,485.0,70.0,260.0,393.0,121.0,738.0,333.0,296.0,389.0,355.0,288.0,503.0,231.0
113.0,278.0,224.0,21.0,55.0,374.0,18.0,240.0,139.0,114.0,152.0,108.0,68.0,180.0,172.0
97.0,56.0,281.0,16.0,85.0,155.0,28.0,192.0,117.0,92.0,188.0,76.0,46.0,186.0,64.0
152.0,200.0,363.0,33.0,157.0,280.0,50.0,277.0,184.0,213.0,295.0,264.0,95.0,196.0,122.0
71.0,27.0,111.0,6.0,75.0,160.0,2.0,26.0,184.0,63.0,20.0,47.0,10.0,16.0,54.0
115.0,118.0,252.0,22.0,434.0,221.0,253.0,391.0,145.0,138.0,179.0,138.0,70.0,296.0,566.0
100.0,63.0,212.0,17.0,89.0,156.0,30.0,61.0,117.0,108.0,126.0,98.0,47.0,34.0,73.0
83.0,40.0,201.0,13.0,329.0,86.0,184.0,61.0,99.0,85.0,94.0,76.0,36.0,34.0,416.0
183.0,276.0,111.0,6.0,15.0,362.0,1.0,26.0,33.0,61.0,244.0,268.0,4.0,16.0,4.0
100.0,62.0,542.0,17.0,88.0,155.0,29.0,420.0,111.0,411.0,465.0,822.0,46.0,309.0,89.0
257.0,316.0,374.0,71.0,83.0,390.0,23.0,285.0,224.0,243.0,234.0,312.0,330.0,205.0,55.0
156.0,187.0,298.0,34.0,191.0,272.0,70.0,195.0,54.0,165.0,222.0,172.0,145.0,130.0,154.0
270.0,717.0,475.0,87.0,415.0,315.0,243.0,331.0,431.0,271.0,351.0,323.0,408.0,259.0,334.0
77.0,41.0,184.0,8.0,47.0,102.0,9.0,45.0,50.0,81.0,122.0,68.0,27.0,25.0,32.0
73.0,27.0,157.0,6.0,37.0,56.0,5.0,32.0,46.0,67.0,128.0,50.0,19.0,21.0,12.0
91.0,48.0,214.0,16.0,89.0,143.0,30.0,83.0,117.0,108.0,128.0,98.0,46.0,71.0,73.0
163.0,231.0,300.0,41.0,174.0,200.0,58.0,189.0,223.0,176.0,230.0,197.0,190.0,133.0,116.0
111.0,89.0,491.0,20.0,112.0,164.0,35.0,358.0,232.0,304.0,408.0,186.0,55.0,269.0,87.0
257.0,118.0,440.0,71.0,311.0,222.0,172.0,316.0,363.0,243.0,286.0,298.0,284.0,173.0,333.0
268.0,372.0,414.0,86.0,47.0,445.0,9.0,306.0,145.0,265.0,326.0,317.0,369.0,219.0,32.0
130.0,137.0,386.0,15.0,28.0,249.0,2.0,313.0,105.0,105.0,320.0,84.0,5.0,628.0,12.0
154.0,185.0,266.0,29.0,229.0,253.0,92.0,78.0,177.0,147.0,200.0,163.0,156.0,106.0,190.0
187.0,40.0,157.0,45.0,206.0,86.0,54.0,32.0,205.0,187.0,57.0,207.0,195.0,17.0,175.0
139.0,163.0,180.0,27.0,155.0,253.0,50.0,32.0,171.0,140.0,215.0,155.0,101.0,21.0,119.0
206.0,301.0,356.0,56.0,261.0,341.0,127.0,259.0,292.0,228.0,302.0,287.0,260.0,185.0,247.0
167.0,221.0,488.0,112.0,175.0,208.0,58.0,377.0,498.0,300.0,400.0,470.0,108.0,219.0,118.0
100.0,62.0,208.0,17.0,117.0,156.0,35.0,83.0,120.0,108.0,139.0,98.0,47.0,64.0,94.0
212.0,301.0,346.0,58.0,331.0,259.0,217.0,223.0,296.0,201.0,158.0,248.0,270.0,174.0,406.0
257.0,338.0,363.0,70.0,257.0,430.0,108.0,73.0,503.0,230.0,298.0,288.0,264.0,57.0,215.0
287.0,207.0,487.0,95.0,341.0,289.0,226.0,353.0,454.0,296.0,386.0,374.0,337.0,269.0,404.0
157.0,185.0,348.0,35.0,310.0,268.0,172.0,232.0,198.0,174.0,272.0,164.0,155.0,16.0,329.0
104.0,78.0,220.0,19.0,117.0,156.0,37.0,90.0,119.0,114.0,129.0,114.0,68.0,72.0,43.0
241.0,323.0,363.0,70.0,280.0,418.0,203.0,280.0,333.0,228.0,298.0,287.0,288.0,201.0,192.0
52.0,27.0,142.0,6.0,17.0,288.0,2.0,31.0,33.0,61.0,211.0,76.0,5.0,20.0,66.0
270.0,391.0,414.0,86.0,410.0,460.0,237.0,312.0,430.0,265.0,326.0,325.0,369.0,255.0,329.0
169.0,261.0,440.0,40.0,229.0,362.0,92.0,322.0,223.0,264.0,345.0,312.0,181.0,246.0,333.0
375.0,709.0,511.0,140.0,229.0,706.0,86.0,377.0,571.0,319.0,411.0,456.0,678.0,291.0,190.0
270.0,235.0,414.0,86.0,310.0,341.0,188.0,200.0,430.0,265.0,326.0,317.0,380.0,129.0,329.0
288.0,461.0,346.0,95.0,446.0,491.0,258.0,223.0,466.0,275.0,257.0,374.0,450.0,169.0,250.0
70.0,28.0,142.0,6.0,37.0,160.0,6.0,31.0,33.0,61.0,63.0,0.0,19.0,271.0,124.0
152.0,137.0,283.0,33.0,181.0,255.0,61.0,204.0,187.0,154.0,208.0,173.0,123.0,159.0,155.0
114.0,89.0,207.0,15.0,85.0,200.0,28.0,80.0,103.0,105.0,191.0,84.0,44.0,26.0,66.0
115.0,95.0,240.0,17.0,85.0,203.0,29.0,110.0,119.0,129.0,160.0,117.0,45.0,186.0,81.0
139.0,0.0,278.0,30.0,176.0,0.0,61.0,158.0,165.0,151.0,201.0,162.0,116.0,107.0,148.0
120.0,105.0,207.0,23.0,86.0,213.0,29.0,80.0,233.0,132.0,120.0,127.0,45.0,57.0,42.0
146.0,372.0,157.0,31.0,155.0,445.0,67.0,16.0,187.0,71.0,57.0,58.0,139.0,16.0,119.0
157.0,205.0,255.0,29.0,174.0,276.0,58.0,141.0,178.0,139.0,57.0,221.0,109.0,92.0,139.0
244.0,323.0,363.0,70.0,313.0,422.0,199.0,306.0,347.0,230.0,298.0,288.0,291.0,245.0,25.0
92.0,71.0,201.0,13.0,54.0,159.0,19.0,61.0,95.0,92.0,100.0,76.0,36.0,34.0,97.0
111.0,63.0,240.0,20.0,216.0,124.0,80.0,110.0,210.0,129.0,160.0,125.0,47.0,314.0,172.0
376.0,717.0,549.0,148.0,117.0,445.0,339.0,493.0,579.0,347.0,470.0,470.0,726.0,312.0,87.0
123.0,109.0,532.0,20.0,112.0,206.0,35.0,391.0,117.0,347.0,191.0,457.0,55.0,300.0,87.0
152.0,182.0,283.0,33.0,188.0,261.0,67.0,168.0,187.0,154.0,207.0,172.0,136.0,116.0,157.0
96.0,55.0,201.0,16.0,80.0,155.0,23.0,59.0,105.0,106.0,100.0,248.0,42.0,28.0,54.0
123.0,109.0,207.0,29.0,168.0,203.0,9.0,80.0,173.0,106.0,120.0,91.0,102.0,65.0,93.0
156.0,205.0,292.0,35.0,218.0,288.0,79.0,0.0,197.0,156.0,210.0,185.0,167.0,0.0,180.0
126.0,131.0,257.0,27.0,150.0,235.0,50.0,346.0,171.0,141.0,200.0,149.0,92.0,259.0,74.0
105.0,87.0,224.0,20.0,112.0,155.0,35.0,98.0,165.0,120.0,152.0,114.0,55.0,72.0,87.0
171.0,346.0,348.0,41.0,234.0,445.0,95.0,228.0,223.0,185.0,272.0,207.0,196.0,184.0,231.0
86.0,55.0,201.0,15.0,174.0,156.0,50.0,312.0,103.0,92.0,100.0,76.0,95.0,219.0,140.0
999.0,999.0,999.0,999.0,999.0,999.0,999.0,999.0,999.0,999.0,373.0,214.0,999.0,999.0,999.0
211.0,372.0,346.0,57.0,310.0,439.0,129.0,39.0,296.0,201.0,249.0,248.0,264.0,25.0,329.0
214.0,300.0,396.0,80.0,229.0,374.0,226.0,297.0,117.0,252.0,325.0,298.0,337.0,218.0,175.0
169.0,227.0,313.0,45.0,252.0,315.0,99.0,195.0,233.0,188.0,240.0,208.0,202.0,134.0,274.0
156.0,200.0,346.0,51.0,234.0,280.0,95.0,232.0,272.0,191.0,248.0,228.0,195.0,493.0,212.0
268.0,373.0,396.0,85.0,138.0,448.0,46.0,297.0,343.0,256.0,321.0,330.0,89.0,208.0,110.0
163.0,212.0,204.0,36.0,237.0,293.0,99.0,62.0,195.0,171.0,108.0,187.0,204.0,35.0,218.0
138.0,188.0,267.0,29.0,102.0,270.0,70.0,137.0,168.0,147.0,200.0,163.0,140.0,88.0,82.0
147.0,174.0,293.0,32.0,227.0,259.0,85.0,176.0,184.0,154.0,173.0,165.0,175.0,125.0,218.0
95.0,55.0,208.0,16.0,128.0,143.0,29.0,228.0,107.0,106.0,297.0,91.0,43.0,179.0,74.0
156.0,222.0,263.0,34.0,157.0,308.0,53.0,756.0,193.0,156.0,187.0,76.0,149.0,493.0,126.0
140.0,163.0,254.0,23.0,128.0,254.0,42.0,94.0,223.0,138.0,165.0,138.0,76.0,72.0,99.0
113.0,90.0,207.0,16.0,75.0,418.0,22.0,78.0,107.0,106.0,117.0,91.0,40.0,57.0,55.0
152.0,182.0,206.0,18.0,112.0,261.0,35.0,65.0,122.0,99.0,152.0,76.0,55.0,55.0,87.0
202.0,276.0,320.0,45.0,234.0,373.0,95.0,204.0,165.0,188.0,175.0,220.0,195.0,179.0,175.0
115.0,103.0,111.0,23.0,123.0,211.0,39.0,27.0,145.0,25.0,5.0,0.0,76.0,12.0,96.0
119.0,78.0,701.0,23.0,128.0,215.0,42.0,572.0,144.0,580.0,681.0,894.0,70.0,455.0,99.0
257.0,253.0,438.0,77.0,47.0,348.0,9.0,392.0,343.0,271.0,338.0,323.0,33.0,305.0,32.0
123.0,154.0,738.0,11.0,176.0,270.0,61.0,704.0,81.0,82.0,240.0,70.0,33.0,493.0,153.0
187.0,253.0,339.0,51.0,174.0,348.0,94.0,223.0,270.0,191.0,250.0,228.0,191.0,170.0,56.0
256.0,332.0,382.0,77.0,200.0,429.0,222.0,216.0,311.0,247.0,309.0,303.0,336.0,167.0,182.0
167.0,221.0,310.0,38.0,234.0,341.0,96.0,49.0,222.0,182.0,234.0,207.0,195.0,16.0,190.0
102.0,71.0,215.0,17.0,100.0,160.0,33.0,103.0,119.0,112.0,129.0,101.0,52.0,72.0,85.0
123.0,109.0,238.0,23.0,117.0,216.0,35.0,103.0,164.0,130.0,152.0,126.0,54.0,81.0,74.0
122.0,108.0,242.0,24.0,132.0,215.0,45.0,140.0,163.0,132.0,164.0,127.0,84.0,101.0,107.0
317.0,187.0,360.0,70.0,410.0,270.0,230.0,264.0,333.0,228.0,297.0,287.0,288.0,184.0,154.0
132.0,137.0,536.0,29.0,175.0,249.0,58.0,392.0,173.0,347.0,458.0,463.0,102.0,300.0,119.0
180.0,233.0,363.0,45.0,206.0,320.0,79.0,277.0,233.0,230.0,203.0,288.0,200.0,196.0,179.0
124.0,403.0,212.0,16.0,123.0,462.0,4.0,90.0,117.0,108.0,129.0,98.0,19.0,71.0,88.0
210.0,317.0,346.0,57.0,65.0,393.0,16.0,223.0,293.0,201.0,252.0,248.0,264.0,167.0,45.0
132.0,137.0,240.0,27.0,157.0,249.0,52.0,363.0,188.0,129.0,157.0,118.0,101.0,305.0,175.0
206.0,281.0,337.0,56.0,229.0,373.0,94.0,212.0,292.0,199.0,250.0,155.0,259.0,159.0,198.0
257.0,115.0,372.0,78.0,341.0,254.0,217.0,285.0,431.0,247.0,261.0,304.0,331.0,134.0,55.0
316.0,515.0,395.0,104.0,128.0,498.0,444.0,297.0,503.0,252.0,321.0,307.0,583.0,217.0,99.0
183.0,274.0,396.0,50.0,257.0,362.0,129.0,292.0,253.0,190.0,326.0,220.0,260.0,202.0,231.0
160.0,259.0,294.0,36.0,233.0,348.0,78.0,180.0,215.0,167.0,222.0,203.0,161.0,477.0,126.0
112.0,90.0,224.0,22.0,89.0,188.0,39.0,94.0,144.0,129.0,148.0,118.0,70.0,68.0,74.0
257.0,434.0,279.0,73.0,344.0,490.0,217.0,160.0,297.0,153.0,203.0,163.0,331.0,321.0,422.0
100.0,62.0,511.0,18.0,228.0,155.0,32.0,264.0,122.0,112.0,411.0,100.0,51.0,186.0,246.0
317.0,515.0,701.0,97.0,341.0,491.0,220.0,572.0,452.0,595.0,257.0,911.0,330.0,455.0,416.0
168.0,225.0,300.0,38.0,174.0,310.0,58.0,189.0,223.0,176.0,225.0,197.0,92.0,133.0,139.0
80.0,28.0,190.0,11.0,446.0,373.0,258.0,59.0,107.0,83.0,91.0,72.0,33.0,30.0,30.0
273.0,403.0,428.0,87.0,415.0,460.0,226.0,440.0,81.0,269.0,458.0,303.0,344.0,312.0,333.0
87.0,48.0,279.0,31.0,165.0,280.0,39.0,293.0,184.0,154.0,203.0,165.0,68.0,208.0,134.0
167.0,221.0,294.0,38.0,243.0,260.0,85.0,180.0,248.0,174.0,203.0,196.0,176.0,130.0,216.0
152.0,188.0,855.0,33.0,157.0,270.0,52.0,738.0,162.0,154.0,999.0,165.0,128.0,503.0,119.0
270.0,281.0,411.0,86.0,104.0,407.0,170.0,315.0,430.0,264.0,309.0,316.0,284.0,240.0,84.0
180.0,233.0,346.0,49.0,446.0,315.0,99.0,204.0,145.0,203.0,187.0,244.0,202.0,150.0,582.0
333.0,618.0,570.0,97.0,288.0,550.0,165.0,469.0,466.0,374.0,500.0,582.0,272.0,318.0,297.0
205.0,276.0,339.0,51.0,122.0,362.0,59.0,216.0,297.0,196.0,201.0,197.0,260.0,167.0,94.0
214.0,300.0,350.0,58.0,112.0,388.0,105.0,240.0,297.0,213.0,274.0,263.0,269.0,308.0,102.0
156.0,205.0,747.0,35.0,126.0,289.0,40.0,718.0,163.0,660.0,833.0,799.0,154.0,503.0,155.0
83.0,43.0,281.0,13.0,54.0,127.0,18.0,251.0,98.0,154.0,206.0,167.0,36.0,184.0,56.0
70.0,21.0,126.0,6.0,161.0,362.0,19.0,29.0,34.0,63.0,29.0,47.0,36.0,311.0,126.0
146.0,200.0,111.0,3.0,137.0,280.0,1.0,26.0,12.0,42.0,8.0,387.0,4.0,16.0,111.0
154.0,188.0,283.0,33.0,188.0,270.0,67.0,59.0,191.0,156.0,208.0,174.0,139.0,55.0,157.0
171.0,229.0,323.0,41.0,89.0,294.0,35.0,204.0,224.0,190.0,240.0,221.0,55.0,148.0,88.0
115.0,188.0,294.0,36.0,208.0,255.0,78.0,180.0,194.0,166.0,203.0,186.0,161.0,130.0,175.0
126.0,135.0,252.0,27.0,175.0,241.0,61.0,32.0,171.0,139.0,176.0,137.0,116.0,21.0,144.0
156.0,200.0,283.0,34.0,445.0,255.0,78.0,84.0,195.0,156.0,203.0,175.0,156.0,64.0,155.0
428.0,215.0,590.0,185.0,228.0,296.0,85.0,476.0,454.0,408.0,833.0,803.0,888.0,458.0,181.0
317.0,523.0,323.0,104.0,445.0,518.0,254.0,202.0,276.0,871.0,176.0,999.0,464.0,134.0,566.0
270.0,373.0,386.0,87.0,403.0,448.0,243.0,280.0,223.0,264.0,320.0,236.0,408.0,192.0,469.0
81.0,43.0,105.0,11.0,112.0,127.0,35.0,16.0,86.0,83.0,128.0,207.0,35.0,26.0,87.0
76.0,42.0,184.0,8.0,104.0,112.0,35.0,45.0,147.0,80.0,214.0,68.0,55.0,96.0,83.0
146.0,238.0,208.0,33.0,131.0,390.0,43.0,90.0,184.0,138.0,122.0,138.0,128.0,65.0,154.0
322.0,145.0,488.0,109.0,524.0,250.0,274.0,353.0,501.0,296.0,400.0,374.0,529.0,311.0,42.0
156.0,207.0,688.0,70.0,310.0,296.0,184.0,532.0,333.0,228.0,654.0,287.0,288.0,328.0,329.0
375.0,55.0,530.0,143.0,448.0,155.0,444.0,420.0,571.0,346.0,449.0,463.0,678.0,309.0,175.0
330.0,612.0,580.0,183.0,117.0,534.0,38.0,470.0,616.0,404.0,508.0,705.0,90.0,318.0,89.0
330.0,612.0,590.0,243.0,257.0,518.0,119.0,476.0,545.0,411.0,582.0,302.0,219.0,333.0,231.0
152.0,180.0,313.0,33.0,126.0,260.0,61.0,313.0,187.0,154.0,239.0,167.0,123.0,240.0,99.0
77.0,43.0,184.0,8.0,45.0,127.0,6.0,45.0,69.0,81.0,214.0,68.0,27.0,25.0,31.0
235.0,325.0,224.0,65.0,292.0,422.0,166.0,92.0,314.0,129.0,148.0,118.0,284.0,66.0,307.0
182.0,406.0,396.0,50.0,229.0,468.0,96.0,83.0,252.0,188.0,325.0,221.0,209.0,64.0,248.0
314.0,515.0,299.0,97.0,448.0,439.0,258.0,187.0,480.0,296.0,220.0,353.0,500.0,133.0,604.0
206.0,278.0,339.0,56.0,234.0,365.0,96.0,216.0,276.0,199.0,245.0,240.0,259.0,613.0,212.0
163.0,215.0,267.0,36.0,410.0,42.0,237.0,149.0,120.0,154.0,139.0,203.0,168.0,129.0,140.0
236.0,323.0,386.0,71.0,312.0,407.0,199.0,296.0,270.0,243.0,320.0,298.0,288.0,213.0,242.0
233.0,316.0,223.0,65.0,243.0,390.0,99.0,572.0,314.0,225.0,139.0,282.0,212.0,455.0,215.0
205.0,276.0,340.0,56.0,150.0,270.0,50.0,205.0,290.0,200.0,245.0,186.0,260.0,173.0,118.0
270.0,376.0,500.0,86.0,310.0,445.0,222.0,363.0,430.0,304.0,408.0,430.0,369.0,269.0,333.0
256.0,332.0,363.0,71.0,365.0,429.0,226.0,176.0,288.0,243.0,297.0,298.0,330.0,125.0,390.0
268.0,373.0,639.0,85.0,174.0,374.0,217.0,490.0,425.0,411.0,236.0,856.0,331.0,331.0,107.0
266.0,373.0,299.0,38.0,228.0,293.0,85.0,187.0,213.0,174.0,222.0,175.0,176.0,133.0,192.0
146.0,131.0,385.0,77.0,415.0,241.0,217.0,292.0,333.0,247.0,366.0,303.0,331.0,208.0,156.0
81.0,42.0,201.0,11.0,150.0,42.0,50.0,61.0,86.0,83.0,88.0,72.0,33.0,72.0,89.0
100.0,63.0,187.0,17.0,85.0,156.0,30.0,49.0,119.0,84.0,87.0,76.0,46.0,145.0,64.0
229.0,306.0,395.0,61.0,280.0,341.0,148.0,312.0,314.0,227.0,230.0,282.0,270.0,219.0,297.0
101.0,64.0,360.0,15.0,47.0,160.0,9.0,273.0,103.0,105.0,408.0,84.0,33.0,180.0,32.0
97.0,55.0,208.0,16.0,128.0,154.0,42.0,83.0,117.0,106.0,128.0,91.0,46.0,64.0,97.0
0.0,0.0,0.0,0.0,45.0,0.0,5.0,0.0,0.0,0.0,0.0,61.0,0.0,0.0,31.0
133.0,141.0,263.0,29.0,155.0,249.0,50.0,149.0,173.0,147.0,220.0,158.0,101.0,71.0,84.0
273.0,618.0,298.0,133.0,639.0,490.0,570.0,176.0,363.0,306.0,222.0,430.0,751.0,125.0,818.0
316.0,515.0,461.0,97.0,181.0,341.0,53.0,322.0,483.0,278.0,302.0,287.0,101.0,246.0,172.0
160.0,214.0,693.0,36.0,243.0,289.0,83.0,532.0,170.0,166.0,658.0,186.0,171.0,409.0,216.0
288.0,461.0,240.0,16.0,83.0,220.0,26.0,111.0,109.0,107.0,154.0,68.0,43.0,72.0,72.0
123.0,133.0,240.0,24.0,243.0,241.0,45.0,110.0,163.0,129.0,160.0,298.0,85.0,145.0,214.0
95.0,36.0,212.0,16.0,28.0,404.0,50.0,32.0,173.0,108.0,128.0,98.0,47.0,17.0,11.0
70.0,131.0,180.0,7.0,137.0,208.0,5.0,146.0,271.0,76.0,63.0,61.0,19.0,96.0,111.0
133.0,135.0,553.0,29.0,157.0,241.0,52.0,469.0,173.0,84.0,468.0,178.0,97.0,318.0,80.0
202.0,261.0,379.0,51.0,261.0,348.0,121.0,277.0,281.0,193.0,307.0,236.0,239.0,134.0,242.0
123.0,115.0,238.0,24.0,165.0,220.0,50.0,103.0,164.0,120.0,148.0,117.0,92.0,72.0,131.0
178.0,231.0,312.0,45.0,229.0,310.0,92.0,197.0,227.0,187.0,238.0,208.0,195.0,82.0,190.0
212.0,300.0,340.0,58.0,448.0,276.0,261.0,205.0,296.0,200.0,158.0,246.0,464.0,152.0,604.0
180.0,233.0,317.0,49.0,237.0,289.0,99.0,204.0,293.0,188.0,240.0,220.0,200.0,148.0,213.0
146.0,174.0,263.0,29.0,175.0,260.0,58.0,149.0,178.0,147.0,509.0,155.0,108.0,96.0,84.0
414.0,764.0,564.0,182.0,181.0,348.0,61.0,440.0,347.0,403.0,204.0,190.0,128.0,312.0,329.0
271.0,406.0,481.0,97.0,184.0,393.0,6.0,313.0,197.0,296.0,387.0,346.0,26.0,255.0,155.0
375.0,756.0,532.0,143.0,311.0,741.0,184.0,406.0,466.0,347.0,298.0,355.0,288.0,303.0,322.0
76.0,48.0,201.0,8.0,45.0,143.0,7.0,83.0,50.0,81.0,94.0,68.0,26.0,64.0,99.0
182.0,241.0,311.0,49.0,224.0,348.0,98.0,197.0,223.0,188.0,232.0,220.0,204.0,145.0,183.0
86.0,48.0,279.0,30.0,181.0,143.0,33.0,158.0,180.0,154.0,203.0,165.0,54.0,314.0,155.0
114.0,76.0,246.0,23.0,75.0,227.0,22.0,103.0,271.0,132.0,187.0,127.0,269.0,57.0,55.0
330.0,590.0,661.0,183.0,292.0,154.0,166.0,509.0,164.0,404.0,833.0,317.0,923.0,321.0,307.0
121.0,128.0,252.0,23.0,132.0,235.0,43.0,140.0,158.0,136.0,176.0,134.0,97.0,90.0,87.0
96.0,55.0,204.0,16.0,37.0,155.0,33.0,62.0,178.0,99.0,179.0,76.0,52.0,111.0,12.0
229.0,306.0,361.0,70.0,253.0,388.0,170.0,266.0,363.0,228.0,299.0,287.0,288.0,192.0,155.0
169.0,227.0,300.0,38.0,175.0,407.0,58.0,189.0,223.0,176.0,244.0,162.0,109.0,57.0,77.0
137.0,145.0,488.0,29.0,174.0,261.0,58.0,353.0,177.0,300.0,408.0,338.0,108.0,269.0,153.0
101.0,90.0,208.0,16.0,118.0,200.0,26.0,82.0,168.0,107.0,122.0,98.0,42.0,64.0,94.0
314.0,261.0,487.0,109.0,85.0,358.0,274.0,346.0,503.0,296.0,394.0,163.0,524.0,259.0,66.0
288.0,434.0,475.0,95.0,445.0,42.0,261.0,331.0,223.0,273.0,366.0,330.0,494.0,255.0,220.0
81.0,43.0,738.0,11.0,131.0,127.0,43.0,704.0,103.0,84.0,500.0,105.0,33.0,493.0,101.0
105.0,55.0,215.0,20.0,117.0,154.0,35.0,84.0,139.0,120.0,128.0,113.0,59.0,64.0,94.0
196.0,257.0,336.0,51.0,123.0,348.0,40.0,205.0,213.0,196.0,243.0,257.0,238.0,156.0,96.0
105.0,90.0,187.0,11.0,28.0,214.0,19.0,47.0,86.0,82.0,87.0,70.0,33.0,28.0,9.0
182.0,187.0,507.0,45.0,248.0,270.0,108.0,377.0,210.0,304.0,408.0,387.0,212.0,291.0,216.0
104.0,78.0,222.0,18.0,32.0,144.0,33.0,132.0,122.0,113.0,119.0,105.0,54.0,88.0,12.0
288.0,284.0,507.0,95.0,122.0,373.0,29.0,392.0,466.0,306.0,408.0,428.0,444.0,303.0,126.0
156.0,205.0,336.0,51.0,261.0,288.0,121.0,204.0,293.0,196.0,238.0,246.0,252.0,150.0,157.0
114.0,95.0,222.0,20.0,106.0,235.0,35.0,92.0,127.0,113.0,152.0,118.0,55.0,57.0,87.0
146.0,187.0,279.0,30.0,341.0,270.0,220.0,160.0,182.0,153.0,272.0,163.0,444.0,101.0,422.0
83.0,55.0,207.0,20.0,112.0,193.0,35.0,80.0,141.0,120.0,345.0,115.0,55.0,180.0,87.0
156.0,210.0,283.0,34.0,200.0,294.0,75.0,168.0,205.0,156.0,207.0,174.0,150.0,116.0,125.0
121.0,109.0,240.0,23.0,134.0,211.0,45.0,290.0,172.0,129.0,208.0,125.0,85.0,205.0,107.0
126.0,131.0,246.0,23.0,132.0,261.0,45.0,124.0,162.0,132.0,173.0,127.0,83.0,72.0,333.0
217.0,391.0,457.0,97.0,208.0,460.0,78.0,490.0,483.0,275.0,366.0,155.0,583.0,613.0,140.0
333.0,618.0,363.0,128.0,175.0,521.0,58.0,251.0,293.0,246.0,299.0,302.0,588.0,184.0,140.0
121.0,87.0,279.0,24.0,206.0,188.0,77.0,32.0,163.0,141.0,203.0,257.0,84.0,24.0,175.0
322.0,373.0,491.0,112.0,601.0,445.0,382.0,358.0,571.0,304.0,402.0,76.0,590.0,269.0,808.0
86.0,47.0,461.0,15.0,112.0,124.0,23.0,323.0,103.0,120.0,240.0,115.0,40.0,255.0,114.0
103.0,72.0,238.0,20.0,89.0,159.0,30.0,103.0,164.0,120.0,152.0,117.0,55.0,72.0,71.0
160.0,210.0,530.0,35.0,200.0,293.0,75.0,398.0,198.0,154.0,419.0,162.0,155.0,305.0,172.0
168.0,225.0,256.0,38.0,202.0,310.0,75.0,144.0,223.0,156.0,187.0,172.0,140.0,95.0,172.0
266.0,376.0,283.0,80.0,365.0,272.0,226.0,175.0,425.0,153.0,297.0,163.0,337.0,123.0,74.0
154.0,188.0,336.0,34.0,186.0,259.0,61.0,240.0,127.0,199.0,248.0,244.0,122.0,132.0,178.0
113.0,90.0,240.0,21.0,434.0,277.0,38.0,109.0,139.0,129.0,157.0,115.0,70.0,58.0,566.0
270.0,205.0,438.0,89.0,446.0,281.0,254.0,508.0,454.0,271.0,338.0,325.0,444.0,339.0,12.0
210.0,274.0,353.0,71.0,313.0,362.0,199.0,292.0,173.0,214.0,286.0,214.0,330.0,208.0,351.0
77.0,41.0,187.0,8.0,104.0,112.0,35.0,16.0,12.0,82.0,88.0,50.0,55.0,16.0,83.0
412.0,756.0,190.0,182.0,248.0,741.0,629.0,47.0,638.0,374.0,87.0,561.0,905.0,26.0,218.0
84.0,41.0,511.0,91.0,310.0,101.0,174.0,391.0,454.0,273.0,307.0,323.0,419.0,309.0,329.0
126.0,133.0,260.0,29.0,161.0,241.0,53.0,154.0,171.0,144.0,240.0,118.0,101.0,27.0,125.0
167.0,221.0,340.0,38.0,228.0,289.0,85.0,216.0,215.0,174.0,262.0,196.0,175.0,167.0,187.0
126.0,129.0,258.0,26.0,157.0,215.0,50.0,154.0,163.0,144.0,173.0,76.0,92.0,106.0,119.0
319.0,523.0,487.0,109.0,403.0,518.0,274.0,353.0,501.0,296.0,394.0,374.0,524.0,256.0,469.0
77.0,41.0,300.0,8.0,65.0,315.0,19.0,189.0,69.0,176.0,226.0,197.0,27.0,133.0,43.0
165.0,207.0,279.0,38.0,28.0,341.0,2.0,251.0,223.0,154.0,204.0,165.0,177.0,184.0,12.0
122.0,128.0,252.0,24.0,174.0,221.0,78.0,186.0,163.0,137.0,222.0,126.0,158.0,132.0,134.0
232.0,304.0,361.0,67.0,200.0,388.0,76.0,273.0,332.0,227.0,244.0,282.0,288.0,255.0,172.0
168.0,225.0,570.0,38.0,176.0,310.0,50.0,228.0,223.0,176.0,500.0,197.0,177.0,145.0,153.0
375.0,103.0,580.0,182.0,277.0,211.0,139.0,470.0,660.0,404.0,527.0,561.0,500.0,319.0,250.0
374.0,693.0,688.0,140.0,344.0,250.0,391.0,490.0,571.0,368.0,658.0,580.0,656.0,333.0,297.0
322.0,612.0,487.0,110.0,131.0,498.0,45.0,180.0,518.0,296.0,394.0,203.0,583.0,130.0,153.0
410.0,764.0,500.0,159.0,445.0,767.0,254.0,438.0,601.0,304.0,408.0,430.0,726.0,64.0,574.0
205.0,276.0,360.0,51.0,253.0,362.0,107.0,297.0,272.0,227.0,204.0,282.0,212.0,217.0,220.0
97.0,55.0,395.0,16.0,98.0,213.0,32.0,312.0,117.0,252.0,321.0,305.0,46.0,201.0,77.0
80.0,41.0,507.0,9.0,37.0,102.0,9.0,377.0,76.0,275.0,410.0,338.0,33.0,491.0,12.0
111.0,89.0,247.0,21.0,117.0,191.0,37.0,94.0,132.0,25.0,250.0,0.0,59.0,71.0,93.0
157.0,145.0,300.0,36.0,257.0,250.0,108.0,181.0,210.0,167.0,215.0,187.0,214.0,245.0,231.0
123.0,90.0,252.0,24.0,161.0,200.0,46.0,470.0,172.0,137.0,170.0,137.0,89.0,240.0,95.0
410.0,756.0,550.0,177.0,128.0,741.0,35.0,431.0,454.0,374.0,470.0,582.0,751.0,312.0,99.0
111.0,141.0,238.0,21.0,88.0,254.0,35.0,103.0,147.0,120.0,152.0,139.0,59.0,628.0,94.0
130.0,137.0,252.0,29.0,168.0,238.0,54.0,137.0,173.0,139.0,177.0,140.0,101.0,133.0,88.0
157.0,764.0,293.0,35.0,216.0,348.0,80.0,176.0,198.0,160.0,211.0,68.0,155.0,184.0,180.0
77.0,41.0,184.0,8.0,47.0,324.0,9.0,45.0,69.0,81.0,88.0,68.0,27.0,25.0,32.0
75.0,72.0,184.0,8.0,17.0,227.0,5.0,312.0,54.0,80.0,248.0,68.0,26.0,241.0,32.0
167.0,225.0,220.0,38.0,188.0,310.0,83.0,251.0,223.0,174.0,128.0,190.0,176.0,180.0,156.0
270.0,187.0,414.0,86.0,277.0,270.0,138.0,312.0,430.0,265.0,326.0,323.0,380.0,248.0,181.0
196.0,257.0,648.0,217.0,278.0,348.0,222.0,490.0,428.0,416.0,248.0,430.0,276.0,314.0,158.0
202.0,261.0,379.0,77.0,331.0,315.0,222.0,327.0,400.0,247.0,307.0,303.0,336.0,248.0,404.0
180.0,233.0,323.0,45.0,238.0,319.0,99.0,313.0,193.0,192.0,241.0,175.0,200.0,219.0,213.0
77.0,41.0,542.0,8.0,37.0,102.0,5.0,420.0,69.0,80.0,110.0,303.0,27.0,312.0,12.0
111.0,154.0,111.0,20.0,47.0,253.0,13.0,415.0,122.0,58.0,5.0,23.0,25.0,305.0,117.0
73.0,28.0,688.0,6.0,32.0,112.0,5.0,601.0,38.0,67.0,326.0,221.0,23.0,458.0,12.0
375.0,694.0,532.0,140.0,735.0,663.0,485.0,470.0,571.0,347.0,449.0,178.0,693.0,319.0,881.0
237.0,323.0,701.0,67.0,277.0,491.0,139.0,322.0,332.0,225.0,366.0,282.0,264.0,246.0,144.0
84.0,55.0,126.0,7.0,47.0,143.0,9.0,29.0,46.0,76.0,483.0,61.0,48.0,25.0,43.0
83.0,48.0,187.0,12.0,75.0,404.0,19.0,47.0,105.0,82.0,87.0,76.0,40.0,17.0,55.0
138.0,43.0,299.0,29.0,174.0,86.0,58.0,194.0,184.0,174.0,222.0,193.0,109.0,134.0,262.0
206.0,276.0,476.0,55.0,131.0,382.0,43.0,323.0,290.0,198.0,299.0,241.0,256.0,247.0,248.0
202.0,180.0,661.0,97.0,261.0,260.0,121.0,509.0,466.0,304.0,211.0,423.0,464.0,343.0,234.0
295.0,461.0,440.0,95.0,104.0,489.0,247.0,316.0,178.0,273.0,345.0,25.0,408.0,241.0,84.0
273.0,141.0,440.0,91.0,128.0,249.0,230.0,476.0,454.0,273.0,200.0,323.0,419.0,321.0,102.0
95.0,48.0,183.0,7.0,100.0,143.0,32.0,65.0,147.0,75.0,94.0,185.0,70.0,179.0,81.0
129.0,135.0,260.0,29.0,161.0,241.0,53.0,154.0,173.0,151.0,126.0,162.0,101.0,102.0,87.0
235.0,317.0,326.0,77.0,242.0,393.0,217.0,620.0,601.0,247.0,243.0,303.0,331.0,496.0,213.0
121.0,108.0,350.0,23.0,280.0,215.0,82.0,216.0,162.0,213.0,274.0,263.0,109.0,167.0,80.0
101.0,185.0,223.0,17.0,211.0,241.0,78.0,94.0,122.0,113.0,128.0,100.0,158.0,72.0,175.0
317.0,515.0,485.0,106.0,83.0,312.0,24.0,98.0,500.0,296.0,389.0,355.0,515.0,68.0,55.0
83.0,42.0,240.0,13.0,89.0,118.0,18.0,103.0,98.0,92.0,152.0,76.0,36.0,72.0,72.0
112.0,90.0,254.0,21.0,123.0,143.0,40.0,141.0,139.0,120.0,179.0,117.0,92.0,95.0,95.0
146.0,212.0,279.0,30.0,176.0,272.0,61.0,160.0,182.0,153.0,203.0,163.0,122.0,111.0,187.0
316.0,515.0,310.0,45.0,280.0,490.0,129.0,195.0,272.0,188.0,234.0,214.0,260.0,241.0,213.0
338.0,718.0,580.0,183.0,189.0,479.0,629.0,470.0,551.0,404.0,250.0,162.0,905.0,319.0,155.0
134.0,145.0,258.0,29.0,217.0,253.0,82.0,146.0,182.0,144.0,188.0,156.0,171.0,96.0,179.0
123.0,115.0,256.0,24.0,157.0,220.0,50.0,160.0,164.0,137.0,465.0,134.0,92.0,131.0,119.0
91.0,48.0,208.0,15.0,80.0,143.0,5.0,62.0,188.0,103.0,122.0,84.0,23.0,35.0,55.0
152.0,185.0,311.0,33.0,45.0,261.0,7.0,197.0,182.0,160.0,236.0,203.0,127.0,179.0,32.0
73.0,28.0,346.0,71.0,415.0,143.0,226.0,223.0,347.0,256.0,261.0,323.0,330.0,455.0,469.0
167.0,221.0,300.0,38.0,175.0,324.0,82.0,192.0,428.0,174.0,204.0,236.0,174.0,331.0,188.0
100.0,62.0,214.0,17.0,89.0,155.0,30.0,232.0,119.0,108.0,128.0,100.0,46.0,169.0,73.0
163.0,210.0,336.0,36.0,227.0,155.0,82.0,206.0,187.0,171.0,236.0,173.0,168.0,159.0,63.0
134.0,145.0,263.0,29.0,176.0,249.0,58.0,149.0,177.0,147.0,177.0,162.0,108.0,96.0,12.0
217.0,301.0,300.0,60.0,279.0,280.0,148.0,280.0,302.0,176.0,230.0,197.0,269.0,246.0,124.0
123.0,109.0,550.0,23.0,117.0,259.0,35.0,431.0,616.0,132.0,470.0,126.0,76.0,312.0,87.0
158.0,205.0,582.0,58.0,277.0,288.0,143.0,470.0,296.0,202.0,508.0,204.0,269.0,339.0,250.0
119.0,210.0,247.0,23.0,262.0,288.0,43.0,124.0,162.0,130.0,234.0,126.0,76.0,81.0,246.0
115.0,95.0,242.0,23.0,132.0,205.0,43.0,115.0,171.0,132.0,203.0,133.0,83.0,79.0,107.0
169.0,225.0,294.0,40.0,83.0,310.0,29.0,180.0,223.0,165.0,261.0,100.0,33.0,130.0,74.0
123.0,109.0,396.0,23.0,128.0,216.0,42.0,297.0,144.0,247.0,321.0,303.0,76.0,218.0,212.0
121.0,105.0,481.0,25.0,150.0,143.0,50.0,156.0,168.0,296.0,387.0,353.0,92.0,87.0,117.0
100.0,62.0,111.0,6.0,89.0,155.0,30.0,26.0,46.0,61.0,5.0,133.0,46.0,20.0,73.0
100.0,62.0,661.0,17.0,54.0,156.0,23.0,508.0,120.0,138.0,129.0,138.0,47.0,343.0,43.0
125.0,130.0,255.0,26.0,151.0,227.0,50.0,15.0,109.0,139.0,182.0,175.0,92.0,503.0,118.0
232.0,310.0,356.0,64.0,278.0,390.0,139.0,241.0,313.0,223.0,187.0,282.0,276.0,184.0,275.0
95.0,55.0,312.0,16.0,228.0,154.0,85.0,186.0,125.0,107.0,238.0,101.0,175.0,81.0,187.0
165.0,320.0,330.0,50.0,262.0,489.0,105.0,154.0,332.0,192.0,244.0,204.0,211.0,102.0,246.0
158.0,229.0,187.0,35.0,229.0,341.0,92.0,62.0,199.0,82.0,88.0,76.0,190.0,35.0,212.0
123.0,109.0,125.0,24.0,137.0,216.0,46.0,29.0,163.0,57.0,20.0,25.0,89.0,17.0,111.0
167.0,221.0,300.0,38.0,227.0,308.0,85.0,192.0,223.0,176.0,241.0,197.0,175.0,119.0,183.0
75.0,36.0,348.0,104.0,341.0,280.0,220.0,228.0,99.0,207.0,272.0,264.0,588.0,218.0,390.0
114.0,95.0,157.0,22.0,122.0,56.0,39.0,32.0,141.0,99.0,275.0,76.0,70.0,17.0,96.0
163.0,215.0,549.0,58.0,313.0,310.0,199.0,420.0,296.0,347.0,465.0,460.0,291.0,311.0,351.0
257.0,346.0,438.0,307.0,999.0,486.0,999.0,322.0,222.0,271.0,338.0,322.0,999.0,246.0,999.0
115.0,95.0,385.0,21.0,106.0,212.0,32.0,296.0,139.0,129.0,449.0,114.0,43.0,213.0,87.0
338.0,278.0,316.0,32.0,260.0,365.0,126.0,156.0,184.0,185.0,240.0,207.0,123.0,555.0,238.0
104.0,89.0,223.0,19.0,174.0,197.0,58.0,94.0,122.0,115.0,128.0,95.0,40.0,71.0,142.0
156.0,200.0,290.0,35.0,200.0,280.0,75.0,176.0,122.0,156.0,210.0,47.0,154.0,125.0,172.0
123.0,109.0,303.0,23.0,155.0,373.0,50.0,194.0,163.0,132.0,250.0,162.0,101.0,145.0,122.0
75.0,37.0,279.0,29.0,161.0,112.0,54.0,156.0,173.0,153.0,203.0,163.0,101.0,510.0,77.0
111.0,87.0,220.0,18.0,100.0,193.0,32.0,32.0,122.0,112.0,130.0,100.0,51.0,21.0,80.0
120.0,104.0,279.0,25.0,134.0,212.0,45.0,124.0,168.0,154.0,203.0,187.0,92.0,88.0,96.0
181.0,234.0,300.0,43.0,277.0,249.0,143.0,187.0,141.0,185.0,225.0,208.0,269.0,133.0,250.0
75.0,55.0,488.0,11.0,83.0,155.0,24.0,353.0,134.0,300.0,400.0,228.0,35.0,269.0,157.0
181.0,241.0,382.0,51.0,197.0,491.0,106.0,296.0,272.0,192.0,309.0,248.0,209.0,201.0,175.0
270.0,276.0,311.0,86.0,28.0,348.0,2.0,92.0,431.0,265.0,100.0,317.0,369.0,66.0,9.0
257.0,618.0,356.0,73.0,75.0,521.0,22.0,259.0,222.0,243.0,299.0,298.0,40.0,192.0,54.0
134.0,133.0,263.0,29.0,175.0,225.0,58.0,149.0,177.0,147.0,208.0,158.0,103.0,34.0,213.0
266.0,373.0,440.0,77.0,313.0,445.0,217.0,327.0,431.0,247.0,351.0,303.0,331.0,248.0,351.0
160.0,212.0,300.0,38.0,280.0,277.0,261.0,187.0,223.0,176.0,225.0,197.0,174.0,134.0,124.0
156.0,185.0,292.0,35.0,75.0,213.0,76.0,10.0,195.0,156.0,208.0,156.0,155.0,12.0,54.0
377.0,331.0,396.0,140.0,89.0,425.0,23.0,297.0,571.0,322.0,322.0,457.0,42.0,217.0,74.0
214.0,301.0,340.0,55.0,132.0,205.0,45.0,216.0,296.0,200.0,252.0,249.0,85.0,132.0,173.0
114.0,90.0,855.0,22.0,112.0,200.0,39.0,481.0,145.0,103.0,999.0,76.0,70.0,305.0,87.0
233.0,316.0,372.0,65.0,131.0,390.0,171.0,285.0,314.0,246.0,302.0,127.0,284.0,202.0,101.0
330.0,348.0,310.0,117.0,85.0,429.0,391.0,195.0,122.0,304.0,157.0,457.0,639.0,137.0,64.0
167.0,221.0,580.0,183.0,50.0,289.0,15.0,470.0,660.0,404.0,509.0,240.0,33.0,333.0,55.0
119.0,87.0,201.0,23.0,184.0,193.0,53.0,39.0,163.0,132.0,94.0,126.0,95.0,308.0,155.0
163.0,215.0,300.0,36.0,228.0,324.0,80.0,192.0,210.0,167.0,226.0,187.0,168.0,496.0,216.0
152.0,187.0,224.0,33.0,176.0,270.0,61.0,94.0,182.0,154.0,200.0,164.0,127.0,68.0,154.0
146.0,128.0,279.0,32.0,966.0,349.0,61.0,160.0,170.0,154.0,203.0,181.0,123.0,132.0,52.0
244.0,323.0,385.0,77.0,260.0,389.0,217.0,293.0,223.0,247.0,297.0,316.0,331.0,208.0,238.0
77.0,41.0,190.0,8.0,45.0,374.0,9.0,26.0,184.0,81.0,78.0,68.0,33.0,17.0,31.0
181.0,234.0,317.0,20.0,105.0,320.0,34.0,201.0,117.0,105.0,241.0,70.0,54.0,146.0,87.0
114.0,90.0,542.0,16.0,227.0,191.0,95.0,420.0,188.0,425.0,465.0,894.0,47.0,312.0,574.0
73.0,27.0,201.0,6.0,32.0,56.0,5.0,97.0,38.0,92.0,100.0,76.0,19.0,71.0,12.0
120.0,104.0,485.0,91.0,365.0,253.0,237.0,228.0,170.0,296.0,389.0,355.0,406.0,179.0,341.0
163.0,180.0,296.0,36.0,216.0,260.0,80.0,141.0,194.0,167.0,215.0,181.0,168.0,92.0,178.0
257.0,348.0,386.0,77.0,341.0,445.0,217.0,293.0,311.0,247.0,320.0,303.0,331.0,205.0,406.0
375.0,694.0,514.0,137.0,723.0,663.0,396.0,440.0,571.0,319.0,414.0,456.0,639.0,308.0,250.0
196.0,259.0,224.0,22.0,122.0,358.0,40.0,98.0,141.0,112.0,170.0,92.0,73.0,72.0,102.0
330.0,590.0,111.0,97.0,303.0,255.0,262.0,26.0,480.0,296.0,8.0,353.0,500.0,318.0,275.0
103.0,64.0,738.0,19.0,80.0,155.0,23.0,718.0,125.0,114.0,394.0,108.0,42.0,493.0,45.0
157.0,188.0,266.0,35.0,191.0,270.0,69.0,154.0,198.0,156.0,201.0,174.0,156.0,102.0,170.0
154.0,185.0,281.0,33.0,191.0,261.0,69.0,384.0,178.0,154.0,204.0,173.0,140.0,296.0,158.0
268.0,131.0,392.0,80.0,217.0,238.0,65.0,297.0,425.0,252.0,320.0,304.0,123.0,217.0,124.0
244.0,323.0,379.0,70.0,723.0,404.0,396.0,111.0,343.0,246.0,310.0,302.0,291.0,77.0,212.0
129.0,276.0,201.0,17.0,117.0,362.0,37.0,61.0,103.0,92.0,100.0,76.0,47.0,26.0,93.0
114.0,95.0,290.0,20.0,83.0,205.0,24.0,103.0,132.0,154.0,226.0,167.0,55.0,72.0,64.0
182.0,234.0,313.0,49.0,106.0,404.0,35.0,200.0,187.0,188.0,244.0,220.0,204.0,179.0,87.0
123.0,89.0,303.0,15.0,73.0,200.0,19.0,183.0,98.0,176.0,230.0,117.0,40.0,132.0,114.0
80.0,43.0,239.0,11.0,202.0,127.0,15.0,111.0,0.0,106.0,175.0,91.0,33.0,77.0,172.0
92.0,55.0,356.0,16.0,102.0,144.0,33.0,251.0,81.0,246.0,208.0,302.0,54.0,240.0,82.0
146.0,169.0,481.0,65.0,310.0,255.0,174.0,342.0,314.0,319.0,387.0,456.0,284.0,258.0,322.0
270.0,27.0,311.0,86.0,126.0,56.0,40.0,197.0,430.0,182.0,200.0,231.0,369.0,111.0,94.0
100.0,62.0,215.0,17.0,89.0,155.0,32.0,84.0,120.0,112.0,126.0,101.0,48.0,65.0,74.0
156.0,200.0,313.0,35.0,134.0,280.0,45.0,704.0,125.0,188.0,244.0,221.0,73.0,493.0,107.0
158.0,205.0,294.0,35.0,203.0,276.0,76.0,180.0,197.0,165.0,57.0,186.0,155.0,130.0,174.0
139.0,164.0,266.0,30.0,175.0,256.0,59.0,259.0,253.0,151.0,200.0,162.0,113.0,208.0,144.0
114.0,95.0,240.0,22.0,123.0,280.0,40.0,110.0,144.0,129.0,157.0,126.0,70.0,235.0,96.0
202.0,261.0,657.0,57.0,310.0,362.0,184.0,508.0,297.0,201.0,582.0,248.0,264.0,248.0,322.0
237.0,323.0,363.0,67.0,310.0,388.0,172.0,277.0,193.0,227.0,299.0,282.0,284.0,241.0,331.0
202.0,261.0,267.0,51.0,260.0,281.0,121.0,155.0,292.0,154.0,200.0,165.0,252.0,106.0,247.0
330.0,346.0,507.0,128.0,294.0,486.0,382.0,391.0,197.0,306.0,408.0,430.0,590.0,303.0,308.0
178.0,231.0,326.0,45.0,230.0,294.0,94.0,202.0,227.0,188.0,245.0,204.0,195.0,173.0,201.0
146.0,187.0,532.0,110.0,243.0,268.0,99.0,493.0,293.0,347.0,414.0,197.0,200.0,333.0,215.0
122.0,108.0,247.0,24.0,128.0,215.0,45.0,296.0,163.0,136.0,203.0,165.0,84.0,218.0,97.0
330.0,590.0,208.0,16.0,141.0,156.0,45.0,16.0,109.0,106.0,122.0,221.0,77.0,16.0,114.0
167.0,225.0,661.0,35.0,188.0,310.0,76.0,509.0,99.0,160.0,191.0,185.0,155.0,390.0,156.0
73.0,28.0,208.0,16.0,104.0,60.0,35.0,83.0,111.0,106.0,129.0,76.0,55.0,64.0,83.0
288.0,304.0,396.0,95.0,73.0,390.0,19.0,0.0,454.0,273.0,322.0,298.0,177.0,0.0,175.0
330.0,135.0,507.0,128.0,131.0,241.0,171.0,470.0,551.0,306.0,408.0,430.0,588.0,343.0,101.0
83.0,42.0,852.0,11.0,65.0,445.0,19.0,885.0,215.0,85.0,458.0,76.0,35.0,491.0,45.0
87.0,48.0,346.0,38.0,227.0,155.0,85.0,440.0,223.0,188.0,261.0,221.0,177.0,314.0,183.0
410.0,756.0,657.0,183.0,89.0,741.0,570.0,509.0,660.0,425.0,13.0,348.0,888.0,503.0,87.0
266.0,367.0,701.0,140.0,258.0,445.0,121.0,601.0,571.0,316.0,120.0,186.0,252.0,477.0,240.0
180.0,233.0,323.0,45.0,243.0,320.0,99.0,756.0,233.0,188.0,238.0,212.0,202.0,333.0,212.0
152.0,115.0,279.0,33.0,132.0,247.0,101.0,163.0,187.0,154.0,203.0,185.0,84.0,111.0,111.0
214.0,376.0,411.0,58.0,277.0,498.0,147.0,312.0,332.0,264.0,325.0,316.0,269.0,240.0,351.0
229.0,316.0,528.0,27.0,176.0,373.0,53.0,481.0,197.0,139.0,597.0,138.0,101.0,312.0,153.0
120.0,105.0,201.0,23.0,188.0,210.0,23.0,61.0,162.0,85.0,100.0,69.0,33.0,30.0,153.0
73.0,27.0,688.0,6.0,47.0,56.0,16.0,493.0,38.0,67.0,208.0,50.0,19.0,333.0,32.0
134.0,163.0,258.0,29.0,278.0,124.0,58.0,222.0,173.0,144.0,188.0,92.0,102.0,169.0,231.0
139.0,169.0,278.0,30.0,174.0,256.0,54.0,158.0,181.0,151.0,201.0,162.0,101.0,107.0,154.0
112.0,90.0,475.0,20.0,112.0,213.0,35.0,346.0,132.0,580.0,158.0,165.0,55.0,259.0,87.0
123.0,185.0,111.0,24.0,137.0,268.0,46.0,26.0,163.0,140.0,8.0,115.0,90.0,16.0,107.0
152.0,182.0,312.0,45.0,234.0,261.0,95.0,197.0,222.0,184.0,236.0,207.0,195.0,192.0,198.0
163.0,212.0,296.0,36.0,217.0,294.0,80.0,154.0,199.0,167.0,191.0,196.0,168.0,102.0,178.0
330.0,717.0,476.0,117.0,476.0,462.0,262.0,341.0,545.0,304.0,389.0,428.0,500.0,292.0,82.0
154.0,188.0,312.0,36.0,168.0,270.0,77.0,198.0,215.0,167.0,238.0,186.0,161.0,145.0,127.0
322.0,193.0,396.0,95.0,32.0,249.0,5.0,297.0,457.0,271.0,338.0,323.0,19.0,218.0,12.0
288.0,461.0,204.0,95.0,238.0,479.0,99.0,738.0,454.0,275.0,108.0,151.0,419.0,503.0,216.0
214.0,306.0,340.0,58.0,277.0,382.0,143.0,216.0,296.0,201.0,160.0,263.0,269.0,493.0,248.0
206.0,257.0,339.0,51.0,58.0,315.0,28.0,197.0,270.0,199.0,250.0,268.0,214.0,137.0,44.0
77.0,41.0,183.0,8.0,28.0,663.0,4.0,45.0,69.0,81.0,241.0,68.0,27.0,25.0,12.0
100.0,63.0,263.0,29.0,161.0,156.0,53.0,155.0,173.0,147.0,244.0,156.0,101.0,107.0,154.0
264.0,259.0,449.0,91.0,344.0,389.0,222.0,384.0,466.0,273.0,320.0,323.0,336.0,296.0,422.0
156.0,203.0,290.0,34.0,203.0,280.0,76.0,176.0,195.0,156.0,210.0,151.0,149.0,125.0,157.0
257.0,338.0,582.0,185.0,208.0,407.0,570.0,470.0,193.0,408.0,509.0,799.0,888.0,319.0,180.0
233.0,310.0,564.0,5.0,132.0,390.0,2.0,459.0,12.0,25.0,410.0,0.0,5.0,314.0,107.0
412.0,764.0,693.0,182.0,322.0,297.0,367.0,572.0,660.0,580.0,658.0,856.0,656.0,455.0,240.0
100.0,55.0,215.0,17.0,83.0,154.0,23.0,84.0,119.0,112.0,128.0,101.0,47.0,55.0,142.0
165.0,219.0,332.0,51.0,253.0,297.0,107.0,205.0,272.0,193.0,245.0,241.0,212.0,156.0,214.0
133.0,141.0,263.0,29.0,410.0,249.0,58.0,149.0,173.0,147.0,200.0,140.0,102.0,96.0,83.0
73.0,90.0,201.0,7.0,89.0,203.0,45.0,61.0,50.0,92.0,100.0,76.0,25.0,34.0,74.0
154.0,185.0,293.0,36.0,202.0,261.0,75.0,176.0,184.0,160.0,211.0,186.0,154.0,125.0,170.0
224.0,304.0,500.0,71.0,104.0,388.0,35.0,363.0,314.0,304.0,408.0,705.0,54.0,271.0,87.0
163.0,234.0,481.0,104.0,313.0,293.0,274.0,342.0,431.0,296.0,386.0,355.0,524.0,258.0,351.0
266.0,391.0,661.0,243.0,278.0,460.0,598.0,738.0,213.0,521.0,654.0,856.0,726.0,269.0,262.0
114.0,92.0,530.0,22.0,118.0,197.0,38.0,403.0,141.0,356.0,419.0,178.0,70.0,291.0,91.0
129.0,72.0,142.0,182.0,184.0,159.0,61.0,31.0,296.0,403.0,78.0,681.0,123.0,21.0,155.0
196.0,259.0,224.0,20.0,112.0,358.0,35.0,98.0,141.0,120.0,122.0,117.0,55.0,26.0,87.0
167.0,221.0,256.0,38.0,174.0,272.0,58.0,306.0,222.0,176.0,187.0,197.0,176.0,248.0,139.0
138.0,115.0,542.0,30.0,45.0,220.0,9.0,322.0,178.0,358.0,128.0,287.0,33.0,247.0,32.0
202.0,261.0,336.0,51.0,157.0,388.0,52.0,195.0,293.0,196.0,249.0,246.0,168.0,134.0,96.0
123.0,115.0,411.0,96.0,446.0,220.0,258.0,323.0,457.0,252.0,325.0,312.0,450.0,247.0,110.0
202.0,261.0,355.0,60.0,569.0,362.0,148.0,251.0,302.0,207.0,286.0,263.0,269.0,184.0,808.0
237.0,323.0,330.0,51.0,233.0,310.0,98.0,205.0,271.0,192.0,244.0,113.0,214.0,555.0,201.0
375.0,718.0,337.0,143.0,151.0,288.0,391.0,205.0,571.0,138.0,249.0,138.0,678.0,133.0,114.0
96.0,55.0,207.0,15.0,75.0,155.0,23.0,80.0,109.0,106.0,120.0,76.0,42.0,510.0,54.0
202.0,261.0,514.0,51.0,277.0,362.0,139.0,392.0,297.0,190.0,411.0,221.0,269.0,309.0,250.0
114.0,92.0,279.0,22.0,117.0,203.0,39.0,32.0,141.0,129.0,203.0,125.0,68.0,62.0,274.0
100.0,62.0,206.0,17.0,104.0,155.0,33.0,73.0,129.0,101.0,176.0,76.0,44.0,20.0,84.0
180.0,233.0,852.0,46.0,134.0,320.0,45.0,885.0,425.0,199.0,758.0,140.0,83.0,617.0,83.0
100.0,62.0,661.0,17.0,98.0,155.0,32.0,509.0,187.0,108.0,128.0,100.0,47.0,442.0,77.0
77.0,43.0,184.0,8.0,65.0,127.0,19.0,45.0,69.0,80.0,236.0,68.0,27.0,25.0,44.0
212.0,257.0,346.0,58.0,292.0,348.0,166.0,223.0,296.0,201.0,208.0,98.0,273.0,173.0,153.0
183.0,253.0,511.0,57.0,277.0,348.0,139.0,398.0,288.0,201.0,408.0,236.0,264.0,303.0,212.0
271.0,222.0,363.0,86.0,117.0,308.0,226.0,204.0,428.0,223.0,299.0,280.0,337.0,150.0,89.0
224.0,304.0,336.0,51.0,275.0,388.0,121.0,206.0,270.0,196.0,248.0,244.0,239.0,132.0,190.0
181.0,234.0,311.0,45.0,176.0,328.0,61.0,197.0,290.0,188.0,188.0,214.0,116.0,145.0,154.0
270.0,391.0,438.0,86.0,344.0,462.0,217.0,313.0,430.0,271.0,320.0,323.0,330.0,245.0,422.0
70.0,235.0,111.0,3.0,15.0,462.0,1.0,31.0,134.0,42.0,187.0,138.0,4.0,41.0,4.0
95.0,55.0,530.0,36.0,310.0,155.0,172.0,403.0,210.0,166.0,419.0,186.0,284.0,134.0,341.0
104.0,87.0,187.0,19.0,229.0,211.0,99.0,49.0,171.0,114.0,91.0,118.0,83.0,28.0,183.0
233.0,316.0,485.0,65.0,292.0,390.0,171.0,32.0,170.0,296.0,408.0,355.0,284.0,20.0,316.0
232.0,306.0,491.0,117.0,415.0,389.0,243.0,331.0,545.0,304.0,402.0,428.0,590.0,255.0,201.0
113.0,90.0,240.0,21.0,89.0,261.0,40.0,202.0,139.0,129.0,157.0,118.0,70.0,149.0,73.0
176.0,229.0,311.0,45.0,229.0,310.0,94.0,197.0,233.0,184.0,236.0,207.0,200.0,133.0,274.0
102.0,78.0,222.0,18.0,83.0,175.0,24.0,92.0,122.0,113.0,148.0,105.0,47.0,65.0,56.0
414.0,769.0,507.0,128.0,415.0,365.0,247.0,363.0,545.0,306.0,408.0,204.0,113.0,305.0,351.0
182.0,241.0,283.0,29.0,165.0,348.0,54.0,168.0,168.0,154.0,203.0,167.0,101.0,208.0,131.0
97.0,56.0,336.0,16.0,118.0,205.0,16.0,222.0,117.0,197.0,248.0,241.0,46.0,173.0,198.0
156.0,200.0,491.0,89.0,279.0,280.0,148.0,358.0,452.0,304.0,582.0,208.0,269.0,269.0,274.0
122.0,179.0,351.0,26.0,331.0,260.0,96.0,225.0,162.0,120.0,275.0,114.0,190.0,174.0,404.0
232.0,259.0,347.0,64.0,177.0,270.0,170.0,228.0,313.0,203.0,264.0,263.0,276.0,184.0,154.0
104.0,92.0,252.0,25.0,186.0,203.0,67.0,140.0,168.0,137.0,176.0,137.0,92.0,95.0,155.0
97.0,55.0,207.0,15.0,226.0,144.0,23.0,90.0,111.0,106.0,129.0,91.0,42.0,122.0,179.0
375.0,709.0,582.0,148.0,999.0,324.0,629.0,470.0,616.0,347.0,509.0,470.0,751.0,409.0,999.0
168.0,225.0,747.0,41.0,175.0,310.0,58.0,718.0,223.0,660.0,321.0,911.0,113.0,496.0,72.0
152.0,180.0,279.0,33.0,261.0,260.0,126.0,156.0,180.0,156.0,204.0,187.0,127.0,107.0,242.0
152.0,55.0,239.0,34.0,206.0,144.0,75.0,124.0,193.0,156.0,152.0,178.0,145.0,259.0,175.0
119.0,21.0,246.0,23.0,131.0,230.0,43.0,885.0,162.0,132.0,152.0,127.0,76.0,583.0,101.0
157.0,205.0,296.0,36.0,212.0,281.0,78.0,440.0,199.0,167.0,239.0,190.0,158.0,312.0,153.0
152.0,474.0,125.0,5.0,15.0,490.0,1.0,27.0,454.0,58.0,129.0,25.0,4.0,17.0,4.0
271.0,406.0,396.0,87.0,410.0,498.0,237.0,297.0,193.0,264.0,320.0,305.0,406.0,218.0,473.0
202.0,221.0,417.0,29.0,188.0,445.0,35.0,391.0,184.0,223.0,299.0,280.0,102.0,312.0,157.0
212.0,284.0,350.0,58.0,234.0,373.0,82.0,259.0,297.0,214.0,274.0,325.0,269.0,218.0,155.0
130.0,137.0,254.0,27.0,157.0,241.0,52.0,158.0,171.0,139.0,157.0,138.0,101.0,107.0,122.0
103.0,56.0,222.0,3.0,15.0,155.0,1.0,92.0,0.0,113.0,130.0,348.0,4.0,409.0,110.0
288.0,461.0,337.0,61.0,234.0,489.0,166.0,212.0,297.0,198.0,408.0,241.0,273.0,159.0,198.0
103.0,76.0,220.0,18.0,138.0,164.0,46.0,16.0,122.0,113.0,129.0,137.0,73.0,16.0,91.0
224.0,304.0,385.0,61.0,275.0,397.0,396.0,293.0,311.0,247.0,310.0,303.0,273.0,208.0,250.0
271.0,403.0,532.0,153.0,138.0,484.0,530.0,406.0,676.0,347.0,449.0,158.0,726.0,312.0,126.0
333.0,618.0,475.0,133.0,341.0,215.0,220.0,331.0,24.0,311.0,373.0,446.0,334.0,247.0,469.0
134.0,145.0,530.0,29.0,161.0,250.0,53.0,391.0,178.0,144.0,419.0,156.0,101.0,292.0,55.0
124.0,71.0,310.0,41.0,238.0,160.0,61.0,195.0,224.0,182.0,234.0,204.0,190.0,134.0,246.0
122.0,105.0,283.0,24.0,132.0,270.0,45.0,168.0,163.0,137.0,207.0,158.0,84.0,119.0,175.0
24.0,53.0,475.0,96.0,80.0,143.0,138.0,331.0,466.0,306.0,373.0,301.0,264.0,255.0,55.0
129.0,135.0,255.0,27.0,253.0,241.0,61.0,141.0,171.0,140.0,187.0,186.0,116.0,90.0,566.0
156.0,182.0,292.0,35.0,28.0,261.0,4.0,176.0,197.0,156.0,210.0,178.0,19.0,628.0,11.0
169.0,205.0,300.0,40.0,229.0,281.0,94.0,189.0,223.0,176.0,214.0,207.0,191.0,133.0,190.0
160.0,200.0,564.0,58.0,278.0,280.0,147.0,459.0,297.0,381.0,338.0,580.0,269.0,318.0,154.0
375.0,718.0,347.0,243.0,966.0,213.0,629.0,292.0,858.0,521.0,264.0,856.0,923.0,208.0,153.0
187.0,253.0,125.0,51.0,234.0,348.0,96.0,200.0,107.0,57.0,13.0,84.0,200.0,88.0,215.0
235.0,317.0,392.0,80.0,341.0,393.0,220.0,297.0,172.0,252.0,320.0,304.0,334.0,217.0,416.0
111.0,92.0,224.0,21.0,88.0,200.0,23.0,83.0,139.0,128.0,152.0,115.0,42.0,64.0,71.0
100.0,62.0,214.0,17.0,83.0,156.0,24.0,183.0,117.0,108.0,128.0,100.0,43.0,196.0,91.0
181.0,234.0,311.0,45.0,174.0,310.0,99.0,197.0,222.0,188.0,232.0,212.0,200.0,145.0,134.0
314.0,76.0,528.0,97.0,257.0,160.0,119.0,398.0,503.0,296.0,419.0,214.0,500.0,305.0,215.0
163.0,215.0,296.0,36.0,28.0,328.0,5.0,183.0,210.0,167.0,220.0,186.0,23.0,132.0,4.0
167.0,210.0,279.0,38.0,229.0,293.0,94.0,144.0,222.0,153.0,203.0,163.0,191.0,95.0,201.0
129.0,78.0,657.0,217.0,157.0,155.0,58.0,508.0,829.0,416.0,389.0,264.0,905.0,390.0,119.0
376.0,717.0,536.0,148.0,311.0,706.0,184.0,415.0,568.0,347.0,458.0,162.0,693.0,303.0,329.0
241.0,323.0,361.0,70.0,229.0,348.0,83.0,266.0,333.0,228.0,295.0,287.0,288.0,458.0,220.0
87.0,48.0,252.0,15.0,85.0,143.0,23.0,137.0,107.0,138.0,177.0,139.0,42.0,88.0,73.0
167.0,221.0,326.0,51.0,255.0,216.0,107.0,280.0,223.0,191.0,250.0,221.0,212.0,201.0,87.0
319.0,515.0,488.0,109.0,524.0,460.0,274.0,353.0,501.0,296.0,400.0,374.0,524.0,269.0,818.0
112.0,90.0,582.0,24.0,434.0,211.0,45.0,470.0,163.0,408.0,509.0,799.0,84.0,318.0,566.0
317.0,515.0,488.0,106.0,434.0,498.0,237.0,572.0,500.0,304.0,400.0,449.0,406.0,455.0,566.0
95.0,55.0,180.0,6.0,175.0,154.0,59.0,39.0,24.0,61.0,63.0,25.0,109.0,25.0,154.0
163.0,212.0,449.0,95.0,104.0,294.0,35.0,315.0,457.0,275.0,320.0,330.0,55.0,241.0,97.0
182.0,210.0,303.0,50.0,85.0,293.0,28.0,176.0,252.0,176.0,244.0,186.0,77.0,169.0,64.0
412.0,764.0,590.0,177.0,211.0,741.0,77.0,476.0,616.0,368.0,527.0,582.0,156.0,192.0,175.0
178.0,259.0,355.0,51.0,253.0,348.0,107.0,83.0,272.0,191.0,287.0,228.0,212.0,30.0,107.0
73.0,200.0,157.0,6.0,32.0,280.0,5.0,32.0,38.0,71.0,20.0,288.0,19.0,21.0,12.0
330.0,238.0,491.0,114.0,227.0,308.0,254.0,358.0,547.0,304.0,500.0,282.0,588.0,300.0,174.0
270.0,71.0,414.0,86.0,175.0,159.0,58.0,312.0,431.0,265.0,326.0,312.0,127.0,218.0,582.0
104.0,82.0,224.0,19.0,104.0,188.0,34.0,94.0,120.0,115.0,158.0,162.0,54.0,66.0,84.0
97.0,90.0,240.0,16.0,218.0,288.0,92.0,115.0,117.0,106.0,157.0,92.0,46.0,55.0,180.0
95.0,56.0,238.0,20.0,104.0,156.0,34.0,103.0,292.0,120.0,152.0,70.0,55.0,311.0,84.0
246.0,323.0,125.0,70.0,275.0,404.0,213.0,27.0,168.0,58.0,0.0,23.0,316.0,17.0,248.0
999.0,999.0,999.0,999.0,999.0,999.0,999.0,999.0,999.0,999.0,222.0,705.0,999.0,889.0,999.0
410.0,756.0,411.0,159.0,448.0,656.0,226.0,306.0,248.0,264.0,325.0,323.0,726.0,218.0,604.0
233.0,316.0,283.0,33.0,311.0,393.0,188.0,168.0,188.0,154.0,208.0,196.0,127.0,162.0,333.0
113.0,90.0,279.0,23.0,128.0,211.0,42.0,160.0,170.0,153.0,203.0,163.0,76.0,107.0,99.0
330.0,585.0,491.0,114.0,341.0,164.0,217.0,358.0,545.0,304.0,386.0,302.0,583.0,491.0,406.0
196.0,259.0,279.0,34.0,188.0,407.0,67.0,158.0,191.0,153.0,222.0,163.0,136.0,62.0,32.0
123.0,95.0,105.0,24.0,141.0,212.0,48.0,49.0,164.0,137.0,0.0,134.0,90.0,27.0,117.0
111.0,90.0,293.0,33.0,229.0,200.0,119.0,175.0,191.0,167.0,211.0,173.0,145.0,131.0,180.0
114.0,106.0,257.0,17.0,47.0,214.0,5.0,144.0,120.0,144.0,206.0,156.0,23.0,95.0,44.0
163.0,214.0,299.0,36.0,226.0,294.0,80.0,187.0,210.0,174.0,222.0,246.0,168.0,133.0,182.0
270.0,346.0,417.0,87.0,341.0,429.0,222.0,313.0,330.0,269.0,325.0,303.0,408.0,57.0,406.0
214.0,301.0,348.0,60.0,242.0,348.0,148.0,232.0,296.0,207.0,272.0,263.0,270.0,555.0,234.0
270.0,376.0,411.0,86.0,104.0,484.0,33.0,315.0,454.0,264.0,325.0,254.0,259.0,300.0,83.0
134.0,145.0,258.0,29.0,174.0,249.0,58.0,146.0,177.0,144.0,188.0,134.0,103.0,303.0,139.0
83.0,0.0,184.0,15.0,73.0,0.0,19.0,45.0,103.0,101.0,249.0,61.0,40.0,25.0,55.0
178.0,231.0,206.0,45.0,233.0,315.0,95.0,65.0,227.0,182.0,119.0,203.0,196.0,30.0,202.0
233.0,316.0,298.0,65.0,292.0,389.0,166.0,181.0,314.0,156.0,222.0,173.0,273.0,130.0,307.0
171.0,225.0,313.0,36.0,206.0,312.0,77.0,198.0,210.0,166.0,91.0,186.0,156.0,145.0,153.0
111.0,89.0,238.0,21.0,157.0,193.0,50.0,103.0,134.0,120.0,152.0,117.0,95.0,72.0,84.0
83.0,43.0,201.0,14.0,45.0,101.0,9.0,292.0,99.0,92.0,226.0,76.0,45.0,208.0,31.0
288.0,141.0,487.0,109.0,434.0,249.0,274.0,440.0,501.0,296.0,382.0,374.0,515.0,308.0,566.0
374.0,693.0,514.0,137.0,230.0,706.0,95.0,327.0,570.0,319.0,419.0,456.0,195.0,255.0,201.0
140.0,210.0,263.0,27.0,102.0,294.0,45.0,149.0,164.0,141.0,208.0,151.0,90.0,328.0,82.0
412.0,764.0,582.0,159.0,261.0,312.0,126.0,470.0,616.0,408.0,509.0,803.0,693.0,328.0,212.0
156.0,203.0,292.0,35.0,28.0,280.0,4.0,39.0,129.0,156.0,210.0,164.0,12.0,27.0,12.0
156.0,188.0,661.0,34.0,161.0,270.0,77.0,509.0,194.0,156.0,508.0,193.0,155.0,390.0,126.0
235.0,317.0,179.0,65.0,310.0,393.0,180.0,885.0,314.0,85.0,87.0,76.0,284.0,308.0,329.0
271.0,406.0,438.0,86.0,89.0,390.0,226.0,316.0,430.0,271.0,338.0,323.0,380.0,245.0,74.0
76.0,41.0,208.0,16.0,117.0,348.0,33.0,83.0,171.0,108.0,122.0,98.0,52.0,64.0,89.0
244.0,322.0,511.0,70.0,312.0,437.0,198.0,601.0,341.0,319.0,411.0,449.0,291.0,412.0,341.0
257.0,346.0,530.0,77.0,181.0,498.0,274.0,403.0,400.0,247.0,419.0,303.0,515.0,308.0,175.0
187.0,163.0,347.0,56.0,292.0,253.0,166.0,250.0,288.0,200.0,78.0,246.0,276.0,184.0,307.0
76.0,221.0,347.0,60.0,238.0,296.0,143.0,264.0,302.0,203.0,264.0,167.0,269.0,186.0,82.0
105.0,87.0,396.0,80.0,145.0,188.0,222.0,292.0,425.0,252.0,320.0,158.0,336.0,412.0,119.0
73.0,27.0,157.0,6.0,128.0,687.0,42.0,176.0,38.0,67.0,179.0,50.0,19.0,125.0,99.0
429.0,844.0,111.0,3.0,15.0,809.0,1.0,16.0,76.0,42.0,5.0,76.0,4.0,16.0,473.0
181.0,233.0,481.0,49.0,242.0,320.0,99.0,342.0,187.0,296.0,387.0,355.0,209.0,258.0,214.0
211.0,278.0,326.0,58.0,303.0,348.0,139.0,266.0,296.0,200.0,241.0,282.0,269.0,442.0,316.0
183.0,249.0,346.0,58.0,280.0,348.0,147.0,264.0,297.0,201.0,236.0,248.0,269.0,134.0,131.0
137.0,200.0,310.0,36.0,446.0,280.0,258.0,195.0,204.0,182.0,234.0,25.0,450.0,137.0,331.0
210.0,338.0,322.0,33.0,176.0,430.0,59.0,204.0,184.0,154.0,241.0,204.0,128.0,291.0,148.0
111.0,89.0,206.0,21.0,216.0,193.0,105.0,65.0,134.0,101.0,120.0,76.0,55.0,57.0,178.0
202.0,231.0,336.0,51.0,203.0,320.0,76.0,391.0,454.0,196.0,245.0,240.0,239.0,300.0,153.0
138.0,173.0,257.0,27.0,165.0,256.0,54.0,148.0,171.0,141.0,199.0,151.0,101.0,82.0,126.0
212.0,227.0,240.0,58.0,253.0,312.0,121.0,111.0,296.0,202.0,240.0,149.0,256.0,617.0,134.0
317.0,515.0,661.0,243.0,999.0,521.0,999.0,493.0,193.0,524.0,84.0,561.0,999.0,333.0,999.0
268.0,372.0,475.0,91.0,132.0,445.0,237.0,327.0,454.0,273.0,187.0,323.0,450.0,219.0,107.0
229.0,306.0,242.0,30.0,15.0,390.0,61.0,111.0,182.0,132.0,165.0,126.0,122.0,79.0,11.0
236.0,322.0,294.0,70.0,261.0,404.0,127.0,180.0,452.0,238.0,214.0,303.0,303.0,130.0,242.0
257.0,338.0,224.0,71.0,723.0,294.0,217.0,97.0,227.0,243.0,152.0,298.0,330.0,65.0,116.0
115.0,95.0,298.0,23.0,80.0,155.0,18.0,132.0,145.0,129.0,208.0,101.0,76.0,87.0,55.0
252.0,331.0,549.0,70.0,138.0,422.0,45.0,420.0,347.0,230.0,468.0,288.0,70.0,311.0,87.0
83.0,47.0,130.0,12.0,211.0,182.0,78.0,31.0,191.0,58.0,29.0,23.0,43.0,20.0,175.0
156.0,188.0,414.0,114.0,45.0,270.0,6.0,280.0,500.0,265.0,326.0,323.0,583.0,889.0,31.0
182.0,241.0,582.0,97.0,524.0,348.0,274.0,470.0,425.0,408.0,509.0,803.0,524.0,319.0,574.0
156.0,109.0,207.0,34.0,208.0,216.0,75.0,92.0,198.0,156.0,120.0,178.0,149.0,66.0,175.0
999.0,999.0,999.0,999.0,999.0,999.0,999.0,999.0,999.0,999.0,165.0,999.0,999.0,491.0,999.0
119.0,105.0,258.0,29.0,161.0,213.0,53.0,154.0,173.0,144.0,240.0,155.0,101.0,102.0,582.0
180.0,233.0,322.0,45.0,224.0,320.0,95.0,204.0,237.0,188.0,241.0,249.0,195.0,150.0,181.0
83.0,43.0,207.0,13.0,65.0,124.0,19.0,92.0,117.0,106.0,120.0,92.0,36.0,76.0,45.0
152.0,90.0,190.0,33.0,128.0,200.0,42.0,51.0,188.0,154.0,91.0,172.0,76.0,28.0,101.0
257.0,346.0,440.0,77.0,197.0,422.0,99.0,481.0,330.0,247.0,191.0,312.0,209.0,314.0,175.0
375.0,709.0,590.0,143.0,43.0,86.0,570.0,476.0,571.0,368.0,465.0,580.0,678.0,328.0,32.0
168.0,225.0,438.0,38.0,229.0,310.0,94.0,756.0,223.0,271.0,338.0,323.0,191.0,510.0,188.0
104.0,78.0,238.0,20.0,112.0,182.0,35.0,0.0,117.0,120.0,191.0,114.0,55.0,0.0,87.0
232.0,316.0,356.0,60.0,216.0,390.0,80.0,264.0,239.0,223.0,286.0,287.0,284.0,186.0,178.0
156.0,188.0,283.0,35.0,278.0,280.0,78.0,168.0,199.0,154.0,204.0,165.0,161.0,116.0,187.0
81.0,41.0,207.0,14.0,54.0,112.0,18.0,148.0,99.0,106.0,120.0,100.0,36.0,96.0,31.0
271.0,406.0,258.0,86.0,365.0,491.0,226.0,204.0,425.0,271.0,244.0,323.0,369.0,150.0,201.0
257.0,281.0,267.0,29.0,131.0,372.0,40.0,155.0,127.0,139.0,199.0,127.0,73.0,107.0,94.0
73.0,27.0,187.0,7.0,28.0,56.0,4.0,49.0,311.0,82.0,88.0,164.0,23.0,27.0,12.0
244.0,322.0,379.0,70.0,312.0,341.0,198.0,292.0,330.0,230.0,307.0,288.0,291.0,208.0,334.0
87.0,48.0,207.0,29.0,174.0,143.0,59.0,80.0,177.0,114.0,117.0,61.0,101.0,57.0,179.0
257.0,423.0,385.0,71.0,344.0,393.0,222.0,292.0,425.0,247.0,309.0,303.0,336.0,184.0,422.0
157.0,205.0,263.0,35.0,203.0,289.0,76.0,175.0,198.0,154.0,232.0,165.0,155.0,123.0,174.0
129.0,40.0,657.0,27.0,137.0,86.0,46.0,490.0,173.0,416.0,222.0,822.0,89.0,331.0,111.0
103.0,37.0,183.0,7.0,89.0,86.0,30.0,45.0,54.0,71.0,248.0,68.0,10.0,25.0,72.0
77.0,41.0,207.0,8.0,47.0,143.0,9.0,84.0,46.0,247.0,408.0,303.0,27.0,64.0,32.0
80.0,41.0,187.0,11.0,203.0,102.0,15.0,49.0,122.0,83.0,88.0,70.0,33.0,24.0,174.0
206.0,253.0,337.0,56.0,257.0,348.0,129.0,212.0,271.0,199.0,238.0,249.0,259.0,159.0,231.0
270.0,403.0,414.0,86.0,360.0,462.0,226.0,285.0,430.0,265.0,326.0,330.0,337.0,202.0,139.0
97.0,55.0,223.0,16.0,86.0,143.0,28.0,94.0,117.0,101.0,139.0,81.0,46.0,68.0,69.0
123.0,106.0,246.0,23.0,83.0,214.0,24.0,130.0,120.0,132.0,272.0,126.0,70.0,72.0,38.0
123.0,108.0,648.0,24.0,137.0,215.0,46.0,493.0,164.0,137.0,152.0,137.0,89.0,333.0,111.0
76.0,41.0,184.0,8.0,28.0,102.0,6.0,32.0,184.0,80.0,20.0,72.0,26.0,24.0,12.0
428.0,331.0,476.0,27.0,104.0,425.0,50.0,384.0,171.0,144.0,179.0,151.0,92.0,131.0,83.0
210.0,284.0,346.0,57.0,197.0,374.0,138.0,223.0,297.0,201.0,220.0,248.0,264.0,169.0,170.0
104.0,78.0,238.0,19.0,117.0,310.0,35.0,103.0,122.0,120.0,152.0,115.0,59.0,185.0,89.0
168.0,225.0,240.0,22.0,117.0,310.0,39.0,110.0,144.0,129.0,272.0,125.0,70.0,510.0,97.0
256.0,474.0,372.0,71.0,128.0,490.0,42.0,297.0,363.0,243.0,241.0,307.0,85.0,208.0,101.0
97.0,55.0,111.0,16.0,106.0,156.0,29.0,26.0,117.0,107.0,8.0,95.0,46.0,16.0,87.0
317.0,515.0,481.0,97.0,723.0,489.0,396.0,285.0,483.0,293.0,387.0,137.0,639.0,193.0,678.0
264.0,367.0,852.0,80.0,122.0,439.0,222.0,756.0,165.0,381.0,326.0,248.0,336.0,503.0,95.0
123.0,118.0,252.0,24.0,157.0,220.0,54.0,140.0,164.0,137.0,176.0,137.0,97.0,193.0,119.0
206.0,225.0,386.0,53.0,260.0,310.0,121.0,292.0,293.0,246.0,320.0,302.0,252.0,208.0,238.0
244.0,325.0,361.0,70.0,313.0,389.0,199.0,266.0,341.0,230.0,299.0,288.0,291.0,192.0,72.0
181.0,234.0,855.0,45.0,275.0,328.0,98.0,738.0,232.0,187.0,999.0,207.0,200.0,496.0,404.0
123.0,105.0,207.0,25.0,131.0,193.0,45.0,78.0,168.0,101.0,120.0,61.0,89.0,57.0,94.0
165.0,214.0,224.0,38.0,227.0,393.0,83.0,98.0,213.0,108.0,149.0,98.0,174.0,72.0,218.0
268.0,372.0,396.0,85.0,403.0,445.0,226.0,297.0,425.0,256.0,321.0,312.0,344.0,208.0,469.0
311.0,323.0,688.0,97.0,28.0,407.0,2.0,572.0,498.0,293.0,658.0,346.0,588.0,455.0,4.0
126.0,612.0,254.0,26.0,131.0,534.0,50.0,148.0,171.0,138.0,345.0,139.0,92.0,96.0,102.0
211.0,300.0,549.0,57.0,181.0,372.0,61.0,420.0,293.0,114.0,468.0,108.0,123.0,309.0,155.0
268.0,373.0,411.0,85.0,122.0,445.0,75.0,312.0,425.0,264.0,325.0,282.0,369.0,219.0,91.0
111.0,89.0,239.0,21.0,117.0,191.0,35.0,103.0,134.0,128.0,152.0,162.0,59.0,72.0,89.0
317.0,109.0,657.0,106.0,310.0,216.0,367.0,315.0,500.0,374.0,597.0,582.0,515.0,339.0,334.0
94.0,55.0,224.0,16.0,288.0,155.0,107.0,98.0,127.0,120.0,307.0,70.0,212.0,28.0,334.0
101.0,55.0,252.0,21.0,176.0,254.0,61.0,132.0,139.0,129.0,226.0,118.0,59.0,87.0,153.0
96.0,55.0,223.0,16.0,86.0,154.0,29.0,94.0,117.0,114.0,139.0,186.0,46.0,184.0,99.0
429.0,323.0,511.0,183.0,255.0,159.0,32.0,391.0,99.0,316.0,411.0,423.0,264.0,314.0,574.0
156.0,215.0,332.0,34.0,230.0,254.0,95.0,206.0,191.0,156.0,245.0,178.0,195.0,130.0,201.0
132.0,137.0,570.0,29.0,229.0,144.0,92.0,459.0,177.0,147.0,411.0,155.0,181.0,258.0,142.0
266.0,372.0,395.0,80.0,360.0,445.0,226.0,312.0,425.0,252.0,321.0,303.0,337.0,219.0,574.0
259.0,348.0,382.0,73.0,331.0,518.0,217.0,327.0,347.0,246.0,309.0,302.0,330.0,245.0,172.0
169.0,225.0,157.0,40.0,218.0,235.0,15.0,0.0,223.0,71.0,130.0,105.0,33.0,0.0,183.0
317.0,331.0,488.0,109.0,255.0,425.0,107.0,346.0,501.0,300.0,400.0,338.0,211.0,259.0,240.0
211.0,276.0,303.0,56.0,175.0,358.0,58.0,241.0,296.0,187.0,500.0,208.0,113.0,184.0,140.0
133.0,141.0,255.0,27.0,50.0,249.0,19.0,144.0,170.0,141.0,187.0,151.0,40.0,95.0,38.0
288.0,461.0,457.0,95.0,227.0,479.0,85.0,322.0,311.0,275.0,366.0,330.0,175.0,246.0,172.0
73.0,28.0,179.0,7.0,224.0,42.0,83.0,32.0,50.0,75.0,78.0,58.0,10.0,21.0,180.0
176.0,193.0,201.0,43.0,176.0,235.0,61.0,59.0,223.0,92.0,100.0,76.0,122.0,28.0,153.0
152.0,180.0,296.0,36.0,723.0,260.0,226.0,214.0,369.0,167.0,214.0,186.0,337.0,162.0,214.0
330.0,590.0,170.0,29.0,104.0,439.0,32.0,32.0,178.0,156.0,129.0,178.0,54.0,296.0,93.0
126.0,129.0,224.0,27.0,168.0,393.0,54.0,97.0,170.0,141.0,211.0,108.0,101.0,328.0,84.0
126.0,130.0,252.0,24.0,137.0,297.0,46.0,32.0,168.0,137.0,176.0,137.0,89.0,21.0,124.0
122.0,103.0,220.0,24.0,217.0,211.0,45.0,83.0,163.0,112.0,321.0,101.0,84.0,57.0,212.0
154.0,215.0,283.0,33.0,176.0,297.0,61.0,168.0,191.0,154.0,207.0,214.0,116.0,119.0,148.0
233.0,316.0,417.0,87.0,288.0,393.0,75.0,358.0,454.0,269.0,338.0,221.0,154.0,269.0,11.0
178.0,229.0,257.0,45.0,257.0,315.0,98.0,140.0,237.0,144.0,210.0,155.0,195.0,91.0,220.0
246.0,331.0,350.0,63.0,280.0,260.0,150.0,240.0,290.0,213.0,274.0,264.0,270.0,184.0,275.0
125.0,130.0,300.0,25.0,89.0,227.0,32.0,187.0,163.0,174.0,225.0,196.0,92.0,134.0,74.0
80.0,47.0,184.0,11.0,89.0,127.0,30.0,45.0,187.0,82.0,400.0,69.0,45.0,81.0,111.0
322.0,585.0,999.0,30.0,75.0,297.0,46.0,999.0,187.0,129.0,681.0,118.0,101.0,999.0,55.0
211.0,274.0,251.0,5.0,217.0,362.0,2.0,90.0,122.0,154.0,173.0,172.0,5.0,65.0,178.0
206.0,284.0,330.0,56.0,261.0,448.0,127.0,130.0,290.0,192.0,244.0,249.0,259.0,88.0,242.0
133.0,141.0,258.0,29.0,176.0,249.0,61.0,146.0,173.0,144.0,189.0,156.0,101.0,496.0,153.0
232.0,304.0,363.0,64.0,310.0,388.0,174.0,83.0,313.0,213.0,298.0,263.0,276.0,64.0,329.0
180.0,233.0,298.0,49.0,237.0,320.0,99.0,312.0,199.0,188.0,226.0,221.0,177.0,235.0,178.0
256.0,332.0,317.0,71.0,313.0,429.0,199.0,198.0,363.0,243.0,245.0,263.0,309.0,148.0,351.0
264.0,225.0,361.0,70.0,253.0,310.0,106.0,266.0,333.0,228.0,299.0,287.0,288.0,184.0,201.0
206.0,278.0,346.0,58.0,89.0,422.0,35.0,26.0,296.0,201.0,204.0,264.0,68.0,16.0,9.0
270.0,367.0,311.0,86.0,253.0,445.0,382.0,197.0,430.0,184.0,170.0,207.0,588.0,185.0,229.0
167.0,221.0,347.0,60.0,312.0,362.0,150.0,228.0,302.0,203.0,264.0,246.0,270.0,16.0,54.0
126.0,130.0,476.0,248.0,230.0,249.0,92.0,341.0,139.0,300.0,389.0,374.0,190.0,184.0,216.0
375.0,694.0,536.0,148.0,238.0,216.0,99.0,415.0,428.0,347.0,458.0,323.0,284.0,318.0,214.0
338.0,253.0,281.0,45.0,224.0,348.0,83.0,165.0,311.0,154.0,218.0,894.0,174.0,510.0,182.0
183.0,249.0,323.0,51.0,248.0,348.0,107.0,204.0,232.0,191.0,199.0,228.0,212.0,150.0,216.0
75.0,28.0,180.0,7.0,32.0,235.0,5.0,39.0,188.0,76.0,64.0,61.0,10.0,34.0,12.0
138.0,115.0,514.0,137.0,277.0,216.0,217.0,364.0,571.0,319.0,419.0,470.0,923.0,328.0,247.0
233.0,281.0,240.0,65.0,313.0,341.0,199.0,124.0,314.0,243.0,189.0,298.0,291.0,81.0,329.0
233.0,316.0,657.0,67.0,277.0,393.0,143.0,508.0,332.0,227.0,199.0,282.0,269.0,583.0,250.0
182.0,233.0,336.0,50.0,258.0,320.0,129.0,202.0,252.0,196.0,245.0,218.0,209.0,145.0,111.0
237.0,284.0,361.0,67.0,237.0,374.0,166.0,273.0,297.0,227.0,252.0,277.0,284.0,193.0,192.0
236.0,338.0,311.0,53.0,218.0,430.0,82.0,197.0,288.0,198.0,200.0,241.0,171.0,131.0,180.0
77.0,41.0,201.0,8.0,28.0,102.0,4.0,61.0,69.0,80.0,94.0,68.0,27.0,55.0,9.0
410.0,756.0,220.0,159.0,292.0,741.0,174.0,62.0,227.0,108.0,129.0,100.0,726.0,202.0,308.0
160.0,210.0,336.0,36.0,157.0,268.0,50.0,62.0,197.0,197.0,248.0,241.0,168.0,35.0,122.0
266.0,373.0,395.0,80.0,360.0,445.0,226.0,292.0,466.0,252.0,321.0,305.0,337.0,208.0,38.0
73.0,27.0,142.0,6.0,132.0,103.0,5.0,31.0,38.0,67.0,84.0,50.0,19.0,21.0,102.0
181.0,235.0,312.0,43.0,229.0,348.0,94.0,197.0,223.0,184.0,245.0,207.0,190.0,491.0,190.0
264.0,373.0,258.0,78.0,365.0,276.0,226.0,124.0,425.0,247.0,187.0,304.0,337.0,133.0,473.0
168.0,225.0,300.0,38.0,157.0,294.0,53.0,0.0,223.0,176.0,226.0,197.0,177.0,0.0,140.0
139.0,163.0,255.0,30.0,89.0,256.0,32.0,194.0,181.0,154.0,182.0,164.0,49.0,149.0,74.0
257.0,348.0,382.0,77.0,360.0,437.0,121.0,292.0,454.0,247.0,309.0,323.0,239.0,208.0,455.0
86.0,48.0,204.0,15.0,98.0,118.0,32.0,62.0,120.0,99.0,108.0,76.0,51.0,312.0,77.0
374.0,693.0,549.0,63.0,257.0,349.0,138.0,420.0,313.0,174.0,468.0,76.0,204.0,167.0,231.0
270.0,373.0,283.0,71.0,237.0,445.0,50.0,168.0,483.0,199.0,207.0,244.0,303.0,123.0,218.0
132.0,137.0,279.0,29.0,243.0,288.0,99.0,146.0,173.0,153.0,203.0,163.0,101.0,96.0,110.0
181.0,234.0,300.0,38.0,229.0,324.0,85.0,180.0,223.0,176.0,230.0,196.0,177.0,107.0,214.0
102.0,72.0,206.0,17.0,208.0,215.0,54.0,470.0,198.0,112.0,119.0,101.0,49.0,319.0,187.0
123.0,109.0,252.0,24.0,145.0,297.0,46.0,140.0,168.0,137.0,176.0,137.0,89.0,148.0,117.0
111.0,90.0,240.0,21.0,365.0,188.0,33.0,0.0,134.0,129.0,157.0,115.0,54.0,0.0,406.0
84.0,42.0,281.0,13.0,85.0,203.0,26.0,165.0,95.0,120.0,206.0,138.0,43.0,107.0,64.0
377.0,717.0,532.0,148.0,176.0,56.0,629.0,406.0,616.0,347.0,325.0,155.0,726.0,308.0,148.0
156.0,36.0,283.0,35.0,188.0,0.0,67.0,392.0,197.0,156.0,208.0,95.0,136.0,292.0,101.0
140.0,179.0,201.0,29.0,161.0,260.0,53.0,62.0,171.0,92.0,94.0,76.0,101.0,35.0,127.0
154.0,164.0,293.0,33.0,117.0,297.0,35.0,181.0,204.0,156.0,206.0,173.0,145.0,106.0,91.0
232.0,310.0,339.0,51.0,255.0,390.0,107.0,403.0,571.0,198.0,287.0,241.0,259.0,292.0,190.0
410.0,756.0,461.0,97.0,448.0,741.0,261.0,704.0,498.0,275.0,386.0,268.0,494.0,493.0,201.0
83.0,42.0,208.0,12.0,105.0,127.0,35.0,82.0,105.0,106.0,123.0,91.0,55.0,57.0,122.0
168.0,225.0,312.0,49.0,248.0,310.0,99.0,202.0,302.0,188.0,208.0,220.0,202.0,180.0,216.0
377.0,709.0,536.0,148.0,277.0,663.0,77.0,392.0,545.0,347.0,458.0,470.0,726.0,309.0,250.0
257.0,338.0,363.0,71.0,312.0,479.0,198.0,277.0,314.0,243.0,299.0,298.0,291.0,617.0,275.0
181.0,234.0,487.0,45.0,89.0,310.0,77.0,353.0,223.0,296.0,449.0,355.0,196.0,269.0,73.0
130.0,137.0,392.0,80.0,218.0,319.0,222.0,315.0,187.0,252.0,320.0,305.0,336.0,196.0,175.0
156.0,200.0,336.0,57.0,277.0,280.0,139.0,250.0,297.0,201.0,245.0,231.0,264.0,184.0,238.0
103.0,63.0,223.0,18.0,100.0,155.0,32.0,97.0,122.0,112.0,152.0,101.0,49.0,68.0,213.0
121.0,104.0,240.0,21.0,112.0,212.0,35.0,109.0,139.0,129.0,157.0,118.0,55.0,491.0,87.0
156.0,194.0,414.0,86.0,234.0,241.0,95.0,306.0,430.0,265.0,326.0,317.0,200.0,493.0,30.0
163.0,215.0,293.0,36.0,292.0,296.0,166.0,163.0,199.0,167.0,211.0,186.0,273.0,111.0,308.0
412.0,764.0,580.0,201.0,123.0,706.0,598.0,470.0,122.0,404.0,508.0,705.0,905.0,319.0,99.0
123.0,95.0,279.0,27.0,55.0,230.0,18.0,165.0,276.0,154.0,210.0,149.0,92.0,159.0,44.0
96.0,55.0,296.0,16.0,80.0,155.0,23.0,285.0,184.0,165.0,220.0,185.0,42.0,555.0,140.0
152.0,179.0,339.0,33.0,188.0,260.0,67.0,216.0,252.0,154.0,250.0,167.0,127.0,185.0,157.0
241.0,323.0,348.0,61.0,280.0,418.0,166.0,273.0,302.0,207.0,272.0,263.0,273.0,193.0,341.0
76.0,43.0,208.0,16.0,106.0,127.0,35.0,83.0,107.0,106.0,120.0,92.0,70.0,64.0,87.0
264.0,367.0,392.0,80.0,132.0,439.0,226.0,322.0,425.0,252.0,320.0,307.0,337.0,269.0,107.0
114.0,145.0,215.0,22.0,117.0,250.0,37.0,84.0,147.0,112.0,128.0,68.0,70.0,64.0,94.0
103.0,27.0,111.0,14.0,75.0,155.0,22.0,16.0,111.0,101.0,5.0,118.0,40.0,16.0,38.0
133.0,179.0,300.0,29.0,128.0,260.0,53.0,187.0,173.0,176.0,230.0,197.0,101.0,133.0,97.0
410.0,764.0,507.0,133.0,410.0,280.0,339.0,601.0,570.0,311.0,410.0,449.0,624.0,300.0,473.0
252.0,331.0,355.0,67.0,415.0,425.0,170.0,251.0,271.0,223.0,298.0,81.0,284.0,184.0,32.0
103.0,78.0,222.0,18.0,165.0,188.0,33.0,92.0,120.0,113.0,94.0,105.0,52.0,111.0,127.0
95.0,55.0,330.0,16.0,86.0,143.0,26.0,205.0,147.0,112.0,297.0,101.0,44.0,156.0,96.0
114.0,95.0,256.0,22.0,117.0,200.0,37.0,98.0,141.0,129.0,187.0,125.0,68.0,57.0,102.0
126.0,131.0,440.0,95.0,476.0,210.0,262.0,420.0,457.0,273.0,402.0,325.0,429.0,311.0,139.0
100.0,62.0,214.0,17.0,331.0,156.0,217.0,572.0,119.0,108.0,128.0,95.0,331.0,442.0,404.0
256.0,131.0,392.0,77.0,134.0,235.0,46.0,297.0,223.0,252.0,320.0,395.0,101.0,208.0,110.0
147.0,182.0,299.0,36.0,445.0,261.0,254.0,187.0,270.0,174.0,222.0,101.0,127.0,256.0,574.0
187.0,234.0,294.0,36.0,229.0,333.0,79.0,160.0,188.0,167.0,206.0,186.0,161.0,111.0,187.0
206.0,281.0,320.0,56.0,280.0,315.0,127.0,200.0,292.0,188.0,239.0,221.0,259.0,145.0,155.0
270.0,376.0,411.0,86.0,341.0,270.0,226.0,470.0,500.0,265.0,325.0,317.0,337.0,319.0,406.0
271.0,409.0,661.0,87.0,341.0,479.0,237.0,508.0,311.0,269.0,654.0,175.0,406.0,343.0,406.0
167.0,219.0,570.0,30.0,226.0,297.0,61.0,459.0,184.0,153.0,483.0,162.0,123.0,314.0,188.0
81.0,42.0,187.0,16.0,137.0,143.0,2.0,47.0,117.0,82.0,84.0,68.0,42.0,26.0,30.0
171.0,229.0,214.0,50.0,228.0,315.0,85.0,62.0,252.0,197.0,128.0,197.0,209.0,35.0,187.0
232.0,225.0,500.0,64.0,429.0,310.0,274.0,353.0,313.0,304.0,408.0,428.0,276.0,269.0,566.0
100.0,62.0,386.0,17.0,106.0,155.0,35.0,296.0,119.0,247.0,320.0,303.0,47.0,208.0,87.0
160.0,187.0,303.0,41.0,104.0,261.0,32.0,155.0,223.0,176.0,274.0,203.0,196.0,106.0,84.0
100.0,62.0,215.0,17.0,85.0,156.0,30.0,84.0,120.0,112.0,129.0,100.0,46.0,64.0,43.0
319.0,523.0,487.0,109.0,445.0,518.0,258.0,620.0,503.0,296.0,394.0,374.0,450.0,442.0,574.0
134.0,145.0,258.0,30.0,175.0,250.0,58.0,146.0,178.0,144.0,188.0,162.0,108.0,496.0,124.0
103.0,64.0,208.0,18.0,100.0,156.0,33.0,601.0,122.0,113.0,128.0,118.0,52.0,458.0,81.0
104.0,78.0,356.0,16.0,117.0,193.0,35.0,259.0,103.0,81.0,248.0,68.0,59.0,192.0,97.0
233.0,316.0,356.0,65.0,255.0,333.0,82.0,259.0,313.0,214.0,387.0,277.0,272.0,218.0,229.0
314.0,434.0,485.0,104.0,104.0,484.0,253.0,323.0,466.0,296.0,389.0,355.0,438.0,247.0,83.0
147.0,214.0,258.0,30.0,176.0,235.0,61.0,154.0,168.0,144.0,188.0,163.0,122.0,107.0,154.0
111.0,164.0,300.0,21.0,117.0,254.0,35.0,189.0,132.0,200.0,208.0,244.0,59.0,145.0,89.0
154.0,188.0,215.0,34.0,277.0,270.0,65.0,84.0,193.0,156.0,128.0,167.0,145.0,58.0,247.0
330.0,618.0,507.0,117.0,310.0,518.0,339.0,384.0,545.0,304.0,408.0,76.0,588.0,412.0,93.0
73.0,27.0,204.0,23.0,100.0,56.0,33.0,78.0,168.0,99.0,91.0,76.0,54.0,57.0,84.0
103.0,76.0,190.0,15.0,157.0,175.0,1.0,51.0,330.0,105.0,91.0,98.0,12.0,27.0,215.0
71.0,27.0,72.0,6.0,112.0,56.0,50.0,0.0,34.0,42.0,0.0,317.0,92.0,0.0,87.0
180.0,233.0,184.0,23.0,191.0,320.0,69.0,45.0,162.0,132.0,152.0,127.0,92.0,25.0,153.0
232.0,306.0,223.0,64.0,278.0,389.0,170.0,132.0,313.0,223.0,262.0,138.0,276.0,90.0,212.0
103.0,78.0,201.0,18.0,89.0,518.0,30.0,32.0,122.0,92.0,100.0,76.0,51.0,21.0,95.0
187.0,185.0,256.0,6.0,15.0,362.0,1.0,144.0,33.0,112.0,187.0,101.0,4.0,613.0,89.0
257.0,182.0,999.0,71.0,341.0,261.0,213.0,999.0,363.0,871.0,681.0,999.0,316.0,999.0,406.0
232.0,222.0,317.0,43.0,260.0,308.0,126.0,200.0,222.0,184.0,240.0,208.0,256.0,245.0,240.0
235.0,322.0,542.0,153.0,217.0,389.0,80.0,176.0,616.0,356.0,402.0,582.0,726.0,133.0,178.0
178.0,232.0,347.0,45.0,257.0,254.0,108.0,225.0,172.0,193.0,244.0,236.0,214.0,180.0,250.0
123.0,109.0,252.0,24.0,117.0,216.0,35.0,140.0,145.0,137.0,199.0,140.0,55.0,91.0,94.0
152.0,182.0,242.0,24.0,132.0,261.0,45.0,175.0,163.0,132.0,165.0,118.0,84.0,123.0,107.0
182.0,235.0,320.0,49.0,234.0,333.0,98.0,202.0,419.0,188.0,240.0,220.0,200.0,148.0,316.0
76.0,42.0,184.0,8.0,37.0,227.0,6.0,45.0,253.0,80.0,175.0,68.0,26.0,25.0,153.0
182.0,235.0,322.0,51.0,261.0,289.0,121.0,144.0,292.0,193.0,241.0,236.0,239.0,95.0,240.0
100.0,62.0,222.0,17.0,106.0,156.0,33.0,83.0,120.0,106.0,126.0,197.0,52.0,412.0,87.0
196.0,259.0,332.0,51.0,227.0,296.0,121.0,228.0,428.0,193.0,245.0,236.0,239.0,173.0,134.0
163.0,203.0,296.0,36.0,224.0,280.0,82.0,181.0,210.0,167.0,207.0,187.0,171.0,131.0,175.0
101.0,76.0,222.0,17.0,104.0,164.0,32.0,158.0,145.0,103.0,139.0,137.0,48.0,107.0,84.0
311.0,474.0,447.0,91.0,85.0,490.0,26.0,322.0,454.0,273.0,244.0,323.0,419.0,245.0,66.0
113.0,90.0,224.0,21.0,445.0,200.0,261.0,97.0,139.0,129.0,165.0,118.0,429.0,27.0,574.0
126.0,130.0,254.0,27.0,131.0,230.0,43.0,140.0,170.0,139.0,165.0,69.0,76.0,90.0,55.0
160.0,227.0,294.0,36.0,28.0,312.0,107.0,83.0,227.0,166.0,189.0,190.0,212.0,64.0,12.0
183.0,235.0,311.0,50.0,261.0,341.0,106.0,195.0,253.0,190.0,241.0,346.0,211.0,88.0,242.0
154.0,185.0,271.0,33.0,261.0,276.0,119.0,155.0,181.0,151.0,177.0,162.0,140.0,106.0,242.0
114.0,36.0,255.0,23.0,128.0,127.0,40.0,141.0,145.0,130.0,177.0,126.0,76.0,96.0,99.0
306.0,474.0,476.0,97.0,410.0,490.0,237.0,315.0,480.0,289.0,382.0,348.0,406.0,72.0,469.0
180.0,225.0,294.0,45.0,243.0,310.0,99.0,176.0,253.0,188.0,211.0,214.0,202.0,123.0,183.0
123.0,109.0,251.0,23.0,176.0,216.0,43.0,132.0,162.0,136.0,241.0,68.0,83.0,88.0,82.0
95.0,55.0,215.0,17.0,89.0,154.0,30.0,84.0,95.0,112.0,128.0,101.0,43.0,55.0,72.0
71.0,27.0,111.0,6.0,15.0,270.0,1.0,26.0,34.0,63.0,8.0,47.0,12.0,16.0,4.0
113.0,90.0,207.0,21.0,117.0,203.0,38.0,83.0,139.0,101.0,160.0,113.0,73.0,66.0,89.0
154.0,95.0,300.0,33.0,189.0,200.0,67.0,194.0,224.0,176.0,230.0,178.0,139.0,146.0,157.0
152.0,212.0,281.0,33.0,175.0,294.0,59.0,165.0,187.0,154.0,206.0,162.0,113.0,111.0,175.0
87.0,62.0,72.0,0.0,45.0,156.0,0.0,0.0,0.0,0.0,0.0,114.0,0.0,16.0,31.0
165.0,185.0,298.0,38.0,248.0,268.0,106.0,214.0,180.0,174.0,222.0,196.0,380.0,312.0,218.0
140.0,164.0,278.0,30.0,132.0,255.0,61.0,32.0,181.0,151.0,201.0,162.0,123.0,256.0,107.0
96.0,55.0,582.0,85.0,434.0,154.0,230.0,470.0,425.0,408.0,458.0,799.0,344.0,319.0,566.0
101.0,63.0,224.0,17.0,102.0,156.0,32.0,97.0,120.0,112.0,128.0,101.0,49.0,72.0,153.0
241.0,323.0,350.0,70.0,175.0,418.0,59.0,241.0,333.0,228.0,274.0,287.0,288.0,184.0,140.0
103.0,76.0,222.0,18.0,100.0,159.0,33.0,163.0,122.0,113.0,119.0,91.0,52.0,111.0,81.0
244.0,241.0,363.0,70.0,176.0,348.0,171.0,440.0,333.0,230.0,299.0,288.0,284.0,312.0,153.0
156.0,194.0,292.0,35.0,150.0,268.0,108.0,132.0,210.0,156.0,210.0,178.0,288.0,82.0,117.0
122.0,103.0,111.0,24.0,132.0,211.0,45.0,26.0,184.0,112.0,8.0,100.0,84.0,17.0,102.0
412.0,764.0,511.0,140.0,229.0,767.0,95.0,601.0,579.0,322.0,199.0,457.0,751.0,477.0,190.0
114.0,95.0,246.0,22.0,174.0,238.0,170.0,132.0,145.0,132.0,176.0,127.0,70.0,87.0,139.0
146.0,185.0,271.0,30.0,229.0,268.0,98.0,146.0,181.0,151.0,199.0,162.0,200.0,96.0,202.0
80.0,41.0,361.0,9.0,28.0,56.0,2.0,297.0,171.0,247.0,295.0,303.0,33.0,218.0,12.0
76.0,40.0,157.0,7.0,55.0,86.0,5.0,297.0,50.0,71.0,57.0,61.0,25.0,217.0,43.0
182.0,241.0,657.0,49.0,261.0,348.0,127.0,718.0,122.0,198.0,210.0,241.0,204.0,503.0,242.0
152.0,180.0,279.0,33.0,206.0,260.0,67.0,163.0,187.0,154.0,211.0,167.0,136.0,248.0,175.0
139.0,164.0,300.0,30.0,150.0,254.0,50.0,189.0,144.0,174.0,203.0,196.0,113.0,134.0,116.0
87.0,43.0,204.0,14.0,161.0,127.0,53.0,15.0,99.0,129.0,129.0,115.0,101.0,312.0,125.0
111.0,89.0,247.0,20.0,112.0,197.0,35.0,194.0,122.0,85.0,173.0,76.0,55.0,205.0,87.0
87.0,48.0,183.0,15.0,134.0,143.0,29.0,508.0,103.0,75.0,63.0,68.0,35.0,343.0,111.0
163.0,214.0,157.0,21.0,89.0,393.0,26.0,32.0,134.0,139.0,63.0,140.0,59.0,21.0,72.0
77.0,40.0,179.0,8.0,102.0,86.0,6.0,470.0,86.0,81.0,8.0,68.0,27.0,328.0,87.0
202.0,43.0,323.0,45.0,217.0,118.0,99.0,140.0,237.0,188.0,241.0,212.0,200.0,91.0,158.0
0.0,0.0,0.0,0.0,100.0,0.0,19.0,0.0,171.0,0.0,0.0,25.0,0.0,0.0,116.0
123.0,474.0,184.0,24.0,28.0,491.0,4.0,45.0,163.0,184.0,295.0,207.0,25.0,17.0,11.0
111.0,131.0,223.0,21.0,0.0,238.0,0.0,94.0,134.0,120.0,128.0,140.0,0.0,123.0,0.0
126.0,133.0,257.0,27.0,184.0,241.0,50.0,141.0,171.0,141.0,119.0,197.0,97.0,81.0,155.0
236.0,331.0,553.0,182.0,151.0,422.0,50.0,438.0,330.0,381.0,290.0,113.0,92.0,16.0,118.0
259.0,338.0,379.0,77.0,446.0,429.0,258.0,277.0,333.0,247.0,310.0,303.0,344.0,145.0,582.0
235.0,325.0,351.0,65.0,288.0,498.0,139.0,241.0,314.0,214.0,287.0,126.0,284.0,111.0,216.0
236.0,323.0,330.0,51.0,89.0,389.0,28.0,194.0,271.0,192.0,244.0,228.0,43.0,145.0,74.0
125.0,129.0,252.0,25.0,150.0,222.0,50.0,124.0,168.0,138.0,170.0,139.0,92.0,81.0,116.0
126.0,130.0,255.0,27.0,168.0,220.0,54.0,149.0,171.0,144.0,182.0,158.0,101.0,88.0,242.0
73.0,27.0,180.0,6.0,175.0,56.0,58.0,49.0,38.0,67.0,64.0,76.0,19.0,27.0,158.0
102.0,71.0,379.0,71.0,203.0,297.0,99.0,10.0,369.0,243.0,307.0,305.0,316.0,16.0,174.0
171.0,45.0,300.0,41.0,175.0,127.0,61.0,202.0,223.0,174.0,249.0,193.0,122.0,148.0,160.0
146.0,130.0,303.0,31.0,189.0,227.0,75.0,296.0,172.0,176.0,238.0,167.0,140.0,219.0,156.0
330.0,612.0,476.0,117.0,434.0,241.0,253.0,341.0,858.0,304.0,410.0,430.0,583.0,180.0,566.0
206.0,188.0,379.0,55.0,275.0,127.0,129.0,292.0,293.0,199.0,307.0,263.0,264.0,192.0,248.0
104.0,82.0,208.0,17.0,85.0,193.0,18.0,27.0,122.0,112.0,122.0,101.0,36.0,24.0,77.0
271.0,409.0,428.0,87.0,310.0,382.0,203.0,62.0,0.0,269.0,382.0,322.0,406.0,27.0,334.0
160.0,210.0,215.0,6.0,28.0,294.0,2.0,84.0,103.0,112.0,203.0,100.0,10.0,64.0,248.0
211.0,310.0,661.0,57.0,123.0,390.0,35.0,509.0,302.0,201.0,640.0,248.0,55.0,408.0,89.0
182.0,235.0,320.0,49.0,242.0,333.0,99.0,204.0,122.0,188.0,241.0,220.0,202.0,129.0,214.0
122.0,95.0,582.0,63.0,277.0,205.0,143.0,470.0,293.0,202.0,509.0,316.0,270.0,170.0,250.0
288.0,185.0,500.0,95.0,445.0,268.0,253.0,342.0,187.0,273.0,408.0,322.0,438.0,106.0,574.0
271.0,406.0,549.0,89.0,311.0,460.0,184.0,420.0,454.0,358.0,468.0,580.0,408.0,314.0,214.0
104.0,78.0,246.0,23.0,131.0,173.0,46.0,130.0,178.0,132.0,261.0,125.0,83.0,90.0,102.0
375.0,718.0,488.0,148.0,434.0,741.0,253.0,353.0,480.0,347.0,400.0,470.0,438.0,245.0,566.0
316.0,515.0,485.0,104.0,212.0,489.0,79.0,346.0,503.0,296.0,389.0,355.0,174.0,259.0,175.0
126.0,131.0,351.0,29.0,122.0,241.0,39.0,241.0,173.0,214.0,274.0,207.0,102.0,192.0,96.0
95.0,55.0,184.0,16.0,89.0,143.0,29.0,45.0,139.0,82.0,87.0,76.0,46.0,25.0,74.0
154.0,185.0,294.0,35.0,202.0,261.0,75.0,176.0,197.0,165.0,211.0,186.0,154.0,123.0,173.0
233.0,261.0,337.0,70.0,131.0,362.0,45.0,212.0,332.0,71.0,249.0,95.0,288.0,245.0,101.0
94.0,53.0,657.0,8.0,0.0,143.0,6.0,508.0,253.0,425.0,597.0,127.0,26.0,333.0,0.0
163.0,210.0,263.0,29.0,174.0,310.0,58.0,149.0,178.0,147.0,182.0,138.0,103.0,442.0,331.0
257.0,346.0,476.0,29.0,176.0,439.0,59.0,331.0,419.0,293.0,382.0,353.0,116.0,496.0,153.0
158.0,207.0,283.0,33.0,288.0,294.0,99.0,168.0,330.0,154.0,207.0,172.0,200.0,491.0,297.0
244.0,515.0,126.0,70.0,311.0,315.0,184.0,490.0,341.0,230.0,63.0,287.0,288.0,314.0,127.0
167.0,222.0,260.0,45.0,243.0,280.0,99.0,148.0,237.0,188.0,148.0,241.0,200.0,96.0,180.0
138.0,137.0,142.0,6.0,55.0,241.0,2.0,31.0,24.0,67.0,148.0,76.0,5.0,20.0,44.0
114.0,95.0,252.0,27.0,161.0,215.0,53.0,601.0,171.0,138.0,203.0,140.0,101.0,458.0,126.0
183.0,90.0,322.0,50.0,252.0,143.0,106.0,204.0,253.0,188.0,241.0,221.0,211.0,179.0,218.0
412.0,764.0,549.0,183.0,966.0,767.0,598.0,420.0,199.0,403.0,241.0,681.0,888.0,409.0,55.0
70.0,21.0,111.0,6.0,217.0,118.0,82.0,26.0,34.0,63.0,64.0,47.0,12.0,24.0,190.0
125.0,130.0,532.0,25.0,161.0,230.0,50.0,406.0,168.0,347.0,449.0,460.0,92.0,409.0,125.0
270.0,391.0,414.0,86.0,117.0,460.0,37.0,306.0,430.0,265.0,20.0,316.0,59.0,218.0,93.0
123.0,109.0,252.0,24.0,85.0,215.0,50.0,140.0,164.0,137.0,176.0,137.0,97.0,133.0,64.0
169.0,225.0,298.0,41.0,226.0,310.0,82.0,186.0,223.0,176.0,179.0,204.0,171.0,116.0,181.0
167.0,188.0,299.0,38.0,184.0,253.0,75.0,187.0,223.0,174.0,222.0,196.0,149.0,123.0,155.0
157.0,193.0,293.0,35.0,211.0,277.0,76.0,176.0,198.0,160.0,211.0,174.0,155.0,174.0,175.0
97.0,55.0,207.0,16.0,117.0,160.0,37.0,39.0,117.0,106.0,120.0,101.0,46.0,24.0,94.0
104.0,87.0,254.0,18.0,112.0,215.0,35.0,141.0,122.0,113.0,179.0,139.0,49.0,90.0,87.0
168.0,225.0,278.0,30.0,175.0,310.0,61.0,158.0,180.0,151.0,187.0,162.0,113.0,96.0,77.0
86.0,47.0,179.0,15.0,75.0,247.0,19.0,39.0,103.0,101.0,63.0,81.0,40.0,192.0,55.0
73.0,27.0,187.0,6.0,999.0,56.0,598.0,49.0,38.0,85.0,88.0,58.0,888.0,503.0,999.0
376.0,717.0,550.0,146.0,294.0,225.0,170.0,431.0,616.0,368.0,470.0,582.0,288.0,79.0,213.0
80.0,42.0,187.0,9.0,47.0,155.0,9.0,49.0,76.0,82.0,238.0,68.0,33.0,27.0,32.0
237.0,320.0,396.0,85.0,360.0,390.0,226.0,297.0,425.0,256.0,322.0,312.0,344.0,218.0,404.0
202.0,261.0,363.0,71.0,86.0,280.0,29.0,204.0,170.0,228.0,326.0,287.0,45.0,55.0,102.0
236.0,304.0,311.0,66.0,261.0,388.0,67.0,197.0,288.0,184.0,63.0,207.0,284.0,134.0,240.0
104.0,82.0,220.0,19.0,89.0,297.0,30.0,73.0,127.0,114.0,158.0,108.0,46.0,57.0,73.0
122.0,108.0,360.0,24.0,255.0,215.0,107.0,490.0,164.0,137.0,241.0,137.0,89.0,331.0,192.0
119.0,89.0,363.0,23.0,89.0,124.0,43.0,280.0,145.0,136.0,298.0,133.0,76.0,158.0,73.0
414.0,769.0,570.0,182.0,122.0,809.0,45.0,469.0,551.0,403.0,508.0,348.0,85.0,318.0,97.0
104.0,104.0,220.0,19.0,112.0,212.0,35.0,62.0,122.0,115.0,160.0,187.0,55.0,35.0,87.0
288.0,461.0,461.0,95.0,445.0,486.0,254.0,313.0,466.0,273.0,264.0,323.0,444.0,219.0,574.0
375.0,764.0,528.0,137.0,415.0,205.0,261.0,115.0,571.0,319.0,414.0,456.0,464.0,145.0,134.0
100.0,62.0,142.0,17.0,88.0,156.0,30.0,31.0,119.0,58.0,50.0,23.0,46.0,21.0,73.0
180.0,233.0,323.0,41.0,145.0,312.0,50.0,202.0,223.0,176.0,241.0,204.0,92.0,134.0,118.0
73.0,27.0,142.0,6.0,104.0,56.0,33.0,31.0,38.0,76.0,165.0,124.0,19.0,16.0,83.0
244.0,322.0,361.0,70.0,312.0,489.0,198.0,266.0,483.0,230.0,299.0,288.0,288.0,57.0,416.0
80.0,41.0,187.0,9.0,58.0,118.0,9.0,73.0,76.0,82.0,240.0,69.0,33.0,26.0,44.0
126.0,131.0,255.0,27.0,174.0,259.0,58.0,141.0,170.0,139.0,84.0,137.0,103.0,90.0,139.0
156.0,193.0,283.0,34.0,313.0,214.0,198.0,175.0,182.0,156.0,88.0,178.0,145.0,123.0,126.0
122.0,56.0,256.0,24.0,134.0,155.0,45.0,222.0,168.0,154.0,187.0,165.0,85.0,170.0,54.0
183.0,249.0,855.0,50.0,255.0,348.0,107.0,940.0,252.0,408.0,999.0,803.0,211.0,496.0,218.0
73.0,28.0,350.0,6.0,32.0,60.0,5.0,241.0,454.0,141.0,187.0,76.0,10.0,184.0,12.0
168.0,225.0,590.0,70.0,344.0,310.0,222.0,476.0,343.0,230.0,240.0,288.0,337.0,312.0,422.0
122.0,108.0,252.0,24.0,132.0,215.0,45.0,140.0,164.0,137.0,179.0,133.0,84.0,90.0,110.0
96.0,55.0,212.0,16.0,54.0,155.0,18.0,83.0,107.0,108.0,128.0,98.0,36.0,64.0,43.0
156.0,301.0,296.0,36.0,211.0,220.0,78.0,183.0,199.0,167.0,220.0,185.0,161.0,132.0,175.0
156.0,193.0,256.0,34.0,175.0,214.0,59.0,146.0,194.0,156.0,187.0,175.0,123.0,111.0,140.0
182.0,235.0,322.0,49.0,228.0,348.0,78.0,204.0,253.0,188.0,240.0,220.0,158.0,628.0,187.0
168.0,225.0,360.0,97.0,344.0,249.0,222.0,266.0,501.0,275.0,287.0,307.0,336.0,186.0,422.0
374.0,693.0,263.0,23.0,229.0,208.0,94.0,148.0,122.0,150.0,191.0,164.0,191.0,96.0,190.0
165.0,193.0,326.0,45.0,165.0,277.0,54.0,228.0,457.0,197.0,241.0,241.0,101.0,296.0,126.0
156.0,212.0,283.0,35.0,184.0,315.0,75.0,175.0,197.0,132.0,210.0,126.0,154.0,477.0,155.0
113.0,90.0,208.0,21.0,85.0,203.0,29.0,83.0,139.0,108.0,122.0,98.0,76.0,64.0,55.0
86.0,48.0,125.0,6.0,15.0,143.0,1.0,27.0,24.0,61.0,5.0,25.0,10.0,17.0,4.0
92.0,62.0,212.0,15.0,83.0,155.0,23.0,83.0,313.0,108.0,119.0,98.0,42.0,58.0,55.0
236.0,320.0,347.0,65.0,310.0,160.0,172.0,222.0,314.0,201.0,287.0,228.0,284.0,34.0,333.0
182.0,235.0,322.0,49.0,252.0,389.0,101.0,202.0,233.0,188.0,241.0,61.0,204.0,148.0,218.0
169.0,225.0,317.0,45.0,248.0,312.0,101.0,201.0,117.0,188.0,240.0,212.0,204.0,156.0,213.0
288.0,461.0,449.0,95.0,446.0,484.0,254.0,322.0,466.0,275.0,290.0,186.0,444.0,318.0,678.0
95.0,55.0,208.0,16.0,75.0,143.0,22.0,82.0,107.0,107.0,203.0,100.0,43.0,72.0,43.0
100.0,55.0,224.0,17.0,117.0,154.0,35.0,98.0,120.0,120.0,210.0,113.0,49.0,72.0,84.0
152.0,179.0,283.0,33.0,186.0,260.0,99.0,168.0,182.0,154.0,207.0,167.0,127.0,129.0,155.0
206.0,284.0,300.0,49.0,98.0,373.0,98.0,192.0,194.0,188.0,210.0,220.0,200.0,185.0,77.0
97.0,56.0,214.0,16.0,89.0,155.0,30.0,90.0,117.0,108.0,128.0,98.0,49.0,65.0,77.0
163.0,92.0,281.0,36.0,212.0,203.0,77.0,165.0,199.0,156.0,210.0,160.0,168.0,132.0,180.0
100.0,63.0,214.0,17.0,134.0,156.0,67.0,80.0,117.0,108.0,128.0,100.0,47.0,477.0,110.0
270.0,372.0,414.0,86.0,292.0,491.0,166.0,312.0,430.0,265.0,326.0,330.0,273.0,245.0,307.0
163.0,215.0,247.0,36.0,150.0,297.0,82.0,132.0,210.0,129.0,173.0,105.0,171.0,95.0,116.0
314.0,474.0,385.0,97.0,476.0,490.0,262.0,240.0,400.0,289.0,307.0,348.0,500.0,184.0,604.0
169.0,225.0,447.0,96.0,234.0,310.0,94.0,322.0,466.0,273.0,351.0,322.0,214.0,179.0,202.0
288.0,423.0,372.0,97.0,445.0,486.0,254.0,297.0,86.0,289.0,129.0,348.0,408.0,218.0,574.0
375.0,709.0,514.0,137.0,197.0,741.0,99.0,363.0,570.0,319.0,414.0,456.0,202.0,491.0,182.0
76.0,41.0,111.0,8.0,65.0,143.0,22.0,26.0,171.0,80.0,5.0,105.0,35.0,17.0,45.0
86.0,47.0,224.0,14.0,45.0,133.0,7.0,73.0,69.0,120.0,164.0,115.0,36.0,57.0,32.0
314.0,43.0,440.0,97.0,75.0,124.0,19.0,316.0,466.0,278.0,240.0,346.0,40.0,241.0,55.0
319.0,488.0,330.0,110.0,131.0,490.0,38.0,175.0,483.0,192.0,244.0,241.0,70.0,111.0,101.0
97.0,56.0,212.0,16.0,104.0,155.0,32.0,83.0,117.0,108.0,321.0,98.0,45.0,82.0,87.0
104.0,78.0,283.0,33.0,174.0,155.0,58.0,168.0,187.0,154.0,207.0,174.0,128.0,107.0,214.0
375.0,756.0,542.0,146.0,117.0,261.0,35.0,470.0,457.0,358.0,400.0,395.0,55.0,269.0,91.0
138.0,320.0,266.0,29.0,200.0,397.0,75.0,154.0,177.0,151.0,199.0,162.0,116.0,68.0,175.0
180.0,233.0,105.0,45.0,238.0,320.0,99.0,16.0,188.0,188.0,203.0,212.0,200.0,25.0,213.0
73.0,42.0,190.0,7.0,28.0,112.0,2.0,51.0,50.0,83.0,120.0,68.0,25.0,28.0,11.0
73.0,95.0,190.0,6.0,32.0,211.0,2.0,51.0,144.0,61.0,158.0,25.0,5.0,55.0,52.0
83.0,63.0,212.0,16.0,85.0,156.0,28.0,73.0,111.0,108.0,158.0,100.0,42.0,57.0,69.0
244.0,323.0,363.0,70.0,313.0,373.0,199.0,285.0,341.0,230.0,298.0,288.0,291.0,184.0,274.0
158.0,207.0,293.0,35.0,226.0,289.0,99.0,180.0,38.0,160.0,211.0,186.0,155.0,130.0,179.0
244.0,323.0,511.0,71.0,117.0,289.0,37.0,391.0,333.0,319.0,833.0,456.0,309.0,300.0,94.0
152.0,179.0,346.0,51.0,47.0,260.0,119.0,222.0,222.0,196.0,262.0,263.0,238.0,180.0,32.0
288.0,461.0,300.0,95.0,445.0,491.0,237.0,189.0,272.0,273.0,226.0,322.0,408.0,133.0,574.0
81.0,42.0,207.0,11.0,132.0,118.0,43.0,80.0,86.0,106.0,119.0,91.0,33.0,66.0,107.0
81.0,42.0,279.0,11.0,112.0,268.0,15.0,115.0,86.0,92.0,187.0,76.0,33.0,79.0,102.0
114.0,95.0,239.0,23.0,277.0,206.0,143.0,148.0,144.0,130.0,154.0,126.0,76.0,149.0,250.0
96.0,55.0,212.0,16.0,85.0,155.0,28.0,83.0,103.0,108.0,128.0,98.0,45.0,57.0,66.0
87.0,47.0,208.0,15.0,106.0,133.0,35.0,80.0,105.0,105.0,129.0,84.0,55.0,58.0,87.0
123.0,115.0,252.0,24.0,134.0,182.0,46.0,140.0,163.0,137.0,130.0,162.0,89.0,90.0,111.0
52.0,235.0,346.0,6.0,32.0,127.0,5.0,111.0,134.0,61.0,597.0,47.0,5.0,79.0,12.0
163.0,55.0,190.0,31.0,100.0,155.0,23.0,62.0,164.0,153.0,91.0,163.0,42.0,35.0,80.0
287.0,47.0,532.0,96.0,445.0,133.0,254.0,406.0,253.0,347.0,449.0,463.0,429.0,305.0,574.0
169.0,233.0,693.0,40.0,191.0,320.0,69.0,322.0,223.0,196.0,658.0,264.0,140.0,246.0,157.0
126.0,131.0,283.0,27.0,476.0,215.0,262.0,156.0,168.0,156.0,208.0,175.0,464.0,102.0,182.0
133.0,141.0,263.0,29.0,174.0,249.0,58.0,148.0,173.0,147.0,188.0,430.0,102.0,96.0,32.0
154.0,188.0,283.0,34.0,275.0,261.0,121.0,175.0,193.0,156.0,210.0,127.0,145.0,123.0,246.0
123.0,115.0,252.0,24.0,176.0,422.0,61.0,140.0,518.0,137.0,175.0,134.0,89.0,185.0,148.0
119.0,104.0,224.0,27.0,45.0,212.0,7.0,98.0,171.0,140.0,152.0,114.0,19.0,72.0,31.0
103.0,72.0,855.0,15.0,47.0,155.0,15.0,940.0,129.0,25.0,999.0,0.0,33.0,613.0,4.0
154.0,188.0,296.0,34.0,229.0,272.0,61.0,183.0,193.0,167.0,222.0,139.0,122.0,132.0,201.0
270.0,284.0,661.0,95.0,224.0,373.0,121.0,509.0,457.0,347.0,640.0,463.0,450.0,339.0,172.0
196.0,259.0,254.0,51.0,723.0,349.0,391.0,141.0,272.0,138.0,187.0,139.0,678.0,92.0,808.0
123.0,235.0,258.0,25.0,151.0,341.0,50.0,160.0,168.0,144.0,188.0,395.0,92.0,493.0,140.0
314.0,403.0,476.0,97.0,313.0,460.0,199.0,341.0,480.0,293.0,84.0,353.0,380.0,256.0,297.0
311.0,89.0,476.0,97.0,524.0,220.0,274.0,476.0,466.0,296.0,389.0,353.0,529.0,321.0,333.0
91.0,48.0,475.0,38.0,122.0,143.0,86.0,331.0,223.0,252.0,200.0,282.0,190.0,255.0,95.0
139.0,241.0,187.0,96.0,258.0,348.0,105.0,144.0,466.0,82.0,87.0,23.0,450.0,95.0,238.0
414.0,174.0,507.0,182.0,117.0,255.0,37.0,364.0,660.0,319.0,408.0,456.0,70.0,275.0,144.0
232.0,331.0,323.0,64.0,288.0,490.0,166.0,204.0,313.0,190.0,307.0,246.0,276.0,149.0,422.0
121.0,105.0,214.0,23.0,112.0,213.0,35.0,84.0,162.0,132.0,126.0,158.0,55.0,64.0,124.0
115.0,95.0,224.0,23.0,216.0,249.0,6.0,92.0,145.0,129.0,120.0,124.0,23.0,30.0,175.0
103.0,72.0,224.0,19.0,176.0,211.0,61.0,565.0,122.0,115.0,149.0,95.0,122.0,458.0,154.0
104.0,78.0,222.0,19.0,104.0,175.0,33.0,98.0,125.0,113.0,149.0,101.0,54.0,72.0,84.0
152.0,106.0,283.0,33.0,189.0,215.0,67.0,168.0,187.0,154.0,207.0,117.0,136.0,122.0,157.0
266.0,348.0,312.0,80.0,28.0,390.0,226.0,216.0,425.0,252.0,238.0,287.0,337.0,193.0,11.0
104.0,82.0,475.0,16.0,157.0,210.0,52.0,331.0,163.0,176.0,394.0,197.0,42.0,305.0,124.0
100.0,62.0,252.0,24.0,150.0,156.0,50.0,141.0,163.0,137.0,176.0,139.0,92.0,92.0,118.0
210.0,284.0,346.0,57.0,280.0,373.0,139.0,223.0,292.0,201.0,245.0,248.0,264.0,81.0,275.0
52.0,461.0,312.0,56.0,253.0,235.0,105.0,194.0,293.0,200.0,264.0,186.0,259.0,134.0,201.0
163.0,215.0,266.0,36.0,255.0,272.0,82.0,62.0,210.0,165.0,200.0,186.0,168.0,248.0,218.0
100.0,62.0,283.0,17.0,165.0,155.0,30.0,168.0,119.0,156.0,207.0,178.0,46.0,82.0,127.0
375.0,694.0,532.0,146.0,157.0,656.0,50.0,403.0,224.0,347.0,449.0,220.0,693.0,305.0,118.0
429.0,322.0,348.0,217.0,104.0,389.0,9.0,82.0,829.0,207.0,272.0,263.0,923.0,62.0,181.0
158.0,215.0,187.0,6.0,28.0,296.0,2.0,83.0,34.0,83.0,87.0,72.0,10.0,64.0,12.0
157.0,338.0,661.0,35.0,243.0,407.0,75.0,509.0,198.0,156.0,326.0,803.0,154.0,256.0,215.0
126.0,131.0,326.0,51.0,255.0,235.0,107.0,205.0,272.0,191.0,245.0,228.0,212.0,152.0,307.0
210.0,284.0,346.0,57.0,252.0,373.0,138.0,225.0,296.0,201.0,257.0,248.0,264.0,170.0,218.0
212.0,185.0,311.0,51.0,202.0,268.0,75.0,197.0,271.0,193.0,236.0,236.0,154.0,184.0,173.0
202.0,212.0,336.0,51.0,238.0,281.0,67.0,15.0,292.0,196.0,245.0,204.0,168.0,12.0,215.0
84.0,43.0,190.0,11.0,47.0,127.0,9.0,51.0,158.0,83.0,91.0,138.0,33.0,122.0,32.0
105.0,87.0,215.0,16.0,17.0,143.0,15.0,84.0,107.0,112.0,128.0,100.0,44.0,82.0,55.0
319.0,523.0,693.0,137.0,639.0,490.0,391.0,565.0,570.0,319.0,658.0,428.0,624.0,442.0,818.0
167.0,221.0,254.0,41.0,227.0,281.0,85.0,141.0,223.0,139.0,170.0,138.0,190.0,92.0,99.0
182.0,203.0,312.0,49.0,145.0,280.0,48.0,26.0,163.0,188.0,241.0,220.0,196.0,16.0,125.0
202.0,261.0,313.0,51.0,310.0,521.0,121.0,198.0,33.0,196.0,241.0,236.0,239.0,24.0,83.0
246.0,346.0,350.0,58.0,288.0,437.0,147.0,240.0,296.0,213.0,274.0,264.0,269.0,218.0,55.0
206.0,306.0,290.0,56.0,446.0,344.0,258.0,155.0,99.0,156.0,179.0,175.0,259.0,102.0,582.0
182.0,241.0,311.0,49.0,229.0,369.0,92.0,198.0,173.0,188.0,236.0,228.0,196.0,145.0,201.0
102.0,71.0,224.0,18.0,86.0,159.0,29.0,98.0,122.0,112.0,160.0,100.0,46.0,72.0,69.0
168.0,225.0,254.0,29.0,157.0,310.0,52.0,470.0,184.0,138.0,182.0,139.0,97.0,319.0,101.0
133.0,141.0,260.0,29.0,165.0,249.0,54.0,146.0,180.0,147.0,240.0,162.0,101.0,106.0,127.0
75.0,40.0,183.0,8.0,132.0,86.0,45.0,49.0,34.0,80.0,84.0,68.0,27.0,30.0,107.0
333.0,618.0,550.0,133.0,161.0,550.0,53.0,431.0,570.0,311.0,470.0,446.0,101.0,300.0,126.0
232.0,367.0,326.0,64.0,242.0,479.0,99.0,280.0,313.0,214.0,241.0,246.0,276.0,192.0,215.0
96.0,55.0,300.0,20.0,112.0,445.0,35.0,192.0,134.0,174.0,243.0,126.0,55.0,245.0,87.0
196.0,259.0,330.0,51.0,191.0,479.0,67.0,205.0,281.0,192.0,244.0,105.0,136.0,149.0,156.0
196.0,259.0,332.0,51.0,117.0,349.0,35.0,205.0,276.0,191.0,250.0,220.0,239.0,150.0,87.0
123.0,188.0,267.0,29.0,202.0,277.0,79.0,148.0,178.0,151.0,200.0,162.0,123.0,101.0,175.0
181.0,234.0,500.0,45.0,229.0,310.0,86.0,363.0,232.0,304.0,408.0,428.0,176.0,275.0,190.0
181.0,232.0,298.0,45.0,224.0,319.0,61.0,222.0,233.0,188.0,222.0,212.0,116.0,170.0,140.0
123.0,105.0,255.0,25.0,141.0,220.0,48.0,250.0,168.0,138.0,122.0,137.0,92.0,196.0,214.0
137.0,231.0,511.0,133.0,415.0,260.0,243.0,384.0,571.0,316.0,411.0,423.0,656.0,296.0,218.0
257.0,338.0,395.0,71.0,476.0,430.0,262.0,205.0,292.0,243.0,244.0,298.0,500.0,152.0,97.0
80.0,41.0,417.0,9.0,47.0,102.0,9.0,312.0,224.0,75.0,345.0,61.0,33.0,256.0,32.0
123.0,109.0,485.0,36.0,208.0,211.0,78.0,342.0,272.0,296.0,389.0,355.0,158.0,258.0,175.0
123.0,95.0,206.0,15.0,50.0,205.0,15.0,62.0,109.0,105.0,123.0,98.0,33.0,35.0,91.0
97.0,56.0,206.0,16.0,83.0,155.0,26.0,73.0,117.0,103.0,128.0,84.0,46.0,66.0,64.0
80.0,41.0,570.0,11.0,47.0,102.0,16.0,156.0,95.0,411.0,508.0,138.0,33.0,173.0,44.0
70.0,92.0,111.0,6.0,15.0,210.0,1.0,26.0,33.0,63.0,5.0,47.0,4.0,57.0,11.0
138.0,154.0,312.0,51.0,117.0,253.0,35.0,202.0,271.0,187.0,238.0,212.0,59.0,58.0,93.0
124.0,108.0,251.0,25.0,138.0,215.0,46.0,140.0,163.0,129.0,176.0,124.0,103.0,91.0,87.0
163.0,215.0,311.0,36.0,83.0,293.0,23.0,198.0,210.0,184.0,100.0,207.0,168.0,145.0,55.0
104.0,62.0,224.0,20.0,175.0,156.0,35.0,94.0,132.0,120.0,158.0,114.0,55.0,68.0,172.0
999.0,999.0,999.0,999.0,999.0,999.0,999.0,999.0,999.0,999.0,681.0,894.0,999.0,999.0,999.0
163.0,253.0,395.0,30.0,43.0,348.0,6.0,297.0,178.0,151.0,321.0,162.0,26.0,217.0,25.0
97.0,56.0,580.0,183.0,155.0,155.0,629.0,470.0,86.0,404.0,500.0,799.0,888.0,319.0,74.0
233.0,316.0,266.0,65.0,311.0,388.0,184.0,154.0,314.0,223.0,201.0,304.0,284.0,72.0,334.0
100.0,76.0,693.0,23.0,128.0,197.0,46.0,718.0,163.0,132.0,658.0,127.0,84.0,458.0,94.0
105.0,182.0,266.0,20.0,112.0,261.0,35.0,154.0,109.0,144.0,234.0,158.0,55.0,102.0,87.0
182.0,316.0,323.0,50.0,277.0,390.0,150.0,204.0,253.0,192.0,175.0,449.0,211.0,169.0,250.0
410.0,764.0,657.0,159.0,243.0,294.0,99.0,508.0,616.0,306.0,274.0,428.0,204.0,314.0,234.0
121.0,106.0,240.0,29.0,175.0,214.0,58.0,109.0,177.0,129.0,157.0,127.0,108.0,76.0,107.0
103.0,72.0,386.0,18.0,229.0,155.0,85.0,296.0,122.0,112.0,320.0,100.0,51.0,149.0,201.0
126.0,133.0,255.0,27.0,117.0,220.0,37.0,141.0,171.0,139.0,326.0,139.0,76.0,92.0,94.0
114.0,95.0,240.0,22.0,117.0,205.0,37.0,111.0,144.0,129.0,160.0,126.0,68.0,71.0,87.0
146.0,89.0,347.0,60.0,279.0,193.0,150.0,225.0,293.0,203.0,264.0,264.0,270.0,185.0,274.0
182.0,64.0,330.0,50.0,134.0,156.0,45.0,205.0,180.0,192.0,241.0,241.0,77.0,152.0,110.0
132.0,137.0,260.0,29.0,161.0,249.0,53.0,148.0,158.0,144.0,189.0,155.0,101.0,96.0,116.0
154.0,188.0,283.0,34.0,243.0,213.0,99.0,156.0,139.0,156.0,208.0,178.0,48.0,107.0,88.0
154.0,185.0,281.0,34.0,208.0,261.0,75.0,165.0,177.0,154.0,215.0,172.0,149.0,129.0,175.0
235.0,185.0,294.0,133.0,524.0,256.0,367.0,176.0,571.0,319.0,214.0,456.0,624.0,116.0,469.0
160.0,212.0,299.0,36.0,200.0,294.0,79.0,186.0,223.0,167.0,230.0,186.0,156.0,133.0,180.0
138.0,129.0,279.0,29.0,174.0,200.0,58.0,160.0,173.0,154.0,203.0,165.0,103.0,107.0,157.0
94.0,173.0,212.0,16.0,184.0,256.0,61.0,83.0,165.0,108.0,126.0,98.0,45.0,64.0,153.0
206.0,27.0,386.0,56.0,278.0,56.0,138.0,297.0,302.0,246.0,320.0,302.0,264.0,217.0,274.0
80.0,41.0,337.0,60.0,322.0,101.0,213.0,214.0,302.0,252.0,249.0,305.0,270.0,162.0,66.0
288.0,423.0,457.0,91.0,294.0,741.0,170.0,322.0,466.0,275.0,206.0,348.0,438.0,246.0,178.0
288.0,205.0,500.0,114.0,175.0,687.0,58.0,323.0,545.0,304.0,408.0,346.0,583.0,314.0,96.0
246.0,325.0,204.0,35.0,434.0,439.0,262.0,90.0,199.0,156.0,84.0,185.0,334.0,65.0,566.0
86.0,47.0,111.0,15.0,73.0,124.0,19.0,16.0,103.0,101.0,8.0,72.0,40.0,20.0,43.0
288.0,461.0,206.0,53.0,123.0,479.0,107.0,65.0,290.0,197.0,126.0,312.0,211.0,55.0,96.0
160.0,210.0,311.0,36.0,174.0,293.0,58.0,197.0,205.0,176.0,222.0,197.0,103.0,137.0,134.0
181.0,235.0,317.0,46.0,83.0,328.0,23.0,205.0,239.0,188.0,239.0,214.0,113.0,82.0,55.0
212.0,131.0,330.0,60.0,98.0,156.0,79.0,124.0,302.0,193.0,244.0,236.0,269.0,90.0,77.0
122.0,78.0,187.0,11.0,47.0,193.0,9.0,47.0,99.0,83.0,8.0,70.0,33.0,26.0,32.0
376.0,717.0,532.0,137.0,434.0,706.0,274.0,406.0,570.0,346.0,297.0,463.0,524.0,305.0,566.0
271.0,90.0,208.0,16.0,181.0,200.0,61.0,82.0,109.0,106.0,122.0,92.0,116.0,57.0,31.0
338.0,694.0,260.0,14.0,331.0,656.0,29.0,103.0,145.0,92.0,320.0,76.0,127.0,72.0,170.0
180.0,233.0,317.0,45.0,261.0,277.0,127.0,202.0,237.0,188.0,240.0,207.0,200.0,148.0,234.0
229.0,137.0,340.0,63.0,54.0,216.0,18.0,222.0,314.0,201.0,226.0,248.0,36.0,167.0,43.0
377.0,764.0,564.0,148.0,218.0,425.0,78.0,440.0,616.0,346.0,470.0,185.0,158.0,312.0,180.0
374.0,693.0,582.0,137.0,248.0,362.0,101.0,470.0,571.0,411.0,509.0,178.0,726.0,314.0,216.0
125.0,130.0,256.0,26.0,155.0,328.0,50.0,39.0,194.0,138.0,187.0,139.0,92.0,24.0,156.0
235.0,317.0,347.0,65.0,310.0,393.0,174.0,49.0,314.0,214.0,320.0,164.0,284.0,27.0,316.0
183.0,221.0,323.0,50.0,229.0,362.0,92.0,204.0,253.0,190.0,222.0,248.0,191.0,150.0,242.0
100.0,63.0,214.0,17.0,89.0,155.0,30.0,103.0,119.0,108.0,128.0,98.0,46.0,72.0,73.0
176.0,214.0,336.0,41.0,89.0,312.0,94.0,285.0,223.0,182.0,248.0,207.0,191.0,202.0,74.0
154.0,55.0,187.0,22.0,161.0,155.0,46.0,49.0,204.0,129.0,78.0,125.0,73.0,16.0,125.0
104.0,78.0,224.0,20.0,184.0,175.0,35.0,97.0,191.0,115.0,149.0,100.0,55.0,72.0,155.0
217.0,301.0,542.0,60.0,279.0,319.0,147.0,420.0,302.0,346.0,295.0,127.0,269.0,309.0,126.0
97.0,55.0,247.0,16.0,104.0,155.0,29.0,103.0,117.0,108.0,173.0,98.0,46.0,72.0,84.0
999.0,999.0,999.0,999.0,999.0,999.0,999.0,999.0,999.0,999.0,208.0,894.0,999.0,409.0,999.0
120.0,104.0,396.0,87.0,341.0,212.0,237.0,297.0,430.0,269.0,309.0,322.0,406.0,218.0,416.0
428.0,764.0,693.0,183.0,237.0,767.0,101.0,565.0,332.0,580.0,658.0,894.0,888.0,412.0,212.0
114.0,717.0,240.0,22.0,132.0,706.0,38.0,115.0,483.0,129.0,157.0,117.0,70.0,133.0,107.0
237.0,325.0,488.0,96.0,104.0,369.0,76.0,353.0,466.0,296.0,400.0,353.0,155.0,269.0,87.0
152.0,180.0,204.0,33.0,176.0,260.0,61.0,78.0,164.0,154.0,117.0,218.0,127.0,57.0,154.0
270.0,391.0,747.0,80.0,341.0,460.0,220.0,481.0,419.0,660.0,658.0,894.0,330.0,328.0,242.0
257.0,95.0,240.0,71.0,344.0,124.0,226.0,111.0,341.0,243.0,165.0,298.0,337.0,72.0,422.0
237.0,322.0,361.0,67.0,310.0,397.0,174.0,273.0,314.0,227.0,414.0,280.0,284.0,134.0,329.0
330.0,612.0,530.0,112.0,360.0,534.0,339.0,398.0,498.0,319.0,88.0,457.0,583.0,503.0,455.0
91.0,48.0,201.0,15.0,83.0,206.0,23.0,251.0,107.0,92.0,100.0,76.0,42.0,184.0,55.0
330.0,515.0,580.0,183.0,229.0,518.0,76.0,470.0,676.0,404.0,274.0,580.0,864.0,318.0,190.0
375.0,709.0,417.0,96.0,476.0,687.0,262.0,316.0,466.0,275.0,243.0,98.0,494.0,218.0,308.0
206.0,284.0,339.0,56.0,261.0,373.0,126.0,200.0,292.0,199.0,250.0,244.0,256.0,87.0,242.0
83.0,41.0,111.0,12.0,208.0,87.0,65.0,16.0,99.0,130.0,203.0,127.0,36.0,16.0,175.0
120.0,105.0,392.0,20.0,106.0,211.0,35.0,293.0,132.0,156.0,320.0,175.0,55.0,208.0,87.0
271.0,403.0,372.0,87.0,446.0,175.0,253.0,313.0,571.0,269.0,302.0,322.0,438.0,247.0,582.0
111.0,89.0,223.0,21.0,117.0,191.0,35.0,83.0,134.0,120.0,157.0,117.0,59.0,62.0,89.0
71.0,27.0,111.0,6.0,43.0,56.0,5.0,32.0,33.0,75.0,0.0,68.0,23.0,72.0,125.0
376.0,717.0,530.0,146.0,429.0,437.0,254.0,377.0,503.0,347.0,419.0,463.0,693.0,292.0,574.0
124.0,129.0,396.0,77.0,322.0,222.0,213.0,264.0,400.0,252.0,325.0,305.0,330.0,218.0,56.0
235.0,133.0,530.0,65.0,310.0,238.0,171.0,403.0,314.0,223.0,414.0,346.0,284.0,305.0,329.0
257.0,281.0,374.0,71.0,403.0,365.0,230.0,470.0,292.0,243.0,298.0,282.0,334.0,319.0,469.0
181.0,233.0,316.0,45.0,303.0,310.0,99.0,201.0,237.0,188.0,248.0,214.0,200.0,146.0,234.0
178.0,231.0,214.0,45.0,191.0,259.0,95.0,83.0,210.0,108.0,128.0,100.0,195.0,64.0,158.0
157.0,200.0,661.0,217.0,145.0,276.0,50.0,509.0,369.0,416.0,483.0,822.0,583.0,583.0,118.0
126.0,135.0,187.0,6.0,28.0,241.0,2.0,32.0,33.0,82.0,100.0,72.0,5.0,218.0,32.0
270.0,188.0,639.0,80.0,341.0,289.0,220.0,490.0,430.0,411.0,458.0,803.0,336.0,409.0,582.0
52.0,105.0,457.0,50.0,188.0,205.0,106.0,323.0,170.0,273.0,366.0,323.0,211.0,247.0,156.0
115.0,95.0,190.0,15.0,75.0,206.0,22.0,132.0,99.0,105.0,91.0,50.0,40.0,81.0,55.0
156.0,187.0,252.0,35.0,278.0,270.0,139.0,83.0,191.0,156.0,176.0,178.0,264.0,64.0,275.0
77.0,41.0,157.0,8.0,188.0,102.0,50.0,32.0,107.0,71.0,274.0,21.0,27.0,184.0,156.0
266.0,40.0,392.0,80.0,341.0,56.0,220.0,297.0,425.0,252.0,320.0,304.0,334.0,218.0,341.0
103.0,43.0,222.0,18.0,117.0,127.0,33.0,92.0,122.0,113.0,130.0,105.0,52.0,613.0,881.0
96.0,55.0,212.0,16.0,106.0,155.0,35.0,83.0,120.0,108.0,128.0,98.0,54.0,26.0,83.0
154.0,188.0,283.0,34.0,151.0,268.0,82.0,176.0,193.0,156.0,208.0,282.0,145.0,125.0,119.0
330.0,694.0,491.0,117.0,176.0,663.0,61.0,358.0,547.0,304.0,264.0,449.0,109.0,269.0,153.0
295.0,87.0,457.0,96.0,446.0,203.0,258.0,323.0,466.0,275.0,366.0,338.0,450.0,291.0,582.0
181.0,234.0,312.0,45.0,165.0,341.0,54.0,198.0,288.0,188.0,238.0,197.0,101.0,76.0,127.0
237.0,323.0,356.0,66.0,310.0,407.0,180.0,259.0,332.0,225.0,287.0,282.0,284.0,184.0,331.0
374.0,693.0,386.0,97.0,177.0,372.0,54.0,293.0,168.0,293.0,326.0,355.0,579.0,208.0,158.0
94.0,43.0,208.0,16.0,55.0,418.0,23.0,92.0,109.0,108.0,126.0,98.0,42.0,66.0,99.0
83.0,42.0,201.0,12.0,55.0,101.0,18.0,61.0,98.0,85.0,91.0,76.0,36.0,30.0,43.0
83.0,43.0,190.0,12.0,212.0,348.0,19.0,45.0,98.0,84.0,128.0,126.0,36.0,25.0,83.0
140.0,207.0,278.0,30.0,243.0,206.0,52.0,158.0,181.0,151.0,201.0,162.0,113.0,149.0,215.0
229.0,300.0,449.0,95.0,54.0,372.0,28.0,214.0,12.0,273.0,366.0,323.0,45.0,162.0,43.0
100.0,53.0,251.0,24.0,132.0,143.0,45.0,103.0,163.0,136.0,176.0,301.0,84.0,72.0,101.0
317.0,523.0,481.0,109.0,28.0,518.0,254.0,346.0,501.0,296.0,387.0,355.0,444.0,259.0,9.0
375.0,694.0,536.0,148.0,735.0,280.0,485.0,415.0,616.0,347.0,458.0,470.0,726.0,291.0,818.0
338.0,40.0,507.0,133.0,601.0,86.0,382.0,377.0,571.0,311.0,410.0,302.0,590.0,442.0,808.0
169.0,203.0,299.0,45.0,238.0,280.0,99.0,187.0,224.0,188.0,222.0,236.0,200.0,133.0,192.0
133.0,141.0,263.0,29.0,242.0,249.0,99.0,149.0,173.0,147.0,203.0,158.0,102.0,107.0,214.0
176.0,103.0,260.0,16.0,47.0,211.0,13.0,148.0,120.0,144.0,189.0,214.0,43.0,96.0,31.0
154.0,182.0,485.0,33.0,184.0,261.0,61.0,391.0,199.0,296.0,389.0,355.0,123.0,300.0,155.0
91.0,48.0,336.0,58.0,277.0,143.0,139.0,194.0,297.0,271.0,245.0,323.0,269.0,184.0,248.0
103.0,76.0,215.0,17.0,32.0,155.0,5.0,84.0,120.0,112.0,128.0,100.0,23.0,64.0,12.0
205.0,221.0,337.0,55.0,229.0,56.0,38.0,216.0,290.0,198.0,250.0,241.0,269.0,184.0,190.0
182.0,241.0,125.0,50.0,157.0,344.0,50.0,27.0,252.0,188.0,20.0,221.0,209.0,21.0,119.0
206.0,284.0,337.0,53.0,50.0,373.0,119.0,214.0,293.0,197.0,249.0,241.0,204.0,241.0,126.0
287.0,317.0,481.0,97.0,448.0,389.0,261.0,342.0,480.0,293.0,386.0,325.0,464.0,258.0,331.0
115.0,95.0,303.0,23.0,126.0,256.0,40.0,132.0,145.0,176.0,387.0,204.0,73.0,71.0,96.0
83.0,43.0,201.0,11.0,175.0,213.0,94.0,61.0,181.0,83.0,87.0,69.0,191.0,34.0,144.0
92.0,41.0,260.0,15.0,83.0,102.0,23.0,148.0,107.0,144.0,187.0,172.0,42.0,96.0,117.0
111.0,82.0,514.0,21.0,208.0,205.0,139.0,342.0,134.0,319.0,414.0,456.0,59.0,27.0,175.0
152.0,185.0,281.0,33.0,128.0,261.0,42.0,175.0,184.0,151.0,200.0,162.0,76.0,123.0,99.0
158.0,205.0,293.0,35.0,131.0,270.0,46.0,51.0,197.0,160.0,211.0,221.0,89.0,27.0,101.0
105.0,90.0,240.0,18.0,104.0,203.0,34.0,32.0,122.0,112.0,164.0,101.0,52.0,21.0,82.0
205.0,276.0,346.0,58.0,279.0,215.0,148.0,508.0,296.0,201.0,241.0,246.0,269.0,343.0,274.0
104.0,78.0,481.0,33.0,243.0,173.0,99.0,342.0,168.0,154.0,387.0,172.0,161.0,258.0,218.0
257.0,55.0,374.0,71.0,313.0,197.0,199.0,290.0,357.0,243.0,262.0,280.0,291.0,179.0,351.0
104.0,78.0,747.0,55.0,83.0,188.0,24.0,704.0,347.0,660.0,249.0,323.0,68.0,889.0,87.0
244.0,310.0,476.0,70.0,329.0,390.0,139.0,341.0,343.0,238.0,382.0,268.0,264.0,241.0,469.0
167.0,188.0,263.0,38.0,217.0,261.0,61.0,149.0,223.0,129.0,222.0,118.0,122.0,96.0,179.0
288.0,461.0,396.0,86.0,403.0,498.0,243.0,312.0,428.0,269.0,299.0,323.0,408.0,255.0,63.0
376.0,718.0,536.0,148.0,157.0,767.0,570.0,415.0,498.0,347.0,458.0,470.0,751.0,308.0,124.0
210.0,284.0,346.0,57.0,176.0,373.0,70.0,225.0,163.0,201.0,252.0,249.0,264.0,174.0,148.0
158.0,205.0,322.0,51.0,253.0,288.0,107.0,205.0,270.0,191.0,241.0,228.0,212.0,184.0,142.0
103.0,95.0,693.0,248.0,229.0,210.0,67.0,509.0,163.0,580.0,243.0,894.0,136.0,390.0,190.0
167.0,221.0,392.0,38.0,275.0,254.0,598.0,297.0,223.0,252.0,320.0,307.0,154.0,235.0,248.0
214.0,301.0,348.0,58.0,277.0,373.0,143.0,225.0,297.0,207.0,272.0,263.0,269.0,159.0,250.0
236.0,323.0,550.0,66.0,37.0,324.0,82.0,431.0,330.0,247.0,470.0,303.0,284.0,309.0,87.0
87.0,55.0,215.0,15.0,85.0,155.0,23.0,83.0,107.0,112.0,165.0,101.0,42.0,305.0,64.0
97.0,78.0,208.0,16.0,75.0,86.0,29.0,32.0,117.0,107.0,122.0,95.0,46.0,21.0,55.0
165.0,205.0,294.0,36.0,206.0,288.0,78.0,176.0,210.0,166.0,236.0,186.0,158.0,107.0,170.0
156.0,174.0,290.0,34.0,106.0,259.0,33.0,176.0,195.0,156.0,215.0,178.0,149.0,125.0,87.0
132.0,137.0,351.0,51.0,260.0,249.0,121.0,115.0,270.0,214.0,290.0,264.0,219.0,58.0,238.0
126.0,131.0,255.0,27.0,165.0,160.0,54.0,144.0,170.0,139.0,179.0,101.0,90.0,66.0,127.0
330.0,612.0,417.0,128.0,161.0,390.0,53.0,313.0,545.0,306.0,408.0,430.0,590.0,241.0,126.0
123.0,109.0,738.0,24.0,137.0,253.0,46.0,718.0,168.0,524.0,833.0,894.0,89.0,496.0,111.0
163.0,215.0,300.0,36.0,234.0,296.0,96.0,187.0,199.0,174.0,230.0,197.0,168.0,145.0,81.0
270.0,205.0,438.0,86.0,311.0,281.0,180.0,297.0,428.0,271.0,338.0,316.0,369.0,217.0,334.0
182.0,235.0,316.0,49.0,242.0,348.0,99.0,201.0,239.0,188.0,236.0,220.0,202.0,159.0,214.0
237.0,323.0,355.0,67.0,255.0,390.0,107.0,280.0,330.0,223.0,218.0,268.0,212.0,201.0,175.0
103.0,338.0,283.0,19.0,105.0,429.0,33.0,168.0,125.0,156.0,321.0,175.0,54.0,131.0,110.0
171.0,225.0,310.0,41.0,188.0,310.0,67.0,195.0,222.0,182.0,200.0,190.0,195.0,184.0,156.0
206.0,331.0,0.0,0.0,17.0,425.0,0.0,0.0,0.0,0.0,0.0,105.0,0.0,16.0,9.0
104.0,76.0,564.0,19.0,100.0,445.0,33.0,251.0,144.0,192.0,500.0,268.0,54.0,184.0,80.0
268.0,373.0,395.0,85.0,476.0,425.0,262.0,297.0,425.0,256.0,321.0,312.0,464.0,185.0,566.0
122.0,108.0,207.0,23.0,310.0,215.0,184.0,83.0,168.0,132.0,117.0,61.0,288.0,62.0,329.0
236.0,234.0,353.0,66.0,311.0,344.0,184.0,90.0,38.0,225.0,286.0,282.0,284.0,66.0,334.0
259.0,278.0,206.0,71.0,310.0,310.0,184.0,78.0,498.0,207.0,320.0,248.0,288.0,68.0,331.0
266.0,367.0,648.0,80.0,80.0,418.0,222.0,493.0,428.0,252.0,230.0,305.0,336.0,510.0,55.0
330.0,323.0,440.0,91.0,211.0,430.0,243.0,316.0,454.0,273.0,345.0,323.0,408.0,241.0,175.0
167.0,207.0,386.0,38.0,227.0,294.0,85.0,296.0,198.0,246.0,320.0,301.0,175.0,213.0,183.0
123.0,115.0,252.0,24.0,132.0,261.0,45.0,323.0,163.0,137.0,187.0,307.0,92.0,81.0,107.0
83.0,41.0,294.0,15.0,73.0,87.0,19.0,192.0,98.0,105.0,187.0,84.0,36.0,137.0,45.0
146.0,169.0,279.0,30.0,176.0,255.0,61.0,158.0,182.0,153.0,203.0,163.0,122.0,107.0,153.0
237.0,323.0,590.0,67.0,151.0,422.0,258.0,509.0,223.0,227.0,527.0,282.0,288.0,408.0,140.0
182.0,194.0,317.0,49.0,237.0,281.0,99.0,202.0,205.0,188.0,240.0,220.0,202.0,132.0,215.0
202.0,261.0,564.0,51.0,233.0,373.0,138.0,313.0,454.0,381.0,419.0,346.0,264.0,235.0,192.0
163.0,215.0,323.0,33.0,212.0,296.0,78.0,204.0,193.0,154.0,241.0,173.0,161.0,55.0,183.0
232.0,222.0,180.0,64.0,331.0,308.0,170.0,39.0,313.0,223.0,64.0,282.0,276.0,24.0,406.0
152.0,180.0,215.0,33.0,112.0,260.0,35.0,84.0,162.0,112.0,128.0,101.0,128.0,64.0,93.0
295.0,182.0,447.0,96.0,446.0,261.0,258.0,322.0,483.0,273.0,298.0,322.0,450.0,208.0,582.0
429.0,769.0,514.0,183.0,723.0,809.0,396.0,346.0,501.0,404.0,410.0,374.0,905.0,259.0,69.0
104.0,78.0,648.0,12.0,112.0,173.0,35.0,490.0,330.0,416.0,203.0,822.0,59.0,331.0,87.0
147.0,348.0,283.0,36.0,0.0,439.0,391.0,168.0,205.0,154.0,207.0,133.0,726.0,107.0,0.0
214.0,300.0,385.0,78.0,341.0,365.0,220.0,264.0,425.0,247.0,410.0,282.0,334.0,192.0,406.0
156.0,193.0,283.0,33.0,100.0,276.0,33.0,168.0,311.0,154.0,207.0,156.0,52.0,116.0,81.0
103.0,71.0,224.0,18.0,73.0,159.0,35.0,98.0,120.0,120.0,298.0,118.0,51.0,72.0,44.0
115.0,95.0,283.0,23.0,117.0,203.0,39.0,440.0,145.0,132.0,208.0,127.0,70.0,312.0,69.0
178.0,292.0,347.0,45.0,310.0,315.0,180.0,296.0,12.0,184.0,239.0,207.0,288.0,77.0,329.0
377.0,43.0,532.0,143.0,723.0,118.0,396.0,403.0,570.0,347.0,419.0,463.0,656.0,305.0,183.0
114.0,92.0,208.0,23.0,131.0,191.0,45.0,62.0,145.0,108.0,110.0,100.0,77.0,35.0,96.0
124.0,129.0,252.0,24.0,160.0,221.0,46.0,124.0,171.0,137.0,177.0,137.0,90.0,292.0,154.0
80.0,41.0,187.0,11.0,47.0,102.0,15.0,32.0,86.0,83.0,88.0,72.0,33.0,21.0,32.0
311.0,47.0,487.0,109.0,503.0,127.0,274.0,420.0,503.0,296.0,394.0,355.0,524.0,291.0,216.0
163.0,232.0,491.0,36.0,229.0,319.0,82.0,415.0,187.0,304.0,394.0,446.0,168.0,308.0,181.0
138.0,163.0,183.0,20.0,112.0,254.0,35.0,32.0,105.0,92.0,63.0,76.0,55.0,16.0,87.0
154.0,169.0,283.0,33.0,255.0,256.0,106.0,168.0,191.0,154.0,207.0,173.0,48.0,628.0,63.0
125.0,129.0,125.0,6.0,17.0,255.0,1.0,10.0,33.0,58.0,582.0,23.0,4.0,16.0,74.0
0.0,0.0,72.0,0.0,0.0,0.0,0.0,205.0,122.0,0.0,120.0,0.0,0.0,152.0,0.0
176.0,229.0,215.0,14.0,88.0,315.0,19.0,83.0,122.0,112.0,126.0,100.0,36.0,64.0,71.0
113.0,90.0,240.0,21.0,58.0,205.0,50.0,111.0,139.0,129.0,157.0,118.0,92.0,76.0,44.0
111.0,87.0,310.0,16.0,47.0,397.0,9.0,195.0,119.0,106.0,241.0,92.0,33.0,134.0,32.0
211.0,278.0,312.0,51.0,104.0,374.0,105.0,198.0,237.0,185.0,238.0,207.0,212.0,87.0,84.0
183.0,261.0,260.0,182.0,123.0,362.0,40.0,148.0,660.0,381.0,188.0,244.0,905.0,96.0,96.0
256.0,332.0,322.0,46.0,227.0,430.0,85.0,565.0,215.0,188.0,241.0,799.0,176.0,17.0,154.0
73.0,45.0,157.0,7.0,32.0,127.0,5.0,32.0,46.0,71.0,64.0,58.0,23.0,21.0,12.0
152.0,182.0,293.0,35.0,277.0,261.0,143.0,176.0,199.0,160.0,211.0,236.0,269.0,122.0,250.0
103.0,90.0,294.0,23.0,176.0,203.0,61.0,194.0,164.0,165.0,152.0,162.0,123.0,137.0,154.0
182.0,225.0,278.0,30.0,131.0,310.0,45.0,156.0,181.0,151.0,201.0,162.0,83.0,409.0,101.0
112.0,90.0,204.0,21.0,117.0,193.0,37.0,132.0,139.0,99.0,110.0,76.0,59.0,82.0,101.0
102.0,71.0,207.0,16.0,83.0,159.0,23.0,78.0,109.0,106.0,119.0,91.0,42.0,90.0,54.0
139.0,207.0,283.0,33.0,37.0,296.0,67.0,168.0,147.0,154.0,207.0,174.0,139.0,88.0,4.0
96.0,55.0,180.0,97.0,415.0,306.0,253.0,39.0,500.0,278.0,63.0,323.0,438.0,25.0,178.0
152.0,179.0,266.0,33.0,202.0,249.0,75.0,154.0,187.0,151.0,200.0,162.0,154.0,102.0,173.0
235.0,316.0,382.0,65.0,429.0,390.0,247.0,240.0,314.0,246.0,309.0,302.0,284.0,312.0,566.0
104.0,78.0,340.0,41.0,228.0,143.0,92.0,222.0,233.0,176.0,252.0,203.0,204.0,170.0,139.0
178.0,231.0,590.0,45.0,184.0,296.0,99.0,322.0,213.0,187.0,149.0,204.0,195.0,292.0,155.0
102.0,42.0,532.0,17.0,89.0,118.0,32.0,391.0,122.0,347.0,500.0,470.0,48.0,300.0,74.0
183.0,276.0,317.0,49.0,233.0,365.0,96.0,204.0,199.0,188.0,241.0,220.0,195.0,149.0,216.0
182.0,235.0,322.0,50.0,228.0,241.0,85.0,204.0,252.0,188.0,241.0,221.0,209.0,150.0,187.0
154.0,188.0,528.0,30.0,161.0,270.0,53.0,398.0,76.0,322.0,419.0,457.0,101.0,305.0,126.0
377.0,694.0,532.0,148.0,310.0,656.0,570.0,406.0,568.0,347.0,333.0,212.0,864.0,308.0,329.0
156.0,212.0,207.0,36.0,202.0,294.0,75.0,78.0,223.0,167.0,123.0,186.0,156.0,305.0,173.0
154.0,188.0,283.0,34.0,188.0,208.0,67.0,132.0,193.0,156.0,210.0,175.0,145.0,82.0,156.0
330.0,261.0,481.0,97.0,448.0,227.0,261.0,342.0,480.0,296.0,373.0,353.0,464.0,258.0,216.0
126.0,131.0,255.0,27.0,257.0,238.0,119.0,285.0,168.0,140.0,299.0,149.0,92.0,202.0,231.0
171.0,233.0,316.0,45.0,134.0,319.0,45.0,201.0,233.0,188.0,239.0,212.0,77.0,58.0,148.0
154.0,188.0,476.0,34.0,202.0,294.0,75.0,341.0,193.0,296.0,389.0,355.0,154.0,174.0,173.0
158.0,205.0,283.0,35.0,73.0,288.0,78.0,32.0,199.0,144.0,207.0,160.0,156.0,58.0,42.0
158.0,205.0,278.0,30.0,176.0,225.0,61.0,509.0,173.0,151.0,201.0,162.0,116.0,408.0,154.0
154.0,187.0,187.0,33.0,188.0,270.0,67.0,15.0,122.0,82.0,87.0,101.0,140.0,16.0,156.0
137.0,154.0,224.0,29.0,191.0,254.0,65.0,98.0,178.0,120.0,148.0,92.0,108.0,72.0,157.0
100.0,62.0,239.0,17.0,132.0,155.0,30.0,103.0,119.0,106.0,149.0,76.0,46.0,72.0,107.0
224.0,300.0,476.0,137.0,569.0,373.0,367.0,341.0,571.0,296.0,400.0,355.0,639.0,240.0,134.0
137.0,154.0,293.0,36.0,257.0,256.0,78.0,176.0,210.0,166.0,211.0,186.0,158.0,129.0,231.0
129.0,133.0,255.0,27.0,89.0,241.0,32.0,201.0,170.0,139.0,187.0,173.0,48.0,148.0,74.0
91.0,42.0,208.0,16.0,89.0,249.0,30.0,80.0,122.0,108.0,117.0,98.0,43.0,57.0,73.0
165.0,219.0,488.0,38.0,226.0,297.0,83.0,353.0,213.0,293.0,321.0,330.0,174.0,269.0,175.0
126.0,130.0,255.0,27.0,175.0,254.0,58.0,322.0,171.0,139.0,182.0,138.0,103.0,205.0,139.0
113.0,90.0,240.0,23.0,128.0,241.0,42.0,109.0,145.0,129.0,157.0,118.0,76.0,72.0,202.0
76.0,37.0,283.0,8.0,261.0,87.0,121.0,148.0,139.0,99.0,207.0,76.0,12.0,408.0,404.0
377.0,709.0,549.0,148.0,89.0,160.0,30.0,420.0,545.0,347.0,470.0,470.0,751.0,318.0,69.0
80.0,41.0,206.0,11.0,131.0,102.0,43.0,62.0,54.0,83.0,187.0,58.0,33.0,101.0,156.0
266.0,372.0,204.0,77.0,186.0,445.0,96.0,62.0,347.0,99.0,108.0,76.0,656.0,35.0,155.0
140.0,185.0,278.0,30.0,176.0,270.0,61.0,290.0,184.0,151.0,201.0,162.0,116.0,205.0,153.0
94.0,55.0,500.0,13.0,117.0,127.0,2.0,363.0,119.0,304.0,408.0,428.0,10.0,269.0,93.0
134.0,145.0,852.0,27.0,161.0,250.0,53.0,940.0,171.0,140.0,470.0,151.0,92.0,617.0,148.0
181.0,238.0,316.0,45.0,230.0,344.0,99.0,201.0,224.0,188.0,220.0,207.0,200.0,148.0,201.0
133.0,141.0,500.0,29.0,85.0,249.0,26.0,363.0,173.0,304.0,408.0,428.0,102.0,291.0,64.0
73.0,27.0,126.0,6.0,37.0,56.0,5.0,29.0,38.0,67.0,470.0,23.0,19.0,25.0,12.0
205.0,276.0,316.0,51.0,200.0,365.0,94.0,280.0,222.0,191.0,248.0,228.0,191.0,201.0,198.0
176.0,203.0,322.0,43.0,218.0,205.0,79.0,204.0,12.0,188.0,241.0,221.0,161.0,150.0,179.0
97.0,56.0,267.0,16.0,229.0,155.0,86.0,154.0,117.0,153.0,200.0,164.0,48.0,102.0,190.0
178.0,235.0,999.0,41.0,237.0,319.0,82.0,999.0,223.0,182.0,758.0,140.0,171.0,617.0,110.0
154.0,188.0,300.0,34.0,202.0,270.0,75.0,189.0,193.0,188.0,226.0,236.0,150.0,491.0,173.0
999.0,999.0,999.0,999.0,278.0,999.0,147.0,999.0,999.0,999.0,230.0,999.0,999.0,999.0,102.0
156.0,55.0,336.0,36.0,126.0,143.0,38.0,206.0,198.0,167.0,245.0,186.0,70.0,82.0,95.0
167.0,225.0,300.0,38.0,230.0,310.0,86.0,192.0,223.0,176.0,226.0,197.0,176.0,255.0,119.0
80.0,41.0,187.0,9.0,47.0,101.0,9.0,49.0,76.0,82.0,87.0,72.0,33.0,16.0,31.0
156.0,227.0,283.0,34.0,197.0,306.0,75.0,168.0,195.0,156.0,206.0,178.0,149.0,133.0,179.0
169.0,227.0,351.0,46.0,145.0,312.0,50.0,601.0,239.0,275.0,274.0,301.0,209.0,339.0,178.0
114.0,92.0,242.0,22.0,227.0,203.0,99.0,132.0,172.0,132.0,165.0,155.0,48.0,201.0,180.0
181.0,234.0,263.0,49.0,229.0,429.0,92.0,130.0,239.0,147.0,188.0,158.0,204.0,131.0,187.0
374.0,693.0,346.0,57.0,277.0,365.0,139.0,225.0,293.0,201.0,286.0,248.0,264.0,145.0,247.0
77.0,41.0,207.0,3.0,15.0,87.0,1.0,476.0,184.0,42.0,117.0,25.0,4.0,321.0,4.0
428.0,718.0,481.0,96.0,294.0,222.0,98.0,342.0,466.0,296.0,387.0,353.0,196.0,258.0,240.0
84.0,0.0,184.0,11.0,524.0,0.0,19.0,45.0,86.0,83.0,252.0,72.0,33.0,58.0,160.0
73.0,27.0,255.0,6.0,243.0,56.0,7.0,313.0,50.0,67.0,189.0,47.0,19.0,241.0,218.0
236.0,320.0,396.0,66.0,310.0,389.0,174.0,470.0,333.0,247.0,321.0,304.0,284.0,319.0,329.0
182.0,241.0,252.0,50.0,258.0,348.0,108.0,140.0,270.0,167.0,177.0,197.0,211.0,111.0,175.0
429.0,612.0,570.0,185.0,117.0,534.0,35.0,469.0,363.0,404.0,500.0,196.0,656.0,314.0,89.0
101.0,71.0,208.0,17.0,341.0,159.0,220.0,82.0,162.0,112.0,123.0,101.0,529.0,245.0,333.0
146.0,174.0,293.0,31.0,175.0,261.0,58.0,59.0,180.0,138.0,210.0,137.0,123.0,30.0,131.0
163.0,215.0,294.0,36.0,229.0,297.0,94.0,181.0,210.0,167.0,215.0,187.0,168.0,510.0,201.0
80.0,41.0,187.0,9.0,47.0,102.0,9.0,47.0,76.0,82.0,87.0,69.0,33.0,26.0,32.0
178.0,232.0,313.0,45.0,141.0,319.0,101.0,202.0,227.0,187.0,238.0,208.0,195.0,148.0,69.0
316.0,515.0,485.0,104.0,262.0,404.0,139.0,885.0,213.0,296.0,389.0,355.0,494.0,613.0,247.0
95.0,55.0,855.0,97.0,161.0,155.0,53.0,940.0,501.0,293.0,999.0,346.0,177.0,583.0,126.0
77.0,40.0,184.0,8.0,15.0,260.0,1.0,45.0,69.0,81.0,88.0,68.0,27.0,25.0,4.0
113.0,90.0,294.0,20.0,112.0,200.0,35.0,176.0,122.0,130.0,208.0,126.0,55.0,129.0,87.0
125.0,129.0,281.0,27.0,134.0,280.0,45.0,165.0,177.0,154.0,203.0,165.0,84.0,129.0,215.0
96.0,55.0,386.0,70.0,260.0,306.0,121.0,316.0,343.0,246.0,320.0,302.0,239.0,241.0,174.0
333.0,618.0,542.0,128.0,303.0,241.0,367.0,420.0,501.0,356.0,465.0,158.0,588.0,309.0,329.0
178.0,234.0,316.0,45.0,227.0,328.0,92.0,201.0,232.0,188.0,240.0,355.0,196.0,146.0,183.0
414.0,769.0,170.0,12.0,86.0,809.0,28.0,32.0,95.0,67.0,57.0,50.0,45.0,24.0,69.0
178.0,229.0,183.0,33.0,177.0,315.0,69.0,45.0,193.0,82.0,64.0,70.0,145.0,28.0,154.0
214.0,281.0,348.0,60.0,278.0,365.0,147.0,228.0,227.0,207.0,310.0,263.0,269.0,202.0,82.0
83.0,43.0,320.0,12.0,117.0,127.0,37.0,202.0,99.0,188.0,240.0,221.0,288.0,148.0,94.0
126.0,131.0,204.0,27.0,85.0,235.0,28.0,59.0,171.0,141.0,122.0,204.0,54.0,28.0,66.0
214.0,301.0,294.0,35.0,206.0,382.0,75.0,180.0,199.0,165.0,215.0,207.0,154.0,130.0,175.0
126.0,130.0,279.0,30.0,174.0,230.0,59.0,163.0,182.0,153.0,203.0,163.0,109.0,92.0,153.0
123.0,103.0,251.0,24.0,253.0,211.0,46.0,132.0,171.0,137.0,175.0,214.0,89.0,312.0,220.0
113.0,90.0,240.0,21.0,100.0,210.0,50.0,109.0,198.0,129.0,157.0,118.0,639.0,76.0,80.0
126.0,131.0,240.0,27.0,168.0,390.0,54.0,509.0,170.0,139.0,164.0,140.0,101.0,339.0,131.0
123.0,109.0,252.0,24.0,132.0,656.0,45.0,140.0,164.0,137.0,177.0,158.0,85.0,131.0,125.0
180.0,233.0,316.0,45.0,257.0,259.0,99.0,353.0,271.0,188.0,243.0,221.0,200.0,132.0,231.0
156.0,276.0,292.0,35.0,446.0,373.0,237.0,176.0,198.0,156.0,210.0,181.0,380.0,106.0,80.0
271.0,323.0,320.0,87.0,415.0,362.0,243.0,62.0,430.0,269.0,238.0,325.0,408.0,35.0,274.0
316.0,515.0,294.0,133.0,186.0,491.0,65.0,180.0,571.0,171.0,203.0,355.0,500.0,131.0,155.0
237.0,227.0,461.0,65.0,168.0,255.0,165.0,312.0,314.0,214.0,373.0,81.0,284.0,219.0,107.0
217.0,434.0,347.0,60.0,208.0,484.0,138.0,969.0,302.0,203.0,245.0,263.0,270.0,628.0,175.0
123.0,128.0,126.0,6.0,85.0,221.0,29.0,29.0,54.0,61.0,320.0,21.0,46.0,57.0,66.0
287.0,423.0,411.0,89.0,128.0,429.0,23.0,312.0,81.0,264.0,320.0,264.0,369.0,247.0,94.0
126.0,257.0,266.0,27.0,200.0,348.0,75.0,154.0,171.0,141.0,200.0,156.0,150.0,102.0,172.0
376.0,718.0,536.0,148.0,184.0,214.0,254.0,420.0,425.0,347.0,458.0,457.0,419.0,309.0,155.0
80.0,41.0,184.0,9.0,47.0,102.0,9.0,59.0,76.0,80.0,126.0,68.0,33.0,305.0,32.0
103.0,76.0,220.0,18.0,106.0,159.0,35.0,90.0,145.0,113.0,128.0,101.0,55.0,208.0,87.0
314.0,474.0,536.0,128.0,184.0,490.0,67.0,398.0,601.0,347.0,582.0,428.0,624.0,305.0,155.0
114.0,92.0,257.0,22.0,89.0,193.0,2.0,132.0,168.0,129.0,238.0,118.0,5.0,82.0,74.0
182.0,234.0,353.0,49.0,243.0,260.0,99.0,251.0,252.0,139.0,286.0,138.0,204.0,185.0,52.0
146.0,173.0,298.0,33.0,145.0,256.0,50.0,39.0,184.0,156.0,220.0,197.0,128.0,25.0,134.0
376.0,718.0,532.0,146.0,277.0,706.0,253.0,406.0,571.0,347.0,449.0,460.0,693.0,311.0,247.0
156.0,42.0,290.0,34.0,134.0,87.0,75.0,176.0,184.0,156.0,177.0,165.0,149.0,125.0,110.0
180.0,233.0,224.0,51.0,123.0,320.0,40.0,124.0,270.0,105.0,149.0,84.0,238.0,87.0,95.0
160.0,205.0,550.0,35.0,312.0,272.0,198.0,431.0,199.0,156.0,470.0,175.0,156.0,148.0,160.0
147.0,179.0,299.0,33.0,202.0,102.0,59.0,189.0,184.0,174.0,222.0,208.0,113.0,134.0,173.0
97.0,55.0,298.0,16.0,83.0,155.0,29.0,296.0,117.0,174.0,222.0,197.0,46.0,218.0,63.0
205.0,276.0,428.0,89.0,55.0,365.0,22.0,315.0,457.0,271.0,333.0,323.0,40.0,292.0,44.0
95.0,62.0,252.0,16.0,83.0,156.0,24.0,137.0,105.0,137.0,176.0,133.0,43.0,90.0,93.0
158.0,200.0,475.0,34.0,197.0,297.0,61.0,331.0,194.0,83.0,373.0,241.0,122.0,255.0,179.0
101.0,63.0,239.0,23.0,131.0,156.0,43.0,103.0,145.0,130.0,148.0,126.0,76.0,72.0,102.0
167.0,225.0,300.0,38.0,230.0,308.0,85.0,297.0,239.0,174.0,225.0,196.0,175.0,218.0,201.0
210.0,284.0,491.0,57.0,277.0,373.0,139.0,156.0,272.0,304.0,400.0,423.0,264.0,107.0,247.0
330.0,590.0,438.0,104.0,341.0,521.0,261.0,315.0,314.0,271.0,338.0,325.0,500.0,208.0,94.0
167.0,219.0,350.0,36.0,227.0,297.0,85.0,285.0,215.0,207.0,272.0,263.0,175.0,218.0,188.0
181.0,234.0,316.0,46.0,234.0,328.0,99.0,201.0,233.0,188.0,239.0,158.0,202.0,148.0,87.0
288.0,461.0,395.0,80.0,310.0,479.0,213.0,297.0,452.0,252.0,321.0,241.0,316.0,218.0,334.0
181.0,234.0,294.0,36.0,218.0,328.0,78.0,181.0,271.0,167.0,218.0,186.0,161.0,248.0,170.0
287.0,423.0,476.0,51.0,257.0,143.0,108.0,358.0,272.0,207.0,345.0,263.0,214.0,269.0,231.0
412.0,764.0,580.0,177.0,723.0,250.0,396.0,476.0,616.0,404.0,500.0,803.0,639.0,312.0,881.0
114.0,92.0,105.0,12.0,55.0,203.0,18.0,16.0,95.0,25.0,5.0,0.0,36.0,16.0,43.0
169.0,227.0,279.0,35.0,191.0,272.0,69.0,315.0,199.0,154.0,203.0,193.0,155.0,331.0,99.0
246.0,346.0,347.0,67.0,277.0,430.0,147.0,225.0,333.0,225.0,264.0,282.0,269.0,477.0,250.0
113.0,90.0,240.0,21.0,174.0,215.0,58.0,104.0,141.0,129.0,157.0,117.0,103.0,241.0,87.0
123.0,89.0,252.0,24.0,132.0,143.0,45.0,140.0,163.0,137.0,177.0,165.0,92.0,88.0,107.0
168.0,225.0,183.0,22.0,104.0,310.0,35.0,45.0,145.0,76.0,78.0,105.0,70.0,25.0,178.0
157.0,205.0,294.0,35.0,168.0,288.0,0.0,194.0,198.0,171.0,214.0,178.0,155.0,134.0,144.0
178.0,232.0,320.0,45.0,229.0,320.0,92.0,202.0,232.0,188.0,241.0,212.0,200.0,148.0,175.0
156.0,194.0,292.0,35.0,200.0,280.0,76.0,176.0,198.0,156.0,210.0,178.0,155.0,169.0,172.0
428.0,135.0,693.0,201.0,313.0,241.0,188.0,565.0,660.0,580.0,654.0,894.0,905.0,442.0,351.0
181.0,235.0,111.0,45.0,238.0,445.0,96.0,26.0,233.0,188.0,252.0,193.0,196.0,16.0,213.0
115.0,103.0,347.0,60.0,230.0,211.0,150.0,204.0,293.0,203.0,264.0,264.0,270.0,174.0,201.0
212.0,292.0,316.0,58.0,277.0,374.0,139.0,202.0,296.0,201.0,241.0,246.0,269.0,185.0,246.0
111.0,89.0,220.0,16.0,50.0,193.0,15.0,83.0,139.0,112.0,123.0,100.0,35.0,64.0,45.0
123.0,461.0,488.0,25.0,145.0,437.0,50.0,353.0,168.0,269.0,400.0,248.0,92.0,291.0,116.0
270.0,391.0,693.0,86.0,134.0,468.0,217.0,572.0,430.0,264.0,654.0,312.0,331.0,442.0,111.0
73.0,27.0,126.0,6.0,32.0,56.0,5.0,29.0,38.0,58.0,8.0,23.0,19.0,17.0,12.0
97.0,56.0,208.0,16.0,168.0,155.0,54.0,83.0,117.0,108.0,120.0,117.0,46.0,64.0,30.0
233.0,323.0,336.0,65.0,292.0,445.0,165.0,205.0,314.0,198.0,245.0,241.0,291.0,152.0,308.0
264.0,367.0,476.0,80.0,227.0,439.0,243.0,341.0,571.0,246.0,322.0,301.0,337.0,292.0,183.0
119.0,104.0,258.0,29.0,160.0,212.0,54.0,146.0,173.0,144.0,188.0,155.0,101.0,101.0,124.0
92.0,53.0,220.0,16.0,145.0,143.0,50.0,92.0,107.0,112.0,129.0,101.0,44.0,65.0,248.0
83.0,43.0,204.0,14.0,54.0,159.0,18.0,62.0,120.0,101.0,63.0,81.0,33.0,35.0,43.0
77.0,41.0,184.0,16.0,122.0,87.0,39.0,45.0,120.0,108.0,29.0,98.0,70.0,25.0,95.0
126.0,130.0,316.0,27.0,174.0,289.0,58.0,201.0,168.0,141.0,243.0,138.0,103.0,146.0,0.0
270.0,423.0,215.0,24.0,174.0,479.0,58.0,84.0,170.0,112.0,128.0,100.0,103.0,41.0,144.0
181.0,232.0,316.0,45.0,189.0,319.0,67.0,201.0,232.0,188.0,239.0,282.0,200.0,148.0,157.0
124.0,164.0,363.0,25.0,128.0,253.0,45.0,176.0,170.0,137.0,299.0,138.0,85.0,125.0,99.0
138.0,203.0,491.0,33.0,85.0,280.0,2.0,358.0,184.0,304.0,400.0,428.0,19.0,331.0,66.0
76.0,37.0,184.0,8.0,174.0,86.0,61.0,45.0,122.0,80.0,307.0,68.0,116.0,25.0,155.0
95.0,55.0,310.0,16.0,89.0,312.0,32.0,195.0,184.0,188.0,234.0,218.0,47.0,133.0,74.0
154.0,300.0,281.0,33.0,45.0,373.0,67.0,165.0,184.0,154.0,203.0,164.0,139.0,111.0,31.0
152.0,109.0,293.0,33.0,165.0,216.0,75.0,16.0,187.0,154.0,211.0,165.0,175.0,28.0,127.0
120.0,105.0,396.0,23.0,128.0,215.0,42.0,290.0,188.0,132.0,321.0,115.0,76.0,219.0,96.0
202.0,179.0,355.0,51.0,117.0,260.0,35.0,251.0,292.0,223.0,286.0,244.0,83.0,184.0,89.0
73.0,55.0,183.0,7.0,47.0,155.0,9.0,15.0,50.0,76.0,110.0,61.0,33.0,16.0,32.0
314.0,185.0,323.0,146.0,322.0,215.0,226.0,214.0,571.0,316.0,243.0,449.0,369.0,107.0,390.0
152.0,180.0,457.0,33.0,206.0,260.0,62.0,323.0,177.0,275.0,366.0,395.0,127.0,491.0,175.0
154.0,185.0,475.0,80.0,202.0,268.0,75.0,331.0,425.0,252.0,164.0,307.0,309.0,628.0,175.0
94.0,36.0,336.0,16.0,229.0,445.0,86.0,392.0,107.0,106.0,243.0,95.0,177.0,106.0,192.0
287.0,423.0,374.0,91.0,212.0,216.0,79.0,327.0,454.0,273.0,100.0,323.0,92.0,312.0,172.0
333.0,618.0,507.0,128.0,55.0,256.0,367.0,259.0,547.0,306.0,408.0,430.0,588.0,27.0,43.0
156.0,203.0,184.0,35.0,181.0,280.0,53.0,45.0,293.0,156.0,129.0,207.0,95.0,79.0,155.0
158.0,207.0,252.0,24.0,89.0,247.0,32.0,140.0,147.0,137.0,244.0,140.0,51.0,90.0,74.0
86.0,48.0,208.0,16.0,86.0,143.0,28.0,83.0,129.0,107.0,123.0,92.0,43.0,132.0,69.0
84.0,47.0,553.0,14.0,45.0,706.0,7.0,144.0,99.0,99.0,410.0,76.0,26.0,107.0,31.0
104.0,78.0,208.0,19.0,100.0,103.0,34.0,39.0,125.0,115.0,122.0,207.0,54.0,25.0,74.0
181.0,234.0,312.0,45.0,168.0,479.0,54.0,198.0,302.0,188.0,220.0,212.0,101.0,196.0,107.0
104.0,373.0,293.0,18.0,175.0,445.0,58.0,205.0,95.0,160.0,200.0,181.0,54.0,149.0,144.0
271.0,409.0,330.0,51.0,203.0,60.0,129.0,222.0,272.0,192.0,244.0,231.0,260.0,170.0,174.0
115.0,95.0,125.0,23.0,128.0,203.0,42.0,16.0,145.0,57.0,310.0,25.0,76.0,16.0,114.0
104.0,55.0,256.0,19.0,83.0,155.0,24.0,144.0,125.0,130.0,187.0,126.0,54.0,95.0,72.0
428.0,515.0,281.0,29.0,165.0,550.0,54.0,165.0,177.0,154.0,206.0,167.0,97.0,321.0,218.0
270.0,403.0,440.0,89.0,117.0,462.0,217.0,192.0,431.0,271.0,345.0,323.0,330.0,133.0,89.0
115.0,95.0,204.0,6.0,83.0,208.0,24.0,61.0,182.0,99.0,108.0,76.0,35.0,30.0,73.0
76.0,42.0,184.0,8.0,83.0,102.0,23.0,45.0,34.0,80.0,119.0,68.0,42.0,25.0,54.0
124.0,129.0,240.0,25.0,137.0,222.0,48.0,111.0,168.0,138.0,160.0,138.0,90.0,76.0,111.0
160.0,214.0,296.0,36.0,138.0,328.0,46.0,241.0,198.0,167.0,218.0,155.0,89.0,184.0,126.0
168.0,225.0,693.0,38.0,229.0,312.0,85.0,493.0,223.0,595.0,290.0,894.0,259.0,333.0,190.0
154.0,179.0,294.0,34.0,191.0,260.0,67.0,180.0,50.0,156.0,200.0,178.0,136.0,130.0,157.0
71.0,27.0,142.0,8.0,45.0,133.0,6.0,31.0,69.0,81.0,27.0,68.0,27.0,17.0,31.0
257.0,104.0,582.0,91.0,132.0,212.0,247.0,470.0,454.0,408.0,509.0,240.0,419.0,319.0,102.0
115.0,103.0,246.0,23.0,191.0,211.0,69.0,115.0,173.0,132.0,154.0,61.0,76.0,122.0,158.0
113.0,90.0,310.0,41.0,228.0,225.0,94.0,200.0,232.0,182.0,234.0,207.0,191.0,167.0,124.0
210.0,284.0,590.0,182.0,448.0,372.0,258.0,476.0,454.0,411.0,508.0,803.0,450.0,321.0,179.0
212.0,323.0,346.0,58.0,310.0,388.0,174.0,223.0,296.0,201.0,307.0,249.0,269.0,173.0,329.0
270.0,145.0,414.0,86.0,75.0,241.0,78.0,306.0,430.0,265.0,325.0,322.0,158.0,218.0,55.0
217.0,301.0,363.0,77.0,446.0,404.0,258.0,280.0,271.0,246.0,295.0,301.0,334.0,196.0,473.0
374.0,694.0,528.0,140.0,104.0,741.0,33.0,565.0,571.0,322.0,373.0,457.0,70.0,458.0,84.0
70.0,21.0,428.0,6.0,258.0,56.0,79.0,322.0,34.0,63.0,275.0,137.0,33.0,246.0,238.0
103.0,72.0,207.0,16.0,128.0,127.0,42.0,154.0,119.0,106.0,188.0,92.0,45.0,107.0,566.0
126.0,131.0,179.0,27.0,175.0,277.0,58.0,39.0,171.0,75.0,110.0,47.0,95.0,20.0,140.0
112.0,90.0,337.0,21.0,200.0,200.0,75.0,214.0,139.0,199.0,249.0,228.0,149.0,162.0,172.0
140.0,332.0,347.0,51.0,280.0,429.0,138.0,225.0,297.0,196.0,261.0,236.0,264.0,137.0,262.0
80.0,41.0,251.0,11.0,55.0,103.0,16.0,148.0,81.0,137.0,20.0,117.0,33.0,96.0,44.0
271.0,403.0,438.0,89.0,279.0,281.0,147.0,316.0,452.0,271.0,338.0,323.0,269.0,241.0,274.0
71.0,95.0,212.0,16.0,104.0,206.0,33.0,83.0,122.0,107.0,119.0,95.0,54.0,107.0,101.0
83.0,43.0,336.0,51.0,47.0,118.0,13.0,205.0,147.0,197.0,241.0,221.0,238.0,152.0,38.0
999.0,999.0,999.0,999.0,503.0,999.0,54.0,999.0,999.0,999.0,681.0,231.0,999.0,889.0,32.0
206.0,274.0,395.0,56.0,261.0,362.0,126.0,306.0,290.0,199.0,321.0,244.0,259.0,208.0,242.0
119.0,104.0,224.0,23.0,257.0,212.0,48.0,98.0,145.0,120.0,123.0,118.0,77.0,72.0,231.0
163.0,210.0,313.0,41.0,104.0,294.0,34.0,198.0,223.0,182.0,240.0,95.0,176.0,146.0,84.0
24.0,187.0,532.0,183.0,229.0,270.0,92.0,406.0,363.0,347.0,449.0,463.0,726.0,305.0,218.0
77.0,41.0,184.0,8.0,45.0,349.0,9.0,45.0,168.0,81.0,27.0,68.0,27.0,101.0,42.0
124.0,219.0,693.0,25.0,202.0,297.0,75.0,565.0,168.0,580.0,366.0,894.0,149.0,491.0,173.0
376.0,717.0,532.0,146.0,446.0,182.0,258.0,391.0,571.0,347.0,449.0,463.0,693.0,300.0,574.0
377.0,205.0,475.0,97.0,966.0,276.0,629.0,331.0,483.0,293.0,307.0,162.0,864.0,255.0,234.0
97.0,56.0,257.0,16.0,145.0,155.0,50.0,146.0,117.0,141.0,261.0,100.0,46.0,96.0,101.0
196.0,259.0,322.0,51.0,43.0,365.0,119.0,205.0,272.0,188.0,240.0,221.0,214.0,156.0,55.0
268.0,373.0,461.0,95.0,262.0,445.0,253.0,323.0,454.0,273.0,373.0,428.0,438.0,613.0,242.0
100.0,48.0,549.0,17.0,322.0,143.0,18.0,420.0,119.0,84.0,408.0,282.0,36.0,312.0,390.0
94.0,62.0,207.0,16.0,112.0,156.0,40.0,78.0,76.0,106.0,117.0,92.0,44.0,58.0,87.0
217.0,331.0,347.0,60.0,200.0,430.0,75.0,251.0,302.0,203.0,262.0,263.0,270.0,184.0,172.0
91.0,48.0,300.0,15.0,229.0,144.0,7.0,192.0,103.0,176.0,230.0,197.0,23.0,132.0,198.0
156.0,200.0,330.0,51.0,446.0,280.0,254.0,205.0,270.0,192.0,244.0,197.0,444.0,101.0,566.0
157.0,221.0,461.0,16.0,83.0,296.0,24.0,323.0,127.0,108.0,373.0,98.0,43.0,247.0,52.0
125.0,130.0,386.0,23.0,157.0,227.0,52.0,292.0,253.0,132.0,320.0,127.0,92.0,219.0,119.0
206.0,278.0,488.0,56.0,261.0,365.0,127.0,346.0,292.0,197.0,400.0,204.0,259.0,259.0,242.0
100.0,109.0,208.0,17.0,89.0,214.0,30.0,82.0,119.0,106.0,122.0,100.0,46.0,27.0,72.0
157.0,205.0,549.0,35.0,206.0,280.0,77.0,420.0,198.0,358.0,386.0,173.0,155.0,491.0,175.0
83.0,48.0,207.0,13.0,43.0,144.0,18.0,78.0,99.0,106.0,119.0,92.0,36.0,57.0,45.0
121.0,106.0,240.0,24.0,118.0,214.0,38.0,109.0,164.0,129.0,157.0,117.0,92.0,76.0,102.0
140.0,188.0,271.0,30.0,174.0,254.0,58.0,148.0,117.0,151.0,201.0,162.0,168.0,96.0,156.0
71.0,27.0,126.0,6.0,191.0,56.0,70.0,29.0,34.0,63.0,100.0,47.0,145.0,24.0,157.0
319.0,109.0,487.0,110.0,89.0,212.0,32.0,353.0,293.0,296.0,394.0,374.0,43.0,269.0,74.0
330.0,612.0,507.0,133.0,17.0,534.0,9.0,377.0,568.0,311.0,410.0,446.0,678.0,331.0,43.0
154.0,188.0,999.0,34.0,86.0,268.0,29.0,999.0,193.0,300.0,129.0,395.0,145.0,328.0,201.0
81.0,42.0,187.0,12.0,86.0,182.0,18.0,202.0,98.0,82.0,157.0,69.0,36.0,134.0,66.0
377.0,718.0,440.0,201.0,310.0,809.0,174.0,316.0,858.0,271.0,338.0,323.0,923.0,235.0,12.0
105.0,56.0,299.0,15.0,88.0,155.0,23.0,202.0,222.0,106.0,182.0,76.0,42.0,184.0,125.0
206.0,376.0,346.0,55.0,261.0,315.0,99.0,223.0,288.0,201.0,261.0,164.0,200.0,170.0,144.0
83.0,47.0,475.0,97.0,122.0,143.0,53.0,299.0,466.0,289.0,387.0,346.0,35.0,218.0,95.0
412.0,764.0,549.0,177.0,310.0,521.0,570.0,363.0,551.0,25.0,468.0,0.0,751.0,271.0,331.0
214.0,300.0,294.0,36.0,106.0,382.0,35.0,186.0,204.0,166.0,225.0,186.0,168.0,319.0,87.0
139.0,0.0,363.0,30.0,175.0,0.0,59.0,250.0,181.0,151.0,210.0,162.0,113.0,193.0,64.0
152.0,179.0,999.0,78.0,344.0,260.0,222.0,999.0,400.0,247.0,509.0,298.0,336.0,458.0,422.0
196.0,261.0,332.0,51.0,292.0,358.0,166.0,342.0,139.0,193.0,249.0,236.0,273.0,258.0,307.0
154.0,221.0,294.0,33.0,161.0,296.0,53.0,180.0,178.0,165.0,299.0,185.0,101.0,130.0,125.0
233.0,325.0,355.0,65.0,89.0,389.0,46.0,280.0,314.0,223.0,286.0,264.0,444.0,202.0,64.0
100.0,62.0,214.0,17.0,89.0,155.0,29.0,204.0,98.0,108.0,128.0,100.0,46.0,184.0,69.0
101.0,63.0,215.0,17.0,85.0,155.0,28.0,84.0,120.0,112.0,128.0,101.0,45.0,64.0,64.0
146.0,173.0,279.0,31.0,176.0,294.0,61.0,156.0,184.0,154.0,203.0,165.0,122.0,90.0,155.0
428.0,844.0,648.0,217.0,331.0,294.0,598.0,481.0,224.0,411.0,582.0,178.0,905.0,314.0,404.0
181.0,235.0,564.0,153.0,89.0,320.0,30.0,420.0,601.0,368.0,232.0,561.0,726.0,309.0,72.0
73.0,53.0,310.0,32.0,45.0,143.0,61.0,195.0,184.0,197.0,232.0,240.0,122.0,17.0,31.0
102.0,137.0,201.0,15.0,73.0,358.0,23.0,83.0,105.0,106.0,94.0,91.0,42.0,64.0,55.0
152.0,173.0,657.0,56.0,277.0,260.0,138.0,469.0,296.0,202.0,321.0,254.0,264.0,319.0,0.0
237.0,323.0,374.0,71.0,292.0,320.0,170.0,323.0,204.0,243.0,309.0,301.0,276.0,219.0,307.0
217.0,301.0,355.0,60.0,137.0,382.0,46.0,251.0,302.0,225.0,287.0,282.0,89.0,184.0,111.0
104.0,78.0,180.0,18.0,89.0,175.0,29.0,15.0,122.0,113.0,117.0,207.0,54.0,16.0,74.0
101.0,90.0,208.0,17.0,141.0,206.0,32.0,83.0,120.0,108.0,158.0,100.0,54.0,55.0,11.0
156.0,169.0,294.0,36.0,237.0,348.0,99.0,195.0,187.0,165.0,333.0,178.0,174.0,167.0,242.0
176.0,207.0,111.0,41.0,217.0,297.0,79.0,26.0,223.0,154.0,177.0,186.0,196.0,16.0,190.0
104.0,78.0,332.0,51.0,131.0,254.0,108.0,83.0,272.0,192.0,245.0,241.0,214.0,64.0,101.0
156.0,194.0,283.0,34.0,288.0,486.0,165.0,168.0,195.0,156.0,207.0,178.0,272.0,122.0,297.0
160.0,180.0,336.0,46.0,227.0,260.0,99.0,212.0,237.0,188.0,245.0,220.0,202.0,174.0,190.0
191.0,210.0,507.0,51.0,200.0,281.0,75.0,469.0,276.0,296.0,410.0,355.0,150.0,318.0,172.0
288.0,461.0,511.0,95.0,176.0,486.0,58.0,358.0,171.0,275.0,411.0,330.0,108.0,269.0,213.0
163.0,210.0,330.0,51.0,216.0,310.0,230.0,205.0,296.0,192.0,244.0,298.0,209.0,156.0,182.0
287.0,40.0,317.0,80.0,429.0,87.0,226.0,202.0,173.0,188.0,240.0,220.0,337.0,167.0,566.0
77.0,41.0,184.0,8.0,50.0,486.0,6.0,264.0,69.0,81.0,50.0,68.0,27.0,186.0,30.0
97.0,55.0,481.0,16.0,85.0,154.0,29.0,342.0,117.0,176.0,387.0,137.0,46.0,258.0,66.0
156.0,40.0,312.0,33.0,83.0,86.0,28.0,216.0,223.0,154.0,286.0,167.0,145.0,169.0,25.0
102.0,72.0,215.0,18.0,100.0,358.0,32.0,84.0,122.0,112.0,152.0,105.0,49.0,64.0,80.0
330.0,612.0,507.0,133.0,434.0,256.0,261.0,160.0,570.0,311.0,410.0,449.0,500.0,496.0,566.0
187.0,89.0,283.0,55.0,123.0,191.0,43.0,297.0,293.0,154.0,208.0,162.0,256.0,217.0,94.0
181.0,238.0,346.0,45.0,229.0,349.0,98.0,222.0,86.0,207.0,261.0,263.0,200.0,170.0,198.0
206.0,284.0,339.0,56.0,261.0,373.0,127.0,222.0,333.0,199.0,157.0,187.0,259.0,169.0,242.0
95.0,55.0,239.0,16.0,85.0,143.0,29.0,104.0,170.0,129.0,154.0,124.0,46.0,167.0,66.0
180.0,233.0,317.0,45.0,176.0,312.0,58.0,201.0,233.0,188.0,240.0,207.0,108.0,134.0,153.0
96.0,55.0,125.0,16.0,89.0,156.0,30.0,94.0,195.0,67.0,13.0,50.0,45.0,55.0,122.0
133.0,145.0,267.0,29.0,126.0,260.0,40.0,154.0,173.0,150.0,201.0,167.0,54.0,106.0,94.0
123.0,90.0,222.0,25.0,131.0,197.0,43.0,83.0,168.0,115.0,126.0,105.0,77.0,64.0,125.0
288.0,461.0,457.0,95.0,434.0,486.0,253.0,323.0,466.0,275.0,366.0,348.0,444.0,247.0,566.0
167.0,225.0,316.0,19.0,128.0,310.0,42.0,202.0,119.0,188.0,241.0,162.0,76.0,148.0,54.0
256.0,332.0,738.0,45.0,242.0,429.0,99.0,620.0,205.0,296.0,833.0,214.0,200.0,318.0,213.0
100.0,62.0,0.0,0.0,0.0,156.0,0.0,0.0,119.0,0.0,0.0,21.0,0.0,0.0,0.0
123.0,109.0,254.0,26.0,161.0,216.0,50.0,141.0,170.0,138.0,157.0,139.0,92.0,92.0,125.0
999.0,999.0,999.0,999.0,262.0,999.0,50.0,999.0,999.0,999.0,275.0,277.0,999.0,999.0,246.0
156.0,200.0,310.0,35.0,176.0,280.0,61.0,195.0,173.0,156.0,234.0,173.0,116.0,132.0,154.0
256.0,332.0,350.0,77.0,200.0,429.0,217.0,508.0,333.0,213.0,274.0,162.0,330.0,343.0,172.0
152.0,261.0,363.0,33.0,227.0,362.0,78.0,277.0,86.0,129.0,299.0,236.0,161.0,196.0,172.0
156.0,194.0,386.0,35.0,403.0,276.0,75.0,293.0,177.0,156.0,320.0,287.0,154.0,208.0,469.0
83.0,41.0,590.0,13.0,134.0,102.0,45.0,476.0,81.0,416.0,527.0,822.0,47.0,458.0,99.0
212.0,276.0,336.0,57.0,278.0,365.0,139.0,154.0,297.0,201.0,245.0,248.0,264.0,102.0,229.0
83.0,43.0,190.0,11.0,28.0,127.0,4.0,49.0,109.0,84.0,91.0,68.0,33.0,27.0,9.0
196.0,259.0,339.0,51.0,331.0,143.0,213.0,342.0,227.0,199.0,243.0,246.0,316.0,258.0,406.0
244.0,323.0,440.0,97.0,292.0,315.0,261.0,738.0,454.0,273.0,351.0,355.0,464.0,496.0,307.0
314.0,488.0,481.0,97.0,255.0,490.0,629.0,312.0,163.0,296.0,387.0,280.0,923.0,111.0,229.0
429.0,64.0,550.0,217.0,255.0,156.0,99.0,398.0,178.0,368.0,470.0,580.0,905.0,442.0,229.0
113.0,90.0,223.0,21.0,37.0,205.0,78.0,92.0,141.0,114.0,128.0,115.0,68.0,68.0,63.0
333.0,618.0,481.0,153.0,735.0,534.0,485.0,341.0,579.0,296.0,387.0,355.0,726.0,269.0,999.0
224.0,304.0,337.0,61.0,292.0,388.0,166.0,266.0,302.0,207.0,215.0,263.0,273.0,137.0,307.0
169.0,210.0,549.0,40.0,228.0,294.0,85.0,420.0,223.0,347.0,470.0,463.0,176.0,311.0,155.0
111.0,78.0,363.0,45.0,89.0,175.0,95.0,277.0,272.0,247.0,248.0,428.0,195.0,196.0,73.0
167.0,221.0,105.0,26.0,132.0,315.0,45.0,148.0,173.0,156.0,0.0,175.0,84.0,96.0,148.0
256.0,332.0,411.0,91.0,341.0,429.0,217.0,204.0,454.0,264.0,345.0,305.0,464.0,202.0,406.0
314.0,488.0,487.0,109.0,476.0,490.0,262.0,346.0,501.0,296.0,394.0,374.0,529.0,259.0,119.0
76.0,37.0,179.0,7.0,118.0,289.0,19.0,186.0,38.0,114.0,173.0,137.0,46.0,167.0,94.0
158.0,234.0,294.0,35.0,89.0,324.0,94.0,181.0,199.0,165.0,218.0,185.0,191.0,131.0,74.0
115.0,95.0,661.0,243.0,126.0,160.0,35.0,509.0,829.0,580.0,640.0,894.0,923.0,390.0,97.0
97.0,56.0,208.0,16.0,89.0,155.0,19.0,82.0,117.0,106.0,129.0,167.0,46.0,58.0,72.0
152.0,179.0,487.0,112.0,446.0,260.0,261.0,353.0,545.0,296.0,394.0,133.0,579.0,269.0,54.0
154.0,188.0,511.0,133.0,112.0,374.0,35.0,216.0,518.0,316.0,411.0,449.0,624.0,167.0,85.0
212.0,300.0,346.0,58.0,237.0,999.0,147.0,212.0,296.0,201.0,250.0,246.0,269.0,159.0,213.0
410.0,756.0,550.0,133.0,75.0,430.0,19.0,431.0,568.0,316.0,470.0,263.0,40.0,493.0,54.0
264.0,276.0,395.0,80.0,344.0,362.0,222.0,32.0,122.0,252.0,321.0,312.0,336.0,17.0,422.0
271.0,403.0,323.0,71.0,261.0,460.0,121.0,132.0,357.0,225.0,249.0,282.0,269.0,184.0,242.0
126.0,131.0,240.0,25.0,966.0,220.0,45.0,103.0,232.0,129.0,164.0,118.0,90.0,72.0,198.0
165.0,221.0,299.0,38.0,88.0,439.0,83.0,509.0,213.0,174.0,222.0,197.0,174.0,408.0,71.0
182.0,229.0,279.0,21.0,122.0,362.0,39.0,160.0,139.0,151.0,200.0,162.0,70.0,174.0,31.0
271.0,253.0,300.0,112.0,341.0,348.0,391.0,192.0,547.0,176.0,230.0,197.0,624.0,134.0,406.0
999.0,999.0,999.0,999.0,999.0,999.0,999.0,999.0,999.0,999.0,658.0,167.0,999.0,999.0,999.0
181.0,235.0,208.0,19.0,112.0,341.0,35.0,83.0,125.0,115.0,129.0,126.0,55.0,71.0,87.0
178.0,225.0,311.0,45.0,311.0,310.0,598.0,195.0,233.0,187.0,232.0,207.0,905.0,134.0,334.0
412.0,764.0,294.0,159.0,216.0,767.0,530.0,180.0,616.0,306.0,157.0,430.0,726.0,130.0,183.0
183.0,232.0,386.0,49.0,341.0,319.0,261.0,250.0,210.0,252.0,320.0,301.0,204.0,296.0,406.0
428.0,844.0,648.0,185.0,966.0,328.0,598.0,481.0,454.0,404.0,382.0,582.0,888.0,305.0,155.0
111.0,87.0,283.0,33.0,155.0,164.0,50.0,0.0,187.0,154.0,207.0,228.0,95.0,106.0,114.0
84.0,48.0,190.0,11.0,86.0,101.0,29.0,322.0,347.0,84.0,84.0,70.0,46.0,246.0,95.0
176.0,229.0,256.0,43.0,243.0,315.0,99.0,154.0,224.0,160.0,187.0,181.0,200.0,102.0,215.0
146.0,174.0,290.0,33.0,176.0,809.0,58.0,176.0,193.0,154.0,214.0,163.0,108.0,131.0,148.0
210.0,284.0,252.0,57.0,176.0,373.0,105.0,140.0,223.0,201.0,176.0,248.0,211.0,129.0,188.0
154.0,188.0,294.0,34.0,174.0,270.0,58.0,180.0,191.0,165.0,211.0,186.0,145.0,131.0,119.0
270.0,409.0,348.0,86.0,403.0,484.0,253.0,240.0,466.0,207.0,272.0,263.0,419.0,184.0,469.0
330.0,590.0,204.0,117.0,503.0,534.0,261.0,299.0,570.0,300.0,199.0,470.0,579.0,628.0,404.0
126.0,131.0,299.0,38.0,208.0,235.0,76.0,509.0,215.0,174.0,222.0,134.0,174.0,292.0,175.0
103.0,214.0,242.0,18.0,89.0,294.0,30.0,198.0,122.0,132.0,165.0,126.0,46.0,134.0,64.0
92.0,47.0,240.0,18.0,104.0,112.0,35.0,110.0,127.0,129.0,215.0,98.0,55.0,77.0,83.0
123.0,128.0,180.0,6.0,37.0,210.0,5.0,39.0,33.0,75.0,63.0,58.0,10.0,25.0,77.0
338.0,118.0,157.0,182.0,100.0,221.0,33.0,32.0,660.0,403.0,91.0,681.0,751.0,17.0,81.0
257.0,300.0,738.0,71.0,312.0,373.0,188.0,216.0,330.0,356.0,410.0,312.0,269.0,179.0,101.0
183.0,235.0,475.0,50.0,253.0,333.0,105.0,32.0,253.0,190.0,386.0,228.0,211.0,131.0,216.0
187.0,232.0,281.0,51.0,257.0,308.0,107.0,124.0,271.0,191.0,302.0,228.0,212.0,106.0,297.0
288.0,434.0,323.0,95.0,446.0,437.0,258.0,204.0,454.0,192.0,241.0,348.0,464.0,150.0,333.0
139.0,164.0,257.0,30.0,157.0,254.0,52.0,144.0,188.0,139.0,200.0,138.0,97.0,88.0,187.0
317.0,515.0,475.0,104.0,288.0,521.0,217.0,331.0,501.0,296.0,272.0,241.0,330.0,617.0,248.0
288.0,461.0,582.0,95.0,123.0,294.0,129.0,470.0,466.0,411.0,508.0,799.0,260.0,319.0,89.0
124.0,128.0,215.0,25.0,54.0,222.0,18.0,84.0,184.0,112.0,128.0,100.0,36.0,64.0,42.0
154.0,187.0,281.0,33.0,131.0,212.0,105.0,165.0,191.0,156.0,206.0,174.0,140.0,116.0,101.0
97.0,55.0,207.0,16.0,75.0,155.0,29.0,969.0,117.0,112.0,117.0,301.0,46.0,617.0,89.0
73.0,28.0,279.0,32.0,161.0,56.0,53.0,175.0,184.0,154.0,204.0,165.0,127.0,123.0,118.0
181.0,234.0,336.0,46.0,151.0,289.0,79.0,216.0,125.0,198.0,262.0,241.0,177.0,159.0,118.0
182.0,238.0,320.0,50.0,252.0,344.0,106.0,202.0,253.0,188.0,240.0,221.0,211.0,409.0,218.0
103.0,64.0,207.0,16.0,54.0,225.0,18.0,156.0,76.0,106.0,117.0,92.0,42.0,88.0,43.0
412.0,764.0,570.0,177.0,229.0,741.0,86.0,481.0,579.0,404.0,207.0,307.0,726.0,328.0,190.0
103.0,76.0,208.0,18.0,28.0,164.0,4.0,83.0,119.0,114.0,122.0,108.0,25.0,64.0,12.0
171.0,219.0,251.0,38.0,128.0,297.0,42.0,137.0,223.0,174.0,241.0,68.0,92.0,95.0,99.0
84.0,47.0,240.0,20.0,83.0,230.0,35.0,110.0,210.0,129.0,160.0,125.0,55.0,77.0,30.0
410.0,756.0,542.0,159.0,128.0,809.0,42.0,363.0,571.0,347.0,465.0,470.0,726.0,271.0,215.0
244.0,323.0,363.0,70.0,277.0,407.0,129.0,266.0,357.0,238.0,299.0,298.0,291.0,107.0,248.0
180.0,233.0,201.0,12.0,83.0,328.0,23.0,31.0,98.0,92.0,100.0,76.0,36.0,17.0,55.0
206.0,284.0,476.0,56.0,261.0,373.0,127.0,718.0,293.0,293.0,200.0,325.0,259.0,503.0,242.0
97.0,55.0,212.0,16.0,85.0,155.0,29.0,124.0,117.0,108.0,222.0,98.0,46.0,90.0,66.0
187.0,253.0,242.0,45.0,237.0,349.0,99.0,141.0,271.0,132.0,165.0,126.0,200.0,92.0,213.0
0.0,0.0,0.0,0.0,0.0,0.0,0.0,0.0,12.0,0.0,0.0,50.0,0.0,81.0,0.0
114.0,92.0,242.0,22.0,73.0,203.0,19.0,299.0,144.0,132.0,165.0,149.0,40.0,205.0,31.0
115.0,103.0,223.0,6.0,43.0,211.0,2.0,94.0,46.0,75.0,157.0,61.0,5.0,71.0,12.0
123.0,128.0,252.0,25.0,150.0,222.0,50.0,280.0,163.0,138.0,177.0,149.0,92.0,196.0,118.0
191.0,257.0,550.0,30.0,175.0,349.0,61.0,313.0,233.0,151.0,470.0,162.0,109.0,240.0,153.0
92.0,90.0,111.0,6.0,365.0,328.0,226.0,26.0,199.0,85.0,8.0,76.0,337.0,16.0,97.0
375.0,709.0,488.0,146.0,174.0,741.0,58.0,322.0,579.0,300.0,400.0,395.0,693.0,246.0,4.0
202.0,300.0,382.0,51.0,123.0,374.0,40.0,292.0,272.0,246.0,173.0,302.0,73.0,193.0,87.0
81.0,42.0,215.0,17.0,85.0,143.0,26.0,83.0,120.0,112.0,128.0,151.0,46.0,64.0,64.0
114.0,92.0,481.0,15.0,83.0,259.0,23.0,363.0,105.0,106.0,386.0,92.0,42.0,291.0,55.0
206.0,278.0,701.0,56.0,310.0,518.0,172.0,572.0,276.0,595.0,176.0,430.0,284.0,455.0,188.0
182.0,241.0,326.0,51.0,255.0,348.0,107.0,214.0,270.0,191.0,243.0,228.0,212.0,162.0,96.0
232.0,187.0,363.0,64.0,310.0,203.0,172.0,97.0,313.0,214.0,236.0,268.0,276.0,72.0,329.0
202.0,207.0,336.0,51.0,277.0,288.0,139.0,214.0,292.0,197.0,248.0,241.0,269.0,617.0,248.0
168.0,225.0,310.0,41.0,188.0,310.0,67.0,251.0,223.0,182.0,236.0,208.0,136.0,184.0,156.0
160.0,210.0,294.0,36.0,86.0,294.0,29.0,392.0,213.0,166.0,220.0,186.0,161.0,292.0,71.0
81.0,42.0,322.0,20.0,43.0,308.0,6.0,228.0,127.0,156.0,241.0,178.0,19.0,170.0,242.0
156.0,89.0,320.0,46.0,229.0,193.0,92.0,202.0,98.0,188.0,240.0,249.0,195.0,148.0,216.0
114.0,92.0,299.0,30.0,175.0,203.0,67.0,187.0,178.0,151.0,222.0,162.0,139.0,133.0,139.0
168.0,225.0,311.0,38.0,228.0,310.0,83.0,200.0,223.0,176.0,236.0,197.0,174.0,146.0,174.0
152.0,141.0,279.0,33.0,200.0,249.0,75.0,31.0,147.0,154.0,203.0,165.0,150.0,20.0,172.0
273.0,231.0,440.0,91.0,261.0,468.0,126.0,322.0,454.0,273.0,252.0,323.0,259.0,241.0,240.0
165.0,235.0,303.0,38.0,229.0,333.0,85.0,204.0,210.0,176.0,210.0,204.0,175.0,148.0,473.0
124.0,135.0,252.0,25.0,104.0,241.0,48.0,140.0,168.0,137.0,176.0,140.0,92.0,91.0,80.0
485.0,403.0,639.0,177.0,313.0,462.0,444.0,490.0,454.0,411.0,527.0,856.0,678.0,339.0,274.0
154.0,188.0,281.0,32.0,176.0,272.0,61.0,165.0,184.0,154.0,206.0,164.0,122.0,111.0,87.0
206.0,78.0,382.0,56.0,112.0,173.0,35.0,493.0,292.0,246.0,290.0,185.0,55.0,333.0,87.0
270.0,372.0,440.0,86.0,360.0,445.0,217.0,391.0,430.0,269.0,241.0,302.0,331.0,300.0,455.0
70.0,135.0,130.0,6.0,28.0,241.0,2.0,83.0,34.0,63.0,597.0,47.0,42.0,493.0,12.0
158.0,205.0,263.0,29.0,83.0,288.0,24.0,148.0,177.0,147.0,275.0,151.0,43.0,101.0,81.0
125.0,130.0,247.0,25.0,157.0,270.0,52.0,141.0,168.0,137.0,123.0,163.0,92.0,92.0,117.0
330.0,590.0,500.0,117.0,126.0,521.0,40.0,363.0,601.0,304.0,408.0,423.0,588.0,132.0,110.0
140.0,115.0,267.0,30.0,261.0,221.0,121.0,322.0,173.0,151.0,199.0,156.0,330.0,246.0,110.0
152.0,180.0,215.0,16.0,85.0,260.0,28.0,84.0,193.0,112.0,128.0,100.0,45.0,58.0,0.0
114.0,71.0,240.0,22.0,117.0,159.0,35.0,110.0,144.0,129.0,177.0,124.0,70.0,76.0,89.0
104.0,76.0,222.0,19.0,104.0,216.0,34.0,92.0,129.0,112.0,130.0,98.0,54.0,146.0,93.0
375.0,694.0,491.0,140.0,723.0,663.0,396.0,358.0,571.0,304.0,408.0,23.0,656.0,269.0,818.0
374.0,693.0,661.0,112.0,261.0,741.0,126.0,509.0,518.0,304.0,310.0,355.0,639.0,28.0,242.0
73.0,27.0,125.0,7.0,176.0,56.0,61.0,39.0,105.0,58.0,63.0,23.0,122.0,68.0,154.0
212.0,284.0,346.0,58.0,322.0,373.0,171.0,225.0,518.0,201.0,241.0,254.0,276.0,174.0,331.0
206.0,278.0,346.0,56.0,311.0,312.0,188.0,223.0,168.0,198.0,295.0,241.0,259.0,170.0,334.0
319.0,133.0,447.0,91.0,177.0,241.0,391.0,322.0,454.0,273.0,419.0,323.0,639.0,247.0,154.0
146.0,130.0,530.0,27.0,174.0,250.0,58.0,398.0,171.0,129.0,419.0,118.0,108.0,312.0,11.0
124.0,130.0,283.0,25.0,278.0,241.0,147.0,168.0,165.0,144.0,207.0,156.0,269.0,107.0,218.0
140.0,207.0,303.0,23.0,15.0,288.0,1.0,240.0,117.0,176.0,232.0,207.0,76.0,131.0,4.0
224.0,304.0,355.0,65.0,735.0,388.0,629.0,315.0,314.0,228.0,290.0,287.0,284.0,241.0,881.0
160.0,233.0,294.0,36.0,176.0,320.0,61.0,180.0,227.0,166.0,215.0,204.0,113.0,152.0,153.0
270.0,320.0,449.0,97.0,206.0,390.0,5.0,322.0,483.0,275.0,402.0,186.0,406.0,248.0,157.0
211.0,281.0,316.0,45.0,234.0,373.0,96.0,201.0,239.0,188.0,239.0,212.0,196.0,148.0,214.0
270.0,391.0,661.0,86.0,341.0,460.0,220.0,509.0,430.0,524.0,654.0,681.0,334.0,343.0,334.0
210.0,284.0,201.0,17.0,85.0,373.0,26.0,61.0,120.0,144.0,88.0,138.0,46.0,30.0,64.0
122.0,108.0,252.0,24.0,131.0,215.0,45.0,140.0,163.0,137.0,176.0,164.0,84.0,90.0,102.0
100.0,63.0,214.0,17.0,106.0,156.0,35.0,83.0,119.0,108.0,128.0,100.0,47.0,41.0,87.0
97.0,55.0,252.0,16.0,50.0,155.0,29.0,141.0,117.0,137.0,176.0,137.0,46.0,92.0,85.0
271.0,406.0,491.0,109.0,524.0,445.0,274.0,353.0,501.0,304.0,402.0,374.0,529.0,311.0,144.0
319.0,225.0,488.0,109.0,503.0,310.0,274.0,353.0,134.0,300.0,400.0,113.0,529.0,269.0,247.0
125.0,129.0,263.0,29.0,176.0,241.0,61.0,149.0,171.0,147.0,188.0,158.0,101.0,81.0,155.0
86.0,48.0,184.0,15.0,73.0,230.0,19.0,45.0,103.0,92.0,84.0,76.0,40.0,25.0,52.0
181.0,234.0,350.0,45.0,252.0,324.0,106.0,10.0,223.0,213.0,274.0,263.0,200.0,16.0,72.0
210.0,284.0,190.0,11.0,50.0,390.0,16.0,175.0,81.0,84.0,94.0,76.0,33.0,123.0,179.0
167.0,221.0,351.0,70.0,128.0,333.0,171.0,440.0,425.0,230.0,298.0,288.0,284.0,583.0,88.0
211.0,182.0,303.0,58.0,88.0,261.0,30.0,194.0,296.0,176.0,238.0,197.0,68.0,134.0,80.0
182.0,238.0,322.0,50.0,255.0,319.0,107.0,205.0,252.0,188.0,241.0,221.0,212.0,145.0,231.0
80.0,41.0,476.0,97.0,258.0,103.0,129.0,322.0,483.0,289.0,252.0,348.0,259.0,245.0,240.0
256.0,310.0,385.0,71.0,200.0,390.0,213.0,293.0,188.0,243.0,310.0,298.0,316.0,149.0,172.0
154.0,185.0,283.0,33.0,218.0,260.0,75.0,168.0,288.0,156.0,207.0,175.0,102.0,111.0,157.0
158.0,205.0,263.0,29.0,253.0,281.0,61.0,346.0,165.0,147.0,191.0,160.0,122.0,133.0,214.0
156.0,193.0,201.0,34.0,216.0,280.0,217.0,61.0,54.0,92.0,100.0,76.0,330.0,34.0,178.0
138.0,137.0,693.0,29.0,175.0,241.0,58.0,509.0,178.0,193.0,177.0,236.0,109.0,339.0,125.0
214.0,306.0,337.0,58.0,261.0,348.0,129.0,222.0,297.0,198.0,191.0,241.0,269.0,88.0,220.0
311.0,332.0,661.0,243.0,253.0,429.0,138.0,509.0,829.0,524.0,640.0,197.0,923.0,409.0,214.0
235.0,317.0,350.0,65.0,238.0,393.0,174.0,240.0,314.0,214.0,274.0,330.0,284.0,184.0,329.0
154.0,188.0,336.0,34.0,117.0,270.0,35.0,206.0,193.0,165.0,245.0,186.0,145.0,174.0,89.0
152.0,179.0,283.0,33.0,243.0,260.0,67.0,175.0,187.0,154.0,210.0,193.0,139.0,133.0,212.0
429.0,64.0,514.0,133.0,723.0,155.0,396.0,266.0,571.0,319.0,411.0,456.0,639.0,192.0,170.0
71.0,27.0,111.0,6.0,145.0,0.0,26.0,26.0,34.0,63.0,8.0,47.0,113.0,16.0,122.0
101.0,48.0,283.0,20.0,89.0,143.0,33.0,168.0,173.0,156.0,208.0,173.0,51.0,122.0,74.0
414.0,764.0,590.0,201.0,176.0,221.0,170.0,280.0,270.0,411.0,226.0,822.0,905.0,96.0,154.0
126.0,131.0,590.0,45.0,238.0,241.0,96.0,756.0,227.0,184.0,483.0,207.0,195.0,291.0,213.0
206.0,278.0,340.0,51.0,262.0,365.0,126.0,214.0,498.0,199.0,248.0,241.0,259.0,12.0,248.0
154.0,188.0,206.0,34.0,203.0,259.0,76.0,97.0,199.0,103.0,87.0,81.0,145.0,68.0,174.0
236.0,322.0,355.0,64.0,310.0,404.0,172.0,251.0,314.0,214.0,286.0,264.0,284.0,184.0,331.0
191.0,259.0,449.0,91.0,476.0,270.0,262.0,322.0,454.0,273.0,366.0,323.0,419.0,241.0,201.0
104.0,78.0,157.0,20.0,106.0,175.0,35.0,32.0,132.0,71.0,64.0,92.0,55.0,20.0,87.0
124.0,103.0,382.0,23.0,105.0,211.0,35.0,292.0,178.0,246.0,309.0,301.0,76.0,192.0,83.0
156.0,203.0,283.0,35.0,206.0,280.0,75.0,280.0,210.0,156.0,208.0,178.0,154.0,201.0,175.0
81.0,42.0,187.0,11.0,227.0,155.0,86.0,49.0,76.0,83.0,88.0,101.0,33.0,27.0,187.0
191.0,169.0,347.0,51.0,255.0,256.0,107.0,225.0,272.0,207.0,264.0,307.0,211.0,162.0,220.0
232.0,284.0,639.0,307.0,106.0,373.0,35.0,940.0,311.0,425.0,527.0,799.0,999.0,339.0,87.0
160.0,133.0,528.0,133.0,229.0,241.0,261.0,481.0,568.0,311.0,419.0,446.0,494.0,328.0,114.0
314.0,222.0,449.0,97.0,311.0,308.0,274.0,322.0,341.0,275.0,249.0,338.0,500.0,246.0,333.0
154.0,188.0,246.0,23.0,134.0,268.0,45.0,49.0,181.0,132.0,199.0,127.0,83.0,26.0,188.0
224.0,304.0,266.0,60.0,341.0,388.0,220.0,481.0,302.0,144.0,200.0,126.0,209.0,318.0,54.0
288.0,461.0,111.0,95.0,445.0,270.0,254.0,16.0,454.0,252.0,8.0,305.0,450.0,16.0,574.0
182.0,235.0,657.0,49.0,217.0,348.0,80.0,508.0,290.0,188.0,597.0,220.0,168.0,412.0,174.0
70.0,27.0,130.0,6.0,17.0,373.0,2.0,31.0,33.0,63.0,29.0,47.0,10.0,17.0,9.0
246.0,391.0,385.0,77.0,160.0,445.0,166.0,293.0,105.0,247.0,309.0,303.0,273.0,208.0,124.0
273.0,406.0,212.0,87.0,569.0,468.0,243.0,83.0,341.0,108.0,126.0,98.0,408.0,64.0,808.0
111.0,89.0,530.0,78.0,278.0,197.0,139.0,403.0,165.0,347.0,419.0,561.0,264.0,291.0,54.0
163.0,219.0,240.0,36.0,161.0,297.0,53.0,109.0,271.0,129.0,157.0,118.0,238.0,76.0,88.0
113.0,90.0,240.0,21.0,122.0,143.0,45.0,440.0,132.0,132.0,262.0,140.0,43.0,318.0,214.0
232.0,306.0,310.0,64.0,128.0,390.0,170.0,195.0,313.0,202.0,234.0,301.0,276.0,133.0,89.0
146.0,169.0,240.0,25.0,151.0,255.0,50.0,148.0,168.0,130.0,149.0,118.0,92.0,96.0,119.0
105.0,89.0,224.0,20.0,112.0,191.0,35.0,10.0,120.0,136.0,148.0,125.0,55.0,16.0,87.0
77.0,41.0,126.0,8.0,55.0,143.0,18.0,29.0,302.0,76.0,419.0,287.0,27.0,28.0,42.0
168.0,225.0,747.0,38.0,229.0,397.0,85.0,738.0,222.0,416.0,681.0,803.0,176.0,409.0,201.0
196.0,259.0,332.0,51.0,261.0,358.0,121.0,420.0,132.0,193.0,244.0,236.0,239.0,309.0,242.0
206.0,278.0,337.0,56.0,260.0,369.0,127.0,90.0,292.0,199.0,245.0,244.0,259.0,65.0,238.0
0.0,0.0,279.0,0.0,0.0,0.0,0.0,160.0,0.0,154.0,203.0,0.0,0.0,82.0,0.0
83.0,41.0,204.0,14.0,89.0,60.0,30.0,62.0,127.0,99.0,110.0,76.0,46.0,30.0,74.0
154.0,187.0,292.0,34.0,303.0,382.0,203.0,176.0,193.0,156.0,210.0,178.0,303.0,129.0,316.0
178.0,233.0,582.0,183.0,260.0,320.0,570.0,187.0,222.0,408.0,509.0,95.0,726.0,133.0,242.0
287.0,474.0,361.0,70.0,476.0,706.0,262.0,205.0,333.0,228.0,408.0,287.0,288.0,148.0,316.0
111.0,89.0,346.0,57.0,280.0,188.0,148.0,323.0,297.0,201.0,210.0,248.0,264.0,186.0,71.0
268.0,89.0,386.0,85.0,191.0,212.0,226.0,292.0,425.0,252.0,320.0,149.0,344.0,208.0,155.0
211.0,284.0,688.0,57.0,261.0,373.0,121.0,481.0,290.0,368.0,654.0,582.0,252.0,328.0,351.0
101.0,48.0,215.0,17.0,243.0,143.0,82.0,83.0,120.0,112.0,160.0,101.0,276.0,57.0,242.0
73.0,145.0,206.0,7.0,28.0,250.0,4.0,90.0,46.0,75.0,110.0,58.0,19.0,57.0,9.0
129.0,21.0,240.0,23.0,132.0,42.0,45.0,49.0,145.0,132.0,164.0,126.0,84.0,26.0,107.0
158.0,203.0,300.0,35.0,208.0,280.0,78.0,187.0,199.0,160.0,199.0,100.0,158.0,131.0,175.0
83.0,43.0,187.0,6.0,54.0,118.0,16.0,47.0,34.0,82.0,84.0,69.0,12.0,259.0,74.0
133.0,137.0,550.0,33.0,197.0,249.0,127.0,470.0,193.0,174.0,470.0,186.0,122.0,319.0,30.0
103.0,95.0,222.0,18.0,102.0,206.0,34.0,90.0,122.0,113.0,164.0,163.0,47.0,184.0,80.0
132.0,63.0,254.0,29.0,132.0,155.0,45.0,94.0,173.0,137.0,176.0,160.0,101.0,68.0,116.0
