333.0,618.0,374.0,133.0,476.0,445.0,262.0,342.0,570.0,311.0,290.0,449.0,579.0,258.0,55.0
126.0,130.0,532.0,53.0,176.0,230.0,59.0,403.0,296.0,252.0,458.0,282.0,219.0,303.0,148.0
268.0,373.0,411.0,91.0,310.0,445.0,138.0,32.0,454.0,273.0,325.0,323.0,264.0,16.0,329.0
81.0,41.0,207.0,15.0,117.0,124.0,82.0,59.0,105.0,105.0,120.0,84.0,45.0,30.0,89.0
306.0,461.0,485.0,97.0,312.0,445.0,198.0,738.0,483.0,296.0,389.0,355.0,291.0,503.0,333.0
124.0,63.0,246.0,25.0,138.0,156.0,46.0,130.0,173.0,132.0,182.0,197.0,83.0,174.0,25.0
71.0,27.0,111.0,6.0,89.0,289.0,29.0,26.0,34.0,58.0,50.0,23.0,46.0,17.0,187.0
81.0,43.0,204.0,11.0,102.0,127.0,18.0,62.0,98.0,99.0,130.0,76.0,33.0,41.0,82.0
123.0,108.0,215.0,23.0,128.0,215.0,42.0,84.0,144.0,112.0,187.0,98.0,76.0,64.0,101.0
270.0,403.0,447.0,96.0,255.0,448.0,107.0,327.0,466.0,273.0,366.0,325.0,212.0,247.0,229.0
156.0,48.0,111.0,35.0,137.0,144.0,48.0,16.0,676.0,156.0,5.0,178.0,92.0,583.0,114.0
182.0,301.0,311.0,49.0,176.0,319.0,61.0,204.0,147.0,184.0,238.0,207.0,122.0,132.0,154.0
171.0,234.0,266.0,51.0,202.0,328.0,78.0,154.0,270.0,156.0,200.0,95.0,209.0,107.0,172.0
333.0,612.0,507.0,128.0,65.0,534.0,382.0,323.0,547.0,306.0,408.0,428.0,590.0,314.0,52.0
214.0,316.0,382.0,57.0,288.0,389.0,165.0,292.0,311.0,246.0,309.0,302.0,273.0,208.0,274.0
163.0,215.0,294.0,36.0,128.0,297.0,82.0,180.0,210.0,167.0,211.0,197.0,171.0,129.0,99.0
333.0,612.0,215.0,17.0,112.0,484.0,33.0,84.0,120.0,112.0,199.0,101.0,54.0,66.0,87.0
112.0,130.0,240.0,22.0,277.0,222.0,43.0,103.0,141.0,129.0,157.0,118.0,70.0,72.0,248.0
273.0,474.0,488.0,97.0,446.0,373.0,258.0,377.0,431.0,296.0,400.0,355.0,450.0,305.0,582.0
330.0,612.0,491.0,114.0,601.0,534.0,382.0,481.0,547.0,304.0,402.0,21.0,583.0,328.0,818.0
287.0,87.0,449.0,80.0,258.0,193.0,54.0,296.0,425.0,273.0,244.0,323.0,176.0,218.0,234.0
139.0,154.0,222.0,35.0,202.0,253.0,75.0,92.0,107.0,156.0,214.0,178.0,154.0,68.0,172.0
122.0,109.0,317.0,46.0,255.0,212.0,107.0,124.0,232.0,188.0,240.0,240.0,212.0,16.0,215.0
121.0,105.0,661.0,243.0,341.0,212.0,121.0,509.0,210.0,524.0,640.0,799.0,191.0,409.0,406.0
270.0,585.0,549.0,86.0,168.0,518.0,76.0,406.0,223.0,356.0,468.0,580.0,273.0,312.0,0.0
103.0,89.0,222.0,18.0,175.0,328.0,59.0,92.0,122.0,113.0,128.0,100.0,109.0,71.0,144.0
270.0,391.0,414.0,86.0,243.0,460.0,99.0,312.0,430.0,265.0,326.0,317.0,380.0,235.0,214.0
317.0,346.0,322.0,51.0,237.0,439.0,99.0,204.0,272.0,188.0,241.0,221.0,200.0,159.0,214.0
102.0,71.0,260.0,18.0,206.0,160.0,46.0,148.0,122.0,144.0,179.0,156.0,89.0,81.0,175.0
97.0,56.0,214.0,16.0,134.0,155.0,29.0,84.0,117.0,108.0,128.0,100.0,46.0,64.0,102.0
124.0,131.0,240.0,23.0,191.0,206.0,69.0,140.0,134.0,132.0,164.0,126.0,92.0,91.0,158.0
270.0,90.0,385.0,77.0,966.0,200.0,92.0,94.0,466.0,247.0,320.0,303.0,334.0,68.0,212.0
306.0,306.0,852.0,109.0,503.0,390.0,274.0,940.0,500.0,296.0,483.0,374.0,529.0,66.0,808.0
119.0,105.0,111.0,32.0,137.0,214.0,61.0,26.0,184.0,154.0,8.0,164.0,122.0,16.0,111.0
163.0,174.0,296.0,36.0,105.0,259.0,65.0,181.0,281.0,167.0,240.0,186.0,168.0,131.0,85.0
236.0,320.0,363.0,66.0,312.0,203.0,180.0,273.0,290.0,227.0,298.0,282.0,284.0,193.0,334.0
314.0,488.0,661.0,97.0,446.0,490.0,254.0,509.0,483.0,293.0,164.0,303.0,500.0,408.0,156.0
236.0,301.0,348.0,65.0,310.0,374.0,172.0,277.0,314.0,223.0,84.0,282.0,284.0,192.0,307.0
374.0,693.0,507.0,140.0,89.0,490.0,54.0,358.0,571.0,322.0,408.0,325.0,590.0,269.0,74.0
196.0,281.0,332.0,51.0,122.0,362.0,39.0,32.0,271.0,193.0,245.0,236.0,212.0,57.0,94.0
206.0,284.0,0.0,0.0,83.0,358.0,0.0,0.0,0.0,0.0,0.0,21.0,0.0,0.0,63.0
236.0,322.0,360.0,66.0,248.0,393.0,147.0,264.0,332.0,225.0,386.0,58.0,284.0,193.0,215.0
376.0,717.0,528.0,148.0,45.0,430.0,9.0,363.0,616.0,347.0,419.0,463.0,26.0,303.0,32.0
95.0,55.0,183.0,16.0,260.0,144.0,121.0,39.0,145.0,76.0,63.0,68.0,49.0,25.0,246.0
270.0,304.0,580.0,183.0,446.0,407.0,258.0,415.0,660.0,404.0,508.0,803.0,888.0,311.0,582.0
410.0,756.0,549.0,153.0,294.0,430.0,170.0,313.0,551.0,356.0,465.0,317.0,272.0,169.0,240.0
83.0,27.0,142.0,11.0,73.0,56.0,19.0,0.0,168.0,84.0,449.0,76.0,35.0,0.0,74.0
374.0,693.0,511.0,146.0,89.0,241.0,30.0,391.0,122.0,319.0,414.0,456.0,47.0,300.0,72.0
112.0,95.0,126.0,6.0,47.0,205.0,15.0,327.0,24.0,61.0,5.0,126.0,33.0,196.0,131.0
236.0,320.0,348.0,61.0,117.0,393.0,105.0,205.0,311.0,207.0,257.0,263.0,272.0,158.0,89.0
100.0,53.0,267.0,17.0,126.0,143.0,40.0,154.0,120.0,150.0,200.0,162.0,92.0,102.0,96.0
183.0,323.0,661.0,16.0,86.0,462.0,29.0,509.0,109.0,120.0,222.0,114.0,42.0,408.0,69.0
130.0,137.0,256.0,29.0,161.0,254.0,53.0,144.0,172.0,147.0,200.0,155.0,101.0,95.0,127.0
80.0,41.0,111.0,9.0,0.0,220.0,0.0,26.0,76.0,76.0,5.0,68.0,33.0,16.0,0.0
156.0,173.0,290.0,35.0,202.0,256.0,75.0,176.0,184.0,154.0,210.0,172.0,154.0,12.0,179.0
178.0,232.0,300.0,45.0,217.0,319.0,80.0,194.0,232.0,171.0,241.0,193.0,200.0,134.0,188.0
76.0,37.0,190.0,8.0,75.0,182.0,22.0,51.0,109.0,85.0,91.0,76.0,40.0,28.0,54.0
71.0,27.0,111.0,6.0,28.0,439.0,2.0,391.0,34.0,57.0,5.0,23.0,12.0,16.0,87.0
92.0,48.0,204.0,16.0,174.0,143.0,26.0,65.0,109.0,85.0,94.0,76.0,44.0,35.0,134.0
206.0,222.0,363.0,56.0,261.0,308.0,127.0,285.0,129.0,199.0,299.0,244.0,259.0,184.0,242.0
123.0,461.0,184.0,15.0,80.0,348.0,23.0,45.0,122.0,82.0,165.0,68.0,42.0,25.0,55.0
229.0,306.0,347.0,63.0,279.0,389.0,147.0,313.0,314.0,202.0,274.0,208.0,270.0,235.0,274.0
270.0,391.0,417.0,86.0,157.0,462.0,53.0,10.0,431.0,264.0,297.0,98.0,264.0,196.0,131.0
100.0,234.0,224.0,16.0,75.0,188.0,22.0,83.0,199.0,106.0,149.0,98.0,43.0,192.0,55.0
206.0,278.0,339.0,56.0,261.0,310.0,127.0,32.0,292.0,199.0,264.0,244.0,259.0,17.0,242.0
273.0,488.0,580.0,117.0,569.0,490.0,367.0,476.0,498.0,304.0,175.0,231.0,579.0,321.0,808.0
319.0,585.0,438.0,104.0,445.0,518.0,274.0,384.0,500.0,296.0,338.0,348.0,524.0,296.0,582.0
270.0,391.0,661.0,91.0,177.0,460.0,253.0,509.0,165.0,871.0,597.0,999.0,438.0,339.0,154.0
330.0,590.0,500.0,117.0,168.0,324.0,54.0,420.0,547.0,304.0,408.0,240.0,579.0,311.0,154.0
122.0,106.0,252.0,24.0,137.0,215.0,45.0,146.0,163.0,138.0,177.0,139.0,84.0,96.0,111.0
268.0,373.0,500.0,85.0,331.0,445.0,217.0,384.0,425.0,304.0,408.0,151.0,316.0,292.0,201.0
119.0,103.0,240.0,24.0,117.0,211.0,45.0,148.0,164.0,128.0,165.0,117.0,85.0,96.0,89.0
122.0,106.0,242.0,24.0,104.0,214.0,33.0,313.0,163.0,132.0,154.0,127.0,83.0,219.0,84.0
156.0,461.0,190.0,11.0,102.0,486.0,19.0,156.0,145.0,84.0,88.0,76.0,36.0,107.0,82.0
229.0,304.0,238.0,65.0,341.0,390.0,213.0,103.0,314.0,223.0,152.0,277.0,316.0,72.0,406.0
182.0,235.0,657.0,50.0,243.0,333.0,99.0,508.0,252.0,188.0,230.0,221.0,209.0,339.0,215.0
235.0,323.0,310.0,66.0,238.0,390.0,99.0,195.0,163.0,214.0,234.0,162.0,202.0,137.0,107.0
244.0,325.0,310.0,70.0,258.0,418.0,166.0,195.0,363.0,230.0,234.0,288.0,291.0,131.0,238.0
111.0,89.0,238.0,21.0,112.0,200.0,35.0,141.0,132.0,120.0,152.0,117.0,47.0,90.0,87.0
154.0,185.0,661.0,38.0,255.0,268.0,99.0,198.0,223.0,176.0,658.0,197.0,256.0,145.0,154.0
73.0,37.0,126.0,6.0,117.0,87.0,18.0,29.0,38.0,58.0,13.0,92.0,33.0,17.0,89.0
119.0,104.0,855.0,23.0,126.0,212.0,40.0,885.0,105.0,132.0,999.0,127.0,73.0,555.0,97.0
114.0,92.0,240.0,22.0,122.0,203.0,39.0,115.0,120.0,129.0,160.0,117.0,70.0,41.0,77.0
77.0,40.0,184.0,8.0,47.0,86.0,13.0,45.0,69.0,81.0,64.0,68.0,27.0,25.0,38.0
288.0,461.0,449.0,95.0,448.0,484.0,254.0,322.0,466.0,275.0,366.0,264.0,444.0,246.0,331.0
167.0,221.0,300.0,38.0,227.0,306.0,85.0,189.0,222.0,176.0,225.0,197.0,175.0,133.0,183.0
114.0,95.0,242.0,23.0,131.0,211.0,43.0,115.0,187.0,132.0,157.0,117.0,76.0,72.0,96.0
123.0,118.0,142.0,18.0,100.0,221.0,32.0,39.0,122.0,67.0,160.0,50.0,49.0,24.0,80.0
156.0,188.0,348.0,36.0,200.0,374.0,78.0,225.0,194.0,273.0,152.0,323.0,161.0,312.0,175.0
375.0,709.0,532.0,143.0,83.0,809.0,23.0,406.0,571.0,347.0,411.0,423.0,678.0,493.0,56.0
86.0,47.0,208.0,15.0,226.0,127.0,83.0,82.0,103.0,103.0,208.0,138.0,36.0,116.0,182.0
124.0,129.0,639.0,23.0,202.0,235.0,50.0,704.0,145.0,411.0,402.0,470.0,76.0,491.0,173.0
224.0,304.0,347.0,61.0,288.0,388.0,165.0,251.0,188.0,203.0,262.0,214.0,272.0,184.0,250.0
181.0,234.0,346.0,46.0,229.0,319.0,92.0,225.0,232.0,201.0,261.0,244.0,190.0,173.0,183.0
168.0,225.0,299.0,51.0,312.0,310.0,107.0,187.0,271.0,188.0,222.0,221.0,212.0,133.0,331.0
115.0,64.0,553.0,23.0,117.0,156.0,39.0,420.0,145.0,130.0,681.0,91.0,59.0,555.0,91.0
178.0,310.0,126.0,15.0,73.0,390.0,19.0,296.0,103.0,101.0,29.0,47.0,40.0,196.0,42.0
158.0,205.0,350.0,35.0,174.0,288.0,58.0,240.0,197.0,176.0,274.0,114.0,156.0,184.0,566.0
333.0,612.0,240.0,21.0,126.0,235.0,40.0,111.0,139.0,129.0,157.0,118.0,73.0,82.0,111.0
268.0,300.0,411.0,86.0,288.0,445.0,165.0,312.0,222.0,264.0,326.0,317.0,42.0,240.0,54.0
100.0,63.0,360.0,17.0,45.0,155.0,6.0,266.0,120.0,230.0,295.0,288.0,33.0,186.0,30.0
178.0,234.0,271.0,29.0,161.0,324.0,53.0,205.0,187.0,151.0,206.0,162.0,101.0,156.0,126.0
92.0,585.0,215.0,16.0,341.0,393.0,19.0,364.0,109.0,112.0,128.0,101.0,36.0,271.0,416.0
104.0,82.0,346.0,58.0,403.0,173.0,129.0,214.0,296.0,201.0,458.0,248.0,260.0,167.0,469.0
375.0,403.0,536.0,148.0,403.0,373.0,391.0,415.0,545.0,347.0,458.0,470.0,639.0,256.0,469.0
121.0,72.0,476.0,65.0,312.0,160.0,198.0,341.0,314.0,223.0,382.0,282.0,284.0,442.0,351.0
123.0,137.0,240.0,23.0,128.0,297.0,42.0,111.0,180.0,129.0,160.0,126.0,76.0,77.0,99.0
191.0,235.0,564.0,51.0,303.0,333.0,121.0,440.0,272.0,132.0,508.0,127.0,219.0,328.0,308.0
122.0,115.0,283.0,23.0,117.0,250.0,35.0,194.0,163.0,156.0,236.0,173.0,54.0,132.0,89.0
126.0,131.0,142.0,3.0,15.0,297.0,1.0,31.0,12.0,425.0,0.0,282.0,4.0,21.0,4.0
75.0,36.0,183.0,8.0,476.0,382.0,18.0,183.0,69.0,75.0,257.0,47.0,27.0,132.0,566.0
210.0,284.0,346.0,57.0,311.0,373.0,188.0,225.0,296.0,201.0,240.0,248.0,264.0,159.0,333.0
146.0,219.0,279.0,32.0,155.0,297.0,50.0,155.0,184.0,154.0,310.0,204.0,123.0,111.0,119.0
124.0,129.0,312.0,25.0,176.0,225.0,75.0,198.0,168.0,138.0,222.0,139.0,102.0,145.0,154.0
114.0,95.0,220.0,22.0,102.0,211.0,39.0,92.0,144.0,129.0,129.0,125.0,70.0,66.0,74.0
375.0,694.0,528.0,140.0,55.0,656.0,18.0,323.0,571.0,322.0,408.0,457.0,726.0,247.0,44.0
147.0,182.0,281.0,33.0,176.0,261.0,61.0,201.0,187.0,154.0,203.0,164.0,127.0,318.0,148.0
154.0,185.0,292.0,33.0,102.0,261.0,33.0,186.0,187.0,156.0,210.0,178.0,70.0,132.0,81.0
376.0,718.0,530.0,148.0,434.0,663.0,253.0,403.0,571.0,346.0,419.0,457.0,529.0,65.0,566.0
178.0,231.0,224.0,45.0,132.0,319.0,45.0,62.0,232.0,187.0,148.0,303.0,200.0,35.0,131.0
96.0,55.0,206.0,16.0,212.0,154.0,59.0,65.0,117.0,108.0,411.0,100.0,92.0,17.0,183.0
157.0,205.0,316.0,45.0,128.0,281.0,42.0,39.0,109.0,188.0,239.0,212.0,76.0,25.0,180.0
183.0,259.0,142.0,50.0,237.0,373.0,99.0,31.0,253.0,188.0,50.0,221.0,211.0,21.0,213.0
288.0,461.0,475.0,95.0,341.0,490.0,261.0,331.0,233.0,275.0,264.0,325.0,444.0,269.0,406.0
316.0,515.0,553.0,97.0,100.0,445.0,33.0,306.0,601.0,289.0,470.0,346.0,48.0,269.0,81.0
224.0,304.0,385.0,77.0,329.0,390.0,217.0,292.0,224.0,247.0,309.0,303.0,330.0,162.0,242.0
244.0,322.0,353.0,70.0,310.0,348.0,180.0,202.0,343.0,230.0,286.0,288.0,284.0,148.0,329.0
273.0,346.0,414.0,86.0,429.0,437.0,253.0,312.0,431.0,265.0,239.0,312.0,438.0,241.0,566.0
123.0,103.0,336.0,24.0,639.0,211.0,50.0,358.0,187.0,213.0,241.0,263.0,92.0,491.0,881.0
168.0,225.0,350.0,38.0,229.0,200.0,92.0,214.0,223.0,214.0,274.0,322.0,175.0,159.0,179.0
167.0,221.0,303.0,38.0,228.0,319.0,83.0,493.0,222.0,174.0,203.0,190.0,174.0,333.0,188.0
163.0,235.0,311.0,36.0,226.0,333.0,83.0,198.0,210.0,184.0,241.0,254.0,171.0,145.0,107.0
233.0,316.0,355.0,67.0,229.0,390.0,86.0,251.0,333.0,223.0,286.0,303.0,209.0,184.0,190.0
132.0,137.0,476.0,29.0,226.0,249.0,54.0,440.0,172.0,304.0,366.0,149.0,101.0,312.0,182.0
206.0,278.0,392.0,56.0,157.0,320.0,52.0,297.0,293.0,252.0,320.0,301.0,260.0,208.0,117.0
113.0,90.0,240.0,21.0,104.0,127.0,38.0,32.0,139.0,130.0,287.0,126.0,68.0,17.0,84.0
182.0,238.0,386.0,50.0,229.0,344.0,95.0,296.0,252.0,188.0,320.0,221.0,196.0,27.0,216.0
168.0,225.0,298.0,38.0,191.0,312.0,69.0,285.0,223.0,171.0,297.0,218.0,191.0,202.0,43.0
125.0,130.0,339.0,33.0,89.0,227.0,30.0,738.0,177.0,188.0,250.0,76.0,46.0,503.0,74.0
140.0,89.0,278.0,30.0,174.0,191.0,58.0,158.0,180.0,151.0,201.0,162.0,103.0,122.0,188.0
124.0,129.0,392.0,97.0,403.0,222.0,226.0,297.0,480.0,252.0,320.0,303.0,344.0,217.0,469.0
288.0,461.0,553.0,95.0,344.0,490.0,222.0,420.0,466.0,275.0,470.0,355.0,444.0,24.0,422.0
257.0,346.0,374.0,71.0,410.0,328.0,62.0,251.0,363.0,243.0,189.0,298.0,168.0,218.0,83.0
91.0,48.0,207.0,15.0,117.0,143.0,37.0,78.0,103.0,105.0,119.0,84.0,40.0,64.0,84.0
76.0,41.0,130.0,6.0,0.0,42.0,18.0,31.0,34.0,63.0,29.0,47.0,36.0,21.0,0.0
235.0,259.0,303.0,61.0,288.0,389.0,165.0,194.0,302.0,176.0,252.0,204.0,273.0,134.0,192.0
111.0,89.0,254.0,21.0,117.0,206.0,35.0,146.0,134.0,137.0,298.0,137.0,59.0,122.0,89.0
119.0,104.0,246.0,23.0,131.0,212.0,43.0,130.0,233.0,132.0,57.0,127.0,76.0,82.0,192.0
77.0,41.0,180.0,11.0,43.0,86.0,16.0,16.0,86.0,83.0,64.0,72.0,33.0,16.0,91.0
139.0,164.0,293.0,27.0,176.0,254.0,61.0,176.0,171.0,160.0,210.0,196.0,116.0,122.0,144.0
287.0,434.0,475.0,97.0,403.0,460.0,261.0,331.0,466.0,278.0,366.0,287.0,464.0,255.0,469.0
100.0,63.0,476.0,70.0,117.0,156.0,35.0,331.0,343.0,238.0,400.0,298.0,128.0,255.0,89.0
163.0,215.0,322.0,36.0,217.0,328.0,82.0,204.0,210.0,167.0,241.0,187.0,171.0,122.0,175.0
182.0,235.0,130.0,49.0,151.0,389.0,50.0,83.0,117.0,188.0,29.0,220.0,92.0,72.0,45.0
152.0,200.0,111.0,33.0,184.0,254.0,61.0,26.0,187.0,154.0,5.0,164.0,127.0,16.0,155.0
271.0,406.0,475.0,87.0,229.0,479.0,226.0,313.0,501.0,322.0,366.0,457.0,344.0,318.0,455.0
256.0,332.0,372.0,71.0,313.0,430.0,203.0,285.0,239.0,243.0,302.0,287.0,303.0,184.0,275.0
76.0,43.0,170.0,8.0,32.0,127.0,6.0,313.0,425.0,71.0,210.0,117.0,26.0,240.0,12.0
375.0,618.0,511.0,140.0,32.0,388.0,4.0,398.0,571.0,322.0,408.0,264.0,23.0,303.0,31.0
112.0,90.0,246.0,21.0,117.0,200.0,35.0,130.0,147.0,132.0,191.0,127.0,59.0,88.0,87.0
206.0,278.0,336.0,51.0,288.0,373.0,95.0,214.0,122.0,196.0,245.0,236.0,195.0,240.0,71.0
273.0,306.0,428.0,87.0,410.0,388.0,237.0,470.0,428.0,269.0,238.0,322.0,406.0,319.0,12.0
100.0,63.0,255.0,17.0,98.0,156.0,33.0,141.0,117.0,120.0,200.0,117.0,47.0,90.0,77.0
333.0,612.0,507.0,128.0,260.0,534.0,150.0,391.0,129.0,306.0,458.0,449.0,590.0,303.0,218.0
126.0,461.0,346.0,27.0,331.0,491.0,58.0,204.0,170.0,347.0,264.0,470.0,102.0,150.0,404.0
73.0,27.0,179.0,6.0,37.0,56.0,5.0,32.0,38.0,67.0,262.0,50.0,19.0,21.0,126.0
156.0,188.0,260.0,34.0,211.0,250.0,78.0,148.0,215.0,154.0,189.0,165.0,145.0,96.0,175.0
287.0,128.0,528.0,85.0,294.0,222.0,170.0,398.0,425.0,316.0,410.0,325.0,276.0,305.0,308.0
122.0,90.0,316.0,24.0,137.0,155.0,46.0,201.0,163.0,174.0,238.0,196.0,84.0,148.0,74.0
183.0,235.0,339.0,49.0,216.0,310.0,82.0,205.0,239.0,188.0,298.0,249.0,171.0,156.0,178.0
158.0,205.0,290.0,35.0,73.0,281.0,19.0,158.0,199.0,154.0,207.0,167.0,158.0,152.0,42.0
202.0,227.0,661.0,51.0,261.0,315.0,121.0,509.0,296.0,192.0,158.0,244.0,239.0,312.0,240.0
205.0,222.0,320.0,53.0,360.0,310.0,274.0,259.0,311.0,188.0,240.0,220.0,256.0,185.0,190.0
196.0,257.0,337.0,51.0,252.0,349.0,105.0,212.0,270.0,197.0,248.0,241.0,195.0,111.0,214.0
123.0,130.0,347.0,25.0,28.0,227.0,2.0,228.0,178.0,138.0,232.0,241.0,33.0,311.0,11.0
264.0,367.0,385.0,77.0,365.0,448.0,217.0,296.0,357.0,247.0,366.0,303.0,331.0,213.0,131.0
111.0,89.0,661.0,18.0,100.0,220.0,32.0,509.0,122.0,595.0,468.0,894.0,49.0,409.0,80.0
187.0,249.0,0.0,0.0,261.0,216.0,0.0,0.0,0.0,0.0,0.0,68.0,0.0,0.0,178.0
70.0,28.0,190.0,6.0,28.0,82.0,5.0,51.0,38.0,75.0,207.0,61.0,19.0,65.0,242.0
206.0,301.0,852.0,55.0,176.0,382.0,61.0,885.0,290.0,214.0,110.0,395.0,84.0,613.0,153.0
157.0,72.0,239.0,14.0,45.0,160.0,19.0,104.0,99.0,99.0,152.0,76.0,36.0,159.0,31.0
163.0,225.0,296.0,36.0,176.0,156.0,61.0,183.0,109.0,167.0,222.0,241.0,116.0,174.0,153.0
103.0,214.0,208.0,17.0,89.0,296.0,30.0,32.0,119.0,108.0,128.0,101.0,46.0,21.0,81.0
212.0,373.0,347.0,67.0,446.0,462.0,213.0,146.0,425.0,202.0,262.0,254.0,336.0,106.0,604.0
270.0,391.0,207.0,87.0,410.0,460.0,237.0,601.0,170.0,129.0,119.0,186.0,406.0,339.0,473.0
178.0,185.0,322.0,60.0,288.0,268.0,165.0,204.0,302.0,203.0,241.0,236.0,272.0,150.0,248.0
205.0,278.0,488.0,36.0,175.0,393.0,58.0,353.0,198.0,247.0,400.0,257.0,168.0,269.0,142.0
376.0,717.0,507.0,128.0,999.0,388.0,367.0,322.0,452.0,306.0,408.0,387.0,590.0,245.0,999.0
182.0,241.0,350.0,50.0,28.0,348.0,119.0,240.0,252.0,213.0,274.0,264.0,209.0,184.0,308.0
236.0,322.0,339.0,55.0,322.0,397.0,213.0,176.0,195.0,197.0,261.0,241.0,316.0,123.0,107.0
138.0,225.0,254.0,30.0,157.0,310.0,52.0,212.0,162.0,138.0,179.0,138.0,101.0,72.0,119.0
268.0,163.0,507.0,85.0,200.0,253.0,75.0,391.0,425.0,304.0,408.0,316.0,168.0,300.0,262.0
202.0,332.0,346.0,51.0,261.0,429.0,126.0,223.0,313.0,228.0,230.0,287.0,259.0,173.0,172.0
125.0,130.0,346.0,56.0,280.0,373.0,150.0,470.0,293.0,200.0,261.0,246.0,264.0,319.0,422.0
105.0,87.0,201.0,20.0,150.0,175.0,34.0,206.0,171.0,92.0,100.0,69.0,54.0,146.0,118.0
306.0,515.0,582.0,201.0,191.0,518.0,70.0,470.0,270.0,408.0,508.0,277.0,905.0,319.0,81.0
154.0,185.0,294.0,33.0,131.0,261.0,43.0,470.0,191.0,167.0,218.0,298.0,140.0,318.0,101.0
266.0,373.0,293.0,80.0,229.0,437.0,75.0,176.0,425.0,252.0,211.0,374.0,150.0,129.0,192.0
138.0,71.0,278.0,30.0,313.0,159.0,199.0,158.0,181.0,151.0,201.0,162.0,380.0,122.0,390.0
316.0,515.0,536.0,110.0,176.0,390.0,391.0,415.0,457.0,347.0,410.0,470.0,624.0,308.0,153.0
330.0,461.0,661.0,217.0,524.0,489.0,276.0,509.0,858.0,416.0,241.0,173.0,515.0,339.0,174.0
206.0,284.0,339.0,55.0,260.0,369.0,126.0,216.0,290.0,199.0,295.0,323.0,256.0,167.0,234.0
111.0,89.0,266.0,21.0,123.0,212.0,33.0,154.0,139.0,151.0,200.0,163.0,59.0,102.0,96.0
129.0,310.0,252.0,24.0,200.0,390.0,48.0,137.0,163.0,137.0,177.0,137.0,83.0,88.0,172.0
126.0,104.0,553.0,27.0,132.0,212.0,45.0,327.0,170.0,140.0,470.0,127.0,84.0,617.0,107.0
120.0,106.0,208.0,16.0,73.0,214.0,19.0,82.0,103.0,106.0,120.0,91.0,40.0,58.0,85.0
202.0,64.0,396.0,51.0,313.0,154.0,95.0,292.0,276.0,192.0,203.0,197.0,195.0,208.0,574.0
154.0,185.0,294.0,33.0,191.0,261.0,69.0,176.0,173.0,156.0,373.0,134.0,140.0,125.0,158.0
176.0,225.0,657.0,45.0,237.0,310.0,99.0,384.0,237.0,188.0,119.0,214.0,196.0,111.0,69.0
171.0,221.0,279.0,41.0,310.0,254.0,94.0,160.0,223.0,154.0,203.0,165.0,191.0,90.0,334.0
105.0,82.0,238.0,20.0,85.0,156.0,33.0,103.0,122.0,120.0,152.0,115.0,52.0,72.0,64.0
319.0,55.0,693.0,110.0,446.0,155.0,258.0,572.0,480.0,595.0,128.0,158.0,450.0,455.0,566.0
123.0,118.0,252.0,24.0,137.0,221.0,46.0,176.0,163.0,137.0,177.0,139.0,89.0,129.0,111.0
124.0,129.0,661.0,25.0,175.0,86.0,58.0,509.0,173.0,524.0,681.0,856.0,92.0,339.0,142.0
246.0,331.0,372.0,70.0,261.0,425.0,203.0,204.0,357.0,252.0,299.0,126.0,303.0,149.0,142.0
163.0,317.0,346.0,87.0,260.0,389.0,143.0,15.0,431.0,269.0,257.0,325.0,219.0,16.0,238.0
80.0,41.0,747.0,9.0,47.0,102.0,9.0,718.0,76.0,660.0,287.0,894.0,33.0,409.0,32.0
104.0,78.0,222.0,19.0,117.0,118.0,35.0,92.0,125.0,120.0,154.0,263.0,59.0,66.0,89.0
217.0,300.0,179.0,60.0,248.0,373.0,171.0,398.0,122.0,203.0,64.0,133.0,270.0,184.0,216.0
196.0,203.0,648.0,51.0,253.0,280.0,105.0,493.0,270.0,411.0,261.0,456.0,209.0,510.0,183.0
123.0,108.0,320.0,24.0,134.0,215.0,45.0,392.0,170.0,188.0,241.0,316.0,85.0,57.0,114.0
104.0,78.0,208.0,15.0,47.0,175.0,13.0,73.0,99.0,105.0,119.0,155.0,33.0,57.0,32.0
152.0,179.0,208.0,16.0,55.0,260.0,18.0,82.0,103.0,106.0,122.0,95.0,35.0,184.0,12.0
103.0,78.0,386.0,23.0,128.0,212.0,42.0,296.0,139.0,271.0,320.0,323.0,76.0,213.0,99.0
257.0,346.0,353.0,71.0,218.0,439.0,213.0,297.0,333.0,214.0,286.0,268.0,330.0,185.0,181.0
202.0,274.0,346.0,56.0,311.0,437.0,138.0,223.0,290.0,201.0,261.0,248.0,264.0,173.0,333.0
169.0,215.0,417.0,40.0,202.0,280.0,75.0,313.0,223.0,269.0,373.0,287.0,161.0,240.0,173.0
214.0,300.0,337.0,58.0,280.0,373.0,147.0,205.0,297.0,201.0,249.0,304.0,269.0,180.0,307.0
0.0,0.0,266.0,6.0,253.0,0.0,107.0,154.0,171.0,61.0,199.0,25.0,212.0,111.0,218.0
146.0,212.0,293.0,33.0,191.0,294.0,69.0,176.0,184.0,160.0,211.0,257.0,140.0,125.0,160.0
97.0,55.0,313.0,16.0,211.0,155.0,79.0,273.0,117.0,184.0,299.0,197.0,46.0,202.0,175.0
181.0,233.0,491.0,114.0,278.0,320.0,339.0,403.0,363.0,304.0,400.0,244.0,583.0,305.0,175.0
119.0,62.0,485.0,104.0,174.0,155.0,58.0,353.0,498.0,296.0,389.0,355.0,102.0,269.0,140.0
237.0,322.0,355.0,65.0,311.0,390.0,171.0,259.0,314.0,223.0,286.0,280.0,284.0,173.0,333.0
317.0,523.0,500.0,109.0,160.0,518.0,258.0,363.0,500.0,304.0,408.0,428.0,529.0,311.0,124.0
202.0,261.0,336.0,51.0,243.0,294.0,121.0,264.0,252.0,197.0,248.0,241.0,238.0,185.0,215.0
146.0,164.0,278.0,31.0,312.0,255.0,61.0,158.0,180.0,151.0,201.0,193.0,122.0,88.0,242.0
152.0,180.0,300.0,38.0,73.0,260.0,19.0,192.0,222.0,176.0,230.0,193.0,174.0,477.0,72.0
73.0,27.0,126.0,6.0,176.0,56.0,2.0,29.0,34.0,61.0,27.0,81.0,10.0,17.0,153.0
214.0,301.0,187.0,60.0,288.0,319.0,165.0,39.0,302.0,82.0,87.0,69.0,272.0,25.0,212.0
76.0,45.0,183.0,8.0,253.0,127.0,107.0,45.0,0.0,76.0,29.0,47.0,25.0,12.0,218.0
156.0,200.0,348.0,34.0,280.0,280.0,75.0,228.0,184.0,156.0,272.0,175.0,149.0,132.0,87.0
412.0,523.0,564.0,177.0,150.0,518.0,50.0,440.0,198.0,374.0,333.0,374.0,751.0,312.0,117.0
182.0,241.0,336.0,50.0,55.0,521.0,18.0,969.0,252.0,188.0,248.0,218.0,209.0,628.0,44.0
94.0,145.0,322.0,49.0,258.0,249.0,99.0,202.0,239.0,188.0,241.0,220.0,202.0,145.0,234.0
126.0,131.0,223.0,27.0,112.0,238.0,35.0,94.0,171.0,141.0,394.0,138.0,55.0,68.0,88.0
24.0,48.0,449.0,96.0,448.0,143.0,258.0,322.0,466.0,304.0,206.0,151.0,450.0,246.0,582.0
374.0,693.0,507.0,137.0,448.0,143.0,274.0,364.0,571.0,306.0,408.0,428.0,624.0,275.0,91.0
206.0,372.0,179.0,56.0,261.0,445.0,121.0,0.0,292.0,199.0,57.0,248.0,259.0,0.0,242.0
330.0,590.0,528.0,133.0,288.0,521.0,106.0,398.0,568.0,316.0,0.0,446.0,678.0,305.0,242.0
123.0,128.0,293.0,25.0,123.0,191.0,50.0,175.0,168.0,150.0,211.0,114.0,92.0,133.0,94.0
115.0,105.0,240.0,23.0,174.0,211.0,58.0,110.0,145.0,129.0,160.0,125.0,77.0,72.0,172.0
295.0,316.0,313.0,49.0,200.0,390.0,78.0,206.0,210.0,188.0,241.0,220.0,161.0,158.0,172.0
167.0,215.0,212.0,16.0,83.0,296.0,23.0,83.0,12.0,106.0,126.0,134.0,42.0,64.0,55.0
73.0,194.0,290.0,7.0,229.0,280.0,5.0,508.0,46.0,154.0,210.0,165.0,23.0,343.0,190.0
123.0,207.0,266.0,24.0,137.0,280.0,46.0,154.0,164.0,144.0,200.0,70.0,89.0,106.0,111.0
103.0,95.0,553.0,5.0,37.0,205.0,2.0,198.0,103.0,71.0,582.0,100.0,5.0,145.0,12.0
140.0,154.0,187.0,29.0,200.0,253.0,77.0,47.0,178.0,82.0,87.0,69.0,156.0,26.0,170.0
95.0,55.0,224.0,20.0,112.0,155.0,35.0,97.0,302.0,120.0,130.0,374.0,55.0,555.0,88.0
152.0,231.0,386.0,33.0,197.0,319.0,70.0,297.0,184.0,247.0,320.0,303.0,128.0,81.0,85.0
119.0,103.0,215.0,17.0,100.0,211.0,33.0,84.0,119.0,112.0,203.0,127.0,48.0,64.0,80.0
196.0,257.0,279.0,27.0,28.0,397.0,2.0,168.0,38.0,154.0,203.0,164.0,12.0,116.0,12.0
212.0,474.0,363.0,70.0,331.0,490.0,217.0,280.0,343.0,238.0,299.0,240.0,330.0,201.0,404.0
156.0,173.0,279.0,34.0,202.0,256.0,75.0,158.0,171.0,156.0,203.0,167.0,156.0,111.0,173.0
112.0,89.0,353.0,70.0,313.0,344.0,203.0,251.0,343.0,230.0,286.0,288.0,303.0,184.0,351.0
160.0,130.0,312.0,38.0,228.0,222.0,85.0,197.0,213.0,174.0,179.0,118.0,176.0,145.0,175.0
212.0,284.0,648.0,58.0,150.0,373.0,19.0,490.0,296.0,416.0,470.0,76.0,270.0,321.0,94.0
376.0,718.0,514.0,140.0,218.0,741.0,79.0,148.0,571.0,319.0,414.0,456.0,419.0,96.0,180.0
180.0,233.0,582.0,183.0,43.0,328.0,33.0,470.0,341.0,411.0,509.0,822.0,177.0,319.0,25.0
210.0,281.0,346.0,57.0,83.0,348.0,26.0,225.0,292.0,201.0,261.0,248.0,284.0,173.0,63.0
91.0,48.0,549.0,248.0,211.0,133.0,79.0,392.0,425.0,411.0,468.0,118.0,158.0,303.0,175.0
212.0,281.0,340.0,56.0,275.0,358.0,139.0,532.0,293.0,200.0,325.0,197.0,264.0,412.0,247.0
86.0,45.0,207.0,15.0,157.0,127.0,61.0,346.0,107.0,106.0,120.0,95.0,40.0,208.0,118.0
152.0,137.0,279.0,33.0,258.0,247.0,77.0,163.0,184.0,154.0,230.0,167.0,128.0,107.0,238.0
138.0,173.0,298.0,29.0,310.0,261.0,76.0,192.0,173.0,137.0,222.0,133.0,102.0,159.0,322.0
132.0,137.0,279.0,29.0,168.0,241.0,54.0,15.0,184.0,154.0,203.0,165.0,101.0,16.0,212.0
169.0,222.0,111.0,5.0,341.0,306.0,2.0,26.0,210.0,25.0,5.0,0.0,5.0,21.0,172.0
126.0,130.0,294.0,27.0,174.0,230.0,58.0,180.0,332.0,156.0,215.0,160.0,103.0,130.0,175.0
133.0,141.0,283.0,33.0,184.0,249.0,61.0,168.0,163.0,174.0,207.0,197.0,127.0,111.0,158.0
268.0,372.0,414.0,85.0,123.0,445.0,38.0,299.0,425.0,264.0,345.0,323.0,89.0,491.0,82.0
171.0,229.0,340.0,51.0,161.0,315.0,53.0,140.0,272.0,197.0,338.0,231.0,101.0,72.0,126.0
210.0,284.0,348.0,60.0,277.0,373.0,139.0,251.0,302.0,207.0,272.0,263.0,264.0,184.0,231.0
83.0,41.0,204.0,11.0,58.0,297.0,16.0,62.0,34.0,106.0,173.0,98.0,35.0,503.0,44.0
152.0,185.0,461.0,91.0,292.0,268.0,166.0,327.0,454.0,278.0,382.0,346.0,273.0,248.0,307.0
196.0,257.0,336.0,51.0,54.0,348.0,18.0,206.0,272.0,197.0,248.0,241.0,43.0,146.0,31.0
97.0,55.0,542.0,153.0,217.0,155.0,82.0,493.0,616.0,356.0,468.0,353.0,726.0,331.0,214.0
257.0,227.0,242.0,87.0,966.0,462.0,237.0,204.0,369.0,132.0,470.0,81.0,406.0,150.0,38.0
157.0,200.0,303.0,41.0,191.0,280.0,67.0,194.0,223.0,176.0,211.0,203.0,136.0,133.0,157.0
138.0,317.0,207.0,15.0,212.0,393.0,96.0,78.0,103.0,106.0,122.0,91.0,195.0,57.0,74.0
139.0,434.0,296.0,36.0,278.0,489.0,148.0,202.0,184.0,167.0,189.0,193.0,161.0,123.0,274.0
132.0,137.0,457.0,58.0,279.0,249.0,148.0,323.0,297.0,275.0,366.0,353.0,269.0,255.0,274.0
83.0,43.0,336.0,12.0,122.0,133.0,19.0,212.0,69.0,85.0,245.0,76.0,36.0,162.0,99.0
237.0,323.0,661.0,66.0,123.0,373.0,13.0,509.0,333.0,225.0,640.0,220.0,95.0,491.0,95.0
264.0,367.0,360.0,91.0,448.0,445.0,261.0,266.0,454.0,273.0,287.0,323.0,494.0,192.0,94.0
256.0,332.0,300.0,71.0,157.0,154.0,70.0,189.0,343.0,246.0,165.0,302.0,68.0,555.0,187.0
288.0,461.0,648.0,183.0,32.0,489.0,530.0,420.0,660.0,403.0,597.0,127.0,888.0,296.0,12.0
196.0,259.0,372.0,51.0,365.0,319.0,570.0,331.0,232.0,246.0,286.0,301.0,864.0,255.0,566.0
271.0,332.0,395.0,87.0,415.0,429.0,243.0,312.0,425.0,252.0,321.0,323.0,408.0,318.0,25.0
103.0,76.0,322.0,20.0,112.0,160.0,35.0,250.0,122.0,188.0,241.0,218.0,55.0,192.0,114.0
115.0,373.0,224.0,16.0,89.0,445.0,30.0,97.0,109.0,120.0,243.0,117.0,46.0,71.0,406.0
76.0,48.0,184.0,8.0,47.0,225.0,5.0,45.0,638.0,80.0,179.0,68.0,12.0,25.0,32.0
210.0,284.0,348.0,57.0,277.0,388.0,143.0,313.0,296.0,207.0,272.0,228.0,269.0,219.0,250.0
137.0,322.0,271.0,29.0,177.0,397.0,59.0,206.0,178.0,151.0,200.0,162.0,109.0,158.0,154.0
314.0,215.0,293.0,36.0,211.0,296.0,78.0,0.0,187.0,160.0,322.0,158.0,161.0,72.0,175.0
80.0,41.0,208.0,15.0,75.0,102.0,19.0,83.0,103.0,105.0,122.0,84.0,40.0,64.0,54.0
156.0,222.0,693.0,243.0,303.0,308.0,226.0,738.0,601.0,521.0,654.0,856.0,905.0,503.0,316.0
133.0,141.0,255.0,27.0,134.0,249.0,2.0,94.0,171.0,139.0,345.0,139.0,5.0,458.0,110.0
124.0,129.0,507.0,25.0,75.0,216.0,16.0,327.0,170.0,304.0,408.0,460.0,27.0,269.0,54.0
211.0,130.0,299.0,57.0,89.0,280.0,138.0,194.0,314.0,200.0,222.0,264.0,264.0,145.0,73.0
103.0,78.0,271.0,20.0,106.0,175.0,35.0,90.0,76.0,120.0,200.0,288.0,54.0,305.0,89.0
154.0,332.0,303.0,33.0,189.0,425.0,67.0,61.0,457.0,176.0,234.0,197.0,136.0,34.0,157.0
375.0,694.0,528.0,140.0,85.0,663.0,382.0,398.0,571.0,322.0,465.0,457.0,656.0,305.0,64.0
182.0,233.0,549.0,60.0,313.0,320.0,184.0,572.0,302.0,374.0,468.0,582.0,269.0,455.0,180.0
196.0,137.0,266.0,29.0,126.0,253.0,40.0,299.0,173.0,147.0,199.0,160.0,102.0,184.0,157.0
182.0,241.0,300.0,50.0,168.0,348.0,54.0,189.0,252.0,188.0,225.0,221.0,209.0,133.0,118.0
113.0,90.0,240.0,21.0,141.0,203.0,46.0,111.0,158.0,129.0,157.0,117.0,68.0,77.0,111.0
375.0,709.0,564.0,140.0,311.0,462.0,444.0,459.0,571.0,356.0,483.0,348.0,656.0,314.0,329.0
376.0,717.0,374.0,71.0,277.0,706.0,253.0,312.0,369.0,243.0,310.0,301.0,291.0,248.0,250.0
178.0,234.0,336.0,7.0,45.0,348.0,6.0,206.0,50.0,197.0,248.0,241.0,26.0,122.0,32.0
317.0,515.0,488.0,109.0,313.0,521.0,15.0,384.0,501.0,296.0,400.0,374.0,515.0,510.0,351.0
100.0,62.0,313.0,41.0,145.0,155.0,48.0,214.0,223.0,182.0,241.0,212.0,70.0,162.0,118.0
288.0,434.0,351.0,95.0,434.0,491.0,253.0,241.0,466.0,213.0,119.0,264.0,444.0,305.0,566.0
146.0,174.0,299.0,41.0,174.0,259.0,58.0,187.0,223.0,174.0,222.0,204.0,408.0,133.0,175.0
114.0,103.0,257.0,22.0,117.0,211.0,38.0,200.0,141.0,144.0,187.0,151.0,70.0,145.0,74.0
217.0,300.0,347.0,41.0,83.0,374.0,26.0,228.0,224.0,203.0,402.0,228.0,195.0,333.0,63.0
306.0,137.0,360.0,97.0,292.0,261.0,243.0,264.0,457.0,296.0,234.0,463.0,408.0,186.0,308.0
271.0,409.0,747.0,80.0,311.0,468.0,188.0,420.0,425.0,660.0,386.0,456.0,288.0,309.0,333.0
77.0,42.0,661.0,8.0,28.0,124.0,4.0,509.0,69.0,80.0,419.0,70.0,27.0,321.0,4.0
271.0,403.0,438.0,89.0,341.0,462.0,220.0,322.0,480.0,271.0,338.0,322.0,334.0,246.0,182.0
202.0,261.0,336.0,51.0,310.0,550.0,174.0,206.0,194.0,196.0,245.0,244.0,284.0,156.0,329.0
287.0,229.0,507.0,133.0,43.0,315.0,6.0,403.0,568.0,311.0,410.0,446.0,23.0,412.0,56.0
374.0,693.0,507.0,137.0,175.0,809.0,253.0,398.0,568.0,319.0,410.0,803.0,656.0,305.0,250.0
70.0,21.0,298.0,6.0,43.0,235.0,2.0,186.0,314.0,82.0,210.0,68.0,10.0,21.0,31.0
374.0,693.0,536.0,148.0,434.0,249.0,226.0,470.0,579.0,347.0,458.0,95.0,583.0,319.0,566.0
97.0,55.0,220.0,17.0,85.0,143.0,32.0,90.0,120.0,112.0,128.0,185.0,49.0,148.0,73.0
168.0,225.0,300.0,38.0,80.0,310.0,23.0,189.0,222.0,176.0,211.0,197.0,42.0,122.0,55.0
123.0,115.0,279.0,24.0,132.0,280.0,48.0,148.0,164.0,137.0,203.0,100.0,92.0,111.0,94.0
122.0,108.0,252.0,23.0,131.0,215.0,45.0,137.0,162.0,136.0,177.0,248.0,83.0,91.0,101.0
311.0,215.0,187.0,97.0,261.0,297.0,121.0,49.0,500.0,83.0,84.0,212.0,252.0,27.0,242.0
154.0,188.0,201.0,34.0,191.0,156.0,69.0,61.0,193.0,85.0,94.0,76.0,145.0,34.0,155.0
137.0,154.0,271.0,31.0,177.0,261.0,61.0,155.0,184.0,154.0,201.0,162.0,122.0,106.0,154.0
123.0,135.0,661.0,25.0,88.0,215.0,19.0,509.0,168.0,871.0,654.0,999.0,36.0,390.0,71.0
113.0,90.0,252.0,21.0,126.0,197.0,40.0,141.0,139.0,129.0,187.0,114.0,73.0,493.0,97.0
75.0,21.0,184.0,8.0,89.0,56.0,29.0,45.0,54.0,80.0,338.0,70.0,27.0,25.0,12.0
104.0,78.0,488.0,19.0,344.0,173.0,33.0,572.0,95.0,300.0,400.0,325.0,54.0,455.0,422.0
152.0,185.0,303.0,33.0,176.0,261.0,58.0,194.0,181.0,176.0,232.0,268.0,128.0,129.0,153.0
306.0,27.0,212.0,16.0,227.0,56.0,85.0,83.0,103.0,108.0,128.0,138.0,127.0,162.0,187.0
271.0,406.0,224.0,86.0,168.0,143.0,54.0,97.0,430.0,265.0,400.0,317.0,101.0,218.0,198.0
156.0,207.0,355.0,35.0,242.0,289.0,99.0,251.0,314.0,223.0,287.0,280.0,158.0,184.0,214.0
146.0,137.0,283.0,30.0,122.0,208.0,39.0,175.0,182.0,153.0,206.0,124.0,70.0,123.0,80.0
113.0,90.0,339.0,21.0,429.0,182.0,33.0,280.0,139.0,199.0,410.0,244.0,45.0,201.0,566.0
120.0,105.0,240.0,23.0,128.0,213.0,42.0,111.0,145.0,129.0,157.0,263.0,76.0,77.0,99.0
273.0,403.0,360.0,77.0,329.0,460.0,217.0,280.0,184.0,247.0,286.0,303.0,330.0,107.0,56.0
124.0,129.0,337.0,24.0,131.0,341.0,46.0,216.0,163.0,199.0,210.0,244.0,89.0,159.0,111.0
125.0,130.0,339.0,23.0,128.0,230.0,42.0,204.0,145.0,200.0,234.0,257.0,76.0,20.0,139.0
86.0,41.0,207.0,15.0,73.0,86.0,19.0,78.0,103.0,103.0,152.0,101.0,40.0,64.0,45.0
124.0,187.0,204.0,25.0,252.0,270.0,106.0,62.0,170.0,120.0,119.0,115.0,83.0,34.0,218.0
138.0,104.0,283.0,30.0,341.0,212.0,75.0,39.0,180.0,153.0,218.0,163.0,102.0,25.0,231.0
316.0,515.0,481.0,109.0,202.0,484.0,75.0,342.0,503.0,296.0,389.0,374.0,150.0,628.0,173.0
330.0,590.0,481.0,128.0,175.0,418.0,54.0,342.0,547.0,306.0,387.0,428.0,590.0,258.0,153.0
182.0,235.0,449.0,50.0,202.0,294.0,75.0,322.0,252.0,188.0,366.0,221.0,154.0,218.0,172.0
103.0,78.0,379.0,19.0,100.0,154.0,32.0,292.0,125.0,112.0,373.0,105.0,55.0,208.0,84.0
288.0,434.0,447.0,95.0,410.0,521.0,171.0,176.0,454.0,273.0,307.0,323.0,888.0,133.0,473.0
92.0,41.0,350.0,16.0,65.0,102.0,30.0,316.0,188.0,107.0,274.0,101.0,46.0,256.0,54.0
154.0,188.0,363.0,70.0,86.0,270.0,45.0,277.0,333.0,228.0,298.0,287.0,288.0,245.0,84.0
187.0,253.0,322.0,51.0,288.0,348.0,165.0,204.0,272.0,190.0,241.0,91.0,272.0,477.0,297.0
76.0,40.0,184.0,8.0,37.0,86.0,5.0,45.0,129.0,80.0,87.0,241.0,25.0,25.0,25.0
176.0,229.0,310.0,38.0,132.0,315.0,94.0,195.0,223.0,182.0,234.0,196.0,181.0,133.0,107.0
176.0,235.0,312.0,49.0,174.0,320.0,95.0,198.0,122.0,187.0,238.0,208.0,200.0,145.0,126.0
183.0,249.0,323.0,50.0,227.0,348.0,96.0,32.0,253.0,190.0,241.0,248.0,195.0,21.0,183.0
84.0,47.0,240.0,24.0,65.0,127.0,166.0,49.0,144.0,137.0,164.0,137.0,84.0,343.0,44.0
256.0,332.0,382.0,73.0,257.0,429.0,108.0,296.0,276.0,246.0,238.0,302.0,219.0,180.0,229.0
316.0,515.0,481.0,104.0,181.0,491.0,53.0,364.0,431.0,296.0,387.0,355.0,579.0,292.0,153.0
268.0,376.0,207.0,86.0,310.0,429.0,180.0,83.0,428.0,264.0,119.0,316.0,369.0,68.0,331.0
132.0,137.0,105.0,29.0,174.0,250.0,58.0,16.0,168.0,151.0,8.0,162.0,108.0,16.0,71.0
264.0,284.0,488.0,70.0,329.0,397.0,217.0,331.0,568.0,300.0,400.0,423.0,303.0,496.0,77.0
156.0,233.0,293.0,34.0,341.0,250.0,203.0,176.0,180.0,156.0,211.0,187.0,33.0,125.0,455.0
374.0,693.0,693.0,137.0,128.0,372.0,70.0,509.0,347.0,524.0,658.0,856.0,588.0,409.0,99.0
134.0,108.0,530.0,29.0,228.0,214.0,85.0,406.0,81.0,147.0,419.0,158.0,175.0,185.0,187.0
288.0,618.0,374.0,71.0,261.0,439.0,217.0,140.0,276.0,243.0,302.0,298.0,331.0,91.0,242.0
314.0,461.0,542.0,97.0,122.0,486.0,61.0,420.0,498.0,293.0,470.0,236.0,156.0,311.0,95.0
319.0,461.0,487.0,109.0,735.0,491.0,276.0,358.0,501.0,296.0,394.0,374.0,529.0,269.0,229.0
73.0,27.0,254.0,17.0,86.0,56.0,29.0,132.0,122.0,138.0,187.0,139.0,49.0,185.0,56.0
124.0,133.0,125.0,24.0,132.0,241.0,45.0,27.0,164.0,58.0,128.0,23.0,85.0,17.0,32.0
168.0,225.0,303.0,38.0,227.0,281.0,85.0,187.0,222.0,176.0,232.0,207.0,175.0,308.0,183.0
271.0,409.0,222.0,38.0,234.0,484.0,95.0,94.0,223.0,174.0,129.0,193.0,195.0,71.0,212.0
256.0,332.0,385.0,71.0,260.0,430.0,129.0,293.0,369.0,246.0,128.0,302.0,260.0,208.0,238.0
257.0,348.0,350.0,71.0,47.0,460.0,9.0,175.0,162.0,201.0,275.0,282.0,33.0,123.0,32.0
91.0,48.0,208.0,16.0,83.0,143.0,24.0,82.0,107.0,106.0,119.0,124.0,43.0,58.0,84.0
146.0,109.0,279.0,31.0,176.0,215.0,61.0,163.0,182.0,154.0,203.0,127.0,122.0,111.0,154.0
167.0,221.0,382.0,70.0,106.0,197.0,33.0,293.0,276.0,238.0,309.0,298.0,303.0,208.0,87.0
52.0,21.0,207.0,5.0,104.0,133.0,2.0,78.0,333.0,58.0,130.0,25.0,5.0,57.0,84.0
133.0,141.0,360.0,29.0,157.0,249.0,52.0,292.0,171.0,165.0,187.0,186.0,101.0,208.0,119.0
180.0,233.0,347.0,51.0,255.0,320.0,107.0,222.0,232.0,201.0,244.0,254.0,212.0,170.0,220.0
212.0,325.0,300.0,58.0,253.0,422.0,139.0,290.0,297.0,202.0,188.0,254.0,167.0,205.0,220.0
158.0,205.0,355.0,45.0,253.0,310.0,99.0,296.0,213.0,188.0,287.0,163.0,200.0,192.0,220.0
103.0,78.0,263.0,27.0,145.0,175.0,50.0,149.0,170.0,147.0,250.0,186.0,92.0,116.0,64.0
104.0,82.0,222.0,20.0,112.0,193.0,35.0,202.0,164.0,113.0,130.0,105.0,55.0,116.0,88.0
76.0,36.0,180.0,8.0,43.0,222.0,6.0,39.0,281.0,80.0,63.0,68.0,26.0,17.0,32.0
183.0,229.0,240.0,50.0,262.0,315.0,119.0,110.0,252.0,190.0,158.0,187.0,211.0,77.0,101.0
114.0,95.0,240.0,23.0,131.0,268.0,43.0,110.0,145.0,130.0,218.0,126.0,76.0,28.0,80.0
156.0,193.0,550.0,137.0,448.0,277.0,258.0,508.0,571.0,358.0,470.0,316.0,656.0,328.0,117.0
330.0,63.0,852.0,117.0,176.0,154.0,382.0,756.0,547.0,304.0,310.0,428.0,588.0,314.0,153.0
75.0,41.0,257.0,27.0,278.0,87.0,139.0,137.0,173.0,137.0,307.0,139.0,264.0,133.0,216.0
270.0,376.0,224.0,86.0,341.0,404.0,220.0,297.0,430.0,264.0,148.0,316.0,369.0,218.0,422.0
182.0,718.0,317.0,49.0,227.0,490.0,86.0,148.0,252.0,188.0,250.0,140.0,174.0,256.0,183.0
130.0,137.0,183.0,6.0,126.0,247.0,40.0,45.0,34.0,61.0,57.0,23.0,70.0,41.0,96.0
156.0,234.0,111.0,34.0,218.0,261.0,75.0,26.0,197.0,151.0,8.0,162.0,149.0,16.0,180.0
154.0,188.0,279.0,34.0,238.0,256.0,82.0,160.0,193.0,153.0,203.0,163.0,145.0,309.0,81.0
103.0,76.0,222.0,18.0,89.0,225.0,30.0,97.0,122.0,113.0,170.0,101.0,51.0,305.0,72.0
163.0,304.0,339.0,36.0,161.0,388.0,76.0,214.0,181.0,192.0,249.0,228.0,161.0,173.0,126.0
97.0,64.0,207.0,16.0,228.0,143.0,78.0,62.0,117.0,108.0,120.0,98.0,46.0,133.0,156.0
103.0,76.0,142.0,19.0,102.0,164.0,33.0,31.0,122.0,114.0,238.0,105.0,54.0,20.0,82.0
138.0,164.0,190.0,27.0,175.0,211.0,58.0,346.0,171.0,141.0,91.0,140.0,103.0,303.0,142.0
264.0,372.0,688.0,78.0,344.0,445.0,222.0,601.0,227.0,660.0,654.0,911.0,336.0,493.0,422.0
81.0,42.0,279.0,11.0,157.0,159.0,9.0,160.0,86.0,154.0,203.0,186.0,33.0,132.0,119.0
100.0,62.0,201.0,23.0,128.0,156.0,42.0,16.0,46.0,92.0,100.0,76.0,76.0,16.0,96.0
202.0,261.0,582.0,51.0,128.0,388.0,42.0,470.0,290.0,408.0,509.0,803.0,76.0,409.0,99.0
77.0,41.0,661.0,8.0,28.0,56.0,4.0,572.0,248.0,81.0,218.0,68.0,27.0,455.0,12.0
73.0,41.0,111.0,6.0,28.0,102.0,4.0,26.0,38.0,67.0,8.0,50.0,19.0,17.0,87.0
270.0,391.0,348.0,80.0,341.0,460.0,222.0,205.0,425.0,207.0,272.0,263.0,336.0,152.0,406.0
158.0,205.0,206.0,35.0,230.0,272.0,76.0,65.0,198.0,101.0,119.0,76.0,156.0,81.0,201.0
87.0,47.0,212.0,16.0,83.0,133.0,24.0,83.0,109.0,106.0,122.0,95.0,43.0,64.0,55.0
999.0,999.0,999.0,999.0,999.0,999.0,999.0,999.0,999.0,999.0,681.0,999.0,999.0,491.0,999.0
187.0,253.0,208.0,15.0,261.0,348.0,80.0,82.0,103.0,106.0,123.0,91.0,168.0,57.0,242.0
270.0,323.0,661.0,86.0,157.0,407.0,150.0,509.0,430.0,269.0,207.0,196.0,464.0,390.0,192.0
138.0,164.0,242.0,36.0,174.0,253.0,70.0,83.0,210.0,132.0,165.0,126.0,196.0,57.0,144.0
375.0,694.0,204.0,24.0,128.0,663.0,45.0,62.0,173.0,99.0,110.0,76.0,85.0,35.0,99.0
237.0,225.0,564.0,60.0,117.0,310.0,37.0,459.0,302.0,213.0,176.0,264.0,92.0,95.0,94.0
410.0,756.0,580.0,183.0,258.0,663.0,570.0,476.0,638.0,404.0,508.0,68.0,864.0,318.0,187.0
168.0,225.0,320.0,41.0,137.0,310.0,46.0,212.0,232.0,188.0,240.0,220.0,92.0,159.0,111.0
132.0,137.0,266.0,29.0,175.0,249.0,53.0,154.0,173.0,144.0,200.0,155.0,101.0,102.0,154.0
146.0,174.0,279.0,32.0,279.0,261.0,138.0,160.0,184.0,154.0,203.0,98.0,70.0,107.0,274.0
268.0,373.0,414.0,86.0,445.0,439.0,254.0,299.0,430.0,265.0,326.0,301.0,273.0,185.0,574.0
377.0,292.0,542.0,153.0,227.0,374.0,85.0,440.0,199.0,356.0,257.0,218.0,726.0,312.0,183.0
104.0,78.0,125.0,19.0,89.0,175.0,32.0,27.0,122.0,58.0,8.0,72.0,54.0,57.0,74.0
257.0,348.0,223.0,71.0,177.0,422.0,78.0,137.0,363.0,114.0,27.0,151.0,264.0,174.0,154.0
224.0,306.0,385.0,71.0,252.0,389.0,126.0,293.0,343.0,243.0,320.0,298.0,259.0,208.0,218.0
257.0,0.0,224.0,71.0,189.0,0.0,65.0,384.0,357.0,120.0,148.0,115.0,128.0,296.0,154.0
266.0,488.0,487.0,109.0,200.0,203.0,75.0,353.0,498.0,296.0,394.0,117.0,175.0,305.0,172.0
311.0,999.0,428.0,87.0,429.0,999.0,243.0,312.0,341.0,269.0,206.0,322.0,406.0,219.0,566.0
232.0,205.0,356.0,64.0,262.0,288.0,170.0,277.0,313.0,223.0,297.0,149.0,276.0,196.0,246.0
113.0,90.0,395.0,30.0,131.0,220.0,43.0,440.0,199.0,252.0,321.0,165.0,109.0,312.0,101.0
73.0,174.0,184.0,8.0,117.0,256.0,37.0,45.0,12.0,81.0,5.0,68.0,27.0,25.0,94.0
167.0,221.0,852.0,38.0,229.0,310.0,92.0,885.0,224.0,174.0,290.0,196.0,175.0,583.0,198.0
428.0,693.0,580.0,183.0,275.0,270.0,570.0,476.0,676.0,404.0,508.0,282.0,864.0,321.0,274.0
206.0,281.0,500.0,56.0,206.0,373.0,121.0,363.0,292.0,304.0,408.0,449.0,252.0,271.0,179.0
92.0,42.0,207.0,15.0,47.0,230.0,13.0,62.0,122.0,106.0,236.0,91.0,42.0,35.0,32.0
133.0,141.0,263.0,29.0,165.0,249.0,59.0,149.0,233.0,147.0,408.0,348.0,102.0,71.0,127.0
287.0,95.0,447.0,91.0,410.0,191.0,237.0,322.0,454.0,273.0,351.0,323.0,429.0,339.0,182.0
232.0,304.0,449.0,64.0,294.0,310.0,170.0,322.0,313.0,252.0,245.0,221.0,276.0,246.0,246.0
270.0,373.0,488.0,80.0,434.0,341.0,253.0,346.0,425.0,300.0,386.0,387.0,438.0,185.0,566.0
257.0,346.0,379.0,73.0,217.0,437.0,80.0,292.0,197.0,246.0,299.0,302.0,330.0,208.0,179.0
212.0,235.0,336.0,51.0,260.0,341.0,121.0,212.0,168.0,196.0,245.0,236.0,239.0,159.0,73.0
182.0,235.0,283.0,50.0,224.0,315.0,99.0,168.0,253.0,140.0,207.0,149.0,202.0,119.0,181.0
182.0,241.0,294.0,50.0,118.0,348.0,108.0,180.0,252.0,165.0,203.0,187.0,209.0,130.0,94.0
181.0,234.0,180.0,45.0,238.0,220.0,99.0,459.0,296.0,188.0,63.0,212.0,200.0,314.0,238.0
244.0,323.0,542.0,70.0,197.0,397.0,65.0,264.0,341.0,319.0,419.0,457.0,291.0,218.0,172.0
270.0,376.0,411.0,86.0,260.0,319.0,126.0,293.0,428.0,264.0,326.0,316.0,369.0,218.0,238.0
103.0,78.0,336.0,18.0,106.0,173.0,33.0,470.0,122.0,197.0,245.0,240.0,52.0,328.0,87.0
96.0,55.0,855.0,16.0,175.0,294.0,59.0,756.0,54.0,107.0,999.0,127.0,109.0,491.0,144.0
152.0,180.0,126.0,33.0,279.0,260.0,148.0,29.0,187.0,139.0,27.0,108.0,259.0,17.0,77.0
119.0,108.0,283.0,30.0,228.0,215.0,86.0,168.0,181.0,151.0,207.0,162.0,101.0,65.0,180.0
77.0,41.0,201.0,8.0,32.0,362.0,5.0,32.0,69.0,81.0,100.0,68.0,27.0,17.0,12.0
129.0,135.0,549.0,307.0,98.0,238.0,33.0,420.0,281.0,358.0,468.0,582.0,999.0,291.0,77.0
270.0,372.0,201.0,3.0,58.0,445.0,2.0,39.0,69.0,42.0,100.0,25.0,5.0,25.0,44.0
121.0,105.0,254.0,23.0,255.0,213.0,45.0,297.0,181.0,138.0,203.0,139.0,83.0,218.0,202.0
241.0,323.0,363.0,70.0,310.0,404.0,172.0,285.0,333.0,228.0,297.0,287.0,288.0,202.0,329.0
154.0,188.0,283.0,34.0,128.0,247.0,39.0,202.0,193.0,156.0,203.0,178.0,145.0,116.0,91.0
154.0,128.0,281.0,33.0,112.0,241.0,67.0,165.0,184.0,154.0,207.0,165.0,136.0,491.0,87.0
0.0,0.0,207.0,0.0,0.0,0.0,0.0,80.0,0.0,0.0,120.0,98.0,0.0,58.0,0.0
156.0,212.0,294.0,36.0,189.0,294.0,99.0,176.0,197.0,167.0,249.0,186.0,200.0,131.0,140.0
152.0,179.0,449.0,33.0,160.0,260.0,70.0,322.0,187.0,269.0,351.0,322.0,269.0,247.0,124.0
314.0,694.0,564.0,104.0,28.0,297.0,230.0,459.0,313.0,374.0,373.0,582.0,344.0,314.0,12.0
83.0,43.0,207.0,11.0,279.0,159.0,106.0,80.0,184.0,105.0,120.0,98.0,256.0,58.0,274.0
156.0,222.0,290.0,34.0,197.0,308.0,75.0,155.0,199.0,156.0,210.0,178.0,149.0,148.0,179.0
229.0,129.0,351.0,70.0,312.0,197.0,199.0,241.0,341.0,214.0,275.0,236.0,291.0,134.0,333.0
412.0,764.0,550.0,159.0,202.0,445.0,367.0,431.0,571.0,358.0,470.0,463.0,726.0,311.0,172.0
105.0,92.0,224.0,20.0,102.0,182.0,33.0,98.0,139.0,120.0,152.0,118.0,55.0,72.0,82.0
111.0,89.0,224.0,21.0,54.0,191.0,18.0,97.0,132.0,120.0,191.0,117.0,35.0,72.0,43.0
75.0,43.0,201.0,7.0,258.0,124.0,107.0,84.0,98.0,83.0,88.0,70.0,26.0,79.0,242.0
202.0,261.0,550.0,56.0,43.0,362.0,16.0,438.0,293.0,200.0,470.0,246.0,273.0,71.0,11.0
202.0,219.0,564.0,51.0,312.0,297.0,170.0,440.0,213.0,214.0,220.0,190.0,276.0,312.0,12.0
80.0,41.0,481.0,15.0,80.0,102.0,23.0,346.0,103.0,105.0,387.0,84.0,42.0,256.0,55.0
130.0,137.0,294.0,29.0,217.0,249.0,67.0,181.0,162.0,144.0,215.0,167.0,101.0,57.0,179.0
206.0,276.0,440.0,57.0,260.0,362.0,126.0,316.0,288.0,201.0,345.0,248.0,264.0,241.0,101.0
268.0,118.0,386.0,80.0,229.0,221.0,222.0,296.0,428.0,252.0,320.0,305.0,336.0,213.0,201.0
126.0,130.0,252.0,27.0,161.0,259.0,53.0,124.0,173.0,140.0,175.0,151.0,101.0,21.0,122.0
210.0,284.0,340.0,57.0,174.0,372.0,58.0,132.0,292.0,201.0,238.0,248.0,103.0,57.0,142.0
115.0,95.0,256.0,23.0,47.0,211.0,9.0,144.0,158.0,136.0,187.0,127.0,76.0,95.0,32.0
100.0,63.0,582.0,23.0,128.0,160.0,42.0,470.0,147.0,408.0,508.0,298.0,76.0,339.0,122.0
154.0,187.0,260.0,33.0,189.0,280.0,67.0,175.0,191.0,156.0,203.0,214.0,139.0,55.0,179.0
206.0,278.0,339.0,56.0,168.0,365.0,54.0,163.0,292.0,199.0,200.0,244.0,259.0,106.0,124.0
288.0,434.0,447.0,95.0,176.0,484.0,59.0,391.0,311.0,273.0,351.0,325.0,590.0,300.0,153.0
236.0,284.0,350.0,67.0,312.0,373.0,198.0,202.0,314.0,213.0,286.0,264.0,288.0,628.0,333.0
70.0,45.0,111.0,6.0,15.0,127.0,1.0,26.0,33.0,57.0,13.0,23.0,0.0,16.0,4.0
123.0,215.0,294.0,23.0,123.0,296.0,46.0,180.0,170.0,99.0,215.0,76.0,89.0,130.0,95.0
125.0,130.0,111.0,91.0,278.0,227.0,147.0,26.0,452.0,273.0,8.0,323.0,419.0,16.0,238.0
80.0,42.0,396.0,11.0,50.0,112.0,15.0,297.0,111.0,83.0,321.0,175.0,33.0,208.0,134.0
181.0,234.0,396.0,80.0,341.0,460.0,220.0,297.0,428.0,252.0,322.0,241.0,334.0,218.0,229.0
91.0,48.0,267.0,21.0,117.0,143.0,35.0,32.0,145.0,150.0,200.0,160.0,59.0,96.0,88.0
178.0,219.0,224.0,45.0,230.0,297.0,98.0,97.0,227.0,187.0,154.0,330.0,195.0,71.0,201.0
104.0,78.0,239.0,19.0,50.0,216.0,18.0,103.0,119.0,129.0,200.0,118.0,36.0,72.0,42.0
100.0,278.0,661.0,17.0,132.0,362.0,45.0,509.0,117.0,25.0,261.0,0.0,46.0,408.0,99.0
319.0,523.0,363.0,133.0,503.0,518.0,391.0,222.0,568.0,311.0,299.0,460.0,624.0,173.0,247.0
87.0,48.0,310.0,16.0,128.0,156.0,42.0,195.0,107.0,160.0,234.0,140.0,42.0,131.0,101.0
154.0,188.0,283.0,34.0,966.0,272.0,530.0,176.0,193.0,156.0,245.0,175.0,145.0,186.0,74.0
414.0,769.0,648.0,182.0,238.0,741.0,99.0,493.0,480.0,403.0,458.0,231.0,200.0,333.0,215.0
100.0,62.0,214.0,17.0,85.0,155.0,29.0,111.0,120.0,108.0,128.0,220.0,47.0,77.0,66.0
266.0,367.0,395.0,85.0,723.0,429.0,444.0,346.0,425.0,256.0,321.0,322.0,624.0,193.0,678.0
140.0,185.0,279.0,32.0,186.0,261.0,61.0,160.0,187.0,154.0,206.0,165.0,122.0,81.0,157.0
237.0,323.0,411.0,67.0,310.0,448.0,172.0,312.0,125.0,264.0,325.0,316.0,284.0,240.0,212.0
97.0,55.0,208.0,16.0,106.0,155.0,43.0,73.0,117.0,108.0,129.0,98.0,46.0,17.0,87.0
375.0,694.0,530.0,146.0,233.0,663.0,98.0,392.0,571.0,347.0,419.0,460.0,190.0,303.0,172.0
114.0,95.0,240.0,22.0,168.0,388.0,54.0,109.0,144.0,129.0,157.0,127.0,70.0,77.0,85.0
113.0,90.0,239.0,21.0,117.0,200.0,35.0,104.0,248.0,128.0,152.0,117.0,59.0,58.0,89.0
257.0,207.0,170.0,133.0,723.0,297.0,391.0,32.0,571.0,316.0,57.0,456.0,624.0,21.0,566.0
124.0,130.0,326.0,51.0,86.0,213.0,29.0,273.0,145.0,191.0,244.0,228.0,309.0,185.0,94.0
157.0,203.0,260.0,35.0,208.0,280.0,78.0,204.0,198.0,144.0,189.0,158.0,156.0,150.0,175.0
257.0,304.0,374.0,71.0,75.0,388.0,33.0,232.0,330.0,243.0,297.0,298.0,59.0,184.0,55.0
147.0,188.0,266.0,32.0,177.0,270.0,61.0,154.0,184.0,154.0,200.0,167.0,122.0,102.0,154.0
154.0,222.0,310.0,41.0,212.0,297.0,99.0,440.0,223.0,182.0,234.0,203.0,200.0,312.0,174.0
84.0,43.0,855.0,14.0,89.0,127.0,30.0,940.0,99.0,296.0,999.0,322.0,46.0,583.0,74.0
157.0,207.0,222.0,35.0,211.0,289.0,78.0,92.0,198.0,113.0,170.0,100.0,158.0,65.0,175.0
235.0,317.0,356.0,67.0,303.0,393.0,171.0,285.0,293.0,223.0,286.0,282.0,284.0,202.0,172.0
103.0,72.0,491.0,112.0,128.0,164.0,42.0,358.0,483.0,304.0,402.0,268.0,579.0,303.0,99.0
319.0,461.0,530.0,97.0,476.0,489.0,261.0,403.0,483.0,293.0,408.0,355.0,494.0,305.0,242.0
126.0,133.0,251.0,31.0,165.0,238.0,61.0,202.0,281.0,129.0,272.0,126.0,122.0,134.0,118.0
156.0,259.0,281.0,33.0,145.0,498.0,61.0,141.0,195.0,154.0,203.0,158.0,122.0,339.0,144.0
94.0,78.0,207.0,16.0,117.0,175.0,35.0,80.0,111.0,106.0,119.0,193.0,44.0,66.0,89.0
137.0,154.0,207.0,29.0,174.0,253.0,58.0,90.0,178.0,61.0,338.0,95.0,102.0,57.0,246.0
316.0,515.0,532.0,109.0,360.0,498.0,276.0,406.0,503.0,347.0,160.0,460.0,529.0,333.0,102.0
330.0,612.0,532.0,128.0,191.0,663.0,382.0,392.0,551.0,347.0,449.0,463.0,588.0,390.0,157.0
104.0,488.0,111.0,19.0,55.0,490.0,15.0,26.0,248.0,114.0,13.0,76.0,33.0,16.0,45.0
113.0,90.0,240.0,21.0,117.0,382.0,38.0,124.0,139.0,129.0,157.0,118.0,68.0,81.0,94.0
156.0,95.0,292.0,35.0,238.0,205.0,107.0,200.0,199.0,156.0,210.0,228.0,156.0,145.0,213.0
73.0,27.0,549.0,15.0,80.0,56.0,23.0,420.0,105.0,105.0,468.0,127.0,42.0,493.0,56.0
196.0,322.0,316.0,53.0,45.0,397.0,7.0,201.0,290.0,188.0,240.0,241.0,260.0,131.0,31.0
412.0,764.0,550.0,177.0,227.0,253.0,85.0,438.0,103.0,381.0,470.0,561.0,175.0,305.0,183.0
167.0,225.0,999.0,38.0,75.0,312.0,22.0,999.0,223.0,403.0,640.0,127.0,42.0,999.0,55.0
104.0,515.0,220.0,18.0,100.0,430.0,33.0,90.0,119.0,113.0,129.0,76.0,52.0,66.0,119.0
202.0,234.0,693.0,51.0,54.0,250.0,19.0,738.0,134.0,193.0,582.0,236.0,36.0,409.0,148.0
92.0,40.0,266.0,143.0,446.0,86.0,258.0,154.0,571.0,154.0,187.0,167.0,494.0,102.0,116.0
140.0,154.0,283.0,30.0,174.0,238.0,58.0,168.0,184.0,154.0,207.0,173.0,103.0,111.0,234.0
115.0,95.0,267.0,17.0,100.0,191.0,35.0,132.0,120.0,150.0,200.0,186.0,36.0,87.0,81.0
86.0,47.0,258.0,15.0,73.0,393.0,19.0,144.0,103.0,144.0,188.0,257.0,40.0,76.0,45.0
163.0,212.0,475.0,36.0,203.0,294.0,76.0,315.0,180.0,171.0,500.0,25.0,155.0,245.0,172.0
104.0,90.0,180.0,18.0,86.0,211.0,29.0,0.0,122.0,112.0,152.0,76.0,40.0,0.0,42.0
232.0,284.0,346.0,65.0,229.0,374.0,121.0,222.0,314.0,202.0,261.0,254.0,239.0,170.0,201.0
206.0,325.0,340.0,56.0,174.0,430.0,129.0,216.0,293.0,200.0,239.0,248.0,260.0,145.0,180.0
123.0,130.0,417.0,27.0,174.0,220.0,58.0,10.0,168.0,147.0,326.0,155.0,102.0,16.0,139.0
210.0,284.0,330.0,57.0,329.0,373.0,213.0,228.0,292.0,192.0,244.0,160.0,264.0,173.0,262.0
163.0,0.0,224.0,53.0,104.0,0.0,33.0,90.0,297.0,207.0,149.0,263.0,284.0,65.0,84.0
119.0,103.0,283.0,23.0,134.0,211.0,45.0,168.0,144.0,154.0,207.0,165.0,76.0,107.0,333.0
152.0,173.0,279.0,33.0,176.0,280.0,61.0,163.0,195.0,153.0,203.0,134.0,127.0,111.0,153.0
123.0,109.0,256.0,29.0,174.0,200.0,58.0,140.0,180.0,139.0,187.0,140.0,109.0,91.0,139.0
103.0,72.0,208.0,18.0,112.0,259.0,35.0,82.0,122.0,114.0,108.0,160.0,55.0,58.0,32.0
266.0,376.0,111.0,80.0,253.0,462.0,99.0,15.0,425.0,252.0,8.0,305.0,334.0,167.0,220.0
202.0,261.0,346.0,57.0,341.0,362.0,217.0,297.0,293.0,201.0,307.0,248.0,309.0,218.0,316.0
114.0,105.0,488.0,23.0,98.0,211.0,35.0,358.0,163.0,300.0,400.0,387.0,77.0,269.0,77.0
132.0,137.0,266.0,29.0,157.0,249.0,50.0,154.0,173.0,147.0,200.0,158.0,95.0,107.0,122.0
140.0,164.0,298.0,30.0,165.0,250.0,129.0,186.0,177.0,171.0,200.0,178.0,108.0,132.0,107.0
146.0,89.0,126.0,6.0,102.0,191.0,33.0,29.0,12.0,61.0,230.0,25.0,51.0,17.0,83.0
330.0,590.0,507.0,117.0,735.0,534.0,444.0,327.0,341.0,304.0,410.0,430.0,693.0,17.0,566.0
428.0,461.0,553.0,183.0,410.0,489.0,230.0,440.0,253.0,404.0,483.0,705.0,494.0,312.0,473.0
376.0,717.0,532.0,146.0,237.0,315.0,99.0,392.0,571.0,347.0,449.0,113.0,200.0,312.0,213.0
126.0,131.0,257.0,27.0,137.0,241.0,46.0,144.0,170.0,153.0,188.0,162.0,89.0,95.0,111.0
181.0,233.0,339.0,41.0,117.0,315.0,35.0,216.0,281.0,198.0,249.0,241.0,176.0,202.0,94.0
91.0,48.0,190.0,11.0,45.0,143.0,16.0,51.0,103.0,84.0,91.0,76.0,33.0,208.0,25.0
167.0,225.0,310.0,38.0,229.0,310.0,86.0,195.0,222.0,184.0,187.0,203.0,176.0,145.0,190.0
317.0,523.0,476.0,97.0,83.0,518.0,23.0,327.0,480.0,293.0,382.0,263.0,500.0,26.0,54.0
123.0,106.0,476.0,77.0,203.0,214.0,217.0,175.0,332.0,296.0,91.0,353.0,331.0,123.0,175.0
80.0,41.0,179.0,11.0,89.0,102.0,32.0,39.0,86.0,83.0,382.0,98.0,33.0,25.0,74.0
187.0,317.0,300.0,51.0,341.0,393.0,222.0,189.0,270.0,191.0,120.0,228.0,330.0,133.0,406.0
156.0,141.0,278.0,34.0,202.0,249.0,75.0,158.0,198.0,156.0,201.0,174.0,149.0,107.0,172.0
429.0,95.0,396.0,91.0,275.0,203.0,171.0,297.0,454.0,275.0,310.0,322.0,419.0,218.0,247.0
126.0,131.0,130.0,27.0,601.0,56.0,391.0,15.0,158.0,138.0,29.0,138.0,624.0,16.0,240.0
70.0,27.0,142.0,6.0,15.0,164.0,2.0,31.0,34.0,71.0,210.0,91.0,12.0,180.0,64.0
111.0,89.0,281.0,21.0,83.0,249.0,23.0,156.0,173.0,154.0,206.0,165.0,59.0,247.0,55.0
101.0,90.0,267.0,17.0,28.0,518.0,29.0,155.0,119.0,153.0,449.0,162.0,46.0,174.0,11.0
75.0,36.0,580.0,7.0,32.0,372.0,5.0,470.0,173.0,408.0,240.0,799.0,23.0,339.0,12.0
119.0,108.0,254.0,30.0,176.0,215.0,61.0,141.0,99.0,138.0,179.0,139.0,122.0,92.0,154.0
137.0,154.0,207.0,15.0,112.0,253.0,35.0,297.0,103.0,106.0,120.0,95.0,42.0,217.0,87.0
114.0,95.0,111.0,23.0,128.0,205.0,38.0,26.0,172.0,132.0,20.0,126.0,70.0,16.0,99.0
244.0,323.0,363.0,70.0,322.0,418.0,203.0,277.0,271.0,230.0,298.0,288.0,303.0,218.0,390.0
81.0,42.0,350.0,11.0,47.0,143.0,13.0,285.0,81.0,213.0,274.0,263.0,33.0,202.0,118.0
214.0,590.0,336.0,58.0,45.0,521.0,139.0,206.0,296.0,197.0,320.0,240.0,269.0,158.0,31.0
271.0,137.0,428.0,89.0,242.0,247.0,99.0,204.0,454.0,304.0,465.0,460.0,200.0,149.0,214.0
73.0,28.0,125.0,6.0,28.0,208.0,5.0,27.0,134.0,67.0,13.0,84.0,19.0,12.0,11.0
167.0,221.0,293.0,38.0,228.0,272.0,85.0,176.0,213.0,160.0,211.0,196.0,175.0,111.0,238.0
0.0,0.0,0.0,0.0,0.0,0.0,0.0,0.0,0.0,0.0,0.0,190.0,0.0,314.0,0.0
428.0,82.0,570.0,185.0,217.0,188.0,629.0,420.0,571.0,404.0,468.0,257.0,905.0,311.0,180.0
126.0,131.0,263.0,27.0,174.0,297.0,58.0,149.0,141.0,141.0,199.0,0.0,103.0,106.0,139.0
235.0,306.0,353.0,65.0,310.0,297.0,174.0,225.0,314.0,214.0,286.0,127.0,284.0,173.0,329.0
287.0,423.0,447.0,95.0,313.0,479.0,253.0,322.0,400.0,273.0,351.0,208.0,438.0,305.0,351.0
212.0,323.0,353.0,60.0,278.0,393.0,147.0,225.0,302.0,203.0,286.0,172.0,270.0,149.0,160.0
126.0,137.0,296.0,24.0,134.0,249.0,45.0,222.0,163.0,167.0,290.0,181.0,85.0,169.0,110.0
76.0,40.0,184.0,8.0,89.0,86.0,53.0,45.0,69.0,80.0,176.0,244.0,35.0,25.0,77.0
217.0,306.0,385.0,77.0,341.0,390.0,217.0,293.0,198.0,247.0,84.0,303.0,331.0,219.0,404.0
167.0,221.0,279.0,36.0,45.0,280.0,9.0,160.0,210.0,156.0,203.0,221.0,171.0,102.0,25.0
83.0,45.0,999.0,15.0,128.0,155.0,42.0,999.0,103.0,92.0,681.0,76.0,46.0,999.0,94.0
182.0,235.0,299.0,49.0,242.0,344.0,98.0,187.0,24.0,188.0,222.0,220.0,204.0,133.0,214.0
257.0,89.0,385.0,71.0,322.0,191.0,213.0,293.0,233.0,243.0,309.0,149.0,316.0,184.0,114.0
95.0,55.0,336.0,16.0,85.0,143.0,26.0,212.0,117.0,197.0,248.0,240.0,43.0,477.0,64.0
288.0,461.0,428.0,95.0,476.0,486.0,253.0,10.0,466.0,275.0,338.0,317.0,444.0,90.0,158.0
182.0,238.0,323.0,49.0,260.0,372.0,98.0,202.0,252.0,188.0,241.0,220.0,204.0,145.0,242.0
156.0,203.0,693.0,35.0,117.0,280.0,35.0,572.0,199.0,225.0,658.0,282.0,161.0,477.0,99.0
75.0,37.0,278.0,30.0,278.0,86.0,150.0,346.0,181.0,151.0,201.0,162.0,260.0,493.0,140.0
214.0,304.0,346.0,58.0,277.0,389.0,143.0,223.0,296.0,201.0,203.0,268.0,269.0,390.0,250.0
112.0,90.0,240.0,21.0,122.0,193.0,39.0,109.0,139.0,129.0,157.0,117.0,68.0,72.0,107.0
146.0,461.0,206.0,31.0,176.0,479.0,61.0,200.0,184.0,106.0,286.0,91.0,123.0,145.0,154.0
132.0,137.0,240.0,23.0,128.0,397.0,42.0,251.0,145.0,129.0,309.0,126.0,76.0,184.0,94.0
163.0,322.0,514.0,133.0,117.0,418.0,35.0,392.0,568.0,319.0,414.0,456.0,33.0,72.0,89.0
154.0,137.0,855.0,45.0,227.0,241.0,92.0,885.0,227.0,187.0,999.0,117.0,196.0,583.0,183.0
147.0,188.0,440.0,80.0,157.0,260.0,485.0,316.0,425.0,273.0,345.0,323.0,344.0,246.0,122.0
295.0,434.0,536.0,148.0,89.0,479.0,30.0,415.0,616.0,347.0,458.0,561.0,726.0,308.0,82.0
111.0,406.0,283.0,33.0,252.0,468.0,101.0,168.0,163.0,156.0,208.0,175.0,127.0,119.0,218.0
270.0,332.0,661.0,86.0,117.0,429.0,35.0,508.0,430.0,265.0,640.0,317.0,59.0,343.0,77.0
158.0,203.0,580.0,33.0,191.0,280.0,70.0,470.0,223.0,404.0,508.0,856.0,139.0,319.0,158.0
212.0,174.0,336.0,58.0,288.0,260.0,165.0,306.0,296.0,201.0,206.0,248.0,272.0,218.0,248.0
182.0,234.0,320.0,49.0,253.0,369.0,99.0,201.0,233.0,188.0,240.0,220.0,204.0,158.0,329.0
101.0,64.0,111.0,17.0,132.0,159.0,45.0,31.0,120.0,112.0,13.0,92.0,48.0,57.0,74.0
375.0,169.0,542.0,33.0,181.0,254.0,65.0,420.0,184.0,347.0,468.0,457.0,127.0,311.0,155.0
146.0,174.0,310.0,31.0,157.0,260.0,52.0,205.0,184.0,176.0,234.0,204.0,97.0,152.0,122.0
317.0,515.0,487.0,109.0,329.0,175.0,217.0,322.0,483.0,296.0,326.0,374.0,330.0,246.0,110.0
132.0,137.0,363.0,29.0,131.0,249.0,53.0,15.0,69.0,144.0,297.0,155.0,101.0,16.0,101.0
158.0,215.0,294.0,35.0,168.0,296.0,67.0,180.0,205.0,165.0,214.0,185.0,156.0,130.0,96.0
156.0,222.0,292.0,35.0,118.0,296.0,54.0,415.0,193.0,156.0,210.0,178.0,154.0,291.0,94.0
152.0,188.0,279.0,33.0,188.0,260.0,67.0,0.0,187.0,153.0,203.0,163.0,136.0,12.0,156.0
163.0,215.0,294.0,36.0,208.0,297.0,82.0,180.0,210.0,167.0,201.0,117.0,171.0,130.0,175.0
122.0,95.0,246.0,23.0,341.0,197.0,2.0,124.0,162.0,132.0,148.0,127.0,5.0,81.0,416.0
181.0,585.0,300.0,45.0,227.0,518.0,85.0,175.0,223.0,176.0,298.0,203.0,200.0,81.0,183.0
75.0,36.0,255.0,8.0,45.0,270.0,6.0,158.0,38.0,80.0,175.0,68.0,26.0,87.0,30.0
111.0,89.0,238.0,21.0,88.0,197.0,46.0,103.0,139.0,120.0,152.0,95.0,59.0,72.0,71.0
187.0,253.0,283.0,33.0,280.0,348.0,61.0,363.0,187.0,154.0,207.0,172.0,128.0,68.0,74.0
246.0,325.0,180.0,23.0,131.0,422.0,43.0,297.0,145.0,71.0,57.0,196.0,76.0,213.0,101.0
101.0,71.0,224.0,19.0,85.0,160.0,34.0,83.0,125.0,113.0,148.0,69.0,54.0,71.0,71.0
95.0,55.0,382.0,16.0,112.0,143.0,35.0,296.0,127.0,108.0,309.0,98.0,40.0,218.0,87.0
182.0,235.0,360.0,49.0,237.0,369.0,99.0,280.0,314.0,188.0,249.0,220.0,200.0,201.0,215.0
140.0,164.0,278.0,30.0,161.0,255.0,53.0,391.0,180.0,151.0,201.0,162.0,101.0,300.0,127.0
129.0,71.0,278.0,29.0,174.0,312.0,54.0,163.0,369.0,147.0,199.0,156.0,101.0,111.0,93.0
176.0,231.0,326.0,5.0,47.0,259.0,9.0,176.0,125.0,67.0,243.0,50.0,4.0,129.0,32.0
81.0,47.0,111.0,11.0,50.0,191.0,15.0,10.0,86.0,25.0,5.0,0.0,33.0,16.0,42.0
375.0,709.0,528.0,248.0,403.0,498.0,230.0,398.0,332.0,425.0,419.0,822.0,494.0,305.0,469.0
134.0,145.0,279.0,32.0,188.0,249.0,54.0,194.0,184.0,154.0,203.0,162.0,123.0,134.0,157.0
130.0,37.0,260.0,29.0,161.0,60.0,53.0,146.0,171.0,144.0,189.0,156.0,101.0,79.0,101.0
182.0,278.0,322.0,50.0,248.0,277.0,98.0,313.0,253.0,190.0,241.0,221.0,211.0,300.0,201.0
171.0,320.0,255.0,41.0,211.0,382.0,80.0,141.0,224.0,182.0,176.0,196.0,145.0,92.0,175.0
206.0,278.0,339.0,56.0,257.0,468.0,107.0,192.0,292.0,199.0,261.0,221.0,212.0,186.0,231.0
152.0,182.0,300.0,33.0,191.0,261.0,67.0,192.0,187.0,154.0,226.0,172.0,136.0,201.0,88.0
73.0,27.0,190.0,11.0,257.0,56.0,119.0,51.0,122.0,84.0,91.0,76.0,35.0,241.0,229.0
146.0,173.0,292.0,30.0,174.0,256.0,58.0,189.0,181.0,156.0,210.0,181.0,109.0,133.0,175.0
224.0,300.0,350.0,60.0,28.0,349.0,4.0,240.0,302.0,213.0,275.0,263.0,19.0,184.0,32.0
133.0,141.0,263.0,29.0,174.0,249.0,58.0,32.0,173.0,147.0,188.0,155.0,102.0,90.0,77.0
113.0,90.0,240.0,21.0,132.0,200.0,32.0,176.0,139.0,129.0,157.0,118.0,68.0,116.0,119.0
86.0,47.0,201.0,14.0,86.0,155.0,26.0,61.0,120.0,92.0,100.0,84.0,36.0,34.0,69.0
999.0,999.0,999.0,999.0,999.0,999.0,999.0,481.0,999.0,999.0,57.0,999.0,999.0,328.0,999.0
146.0,40.0,266.0,29.0,211.0,87.0,50.0,146.0,177.0,150.0,200.0,162.0,92.0,96.0,175.0
103.0,72.0,224.0,20.0,117.0,159.0,35.0,98.0,132.0,120.0,149.0,114.0,59.0,72.0,93.0
92.0,37.0,207.0,15.0,85.0,86.0,23.0,31.0,103.0,106.0,119.0,91.0,42.0,16.0,64.0
86.0,48.0,201.0,15.0,0.0,143.0,19.0,31.0,103.0,101.0,91.0,68.0,40.0,331.0,0.0
330.0,585.0,395.0,80.0,344.0,468.0,222.0,297.0,425.0,252.0,321.0,304.0,336.0,219.0,422.0
97.0,55.0,180.0,7.0,0.0,144.0,2.0,39.0,81.0,75.0,64.0,61.0,12.0,24.0,0.0
123.0,222.0,475.0,23.0,128.0,308.0,42.0,620.0,168.0,132.0,373.0,127.0,76.0,477.0,81.0
182.0,235.0,323.0,51.0,248.0,193.0,105.0,205.0,270.0,192.0,238.0,231.0,209.0,156.0,198.0
80.0,41.0,187.0,9.0,47.0,101.0,9.0,103.0,76.0,82.0,157.0,68.0,33.0,79.0,30.0
83.0,43.0,223.0,15.0,80.0,127.0,23.0,83.0,194.0,106.0,272.0,91.0,42.0,64.0,54.0
154.0,129.0,296.0,36.0,228.0,206.0,92.0,83.0,210.0,167.0,408.0,117.0,168.0,30.0,187.0
154.0,215.0,293.0,33.0,288.0,297.0,65.0,490.0,187.0,160.0,211.0,162.0,128.0,408.0,153.0
140.0,169.0,278.0,30.0,277.0,254.0,139.0,175.0,210.0,151.0,201.0,162.0,177.0,247.0,231.0
271.0,406.0,411.0,86.0,131.0,663.0,171.0,32.0,223.0,264.0,325.0,316.0,380.0,21.0,101.0
259.0,406.0,553.0,77.0,341.0,255.0,217.0,438.0,184.0,247.0,470.0,303.0,331.0,312.0,404.0
123.0,109.0,298.0,20.0,112.0,250.0,35.0,187.0,132.0,120.0,220.0,113.0,55.0,133.0,94.0
124.0,130.0,187.0,23.0,131.0,230.0,43.0,39.0,171.0,83.0,201.0,76.0,76.0,25.0,117.0
306.0,474.0,481.0,97.0,216.0,203.0,274.0,342.0,483.0,275.0,389.0,323.0,515.0,258.0,178.0
181.0,235.0,507.0,45.0,233.0,362.0,99.0,364.0,302.0,304.0,408.0,100.0,200.0,275.0,201.0
152.0,182.0,281.0,29.0,160.0,261.0,53.0,165.0,181.0,154.0,203.0,163.0,101.0,116.0,124.0
123.0,115.0,238.0,24.0,128.0,227.0,46.0,130.0,177.0,137.0,148.0,138.0,90.0,96.0,101.0
178.0,219.0,313.0,45.0,234.0,297.0,96.0,200.0,171.0,187.0,239.0,208.0,195.0,145.0,155.0
100.0,130.0,207.0,16.0,89.0,191.0,43.0,73.0,117.0,106.0,120.0,76.0,77.0,81.0,72.0
100.0,48.0,215.0,17.0,89.0,143.0,30.0,346.0,122.0,112.0,128.0,100.0,48.0,259.0,72.0
375.0,89.0,356.0,140.0,524.0,188.0,274.0,565.0,571.0,346.0,234.0,355.0,524.0,305.0,64.0
257.0,325.0,360.0,71.0,122.0,422.0,226.0,266.0,363.0,246.0,295.0,301.0,337.0,192.0,94.0
146.0,210.0,657.0,110.0,100.0,293.0,139.0,493.0,341.0,411.0,389.0,803.0,579.0,333.0,80.0
333.0,618.0,298.0,97.0,216.0,498.0,92.0,186.0,501.0,289.0,222.0,348.0,181.0,132.0,175.0
102.0,27.0,215.0,17.0,89.0,56.0,30.0,84.0,120.0,112.0,176.0,100.0,46.0,64.0,12.0
330.0,590.0,500.0,117.0,601.0,550.0,367.0,363.0,162.0,304.0,408.0,428.0,588.0,271.0,808.0
235.0,317.0,738.0,65.0,277.0,393.0,166.0,601.0,314.0,223.0,483.0,280.0,284.0,57.0,110.0
121.0,105.0,111.0,22.0,104.0,230.0,43.0,16.0,145.0,129.0,5.0,140.0,70.0,16.0,83.0
235.0,316.0,355.0,65.0,310.0,390.0,180.0,290.0,314.0,223.0,286.0,305.0,284.0,240.0,297.0
333.0,769.0,688.0,97.0,476.0,333.0,262.0,565.0,369.0,293.0,179.0,174.0,500.0,442.0,678.0
235.0,259.0,355.0,65.0,278.0,315.0,148.0,259.0,314.0,223.0,338.0,277.0,284.0,245.0,262.0
375.0,694.0,223.0,137.0,723.0,393.0,396.0,202.0,571.0,319.0,154.0,387.0,656.0,116.0,808.0
100.0,62.0,428.0,95.0,448.0,156.0,261.0,306.0,270.0,273.0,333.0,323.0,438.0,218.0,699.0
139.0,164.0,72.0,23.0,128.0,255.0,42.0,10.0,38.0,82.0,240.0,72.0,76.0,16.0,172.0
210.0,95.0,346.0,57.0,277.0,344.0,139.0,225.0,184.0,201.0,248.0,248.0,264.0,174.0,247.0
95.0,55.0,201.0,15.0,65.0,203.0,23.0,103.0,107.0,92.0,100.0,76.0,42.0,72.0,52.0
132.0,137.0,258.0,29.0,105.0,390.0,35.0,124.0,173.0,144.0,179.0,155.0,101.0,88.0,81.0
101.0,64.0,313.0,45.0,102.0,160.0,29.0,280.0,233.0,188.0,239.0,355.0,46.0,205.0,80.0
104.0,194.0,204.0,18.0,569.0,222.0,18.0,62.0,122.0,113.0,210.0,117.0,33.0,30.0,808.0
214.0,185.0,346.0,57.0,277.0,261.0,143.0,225.0,296.0,201.0,257.0,248.0,264.0,170.0,242.0
268.0,372.0,396.0,85.0,341.0,445.0,220.0,297.0,425.0,256.0,298.0,312.0,334.0,213.0,604.0
273.0,90.0,550.0,14.0,75.0,203.0,19.0,431.0,237.0,99.0,470.0,76.0,36.0,314.0,55.0
121.0,105.0,258.0,27.0,157.0,213.0,52.0,0.0,171.0,144.0,188.0,126.0,95.0,0.0,119.0
256.0,332.0,374.0,71.0,311.0,429.0,188.0,738.0,34.0,243.0,307.0,298.0,309.0,339.0,231.0
122.0,106.0,252.0,24.0,151.0,215.0,45.0,140.0,163.0,137.0,232.0,138.0,85.0,106.0,119.0
212.0,300.0,353.0,30.0,175.0,374.0,53.0,440.0,180.0,153.0,286.0,167.0,95.0,312.0,187.0
167.0,222.0,564.0,38.0,238.0,308.0,99.0,493.0,223.0,176.0,298.0,203.0,200.0,333.0,215.0
158.0,233.0,294.0,35.0,229.0,320.0,79.0,180.0,252.0,171.0,187.0,175.0,156.0,132.0,198.0
412.0,764.0,688.0,177.0,999.0,767.0,999.0,509.0,132.0,374.0,411.0,582.0,726.0,390.0,999.0
322.0,56.0,360.0,109.0,175.0,155.0,61.0,293.0,501.0,296.0,199.0,374.0,303.0,218.0,297.0
169.0,225.0,223.0,33.0,188.0,308.0,67.0,92.0,145.0,154.0,149.0,173.0,136.0,65.0,156.0
77.0,41.0,184.0,8.0,122.0,227.0,76.0,45.0,141.0,81.0,84.0,68.0,27.0,25.0,95.0
252.0,331.0,374.0,70.0,75.0,425.0,165.0,290.0,343.0,243.0,322.0,298.0,272.0,205.0,55.0
156.0,188.0,290.0,34.0,200.0,277.0,75.0,148.0,195.0,156.0,206.0,95.0,149.0,111.0,170.0
212.0,322.0,550.0,201.0,174.0,468.0,50.0,431.0,171.0,374.0,470.0,582.0,127.0,309.0,139.0
139.0,164.0,279.0,30.0,175.0,255.0,58.0,160.0,223.0,151.0,203.0,162.0,108.0,96.0,144.0
232.0,90.0,326.0,64.0,292.0,206.0,170.0,205.0,313.0,214.0,243.0,264.0,276.0,152.0,307.0
271.0,274.0,266.0,77.0,138.0,362.0,75.0,154.0,332.0,154.0,175.0,165.0,168.0,107.0,101.0
138.0,229.0,299.0,38.0,226.0,315.0,85.0,158.0,109.0,174.0,225.0,178.0,175.0,58.0,77.0
115.0,95.0,184.0,23.0,157.0,210.0,48.0,45.0,172.0,132.0,238.0,127.0,77.0,25.0,119.0
375.0,694.0,688.0,137.0,112.0,656.0,35.0,532.0,571.0,153.0,658.0,163.0,55.0,628.0,96.0
73.0,28.0,206.0,6.0,32.0,203.0,5.0,154.0,38.0,67.0,321.0,50.0,19.0,111.0,12.0
146.0,174.0,363.0,32.0,176.0,280.0,61.0,264.0,184.0,176.0,298.0,197.0,122.0,343.0,153.0
157.0,205.0,283.0,35.0,203.0,277.0,76.0,168.0,198.0,156.0,208.0,178.0,155.0,318.0,174.0
152.0,180.0,258.0,33.0,184.0,260.0,58.0,146.0,187.0,144.0,250.0,178.0,108.0,96.0,155.0
92.0,40.0,294.0,16.0,100.0,87.0,23.0,296.0,107.0,107.0,218.0,92.0,42.0,213.0,80.0
257.0,322.0,360.0,71.0,329.0,288.0,213.0,273.0,357.0,243.0,207.0,298.0,316.0,193.0,469.0
115.0,95.0,257.0,23.0,191.0,319.0,70.0,144.0,144.0,129.0,189.0,162.0,128.0,96.0,158.0
169.0,225.0,299.0,41.0,229.0,310.0,94.0,187.0,223.0,184.0,222.0,207.0,191.0,133.0,192.0
206.0,300.0,348.0,56.0,157.0,382.0,119.0,49.0,292.0,207.0,272.0,263.0,256.0,26.0,119.0
152.0,179.0,339.0,33.0,80.0,260.0,67.0,216.0,193.0,199.0,245.0,241.0,139.0,158.0,54.0
0.0,0.0,157.0,3.0,54.0,0.0,1.0,32.0,76.0,71.0,204.0,98.0,4.0,412.0,42.0
86.0,41.0,438.0,51.0,257.0,101.0,119.0,316.0,204.0,271.0,338.0,323.0,238.0,255.0,240.0
178.0,231.0,313.0,45.0,191.0,328.0,95.0,200.0,199.0,187.0,239.0,212.0,195.0,57.0,158.0
196.0,188.0,590.0,51.0,238.0,260.0,99.0,704.0,224.0,403.0,307.0,220.0,202.0,503.0,213.0
152.0,179.0,281.0,33.0,132.0,260.0,45.0,92.0,204.0,154.0,203.0,338.0,101.0,173.0,192.0
102.0,89.0,187.0,18.0,89.0,156.0,32.0,47.0,122.0,82.0,88.0,72.0,49.0,26.0,69.0
100.0,55.0,220.0,17.0,89.0,143.0,30.0,90.0,120.0,112.0,120.0,101.0,44.0,68.0,73.0
999.0,999.0,999.0,999.0,999.0,999.0,999.0,999.0,999.0,999.0,394.0,999.0,999.0,999.0,999.0
376.0,717.0,511.0,140.0,28.0,112.0,2.0,391.0,571.0,322.0,419.0,460.0,264.0,300.0,12.0
125.0,131.0,350.0,25.0,150.0,254.0,50.0,240.0,168.0,213.0,274.0,212.0,92.0,57.0,116.0
233.0,225.0,855.0,65.0,277.0,297.0,139.0,885.0,314.0,223.0,999.0,298.0,264.0,583.0,248.0
103.0,310.0,220.0,18.0,255.0,390.0,33.0,83.0,122.0,112.0,129.0,101.0,52.0,64.0,229.0
252.0,332.0,336.0,71.0,260.0,429.0,121.0,206.0,363.0,243.0,245.0,298.0,239.0,412.0,238.0
134.0,145.0,351.0,38.0,47.0,249.0,9.0,241.0,223.0,144.0,94.0,155.0,33.0,185.0,31.0
377.0,764.0,536.0,148.0,277.0,227.0,213.0,415.0,111.0,347.0,458.0,470.0,316.0,409.0,248.0
83.0,43.0,126.0,11.0,54.0,127.0,18.0,29.0,95.0,84.0,419.0,23.0,35.0,17.0,88.0
268.0,372.0,392.0,80.0,601.0,445.0,203.0,297.0,425.0,247.0,321.0,302.0,316.0,205.0,818.0
316.0,515.0,507.0,104.0,503.0,430.0,274.0,364.0,498.0,296.0,410.0,353.0,500.0,271.0,190.0
80.0,41.0,320.0,9.0,55.0,102.0,18.0,273.0,76.0,188.0,240.0,173.0,33.0,202.0,54.0
273.0,409.0,449.0,96.0,446.0,197.0,258.0,313.0,466.0,275.0,411.0,317.0,450.0,219.0,582.0
154.0,193.0,549.0,33.0,191.0,277.0,69.0,346.0,191.0,356.0,468.0,268.0,140.0,308.0,158.0
205.0,41.0,440.0,57.0,277.0,112.0,139.0,316.0,302.0,271.0,483.0,323.0,264.0,241.0,127.0
126.0,92.0,254.0,27.0,131.0,203.0,43.0,144.0,171.0,139.0,176.0,140.0,76.0,72.0,101.0
316.0,515.0,507.0,104.0,476.0,486.0,262.0,364.0,503.0,304.0,408.0,428.0,500.0,296.0,678.0
163.0,219.0,294.0,36.0,248.0,297.0,80.0,180.0,205.0,166.0,211.0,186.0,161.0,131.0,215.0
100.0,62.0,215.0,17.0,89.0,155.0,30.0,83.0,120.0,112.0,129.0,101.0,46.0,64.0,73.0
103.0,76.0,220.0,18.0,175.0,429.0,33.0,90.0,122.0,112.0,128.0,101.0,52.0,312.0,275.0
104.0,78.0,258.0,23.0,131.0,358.0,45.0,200.0,120.0,144.0,225.0,175.0,83.0,132.0,101.0
330.0,225.0,488.0,112.0,132.0,280.0,45.0,346.0,480.0,300.0,419.0,395.0,583.0,259.0,107.0
122.0,235.0,252.0,24.0,252.0,333.0,171.0,140.0,163.0,137.0,182.0,134.0,276.0,72.0,198.0
202.0,261.0,353.0,58.0,277.0,362.0,143.0,285.0,297.0,201.0,286.0,241.0,269.0,193.0,248.0
111.0,90.0,296.0,30.0,237.0,214.0,99.0,181.0,164.0,167.0,220.0,212.0,109.0,292.0,154.0
377.0,709.0,256.0,148.0,735.0,687.0,485.0,144.0,660.0,347.0,187.0,127.0,726.0,889.0,404.0
154.0,222.0,292.0,33.0,191.0,308.0,69.0,176.0,191.0,156.0,210.0,172.0,140.0,125.0,157.0
130.0,137.0,260.0,29.0,188.0,143.0,67.0,144.0,172.0,144.0,400.0,156.0,136.0,95.0,156.0
257.0,348.0,382.0,71.0,104.0,439.0,34.0,313.0,314.0,247.0,310.0,303.0,309.0,245.0,84.0
125.0,130.0,260.0,25.0,191.0,225.0,50.0,148.0,168.0,144.0,220.0,160.0,92.0,162.0,72.0
288.0,461.0,461.0,95.0,410.0,484.0,243.0,323.0,292.0,275.0,373.0,0.0,444.0,247.0,469.0
102.0,87.0,223.0,18.0,89.0,315.0,33.0,94.0,122.0,114.0,139.0,105.0,52.0,91.0,72.0
196.0,276.0,337.0,51.0,157.0,369.0,138.0,214.0,187.0,198.0,302.0,241.0,219.0,162.0,118.0
244.0,301.0,461.0,96.0,410.0,294.0,230.0,415.0,466.0,275.0,100.0,240.0,450.0,311.0,242.0
316.0,515.0,507.0,106.0,137.0,491.0,32.0,364.0,500.0,304.0,408.0,428.0,49.0,275.0,111.0
176.0,229.0,481.0,97.0,445.0,315.0,254.0,342.0,431.0,275.0,387.0,91.0,444.0,258.0,574.0
114.0,95.0,206.0,22.0,83.0,205.0,24.0,65.0,144.0,129.0,238.0,125.0,70.0,412.0,56.0
168.0,225.0,300.0,38.0,89.0,310.0,70.0,197.0,223.0,176.0,244.0,197.0,177.0,510.0,72.0
268.0,373.0,428.0,85.0,253.0,445.0,226.0,601.0,428.0,269.0,333.0,317.0,344.0,496.0,220.0
154.0,193.0,283.0,33.0,150.0,56.0,40.0,168.0,191.0,156.0,208.0,174.0,73.0,111.0,122.0
123.0,109.0,852.0,23.0,89.0,211.0,32.0,885.0,158.0,132.0,410.0,127.0,49.0,889.0,72.0
237.0,322.0,852.0,67.0,344.0,373.0,253.0,738.0,332.0,223.0,187.0,280.0,288.0,503.0,422.0
252.0,338.0,374.0,71.0,128.0,429.0,42.0,290.0,341.0,243.0,297.0,303.0,113.0,205.0,97.0
257.0,346.0,260.0,71.0,208.0,437.0,226.0,148.0,357.0,243.0,326.0,298.0,337.0,101.0,175.0
87.0,41.0,201.0,15.0,73.0,214.0,19.0,80.0,105.0,92.0,100.0,76.0,40.0,58.0,83.0
206.0,281.0,340.0,56.0,255.0,260.0,121.0,327.0,292.0,199.0,248.0,280.0,259.0,68.0,231.0
156.0,188.0,363.0,34.0,202.0,297.0,75.0,277.0,180.0,156.0,298.0,149.0,149.0,196.0,173.0
111.0,89.0,292.0,20.0,112.0,197.0,35.0,176.0,132.0,156.0,210.0,173.0,55.0,130.0,87.0
94.0,55.0,179.0,16.0,83.0,156.0,23.0,32.0,103.0,150.0,63.0,231.0,42.0,24.0,64.0
111.0,95.0,0.0,0.0,0.0,205.0,0.0,0.0,38.0,0.0,0.0,149.0,0.0,0.0,0.0
182.0,241.0,999.0,50.0,303.0,348.0,171.0,999.0,253.0,190.0,449.0,221.0,209.0,999.0,322.0
84.0,56.0,201.0,13.0,43.0,155.0,9.0,61.0,144.0,92.0,100.0,76.0,33.0,30.0,25.0
87.0,48.0,183.0,7.0,45.0,127.0,7.0,39.0,233.0,76.0,84.0,92.0,25.0,255.0,30.0
288.0,461.0,457.0,95.0,410.0,489.0,253.0,327.0,466.0,275.0,366.0,353.0,438.0,248.0,473.0
182.0,232.0,322.0,50.0,280.0,319.0,150.0,202.0,252.0,190.0,241.0,221.0,209.0,148.0,231.0
71.0,27.0,312.0,6.0,360.0,56.0,213.0,198.0,272.0,63.0,238.0,125.0,12.0,167.0,234.0
288.0,461.0,361.0,109.0,310.0,489.0,180.0,240.0,501.0,228.0,297.0,287.0,583.0,184.0,331.0
375.0,694.0,530.0,140.0,32.0,663.0,5.0,392.0,571.0,346.0,419.0,338.0,656.0,314.0,12.0
113.0,90.0,396.0,17.0,43.0,200.0,6.0,297.0,122.0,99.0,321.0,76.0,26.0,201.0,43.0
306.0,391.0,553.0,112.0,503.0,445.0,274.0,438.0,180.0,296.0,203.0,355.0,579.0,312.0,179.0
126.0,133.0,661.0,27.0,255.0,249.0,39.0,509.0,171.0,141.0,170.0,178.0,95.0,408.0,172.0
412.0,764.0,580.0,183.0,310.0,687.0,598.0,470.0,253.0,404.0,508.0,100.0,905.0,319.0,331.0
103.0,72.0,206.0,18.0,100.0,160.0,32.0,885.0,119.0,112.0,129.0,113.0,51.0,184.0,131.0
115.0,95.0,374.0,53.0,261.0,203.0,121.0,32.0,311.0,246.0,321.0,302.0,252.0,21.0,240.0
374.0,693.0,475.0,97.0,446.0,373.0,254.0,331.0,177.0,293.0,382.0,999.0,500.0,255.0,582.0
73.0,37.0,126.0,7.0,157.0,42.0,5.0,29.0,46.0,75.0,27.0,68.0,23.0,21.0,119.0
256.0,332.0,351.0,63.0,278.0,429.0,139.0,273.0,311.0,214.0,91.0,249.0,264.0,193.0,242.0
115.0,95.0,238.0,21.0,261.0,203.0,94.0,103.0,139.0,136.0,149.0,133.0,200.0,57.0,240.0
104.0,78.0,222.0,15.0,75.0,156.0,22.0,32.0,103.0,113.0,148.0,353.0,33.0,16.0,54.0
266.0,372.0,212.0,58.0,277.0,445.0,143.0,103.0,296.0,108.0,119.0,98.0,269.0,72.0,262.0
115.0,95.0,256.0,20.0,112.0,193.0,35.0,144.0,144.0,120.0,187.0,115.0,55.0,331.0,88.0
257.0,87.0,580.0,77.0,252.0,188.0,222.0,470.0,205.0,404.0,508.0,303.0,369.0,318.0,218.0
246.0,332.0,648.0,32.0,212.0,430.0,61.0,493.0,187.0,411.0,419.0,803.0,122.0,408.0,175.0
224.0,304.0,382.0,60.0,294.0,439.0,166.0,292.0,302.0,246.0,309.0,302.0,273.0,179.0,308.0
244.0,323.0,361.0,70.0,312.0,124.0,198.0,266.0,341.0,228.0,297.0,164.0,330.0,146.0,334.0
270.0,95.0,395.0,70.0,311.0,208.0,217.0,144.0,332.0,230.0,322.0,288.0,303.0,95.0,334.0
196.0,259.0,258.0,51.0,176.0,227.0,121.0,155.0,302.0,196.0,188.0,241.0,239.0,106.0,155.0
76.0,37.0,238.0,7.0,157.0,82.0,50.0,98.0,54.0,153.0,157.0,163.0,25.0,72.0,119.0
103.0,47.0,222.0,18.0,104.0,127.0,33.0,92.0,134.0,113.0,128.0,105.0,54.0,134.0,84.0
152.0,182.0,283.0,33.0,177.0,261.0,61.0,168.0,193.0,154.0,207.0,181.0,122.0,116.0,95.0
270.0,376.0,361.0,86.0,85.0,460.0,29.0,313.0,431.0,264.0,290.0,316.0,46.0,235.0,66.0
163.0,185.0,300.0,36.0,226.0,268.0,82.0,186.0,210.0,171.0,272.0,193.0,171.0,133.0,182.0
429.0,769.0,386.0,201.0,735.0,173.0,485.0,296.0,109.0,404.0,201.0,165.0,905.0,217.0,881.0
146.0,164.0,279.0,30.0,177.0,249.0,61.0,158.0,187.0,153.0,204.0,162.0,122.0,107.0,154.0
288.0,434.0,296.0,89.0,344.0,445.0,222.0,273.0,518.0,167.0,220.0,190.0,336.0,193.0,422.0
73.0,41.0,180.0,7.0,100.0,118.0,5.0,32.0,46.0,75.0,64.0,58.0,23.0,24.0,11.0
311.0,488.0,747.0,97.0,211.0,490.0,76.0,738.0,480.0,296.0,597.0,316.0,238.0,496.0,175.0
311.0,474.0,582.0,182.0,445.0,490.0,261.0,470.0,164.0,403.0,509.0,681.0,464.0,319.0,574.0
119.0,104.0,240.0,21.0,89.0,212.0,32.0,264.0,248.0,129.0,158.0,117.0,48.0,186.0,74.0
24.0,128.0,738.0,3.0,208.0,221.0,80.0,704.0,210.0,411.0,215.0,330.0,167.0,583.0,175.0
154.0,188.0,386.0,36.0,100.0,270.0,82.0,296.0,144.0,154.0,320.0,165.0,171.0,213.0,69.0
330.0,612.0,648.0,117.0,260.0,518.0,382.0,601.0,547.0,416.0,681.0,822.0,590.0,458.0,238.0
375.0,694.0,528.0,140.0,262.0,663.0,485.0,353.0,568.0,322.0,204.0,457.0,678.0,314.0,216.0
115.0,95.0,263.0,23.0,100.0,210.0,33.0,620.0,144.0,141.0,200.0,149.0,76.0,321.0,81.0
132.0,137.0,263.0,29.0,175.0,249.0,58.0,149.0,173.0,147.0,234.0,158.0,102.0,493.0,170.0
252.0,338.0,179.0,70.0,275.0,437.0,139.0,183.0,343.0,230.0,110.0,312.0,264.0,133.0,247.0
114.0,95.0,247.0,22.0,45.0,205.0,39.0,137.0,139.0,129.0,179.0,124.0,70.0,88.0,31.0
485.0,27.0,298.0,153.0,161.0,56.0,570.0,201.0,616.0,358.0,248.0,241.0,726.0,167.0,91.0
111.0,89.0,208.0,17.0,102.0,214.0,32.0,82.0,120.0,106.0,130.0,91.0,47.0,65.0,87.0
83.0,43.0,187.0,14.0,176.0,118.0,61.0,47.0,120.0,82.0,87.0,92.0,35.0,26.0,154.0
205.0,276.0,300.0,55.0,255.0,365.0,108.0,187.0,293.0,416.0,226.0,117.0,214.0,133.0,229.0
256.0,331.0,374.0,71.0,261.0,182.0,127.0,292.0,363.0,243.0,302.0,302.0,256.0,208.0,173.0
123.0,131.0,263.0,29.0,174.0,238.0,58.0,141.0,181.0,147.0,203.0,156.0,103.0,92.0,102.0
86.0,48.0,351.0,58.0,261.0,143.0,139.0,251.0,296.0,213.0,50.0,264.0,269.0,184.0,74.0
206.0,232.0,350.0,56.0,191.0,319.0,69.0,251.0,292.0,213.0,274.0,263.0,238.0,184.0,153.0
412.0,756.0,549.0,182.0,157.0,60.0,52.0,420.0,483.0,381.0,470.0,803.0,751.0,311.0,122.0
256.0,331.0,363.0,73.0,212.0,247.0,230.0,280.0,425.0,228.0,297.0,288.0,334.0,173.0,175.0
130.0,137.0,553.0,29.0,161.0,261.0,53.0,440.0,172.0,150.0,468.0,164.0,101.0,208.0,125.0
71.0,27.0,72.0,11.0,47.0,87.0,13.0,15.0,197.0,83.0,0.0,72.0,33.0,16.0,234.0
288.0,461.0,457.0,95.0,294.0,310.0,166.0,323.0,500.0,275.0,366.0,163.0,273.0,247.0,308.0
163.0,173.0,481.0,36.0,131.0,256.0,82.0,346.0,210.0,296.0,386.0,108.0,171.0,259.0,101.0
214.0,304.0,346.0,58.0,277.0,388.0,143.0,202.0,297.0,201.0,236.0,257.0,269.0,148.0,238.0
167.0,221.0,507.0,133.0,243.0,213.0,129.0,384.0,480.0,311.0,410.0,304.0,678.0,269.0,604.0
73.0,27.0,125.0,6.0,83.0,56.0,19.0,27.0,38.0,67.0,29.0,50.0,19.0,17.0,77.0
126.0,135.0,251.0,27.0,260.0,241.0,121.0,155.0,170.0,137.0,179.0,127.0,252.0,95.0,118.0
126.0,372.0,411.0,27.0,234.0,445.0,48.0,292.0,172.0,141.0,325.0,149.0,90.0,92.0,214.0
288.0,241.0,440.0,95.0,448.0,365.0,261.0,316.0,457.0,273.0,320.0,316.0,464.0,205.0,157.0
217.0,304.0,279.0,32.0,208.0,437.0,61.0,140.0,184.0,154.0,203.0,207.0,123.0,91.0,175.0
237.0,322.0,310.0,67.0,211.0,404.0,171.0,0.0,197.0,227.0,234.0,282.0,284.0,0.0,175.0
152.0,222.0,281.0,33.0,200.0,308.0,69.0,165.0,122.0,154.0,210.0,158.0,140.0,291.0,173.0
191.0,261.0,396.0,60.0,230.0,276.0,94.0,32.0,311.0,57.0,326.0,21.0,270.0,17.0,201.0
169.0,235.0,350.0,41.0,310.0,373.0,184.0,141.0,223.0,213.0,275.0,263.0,284.0,92.0,316.0
229.0,301.0,353.0,63.0,248.0,382.0,166.0,154.0,314.0,214.0,286.0,228.0,273.0,102.0,216.0
154.0,188.0,300.0,34.0,83.0,272.0,67.0,189.0,193.0,174.0,152.0,196.0,145.0,133.0,55.0
80.0,42.0,208.0,15.0,89.0,280.0,30.0,115.0,76.0,105.0,126.0,84.0,46.0,64.0,192.0
147.0,130.0,300.0,36.0,237.0,225.0,99.0,189.0,223.0,167.0,208.0,186.0,202.0,134.0,213.0
167.0,221.0,296.0,36.0,217.0,308.0,80.0,363.0,147.0,167.0,222.0,187.0,168.0,275.0,125.0
83.0,43.0,183.0,11.0,75.0,160.0,22.0,45.0,171.0,84.0,57.0,244.0,35.0,25.0,52.0
103.0,45.0,222.0,18.0,104.0,127.0,45.0,92.0,122.0,112.0,129.0,76.0,49.0,66.0,83.0
100.0,62.0,206.0,17.0,89.0,155.0,30.0,32.0,119.0,101.0,88.0,72.0,46.0,21.0,77.0
330.0,210.0,553.0,117.0,445.0,293.0,243.0,431.0,568.0,304.0,470.0,72.0,588.0,331.0,566.0
156.0,225.0,353.0,35.0,54.0,312.0,48.0,251.0,170.0,176.0,286.0,282.0,149.0,184.0,74.0
264.0,367.0,481.0,41.0,229.0,445.0,92.0,342.0,223.0,296.0,387.0,355.0,190.0,258.0,201.0
123.0,115.0,252.0,24.0,131.0,308.0,45.0,140.0,163.0,137.0,175.0,138.0,89.0,90.0,99.0
120.0,105.0,201.0,17.0,89.0,213.0,30.0,61.0,125.0,107.0,0.0,95.0,48.0,28.0,74.0
104.0,78.0,180.0,19.0,100.0,205.0,33.0,39.0,164.0,58.0,63.0,25.0,54.0,20.0,81.0
211.0,306.0,339.0,57.0,47.0,390.0,13.0,216.0,145.0,201.0,245.0,248.0,264.0,169.0,38.0
133.0,141.0,293.0,29.0,174.0,249.0,58.0,176.0,173.0,356.0,211.0,323.0,102.0,129.0,307.0
333.0,618.0,142.0,6.0,15.0,382.0,1.0,31.0,46.0,61.0,29.0,68.0,4.0,20.0,4.0
167.0,221.0,323.0,38.0,261.0,319.0,77.0,201.0,184.0,174.0,208.0,196.0,175.0,116.0,242.0
374.0,693.0,528.0,137.0,200.0,249.0,391.0,292.0,570.0,319.0,419.0,463.0,624.0,208.0,139.0
229.0,316.0,346.0,58.0,277.0,390.0,143.0,273.0,296.0,223.0,290.0,282.0,269.0,193.0,250.0
112.0,90.0,240.0,22.0,117.0,205.0,37.0,111.0,145.0,129.0,160.0,580.0,70.0,77.0,119.0
111.0,89.0,298.0,30.0,176.0,191.0,61.0,363.0,182.0,188.0,222.0,181.0,122.0,269.0,154.0
181.0,234.0,356.0,43.0,229.0,328.0,92.0,259.0,107.0,225.0,290.0,138.0,190.0,185.0,201.0
232.0,310.0,316.0,65.0,322.0,390.0,203.0,205.0,177.0,214.0,241.0,263.0,288.0,156.0,242.0
181.0,235.0,661.0,248.0,234.0,319.0,67.0,493.0,829.0,524.0,214.0,856.0,139.0,331.0,173.0
121.0,104.0,223.0,21.0,128.0,212.0,78.0,32.0,141.0,114.0,139.0,249.0,158.0,16.0,99.0
103.0,89.0,208.0,23.0,234.0,215.0,82.0,80.0,164.0,129.0,122.0,127.0,174.0,889.0,238.0
428.0,515.0,657.0,183.0,503.0,312.0,274.0,508.0,222.0,425.0,508.0,138.0,515.0,339.0,678.0
71.0,27.0,142.0,6.0,128.0,56.0,50.0,31.0,34.0,67.0,203.0,91.0,12.0,333.0,99.0
165.0,219.0,340.0,36.0,212.0,297.0,78.0,205.0,204.0,167.0,199.0,178.0,161.0,152.0,175.0
288.0,612.0,440.0,95.0,112.0,498.0,253.0,316.0,518.0,273.0,345.0,305.0,438.0,493.0,153.0
169.0,207.0,303.0,40.0,229.0,297.0,92.0,194.0,223.0,176.0,191.0,172.0,181.0,72.0,190.0
86.0,41.0,187.0,13.0,58.0,101.0,19.0,32.0,103.0,82.0,119.0,76.0,36.0,21.0,44.0
160.0,207.0,294.0,36.0,211.0,260.0,78.0,180.0,199.0,166.0,326.0,186.0,161.0,130.0,175.0
104.0,42.0,570.0,20.0,117.0,118.0,35.0,490.0,127.0,120.0,500.0,84.0,55.0,291.0,89.0
236.0,320.0,299.0,66.0,261.0,404.0,180.0,201.0,122.0,225.0,222.0,282.0,284.0,149.0,242.0
167.0,221.0,278.0,30.0,176.0,294.0,61.0,165.0,425.0,151.0,201.0,162.0,113.0,134.0,117.0
414.0,769.0,570.0,182.0,89.0,550.0,7.0,459.0,425.0,411.0,203.0,165.0,288.0,314.0,74.0
256.0,332.0,701.0,71.0,344.0,429.0,222.0,601.0,292.0,580.0,833.0,894.0,336.0,458.0,422.0
206.0,274.0,340.0,56.0,257.0,362.0,119.0,206.0,293.0,200.0,243.0,248.0,264.0,158.0,231.0
169.0,234.0,396.0,40.0,329.0,393.0,217.0,297.0,223.0,247.0,322.0,304.0,181.0,79.0,331.0
111.0,89.0,207.0,27.0,165.0,206.0,54.0,78.0,164.0,106.0,110.0,203.0,101.0,57.0,124.0
80.0,41.0,701.0,11.0,312.0,102.0,198.0,493.0,76.0,595.0,100.0,264.0,33.0,333.0,316.0
97.0,41.0,212.0,16.0,85.0,112.0,28.0,83.0,117.0,108.0,128.0,68.0,46.0,72.0,64.0
101.0,55.0,126.0,6.0,28.0,155.0,2.0,29.0,107.0,61.0,91.0,23.0,12.0,17.0,12.0
100.0,78.0,187.0,17.0,37.0,175.0,5.0,49.0,122.0,82.0,87.0,69.0,23.0,27.0,341.0
319.0,618.0,488.0,104.0,446.0,333.0,261.0,353.0,480.0,300.0,207.0,395.0,494.0,269.0,604.0
163.0,76.0,292.0,36.0,227.0,191.0,85.0,205.0,210.0,156.0,210.0,178.0,171.0,133.0,175.0
217.0,306.0,550.0,21.0,117.0,372.0,35.0,214.0,132.0,871.0,408.0,999.0,59.0,192.0,95.0
311.0,488.0,507.0,97.0,228.0,491.0,143.0,384.0,483.0,293.0,408.0,307.0,500.0,312.0,247.0
377.0,718.0,514.0,137.0,601.0,289.0,391.0,384.0,570.0,319.0,414.0,456.0,639.0,292.0,808.0
122.0,106.0,179.0,80.0,89.0,215.0,226.0,49.0,425.0,213.0,57.0,264.0,337.0,27.0,74.0
202.0,261.0,360.0,51.0,261.0,276.0,121.0,266.0,276.0,192.0,297.0,228.0,239.0,186.0,238.0
156.0,205.0,293.0,35.0,47.0,294.0,16.0,176.0,197.0,160.0,211.0,203.0,175.0,129.0,45.0
176.0,229.0,356.0,51.0,292.0,315.0,166.0,251.0,272.0,197.0,326.0,241.0,288.0,292.0,188.0
211.0,278.0,346.0,60.0,292.0,389.0,105.0,225.0,343.0,203.0,264.0,114.0,270.0,173.0,307.0
125.0,130.0,252.0,25.0,151.0,213.0,50.0,140.0,168.0,137.0,176.0,137.0,92.0,91.0,118.0
122.0,109.0,648.0,24.0,89.0,216.0,30.0,490.0,163.0,138.0,582.0,139.0,83.0,321.0,63.0
212.0,300.0,580.0,60.0,292.0,270.0,166.0,601.0,276.0,404.0,508.0,803.0,270.0,319.0,308.0
196.0,212.0,330.0,51.0,258.0,235.0,119.0,59.0,270.0,192.0,244.0,231.0,219.0,71.0,231.0
210.0,284.0,511.0,97.0,248.0,373.0,226.0,391.0,333.0,296.0,411.0,355.0,145.0,503.0,213.0
288.0,461.0,310.0,95.0,446.0,486.0,254.0,195.0,227.0,176.0,234.0,208.0,444.0,137.0,308.0
122.0,105.0,179.0,24.0,132.0,280.0,45.0,39.0,163.0,136.0,64.0,165.0,84.0,24.0,102.0
80.0,42.0,239.0,20.0,112.0,101.0,35.0,97.0,252.0,129.0,57.0,124.0,55.0,55.0,88.0
212.0,276.0,299.0,63.0,277.0,344.0,139.0,420.0,313.0,214.0,222.0,322.0,273.0,339.0,250.0
71.0,27.0,142.0,6.0,161.0,253.0,38.0,31.0,33.0,63.0,110.0,47.0,70.0,20.0,125.0
187.0,259.0,379.0,51.0,165.0,348.0,92.0,140.0,182.0,247.0,307.0,172.0,211.0,91.0,127.0
205.0,276.0,360.0,70.0,188.0,358.0,258.0,266.0,343.0,228.0,287.0,312.0,450.0,331.0,172.0
73.0,27.0,693.0,6.0,89.0,56.0,32.0,565.0,237.0,71.0,654.0,162.0,48.0,442.0,74.0
157.0,182.0,326.0,35.0,100.0,261.0,32.0,205.0,199.0,187.0,241.0,204.0,51.0,150.0,81.0
94.0,89.0,500.0,112.0,601.0,225.0,367.0,391.0,168.0,304.0,408.0,428.0,588.0,303.0,818.0
111.0,87.0,379.0,21.0,89.0,188.0,30.0,285.0,134.0,120.0,307.0,115.0,54.0,202.0,80.0
80.0,41.0,852.0,17.0,106.0,102.0,32.0,940.0,119.0,154.0,833.0,167.0,48.0,613.0,139.0
104.0,76.0,223.0,19.0,112.0,241.0,35.0,97.0,125.0,114.0,175.0,124.0,55.0,20.0,87.0
154.0,188.0,207.0,34.0,203.0,277.0,75.0,78.0,193.0,144.0,117.0,155.0,154.0,57.0,175.0
288.0,461.0,449.0,95.0,524.0,491.0,243.0,322.0,466.0,275.0,366.0,446.0,429.0,246.0,231.0
235.0,320.0,386.0,61.0,288.0,393.0,166.0,296.0,288.0,223.0,320.0,282.0,273.0,65.0,307.0
333.0,618.0,332.0,30.0,75.0,518.0,22.0,205.0,180.0,192.0,244.0,228.0,40.0,156.0,54.0
103.0,78.0,247.0,18.0,252.0,182.0,99.0,61.0,122.0,137.0,173.0,134.0,48.0,34.0,240.0
152.0,180.0,279.0,33.0,197.0,260.0,67.0,32.0,168.0,154.0,210.0,167.0,128.0,255.0,155.0
165.0,219.0,294.0,38.0,448.0,297.0,50.0,205.0,213.0,165.0,275.0,178.0,174.0,152.0,604.0
52.0,41.0,257.0,25.0,176.0,293.0,59.0,144.0,168.0,138.0,189.0,138.0,92.0,95.0,148.0
152.0,55.0,514.0,33.0,89.0,143.0,75.0,392.0,187.0,144.0,414.0,23.0,149.0,308.0,74.0
287.0,36.0,313.0,45.0,261.0,82.0,99.0,391.0,197.0,188.0,239.0,221.0,196.0,300.0,242.0
119.0,95.0,239.0,17.0,89.0,208.0,32.0,490.0,120.0,120.0,222.0,115.0,47.0,339.0,74.0
123.0,128.0,251.0,25.0,184.0,221.0,45.0,175.0,171.0,136.0,206.0,133.0,92.0,101.0,155.0
377.0,515.0,530.0,146.0,184.0,468.0,382.0,403.0,571.0,347.0,419.0,460.0,923.0,291.0,131.0
330.0,259.0,570.0,114.0,312.0,341.0,198.0,459.0,425.0,408.0,500.0,803.0,583.0,240.0,334.0
126.0,131.0,447.0,27.0,174.0,230.0,58.0,459.0,314.0,273.0,322.0,323.0,103.0,314.0,139.0
121.0,92.0,208.0,18.0,28.0,687.0,4.0,83.0,122.0,108.0,130.0,98.0,49.0,64.0,11.0
171.0,187.0,256.0,38.0,28.0,270.0,83.0,155.0,210.0,176.0,188.0,197.0,175.0,106.0,119.0
236.0,488.0,475.0,66.0,175.0,490.0,217.0,363.0,330.0,269.0,382.0,322.0,284.0,271.0,144.0
94.0,90.0,215.0,17.0,89.0,82.0,32.0,83.0,120.0,112.0,128.0,98.0,49.0,68.0,74.0
71.0,27.0,130.0,6.0,122.0,216.0,40.0,31.0,296.0,63.0,302.0,105.0,12.0,21.0,242.0
271.0,409.0,396.0,85.0,257.0,373.0,96.0,476.0,425.0,256.0,320.0,312.0,195.0,321.0,218.0
103.0,37.0,223.0,18.0,106.0,60.0,35.0,94.0,122.0,113.0,165.0,113.0,51.0,205.0,88.0
288.0,281.0,852.0,91.0,445.0,373.0,254.0,885.0,454.0,271.0,333.0,323.0,419.0,235.0,566.0
132.0,137.0,190.0,29.0,131.0,249.0,43.0,39.0,172.0,120.0,91.0,117.0,101.0,25.0,101.0
183.0,306.0,693.0,50.0,255.0,390.0,107.0,572.0,253.0,190.0,658.0,220.0,211.0,477.0,240.0
73.0,63.0,72.0,6.0,43.0,118.0,5.0,15.0,38.0,112.0,0.0,76.0,19.0,16.0,30.0
156.0,205.0,293.0,35.0,200.0,294.0,75.0,181.0,198.0,160.0,211.0,175.0,154.0,248.0,174.0
338.0,612.0,348.0,133.0,186.0,534.0,61.0,228.0,204.0,311.0,272.0,446.0,123.0,180.0,155.0
132.0,137.0,855.0,29.0,157.0,249.0,50.0,885.0,178.0,660.0,999.0,423.0,101.0,583.0,155.0
114.0,95.0,240.0,27.0,123.0,767.0,40.0,109.0,171.0,129.0,157.0,118.0,97.0,79.0,91.0
156.0,188.0,299.0,35.0,202.0,276.0,75.0,186.0,199.0,151.0,222.0,162.0,154.0,180.0,134.0
113.0,90.0,111.0,21.0,117.0,203.0,37.0,26.0,139.0,57.0,84.0,23.0,68.0,16.0,94.0
120.0,104.0,240.0,22.0,88.0,212.0,39.0,78.0,147.0,129.0,157.0,118.0,70.0,477.0,71.0
139.0,164.0,278.0,30.0,176.0,255.0,61.0,160.0,180.0,151.0,201.0,162.0,116.0,129.0,153.0
322.0,515.0,340.0,55.0,228.0,372.0,85.0,240.0,293.0,199.0,250.0,241.0,176.0,180.0,148.0
235.0,317.0,355.0,65.0,310.0,393.0,172.0,225.0,314.0,223.0,286.0,196.0,284.0,169.0,216.0
125.0,130.0,111.0,51.0,248.0,200.0,129.0,49.0,270.0,191.0,8.0,228.0,212.0,27.0,63.0
154.0,185.0,72.0,41.0,211.0,261.0,78.0,10.0,223.0,182.0,5.0,207.0,191.0,16.0,175.0
270.0,376.0,207.0,87.0,89.0,448.0,243.0,83.0,332.0,106.0,120.0,91.0,408.0,62.0,72.0
330.0,205.0,747.0,133.0,257.0,281.0,129.0,718.0,568.0,660.0,758.0,911.0,888.0,491.0,172.0
182.0,106.0,339.0,51.0,448.0,214.0,261.0,216.0,293.0,199.0,248.0,214.0,494.0,167.0,73.0
154.0,188.0,201.0,16.0,75.0,272.0,22.0,61.0,98.0,106.0,100.0,231.0,42.0,72.0,55.0
115.0,95.0,240.0,22.0,126.0,206.0,40.0,103.0,144.0,130.0,160.0,127.0,73.0,72.0,96.0
152.0,193.0,292.0,33.0,188.0,281.0,67.0,175.0,187.0,156.0,203.0,173.0,139.0,134.0,156.0
113.0,90.0,240.0,21.0,123.0,328.0,40.0,109.0,139.0,129.0,157.0,117.0,68.0,76.0,95.0
156.0,163.0,294.0,35.0,203.0,255.0,76.0,156.0,163.0,176.0,222.0,197.0,156.0,90.0,174.0
330.0,612.0,532.0,109.0,344.0,534.0,222.0,415.0,501.0,347.0,470.0,460.0,500.0,311.0,422.0
80.0,41.0,187.0,9.0,47.0,102.0,9.0,47.0,215.0,82.0,87.0,69.0,33.0,208.0,32.0
104.0,78.0,201.0,18.0,100.0,191.0,33.0,61.0,122.0,92.0,100.0,76.0,51.0,111.0,81.0
412.0,764.0,511.0,153.0,224.0,741.0,530.0,316.0,454.0,316.0,411.0,449.0,726.0,219.0,175.0
115.0,95.0,246.0,23.0,131.0,227.0,43.0,130.0,147.0,132.0,189.0,127.0,76.0,87.0,99.0
152.0,179.0,283.0,33.0,186.0,260.0,62.0,168.0,333.0,154.0,207.0,173.0,127.0,174.0,155.0
257.0,367.0,701.0,71.0,151.0,425.0,217.0,572.0,357.0,243.0,262.0,288.0,331.0,455.0,117.0
211.0,137.0,363.0,70.0,313.0,312.0,199.0,240.0,369.0,230.0,298.0,288.0,291.0,305.0,351.0
156.0,205.0,311.0,36.0,229.0,281.0,92.0,197.0,139.0,165.0,658.0,98.0,181.0,146.0,32.0
113.0,90.0,242.0,21.0,117.0,154.0,37.0,115.0,139.0,132.0,165.0,140.0,70.0,16.0,99.0
152.0,179.0,339.0,32.0,161.0,260.0,53.0,214.0,184.0,188.0,250.0,305.0,97.0,145.0,125.0
160.0,21.0,294.0,36.0,200.0,250.0,75.0,180.0,205.0,167.0,218.0,187.0,150.0,133.0,172.0
412.0,764.0,224.0,177.0,999.0,767.0,999.0,45.0,302.0,580.0,149.0,894.0,726.0,25.0,999.0
83.0,42.0,190.0,11.0,50.0,143.0,19.0,51.0,105.0,84.0,91.0,76.0,36.0,27.0,45.0
158.0,207.0,208.0,36.0,191.0,280.0,78.0,82.0,204.0,85.0,122.0,76.0,156.0,493.0,157.0
129.0,131.0,661.0,243.0,89.0,241.0,30.0,508.0,466.0,524.0,408.0,999.0,204.0,412.0,73.0
202.0,274.0,257.0,51.0,279.0,362.0,148.0,90.0,296.0,196.0,189.0,248.0,270.0,27.0,107.0
126.0,130.0,206.0,23.0,174.0,230.0,58.0,65.0,168.0,132.0,126.0,127.0,77.0,57.0,139.0
377.0,769.0,312.0,148.0,151.0,809.0,61.0,163.0,601.0,252.0,250.0,348.0,122.0,106.0,119.0
256.0,332.0,382.0,71.0,503.0,429.0,274.0,132.0,347.0,246.0,309.0,302.0,905.0,96.0,808.0
100.0,63.0,224.0,20.0,126.0,156.0,40.0,97.0,119.0,120.0,157.0,115.0,73.0,72.0,96.0
319.0,434.0,528.0,109.0,448.0,320.0,261.0,509.0,503.0,296.0,419.0,282.0,494.0,408.0,156.0
375.0,709.0,528.0,143.0,445.0,220.0,444.0,398.0,601.0,322.0,468.0,395.0,678.0,311.0,574.0
111.0,89.0,240.0,21.0,100.0,197.0,38.0,109.0,69.0,129.0,157.0,118.0,70.0,300.0,83.0
111.0,89.0,224.0,20.0,54.0,200.0,35.0,98.0,195.0,120.0,149.0,113.0,55.0,72.0,87.0
123.0,129.0,542.0,25.0,145.0,143.0,50.0,469.0,168.0,347.0,465.0,463.0,92.0,339.0,116.0
114.0,92.0,263.0,29.0,200.0,203.0,75.0,98.0,173.0,147.0,207.0,124.0,102.0,72.0,172.0
114.0,89.0,661.0,63.0,292.0,210.0,166.0,469.0,313.0,198.0,640.0,241.0,273.0,318.0,307.0
212.0,21.0,346.0,58.0,218.0,362.0,150.0,223.0,296.0,201.0,232.0,236.0,270.0,180.0,183.0
119.0,103.0,361.0,23.0,176.0,210.0,61.0,293.0,147.0,57.0,297.0,23.0,116.0,26.0,114.0
103.0,72.0,340.0,55.0,174.0,160.0,58.0,216.0,290.0,198.0,182.0,218.0,103.0,159.0,140.0
233.0,316.0,360.0,65.0,229.0,389.0,92.0,572.0,314.0,223.0,297.0,287.0,284.0,458.0,202.0
410.0,769.0,661.0,243.0,106.0,425.0,32.0,508.0,86.0,521.0,654.0,856.0,923.0,343.0,87.0
167.0,141.0,326.0,38.0,261.0,249.0,121.0,206.0,223.0,187.0,241.0,190.0,181.0,156.0,247.0
73.0,82.0,179.0,6.0,208.0,188.0,94.0,39.0,38.0,76.0,63.0,58.0,35.0,24.0,175.0
206.0,284.0,414.0,86.0,311.0,373.0,184.0,312.0,430.0,265.0,326.0,355.0,288.0,613.0,329.0
123.0,133.0,256.0,25.0,43.0,143.0,50.0,148.0,168.0,138.0,187.0,138.0,92.0,96.0,32.0
236.0,322.0,396.0,66.0,310.0,397.0,184.0,297.0,330.0,225.0,325.0,282.0,284.0,218.0,329.0
235.0,304.0,355.0,65.0,175.0,390.0,59.0,313.0,314.0,223.0,290.0,304.0,284.0,219.0,118.0
114.0,95.0,553.0,0.0,15.0,200.0,1.0,438.0,0.0,347.0,468.0,463.0,0.0,312.0,4.0
196.0,259.0,332.0,51.0,191.0,341.0,70.0,205.0,168.0,193.0,245.0,236.0,214.0,169.0,174.0
316.0,515.0,488.0,109.0,203.0,521.0,75.0,353.0,503.0,296.0,400.0,446.0,529.0,269.0,174.0
100.0,89.0,310.0,38.0,47.0,193.0,5.0,195.0,223.0,176.0,234.0,196.0,46.0,134.0,77.0
104.0,90.0,222.0,18.0,98.0,200.0,33.0,176.0,122.0,113.0,123.0,98.0,52.0,125.0,77.0
235.0,310.0,355.0,65.0,294.0,390.0,166.0,251.0,314.0,223.0,286.0,280.0,284.0,184.0,316.0
157.0,187.0,316.0,35.0,117.0,270.0,35.0,201.0,198.0,188.0,338.0,240.0,155.0,146.0,93.0
83.0,43.0,187.0,6.0,28.0,155.0,2.0,47.0,33.0,82.0,88.0,70.0,5.0,26.0,11.0
376.0,717.0,661.0,148.0,446.0,706.0,530.0,509.0,676.0,347.0,654.0,190.0,726.0,390.0,116.0
103.0,76.0,212.0,19.0,102.0,156.0,33.0,83.0,125.0,108.0,126.0,118.0,54.0,64.0,81.0
377.0,694.0,542.0,148.0,238.0,348.0,67.0,438.0,568.0,347.0,465.0,470.0,136.0,312.0,213.0
429.0,844.0,553.0,201.0,100.0,663.0,33.0,438.0,858.0,374.0,326.0,582.0,47.0,312.0,81.0
196.0,257.0,346.0,57.0,277.0,349.0,139.0,223.0,302.0,201.0,264.0,248.0,264.0,184.0,242.0
210.0,284.0,661.0,57.0,98.0,373.0,105.0,509.0,272.0,129.0,351.0,118.0,259.0,408.0,77.0
257.0,27.0,386.0,71.0,446.0,241.0,258.0,297.0,95.0,243.0,320.0,301.0,450.0,217.0,582.0
73.0,27.0,126.0,6.0,54.0,56.0,16.0,29.0,38.0,57.0,94.0,236.0,19.0,17.0,45.0
146.0,203.0,648.0,32.0,175.0,280.0,58.0,493.0,177.0,416.0,597.0,822.0,122.0,333.0,139.0
270.0,325.0,414.0,86.0,174.0,422.0,58.0,312.0,466.0,265.0,326.0,317.0,128.0,219.0,140.0
233.0,316.0,355.0,65.0,312.0,390.0,171.0,251.0,314.0,223.0,286.0,280.0,284.0,184.0,341.0
330.0,0.0,507.0,117.0,312.0,0.0,188.0,384.0,50.0,304.0,411.0,428.0,588.0,247.0,334.0
100.0,63.0,204.0,16.0,83.0,156.0,29.0,62.0,122.0,106.0,152.0,50.0,45.0,35.0,334.0
314.0,203.0,438.0,97.0,410.0,280.0,230.0,322.0,270.0,271.0,338.0,323.0,500.0,95.0,422.0
160.0,212.0,294.0,36.0,203.0,296.0,76.0,241.0,293.0,167.0,222.0,190.0,181.0,145.0,174.0
237.0,292.0,372.0,36.0,229.0,373.0,83.0,285.0,210.0,185.0,302.0,208.0,174.0,205.0,215.0
206.0,284.0,294.0,70.0,312.0,373.0,198.0,0.0,281.0,228.0,203.0,303.0,288.0,0.0,333.0
92.0,72.0,488.0,17.0,106.0,425.0,35.0,353.0,120.0,300.0,400.0,348.0,47.0,269.0,87.0
76.0,36.0,183.0,8.0,45.0,86.0,6.0,45.0,54.0,81.0,64.0,68.0,26.0,25.0,38.0
125.0,130.0,279.0,29.0,174.0,227.0,58.0,146.0,168.0,154.0,204.0,167.0,103.0,96.0,144.0
121.0,104.0,246.0,23.0,174.0,212.0,50.0,130.0,147.0,132.0,164.0,330.0,90.0,28.0,107.0
330.0,109.0,648.0,117.0,569.0,216.0,367.0,508.0,551.0,296.0,117.0,355.0,588.0,339.0,127.0
167.0,221.0,247.0,38.0,228.0,238.0,85.0,130.0,215.0,174.0,191.0,196.0,175.0,245.0,43.0
132.0,137.0,254.0,29.0,176.0,56.0,61.0,141.0,173.0,138.0,176.0,138.0,102.0,92.0,154.0
126.0,145.0,283.0,27.0,161.0,261.0,53.0,168.0,171.0,140.0,208.0,149.0,101.0,96.0,56.0
147.0,180.0,281.0,32.0,177.0,260.0,61.0,176.0,184.0,154.0,214.0,165.0,122.0,125.0,154.0
224.0,304.0,336.0,55.0,229.0,388.0,86.0,206.0,290.0,197.0,245.0,240.0,191.0,122.0,190.0
178.0,232.0,316.0,45.0,280.0,319.0,98.0,200.0,223.0,188.0,215.0,212.0,200.0,57.0,274.0
237.0,306.0,440.0,91.0,310.0,388.0,184.0,316.0,454.0,273.0,325.0,323.0,269.0,241.0,331.0
330.0,0.0,476.0,117.0,344.0,0.0,222.0,341.0,466.0,304.0,389.0,246.0,923.0,256.0,422.0
210.0,284.0,337.0,56.0,83.0,373.0,24.0,214.0,302.0,200.0,244.0,158.0,264.0,25.0,55.0
111.0,89.0,242.0,23.0,89.0,200.0,30.0,132.0,162.0,132.0,165.0,127.0,54.0,58.0,73.0
154.0,188.0,255.0,30.0,184.0,253.0,61.0,141.0,313.0,139.0,214.0,162.0,123.0,90.0,155.0
146.0,169.0,311.0,30.0,184.0,259.0,61.0,195.0,182.0,174.0,232.0,187.0,122.0,134.0,155.0
183.0,234.0,351.0,50.0,243.0,154.0,99.0,240.0,270.0,214.0,272.0,178.0,211.0,248.0,220.0
244.0,325.0,476.0,70.0,312.0,439.0,199.0,341.0,343.0,230.0,366.0,288.0,291.0,275.0,390.0
133.0,844.0,208.0,16.0,134.0,270.0,23.0,80.0,109.0,106.0,123.0,92.0,42.0,583.0,12.0
183.0,249.0,323.0,50.0,257.0,272.0,108.0,204.0,253.0,190.0,287.0,207.0,211.0,150.0,240.0
83.0,43.0,180.0,11.0,145.0,127.0,54.0,39.0,69.0,83.0,139.0,47.0,33.0,66.0,153.0
316.0,515.0,485.0,106.0,434.0,484.0,253.0,346.0,500.0,296.0,382.0,355.0,500.0,259.0,566.0
154.0,185.0,661.0,36.0,230.0,268.0,95.0,509.0,163.0,154.0,238.0,165.0,177.0,408.0,213.0
287.0,423.0,447.0,95.0,446.0,210.0,254.0,322.0,466.0,273.0,386.0,221.0,444.0,303.0,574.0
123.0,90.0,252.0,24.0,211.0,205.0,101.0,313.0,105.0,138.0,210.0,138.0,204.0,241.0,175.0
157.0,235.0,294.0,35.0,175.0,308.0,75.0,176.0,198.0,156.0,170.0,175.0,154.0,125.0,140.0
104.0,78.0,170.0,19.0,100.0,220.0,35.0,32.0,127.0,115.0,222.0,114.0,55.0,21.0,80.0
124.0,129.0,260.0,24.0,141.0,208.0,46.0,601.0,158.0,137.0,189.0,137.0,89.0,300.0,116.0
181.0,234.0,313.0,51.0,233.0,118.0,98.0,476.0,270.0,191.0,240.0,228.0,214.0,321.0,202.0
171.0,232.0,316.0,49.0,191.0,319.0,69.0,202.0,188.0,188.0,238.0,220.0,211.0,145.0,157.0
288.0,461.0,449.0,95.0,175.0,490.0,253.0,163.0,466.0,273.0,408.0,305.0,444.0,218.0,153.0
244.0,346.0,363.0,70.0,313.0,437.0,199.0,277.0,341.0,230.0,298.0,288.0,291.0,218.0,242.0
114.0,95.0,239.0,22.0,105.0,289.0,32.0,104.0,145.0,129.0,402.0,115.0,48.0,72.0,85.0
73.0,36.0,701.0,7.0,32.0,156.0,5.0,572.0,38.0,595.0,758.0,894.0,23.0,455.0,11.0
133.0,141.0,201.0,11.0,89.0,249.0,30.0,65.0,120.0,92.0,128.0,76.0,33.0,55.0,190.0
210.0,284.0,550.0,56.0,260.0,156.0,121.0,420.0,293.0,200.0,470.0,395.0,264.0,309.0,242.0
87.0,48.0,207.0,15.0,65.0,143.0,50.0,62.0,132.0,105.0,297.0,84.0,40.0,555.0,44.0
257.0,323.0,374.0,71.0,230.0,372.0,77.0,285.0,357.0,243.0,298.0,298.0,168.0,311.0,201.0
288.0,403.0,481.0,71.0,341.0,372.0,213.0,342.0,425.0,296.0,387.0,355.0,309.0,258.0,404.0
70.0,21.0,340.0,12.0,83.0,200.0,1.0,205.0,95.0,200.0,261.0,178.0,33.0,156.0,54.0
244.0,180.0,379.0,71.0,341.0,260.0,213.0,192.0,107.0,243.0,366.0,298.0,316.0,134.0,322.0
123.0,115.0,252.0,24.0,137.0,220.0,46.0,140.0,164.0,137.0,176.0,137.0,89.0,91.0,111.0
167.0,219.0,257.0,38.0,132.0,297.0,45.0,144.0,222.0,141.0,189.0,149.0,369.0,77.0,99.0
156.0,214.0,292.0,35.0,216.0,294.0,82.0,438.0,194.0,156.0,204.0,158.0,174.0,308.0,178.0
139.0,174.0,215.0,30.0,176.0,259.0,61.0,84.0,188.0,112.0,130.0,101.0,116.0,64.0,154.0
84.0,45.0,220.0,15.0,73.0,127.0,19.0,90.0,103.0,112.0,130.0,101.0,42.0,65.0,44.0
113.0,90.0,207.0,15.0,73.0,197.0,23.0,80.0,107.0,106.0,120.0,91.0,42.0,57.0,134.0
104.0,78.0,340.0,58.0,279.0,175.0,148.0,216.0,297.0,200.0,249.0,307.0,269.0,167.0,274.0
410.0,756.0,549.0,177.0,277.0,491.0,570.0,420.0,498.0,374.0,483.0,582.0,751.0,308.0,248.0
211.0,233.0,180.0,29.0,112.0,320.0,39.0,39.0,177.0,147.0,63.0,158.0,70.0,24.0,82.0
287.0,48.0,481.0,97.0,476.0,143.0,262.0,342.0,109.0,289.0,387.0,348.0,494.0,258.0,678.0
287.0,515.0,356.0,97.0,98.0,490.0,276.0,259.0,480.0,293.0,290.0,307.0,500.0,477.0,77.0
154.0,185.0,207.0,15.0,83.0,261.0,23.0,78.0,107.0,106.0,126.0,92.0,42.0,57.0,54.0
181.0,235.0,317.0,46.0,132.0,369.0,99.0,200.0,232.0,188.0,238.0,204.0,200.0,145.0,107.0
101.0,87.0,251.0,25.0,211.0,293.0,78.0,132.0,168.0,137.0,175.0,134.0,92.0,81.0,175.0
256.0,332.0,348.0,71.0,141.0,429.0,217.0,216.0,419.0,243.0,236.0,325.0,438.0,167.0,119.0
169.0,225.0,461.0,41.0,229.0,310.0,92.0,323.0,223.0,275.0,394.0,263.0,181.0,247.0,190.0
317.0,515.0,461.0,106.0,157.0,489.0,485.0,476.0,500.0,275.0,310.0,325.0,583.0,321.0,125.0
77.0,56.0,130.0,8.0,161.0,155.0,53.0,31.0,69.0,61.0,177.0,50.0,27.0,24.0,126.0
163.0,215.0,311.0,36.0,252.0,297.0,82.0,195.0,210.0,184.0,238.0,178.0,171.0,134.0,218.0
123.0,174.0,323.0,41.0,228.0,261.0,85.0,205.0,223.0,188.0,249.0,220.0,195.0,259.0,52.0
167.0,222.0,590.0,38.0,233.0,82.0,96.0,476.0,222.0,151.0,236.0,162.0,177.0,321.0,202.0
252.0,331.0,447.0,91.0,128.0,425.0,217.0,756.0,454.0,273.0,232.0,323.0,331.0,510.0,99.0
428.0,694.0,701.0,153.0,341.0,767.0,444.0,509.0,237.0,368.0,252.0,582.0,726.0,390.0,390.0
235.0,284.0,326.0,51.0,186.0,382.0,75.0,10.0,252.0,193.0,248.0,236.0,149.0,16.0,154.0
158.0,205.0,294.0,36.0,132.0,288.0,217.0,232.0,210.0,167.0,222.0,156.0,171.0,179.0,172.0
322.0,72.0,355.0,80.0,329.0,160.0,222.0,250.0,425.0,223.0,286.0,280.0,336.0,218.0,214.0
178.0,225.0,294.0,45.0,157.0,315.0,52.0,738.0,313.0,176.0,218.0,197.0,97.0,503.0,44.0
181.0,235.0,323.0,49.0,312.0,319.0,61.0,969.0,311.0,188.0,241.0,220.0,145.0,889.0,341.0
73.0,21.0,738.0,7.0,47.0,156.0,5.0,718.0,46.0,75.0,302.0,58.0,23.0,496.0,32.0
288.0,434.0,553.0,29.0,168.0,484.0,54.0,440.0,173.0,144.0,214.0,158.0,101.0,312.0,274.0
103.0,76.0,142.0,18.0,104.0,160.0,33.0,31.0,125.0,154.0,5.0,212.0,52.0,17.0,87.0
137.0,63.0,267.0,29.0,174.0,188.0,59.0,154.0,180.0,150.0,200.0,160.0,140.0,28.0,153.0
182.0,241.0,337.0,70.0,112.0,294.0,35.0,212.0,343.0,230.0,249.0,288.0,55.0,146.0,88.0
202.0,274.0,220.0,53.0,188.0,362.0,65.0,90.0,122.0,112.0,139.0,81.0,256.0,65.0,156.0
126.0,130.0,411.0,86.0,448.0,230.0,261.0,322.0,428.0,264.0,322.0,257.0,494.0,240.0,604.0
103.0,78.0,207.0,16.0,88.0,182.0,6.0,83.0,33.0,107.0,307.0,84.0,26.0,64.0,71.0
244.0,323.0,316.0,41.0,365.0,404.0,226.0,200.0,223.0,187.0,238.0,207.0,380.0,145.0,469.0
115.0,95.0,240.0,23.0,47.0,208.0,6.0,115.0,145.0,129.0,123.0,149.0,25.0,71.0,42.0
182.0,241.0,488.0,49.0,310.0,344.0,99.0,346.0,165.0,300.0,400.0,149.0,202.0,81.0,329.0
126.0,130.0,190.0,14.0,54.0,230.0,18.0,39.0,98.0,83.0,108.0,68.0,36.0,25.0,43.0
178.0,233.0,278.0,45.0,227.0,320.0,85.0,158.0,237.0,150.0,201.0,162.0,175.0,17.0,182.0
73.0,27.0,183.0,8.0,15.0,188.0,1.0,59.0,117.0,76.0,57.0,68.0,27.0,30.0,30.0
130.0,135.0,256.0,29.0,157.0,241.0,52.0,160.0,171.0,144.0,187.0,0.0,101.0,106.0,122.0
181.0,233.0,322.0,45.0,476.0,319.0,530.0,204.0,227.0,188.0,241.0,221.0,726.0,150.0,30.0
94.0,45.0,157.0,16.0,112.0,127.0,33.0,32.0,293.0,108.0,57.0,100.0,52.0,21.0,74.0
252.0,141.0,361.0,70.0,639.0,249.0,382.0,285.0,333.0,227.0,302.0,282.0,288.0,202.0,818.0
330.0,590.0,507.0,128.0,601.0,155.0,367.0,384.0,547.0,306.0,408.0,263.0,588.0,409.0,808.0
181.0,235.0,320.0,49.0,228.0,407.0,99.0,202.0,223.0,188.0,240.0,220.0,200.0,148.0,188.0
73.0,28.0,207.0,6.0,73.0,60.0,5.0,73.0,38.0,67.0,122.0,21.0,23.0,65.0,45.0
322.0,585.0,553.0,110.0,524.0,490.0,274.0,420.0,224.0,358.0,333.0,799.0,524.0,308.0,32.0
152.0,179.0,337.0,29.0,524.0,260.0,274.0,214.0,173.0,150.0,250.0,162.0,529.0,180.0,72.0
114.0,95.0,240.0,22.0,106.0,212.0,39.0,110.0,147.0,129.0,325.0,117.0,70.0,77.0,80.0
140.0,173.0,278.0,30.0,216.0,256.0,82.0,158.0,177.0,151.0,201.0,162.0,145.0,555.0,178.0
257.0,372.0,374.0,71.0,117.0,445.0,35.0,290.0,69.0,243.0,208.0,325.0,59.0,218.0,89.0
104.0,108.0,240.0,21.0,175.0,215.0,58.0,39.0,139.0,128.0,157.0,117.0,108.0,65.0,118.0
126.0,137.0,252.0,26.0,138.0,249.0,46.0,154.0,171.0,138.0,252.0,138.0,89.0,102.0,111.0
375.0,709.0,507.0,140.0,73.0,306.0,19.0,251.0,571.0,322.0,410.0,457.0,678.0,184.0,45.0
376.0,717.0,386.0,183.0,89.0,706.0,30.0,306.0,638.0,404.0,320.0,803.0,47.0,613.0,74.0
132.0,137.0,224.0,23.0,128.0,247.0,42.0,98.0,147.0,120.0,152.0,113.0,76.0,72.0,172.0
271.0,284.0,187.0,11.0,105.0,369.0,35.0,59.0,103.0,84.0,88.0,76.0,48.0,34.0,54.0
160.0,238.0,339.0,51.0,243.0,315.0,108.0,216.0,271.0,191.0,245.0,228.0,214.0,91.0,213.0
158.0,284.0,392.0,96.0,415.0,374.0,247.0,297.0,145.0,252.0,320.0,214.0,419.0,213.0,154.0
0.0,0.0,300.0,0.0,15.0,0.0,1.0,296.0,0.0,176.0,226.0,197.0,0.0,218.0,157.0
181.0,234.0,312.0,45.0,243.0,328.0,99.0,197.0,223.0,185.0,238.0,207.0,200.0,82.0,175.0
295.0,461.0,661.0,97.0,341.0,489.0,220.0,481.0,501.0,296.0,640.0,355.0,464.0,328.0,351.0
429.0,844.0,337.0,128.0,128.0,133.0,2.0,322.0,547.0,199.0,225.0,264.0,588.0,240.0,97.0
140.0,40.0,267.0,30.0,175.0,86.0,58.0,156.0,181.0,151.0,200.0,162.0,102.0,107.0,56.0
94.0,0.0,363.0,70.0,311.0,0.0,180.0,251.0,332.0,243.0,298.0,298.0,288.0,184.0,333.0
76.0,40.0,201.0,8.0,54.0,87.0,6.0,61.0,54.0,67.0,94.0,50.0,25.0,34.0,44.0
374.0,693.0,580.0,133.0,601.0,197.0,391.0,470.0,570.0,306.0,483.0,423.0,639.0,328.0,808.0
156.0,212.0,283.0,35.0,157.0,294.0,78.0,168.0,188.0,156.0,208.0,175.0,195.0,111.0,84.0
154.0,185.0,111.0,6.0,88.0,261.0,2.0,26.0,483.0,58.0,50.0,23.0,0.0,16.0,81.0
163.0,214.0,296.0,36.0,229.0,288.0,83.0,176.0,210.0,167.0,210.0,187.0,176.0,314.0,99.0
322.0,585.0,590.0,97.0,312.0,484.0,198.0,572.0,457.0,289.0,240.0,348.0,464.0,442.0,334.0
169.0,225.0,311.0,38.0,218.0,310.0,82.0,197.0,223.0,184.0,238.0,207.0,369.0,240.0,182.0
165.0,281.0,299.0,38.0,200.0,372.0,70.0,180.0,210.0,174.0,222.0,681.0,174.0,145.0,72.0
428.0,45.0,648.0,217.0,410.0,127.0,237.0,490.0,163.0,416.0,387.0,105.0,999.0,312.0,473.0
71.0,27.0,852.0,6.0,32.0,56.0,5.0,756.0,50.0,425.0,373.0,257.0,12.0,503.0,12.0
71.0,27.0,206.0,6.0,128.0,439.0,2.0,65.0,33.0,106.0,176.0,91.0,12.0,55.0,117.0
123.0,40.0,252.0,24.0,75.0,87.0,22.0,140.0,119.0,137.0,176.0,140.0,90.0,90.0,55.0
71.0,27.0,126.0,6.0,28.0,56.0,2.0,29.0,54.0,61.0,203.0,25.0,12.0,17.0,83.0
229.0,301.0,312.0,63.0,277.0,373.0,143.0,144.0,357.0,202.0,240.0,254.0,269.0,95.0,250.0
120.0,106.0,190.0,11.0,55.0,214.0,18.0,322.0,95.0,84.0,176.0,84.0,35.0,246.0,175.0
123.0,109.0,204.0,24.0,141.0,211.0,46.0,62.0,173.0,137.0,110.0,126.0,89.0,255.0,114.0
319.0,461.0,530.0,110.0,429.0,484.0,247.0,358.0,182.0,368.0,419.0,582.0,429.0,311.0,566.0
167.0,221.0,300.0,38.0,228.0,241.0,85.0,189.0,222.0,176.0,225.0,197.0,175.0,133.0,190.0
115.0,95.0,240.0,23.0,131.0,213.0,43.0,110.0,145.0,130.0,152.0,126.0,76.0,79.0,101.0
129.0,137.0,208.0,29.0,161.0,479.0,53.0,82.0,170.0,150.0,139.0,162.0,101.0,62.0,126.0
122.0,108.0,316.0,24.0,132.0,215.0,45.0,222.0,141.0,188.0,239.0,196.0,84.0,170.0,107.0
295.0,173.0,310.0,41.0,174.0,256.0,150.0,195.0,223.0,182.0,234.0,220.0,209.0,130.0,134.0
191.0,257.0,488.0,133.0,280.0,365.0,391.0,353.0,570.0,316.0,400.0,301.0,624.0,132.0,71.0
105.0,90.0,693.0,248.0,999.0,214.0,629.0,565.0,999.0,580.0,241.0,999.0,888.0,412.0,999.0
24.0,41.0,488.0,3.0,28.0,103.0,2.0,391.0,99.0,300.0,408.0,387.0,10.0,300.0,9.0
76.0,62.0,187.0,8.0,47.0,155.0,6.0,49.0,69.0,83.0,13.0,76.0,26.0,65.0,38.0
80.0,43.0,126.0,9.0,47.0,143.0,9.0,29.0,76.0,58.0,261.0,23.0,33.0,17.0,30.0
295.0,63.0,313.0,45.0,212.0,155.0,78.0,197.0,184.0,187.0,238.0,193.0,195.0,145.0,188.0
114.0,95.0,239.0,23.0,88.0,203.0,45.0,104.0,145.0,129.0,152.0,126.0,76.0,66.0,71.0
375.0,694.0,564.0,137.0,445.0,143.0,247.0,273.0,571.0,319.0,100.0,456.0,429.0,186.0,574.0
333.0,618.0,475.0,133.0,569.0,550.0,367.0,331.0,579.0,311.0,402.0,178.0,590.0,255.0,699.0
181.0,235.0,187.0,46.0,341.0,276.0,101.0,290.0,177.0,80.0,91.0,58.0,200.0,269.0,406.0
256.0,332.0,428.0,95.0,257.0,429.0,108.0,315.0,292.0,275.0,117.0,353.0,444.0,218.0,231.0
376.0,717.0,475.0,146.0,277.0,741.0,139.0,481.0,568.0,347.0,394.0,463.0,264.0,318.0,248.0
412.0,764.0,488.0,182.0,261.0,767.0,119.0,353.0,660.0,403.0,400.0,681.0,464.0,269.0,242.0
271.0,403.0,440.0,95.0,28.0,489.0,2.0,266.0,454.0,273.0,333.0,317.0,10.0,148.0,9.0
158.0,203.0,271.0,29.0,65.0,280.0,48.0,155.0,178.0,147.0,214.0,187.0,108.0,79.0,44.0
428.0,717.0,582.0,183.0,137.0,706.0,43.0,969.0,343.0,404.0,509.0,307.0,888.0,180.0,111.0
76.0,55.0,242.0,23.0,117.0,143.0,75.0,202.0,158.0,132.0,165.0,126.0,149.0,152.0,94.0
314.0,253.0,536.0,133.0,137.0,348.0,46.0,415.0,571.0,346.0,458.0,387.0,83.0,311.0,111.0
211.0,367.0,385.0,78.0,329.0,319.0,217.0,296.0,419.0,247.0,310.0,303.0,334.0,186.0,390.0
156.0,200.0,549.0,35.0,203.0,280.0,67.0,420.0,197.0,347.0,410.0,463.0,139.0,308.0,88.0
165.0,173.0,283.0,33.0,102.0,256.0,50.0,168.0,168.0,154.0,207.0,172.0,92.0,122.0,99.0
113.0,90.0,350.0,61.0,260.0,206.0,106.0,493.0,311.0,213.0,274.0,264.0,272.0,333.0,107.0
163.0,180.0,296.0,36.0,117.0,260.0,37.0,183.0,168.0,167.0,160.0,231.0,303.0,493.0,87.0
412.0,764.0,549.0,177.0,98.0,767.0,33.0,420.0,571.0,374.0,468.0,582.0,726.0,305.0,77.0
205.0,276.0,340.0,56.0,255.0,362.0,107.0,175.0,293.0,198.0,257.0,241.0,212.0,125.0,30.0
287.0,332.0,481.0,96.0,476.0,429.0,262.0,342.0,466.0,296.0,387.0,338.0,464.0,258.0,175.0
75.0,36.0,111.0,8.0,28.0,407.0,5.0,26.0,69.0,71.0,8.0,21.0,27.0,16.0,4.0
241.0,323.0,639.0,183.0,100.0,407.0,33.0,738.0,676.0,416.0,210.0,197.0,47.0,503.0,81.0
214.0,300.0,111.0,55.0,261.0,373.0,121.0,26.0,290.0,199.0,176.0,236.0,256.0,25.0,242.0
101.0,62.0,220.0,15.0,80.0,156.0,23.0,141.0,107.0,106.0,130.0,72.0,42.0,95.0,55.0
95.0,55.0,281.0,16.0,86.0,143.0,29.0,175.0,105.0,154.0,206.0,165.0,45.0,123.0,73.0
271.0,205.0,542.0,89.0,102.0,281.0,35.0,420.0,425.0,416.0,408.0,822.0,923.0,309.0,102.0
237.0,323.0,348.0,58.0,279.0,404.0,147.0,240.0,296.0,214.0,272.0,277.0,269.0,496.0,4.0
202.0,43.0,330.0,51.0,191.0,124.0,65.0,205.0,271.0,192.0,244.0,244.0,219.0,169.0,156.0
73.0,28.0,396.0,7.0,176.0,60.0,58.0,297.0,50.0,256.0,322.0,323.0,108.0,218.0,153.0
171.0,90.0,392.0,80.0,365.0,203.0,226.0,241.0,271.0,252.0,320.0,303.0,337.0,184.0,469.0
376.0,338.0,542.0,153.0,128.0,390.0,42.0,420.0,638.0,356.0,468.0,456.0,76.0,132.0,99.0
125.0,229.0,252.0,25.0,28.0,315.0,50.0,137.0,168.0,138.0,321.0,139.0,92.0,88.0,12.0
104.0,109.0,246.0,18.0,98.0,216.0,32.0,124.0,145.0,132.0,128.0,312.0,51.0,184.0,77.0
156.0,200.0,298.0,36.0,228.0,280.0,85.0,180.0,197.0,154.0,222.0,165.0,175.0,130.0,187.0
156.0,71.0,294.0,35.0,229.0,159.0,94.0,156.0,184.0,156.0,199.0,162.0,219.0,107.0,175.0
121.0,205.0,310.0,21.0,89.0,333.0,30.0,195.0,145.0,128.0,236.0,117.0,59.0,55.0,71.0
232.0,306.0,350.0,64.0,157.0,389.0,199.0,392.0,313.0,213.0,274.0,264.0,276.0,493.0,119.0
288.0,618.0,240.0,65.0,311.0,445.0,184.0,124.0,314.0,225.0,208.0,282.0,284.0,81.0,333.0
111.0,89.0,292.0,21.0,234.0,221.0,99.0,194.0,145.0,120.0,210.0,114.0,200.0,134.0,216.0
316.0,515.0,488.0,106.0,341.0,227.0,220.0,353.0,500.0,300.0,400.0,355.0,529.0,331.0,404.0
73.0,45.0,855.0,243.0,448.0,127.0,261.0,940.0,347.0,871.0,999.0,999.0,923.0,613.0,240.0
123.0,95.0,300.0,13.0,89.0,197.0,30.0,205.0,99.0,101.0,225.0,81.0,36.0,152.0,73.0
237.0,323.0,356.0,70.0,174.0,418.0,119.0,259.0,343.0,225.0,287.0,282.0,238.0,185.0,124.0
160.0,231.0,457.0,96.0,446.0,315.0,258.0,323.0,466.0,275.0,366.0,353.0,450.0,218.0,604.0
124.0,128.0,688.0,25.0,191.0,102.0,69.0,572.0,168.0,138.0,188.0,138.0,145.0,493.0,160.0
196.0,259.0,347.0,53.0,260.0,349.0,121.0,228.0,296.0,202.0,264.0,207.0,252.0,180.0,242.0
71.0,27.0,356.0,6.0,32.0,479.0,5.0,137.0,46.0,63.0,297.0,47.0,12.0,88.0,12.0
101.0,95.0,214.0,17.0,117.0,155.0,35.0,84.0,120.0,108.0,128.0,100.0,47.0,64.0,175.0
87.0,48.0,240.0,11.0,243.0,155.0,1.0,104.0,98.0,129.0,232.0,126.0,35.0,72.0,229.0
123.0,109.0,283.0,29.0,161.0,215.0,53.0,175.0,173.0,144.0,208.0,156.0,101.0,133.0,406.0
73.0,137.0,240.0,7.0,83.0,249.0,23.0,110.0,38.0,129.0,160.0,178.0,42.0,71.0,11.0
104.0,78.0,224.0,19.0,105.0,175.0,35.0,97.0,125.0,114.0,152.0,108.0,54.0,20.0,84.0
375.0,300.0,507.0,128.0,312.0,324.0,198.0,205.0,122.0,306.0,414.0,456.0,588.0,158.0,242.0
154.0,188.0,360.0,65.0,310.0,261.0,172.0,264.0,314.0,223.0,250.0,302.0,284.0,208.0,322.0
178.0,231.0,252.0,49.0,243.0,312.0,99.0,140.0,452.0,130.0,241.0,58.0,202.0,92.0,213.0
181.0,235.0,311.0,46.0,176.0,333.0,61.0,197.0,69.0,188.0,236.0,167.0,196.0,134.0,154.0
77.0,41.0,271.0,8.0,83.0,260.0,23.0,266.0,69.0,144.0,200.0,156.0,27.0,185.0,55.0
158.0,207.0,457.0,6.0,28.0,288.0,2.0,358.0,12.0,61.0,366.0,84.0,12.0,269.0,9.0
322.0,108.0,549.0,110.0,524.0,215.0,274.0,470.0,518.0,358.0,468.0,580.0,529.0,319.0,582.0
130.0,137.0,257.0,27.0,132.0,255.0,46.0,204.0,177.0,141.0,188.0,126.0,101.0,149.0,142.0
236.0,317.0,363.0,65.0,310.0,393.0,184.0,32.0,314.0,223.0,299.0,248.0,284.0,55.0,329.0
102.0,53.0,224.0,18.0,80.0,143.0,29.0,98.0,122.0,120.0,152.0,105.0,46.0,96.0,55.0
232.0,322.0,392.0,80.0,360.0,397.0,226.0,297.0,181.0,252.0,320.0,374.0,337.0,217.0,455.0
316.0,515.0,481.0,104.0,229.0,491.0,92.0,364.0,363.0,296.0,387.0,355.0,515.0,275.0,192.0
146.0,174.0,296.0,30.0,176.0,259.0,61.0,299.0,168.0,167.0,220.0,185.0,122.0,491.0,153.0
259.0,348.0,639.0,80.0,344.0,439.0,222.0,490.0,466.0,252.0,527.0,307.0,336.0,305.0,422.0
322.0,612.0,488.0,110.0,258.0,534.0,119.0,353.0,457.0,300.0,400.0,282.0,219.0,312.0,202.0
183.0,188.0,688.0,50.0,117.0,256.0,105.0,532.0,253.0,190.0,654.0,186.0,211.0,493.0,89.0
156.0,188.0,283.0,34.0,104.0,308.0,35.0,415.0,194.0,156.0,211.0,175.0,49.0,491.0,84.0
100.0,62.0,215.0,17.0,224.0,155.0,39.0,84.0,120.0,112.0,128.0,100.0,46.0,64.0,181.0
101.0,64.0,204.0,17.0,104.0,127.0,34.0,62.0,132.0,153.0,108.0,163.0,48.0,41.0,84.0
140.0,48.0,336.0,45.0,257.0,124.0,99.0,346.0,233.0,196.0,245.0,190.0,204.0,256.0,234.0
999.0,999.0,999.0,999.0,311.0,999.0,184.0,999.0,999.0,999.0,394.0,705.0,999.0,889.0,334.0
102.0,78.0,648.0,177.0,310.0,182.0,180.0,481.0,638.0,374.0,108.0,582.0,726.0,303.0,117.0
237.0,323.0,348.0,63.0,47.0,407.0,9.0,232.0,313.0,207.0,257.0,263.0,284.0,185.0,32.0
202.0,276.0,488.0,112.0,73.0,374.0,22.0,353.0,498.0,300.0,400.0,323.0,588.0,72.0,44.0
210.0,281.0,346.0,58.0,104.0,382.0,5.0,223.0,296.0,201.0,244.0,244.0,25.0,173.0,83.0
112.0,179.0,240.0,23.0,177.0,260.0,54.0,111.0,134.0,132.0,210.0,127.0,101.0,81.0,160.0
86.0,47.0,207.0,17.0,47.0,249.0,16.0,82.0,120.0,108.0,238.0,100.0,35.0,58.0,32.0
119.0,104.0,224.0,22.0,28.0,212.0,2.0,98.0,187.0,120.0,154.0,115.0,70.0,72.0,25.0
169.0,227.0,111.0,40.0,229.0,310.0,92.0,15.0,223.0,71.0,64.0,138.0,181.0,16.0,192.0
105.0,323.0,488.0,16.0,85.0,348.0,26.0,353.0,109.0,107.0,400.0,84.0,43.0,613.0,64.0
206.0,391.0,336.0,56.0,261.0,460.0,127.0,292.0,292.0,199.0,245.0,244.0,259.0,208.0,242.0
319.0,523.0,511.0,133.0,429.0,518.0,391.0,391.0,570.0,316.0,411.0,456.0,624.0,314.0,566.0
232.0,310.0,363.0,64.0,100.0,390.0,170.0,292.0,313.0,227.0,298.0,282.0,276.0,208.0,81.0
158.0,210.0,852.0,36.0,176.0,293.0,59.0,756.0,204.0,156.0,387.0,178.0,156.0,555.0,153.0
176.0,229.0,126.0,6.0,89.0,315.0,30.0,29.0,33.0,61.0,27.0,178.0,68.0,17.0,74.0
206.0,231.0,417.0,56.0,261.0,369.0,126.0,65.0,293.0,198.0,338.0,241.0,260.0,116.0,238.0
211.0,423.0,336.0,51.0,258.0,479.0,119.0,214.0,276.0,197.0,249.0,236.0,238.0,111.0,231.0
236.0,322.0,355.0,66.0,311.0,372.0,165.0,251.0,357.0,223.0,286.0,282.0,284.0,184.0,333.0
374.0,693.0,500.0,137.0,261.0,372.0,126.0,459.0,571.0,304.0,408.0,428.0,291.0,339.0,242.0
330.0,709.0,507.0,117.0,639.0,687.0,382.0,364.0,547.0,304.0,410.0,428.0,590.0,275.0,818.0
126.0,131.0,223.0,26.0,65.0,238.0,50.0,94.0,205.0,112.0,120.0,98.0,92.0,66.0,45.0
97.0,207.0,855.0,17.0,242.0,288.0,105.0,885.0,122.0,660.0,999.0,105.0,83.0,583.0,274.0
123.0,27.0,207.0,27.0,191.0,56.0,69.0,601.0,170.0,92.0,117.0,76.0,70.0,628.0,12.0
24.0,53.0,260.0,30.0,176.0,143.0,61.0,92.0,182.0,153.0,188.0,158.0,122.0,66.0,148.0
338.0,718.0,507.0,133.0,202.0,687.0,107.0,364.0,568.0,311.0,410.0,446.0,212.0,291.0,172.0
182.0,238.0,323.0,50.0,233.0,254.0,99.0,204.0,86.0,188.0,241.0,221.0,209.0,145.0,201.0
163.0,215.0,255.0,36.0,174.0,296.0,94.0,141.0,290.0,138.0,189.0,138.0,177.0,269.0,178.0
119.0,105.0,187.0,21.0,100.0,212.0,33.0,47.0,139.0,82.0,87.0,69.0,59.0,25.0,80.0
83.0,55.0,240.0,11.0,102.0,155.0,19.0,109.0,34.0,129.0,157.0,118.0,36.0,55.0,84.0
123.0,128.0,511.0,25.0,277.0,118.0,46.0,391.0,296.0,319.0,411.0,460.0,92.0,291.0,250.0
268.0,372.0,396.0,85.0,188.0,445.0,226.0,297.0,425.0,256.0,322.0,312.0,344.0,218.0,156.0
152.0,180.0,183.0,33.0,191.0,260.0,69.0,32.0,187.0,156.0,78.0,162.0,140.0,21.0,157.0
270.0,376.0,396.0,85.0,313.0,448.0,226.0,312.0,425.0,264.0,307.0,316.0,344.0,218.0,351.0
156.0,141.0,363.0,32.0,176.0,208.0,61.0,277.0,184.0,154.0,298.0,167.0,122.0,196.0,153.0
84.0,105.0,214.0,14.0,104.0,211.0,35.0,83.0,213.0,108.0,128.0,100.0,55.0,64.0,82.0
211.0,205.0,294.0,58.0,288.0,288.0,165.0,31.0,296.0,201.0,214.0,244.0,272.0,72.0,307.0
123.0,21.0,475.0,23.0,128.0,42.0,42.0,331.0,145.0,132.0,382.0,127.0,76.0,255.0,99.0
154.0,188.0,187.0,14.0,257.0,276.0,99.0,49.0,314.0,84.0,88.0,124.0,70.0,24.0,231.0
167.0,221.0,283.0,96.0,445.0,294.0,254.0,168.0,466.0,154.0,207.0,172.0,464.0,179.0,574.0
333.0,612.0,507.0,133.0,292.0,534.0,166.0,377.0,181.0,311.0,410.0,449.0,515.0,292.0,322.0
214.0,301.0,340.0,58.0,278.0,390.0,147.0,222.0,296.0,201.0,252.0,248.0,269.0,167.0,275.0
196.0,257.0,311.0,45.0,255.0,349.0,107.0,195.0,232.0,187.0,240.0,244.0,212.0,134.0,331.0
295.0,173.0,457.0,96.0,446.0,256.0,258.0,470.0,466.0,275.0,366.0,355.0,450.0,64.0,566.0
156.0,222.0,283.0,34.0,735.0,308.0,75.0,168.0,252.0,156.0,238.0,856.0,149.0,119.0,881.0
137.0,145.0,255.0,29.0,233.0,247.0,99.0,141.0,184.0,139.0,64.0,140.0,102.0,88.0,160.0
83.0,42.0,183.0,12.0,83.0,127.0,24.0,45.0,103.0,101.0,84.0,84.0,43.0,25.0,43.0
154.0,188.0,348.0,45.0,242.0,270.0,99.0,273.0,194.0,207.0,272.0,302.0,195.0,305.0,214.0
96.0,55.0,208.0,16.0,85.0,154.0,26.0,82.0,109.0,108.0,148.0,98.0,44.0,34.0,66.0
428.0,284.0,590.0,201.0,191.0,333.0,69.0,331.0,170.0,411.0,394.0,705.0,140.0,496.0,158.0
202.0,261.0,238.0,55.0,262.0,390.0,129.0,103.0,290.0,120.0,152.0,117.0,256.0,72.0,246.0
237.0,323.0,449.0,96.0,445.0,407.0,258.0,438.0,466.0,275.0,338.0,162.0,450.0,493.0,187.0
319.0,585.0,487.0,109.0,294.0,521.0,43.0,346.0,498.0,296.0,394.0,374.0,529.0,259.0,81.0
232.0,304.0,246.0,64.0,228.0,388.0,170.0,92.0,313.0,347.0,119.0,460.0,276.0,68.0,140.0
154.0,187.0,283.0,33.0,104.0,270.0,33.0,168.0,199.0,154.0,207.0,208.0,54.0,119.0,83.0
138.0,130.0,240.0,24.0,138.0,230.0,46.0,115.0,163.0,137.0,164.0,117.0,89.0,79.0,114.0
206.0,185.0,336.0,56.0,261.0,261.0,126.0,222.0,292.0,199.0,248.0,241.0,259.0,170.0,87.0
212.0,325.0,346.0,58.0,157.0,397.0,147.0,31.0,296.0,201.0,240.0,248.0,270.0,20.0,118.0
288.0,461.0,457.0,95.0,434.0,484.0,253.0,323.0,454.0,275.0,366.0,325.0,438.0,247.0,566.0
133.0,141.0,392.0,51.0,260.0,249.0,121.0,297.0,171.0,252.0,351.0,305.0,238.0,217.0,172.0
77.0,40.0,184.0,8.0,117.0,86.0,37.0,47.0,330.0,81.0,84.0,68.0,27.0,16.0,94.0
376.0,717.0,532.0,146.0,224.0,312.0,54.0,420.0,579.0,346.0,411.0,457.0,678.0,309.0,182.0
154.0,188.0,310.0,41.0,230.0,272.0,94.0,195.0,222.0,182.0,234.0,207.0,191.0,131.0,201.0
104.0,103.0,648.0,19.0,344.0,211.0,38.0,509.0,117.0,580.0,322.0,137.0,54.0,339.0,422.0
111.0,89.0,542.0,20.0,104.0,486.0,34.0,420.0,134.0,120.0,386.0,114.0,55.0,309.0,84.0
86.0,48.0,661.0,15.0,75.0,389.0,22.0,509.0,24.0,105.0,201.0,84.0,40.0,408.0,55.0
191.0,257.0,447.0,53.0,85.0,348.0,29.0,315.0,290.0,273.0,248.0,325.0,155.0,241.0,81.0
132.0,137.0,263.0,29.0,161.0,225.0,53.0,149.0,173.0,147.0,173.0,155.0,101.0,88.0,111.0
288.0,346.0,457.0,95.0,310.0,310.0,213.0,323.0,457.0,273.0,366.0,325.0,316.0,247.0,331.0
270.0,717.0,461.0,78.0,261.0,706.0,121.0,327.0,428.0,247.0,321.0,50.0,209.0,248.0,242.0
158.0,205.0,313.0,43.0,137.0,289.0,78.0,202.0,224.0,185.0,238.0,240.0,291.0,158.0,111.0
270.0,461.0,414.0,86.0,415.0,489.0,243.0,312.0,430.0,265.0,326.0,316.0,408.0,245.0,140.0
212.0,281.0,363.0,58.0,292.0,369.0,166.0,277.0,296.0,230.0,298.0,323.0,270.0,107.0,307.0
100.0,63.0,252.0,23.0,128.0,155.0,42.0,420.0,164.0,136.0,176.0,134.0,76.0,311.0,102.0
375.0,694.0,476.0,148.0,105.0,663.0,35.0,420.0,568.0,358.0,226.0,76.0,238.0,583.0,83.0
214.0,300.0,356.0,63.0,161.0,324.0,75.0,160.0,313.0,223.0,249.0,301.0,155.0,111.0,126.0
205.0,276.0,417.0,36.0,226.0,82.0,83.0,306.0,210.0,264.0,366.0,316.0,171.0,218.0,192.0
158.0,238.0,266.0,35.0,104.0,348.0,78.0,154.0,198.0,154.0,119.0,164.0,158.0,102.0,331.0
146.0,154.0,322.0,49.0,112.0,388.0,99.0,204.0,253.0,188.0,241.0,220.0,202.0,305.0,82.0
77.0,40.0,184.0,8.0,45.0,86.0,7.0,103.0,54.0,81.0,203.0,68.0,27.0,72.0,82.0
140.0,169.0,294.0,36.0,229.0,256.0,92.0,176.0,232.0,166.0,261.0,186.0,191.0,134.0,154.0
211.0,225.0,340.0,57.0,280.0,310.0,148.0,214.0,296.0,202.0,307.0,140.0,264.0,510.0,95.0
146.0,222.0,283.0,33.0,177.0,308.0,61.0,168.0,184.0,154.0,207.0,160.0,122.0,119.0,154.0
158.0,205.0,187.0,46.0,255.0,288.0,106.0,47.0,227.0,82.0,87.0,69.0,200.0,26.0,126.0
163.0,219.0,240.0,36.0,191.0,297.0,69.0,110.0,210.0,129.0,157.0,133.0,171.0,88.0,155.0
256.0,332.0,363.0,71.0,197.0,429.0,79.0,277.0,210.0,243.0,297.0,304.0,167.0,247.0,94.0
129.0,135.0,157.0,27.0,174.0,238.0,58.0,32.0,170.0,67.0,274.0,47.0,97.0,17.0,134.0
100.0,48.0,105.0,17.0,131.0,144.0,30.0,16.0,120.0,25.0,5.0,0.0,46.0,259.0,96.0
333.0,618.0,507.0,133.0,476.0,534.0,262.0,391.0,570.0,311.0,410.0,446.0,494.0,311.0,101.0
96.0,56.0,351.0,16.0,415.0,155.0,243.0,251.0,107.0,213.0,338.0,263.0,43.0,184.0,175.0
246.0,225.0,475.0,70.0,226.0,310.0,99.0,297.0,343.0,230.0,408.0,288.0,202.0,217.0,182.0
257.0,322.0,386.0,80.0,344.0,259.0,222.0,296.0,419.0,252.0,320.0,304.0,336.0,173.0,422.0
160.0,225.0,361.0,0.0,0.0,310.0,0.0,509.0,0.0,150.0,297.0,298.0,0.0,409.0,0.0
256.0,332.0,374.0,71.0,216.0,430.0,171.0,297.0,332.0,243.0,295.0,287.0,272.0,217.0,201.0
268.0,373.0,395.0,80.0,403.0,429.0,230.0,297.0,425.0,252.0,320.0,302.0,406.0,218.0,566.0
146.0,173.0,293.0,32.0,229.0,256.0,92.0,176.0,184.0,156.0,211.0,173.0,177.0,123.0,175.0
146.0,214.0,293.0,30.0,230.0,288.0,61.0,176.0,184.0,154.0,211.0,204.0,122.0,125.0,201.0
295.0,515.0,449.0,96.0,310.0,521.0,174.0,322.0,466.0,275.0,262.0,338.0,284.0,477.0,329.0
412.0,764.0,590.0,159.0,966.0,767.0,598.0,476.0,134.0,408.0,366.0,236.0,864.0,491.0,201.0
330.0,590.0,507.0,128.0,524.0,491.0,274.0,364.0,224.0,306.0,408.0,430.0,588.0,269.0,87.0
233.0,292.0,353.0,65.0,89.0,373.0,32.0,251.0,314.0,223.0,249.0,257.0,270.0,174.0,74.0
114.0,48.0,247.0,20.0,104.0,143.0,35.0,92.0,213.0,120.0,173.0,197.0,55.0,58.0,84.0
96.0,55.0,661.0,16.0,117.0,154.0,35.0,509.0,503.0,524.0,509.0,208.0,54.0,343.0,89.0
104.0,82.0,240.0,20.0,104.0,225.0,35.0,110.0,122.0,120.0,165.0,126.0,55.0,145.0,82.0
182.0,235.0,323.0,30.0,252.0,319.0,61.0,273.0,178.0,151.0,309.0,162.0,109.0,193.0,218.0
83.0,43.0,385.0,307.0,229.0,289.0,83.0,293.0,158.0,247.0,244.0,304.0,999.0,218.0,190.0
196.0,257.0,332.0,51.0,128.0,348.0,42.0,391.0,314.0,193.0,128.0,236.0,76.0,291.0,111.0
270.0,367.0,438.0,86.0,313.0,445.0,217.0,316.0,248.0,271.0,338.0,323.0,331.0,328.0,160.0
73.0,27.0,183.0,6.0,15.0,143.0,1.0,32.0,38.0,76.0,117.0,61.0,4.0,21.0,4.0
104.0,76.0,224.0,19.0,100.0,175.0,32.0,98.0,34.0,120.0,126.0,113.0,52.0,72.0,81.0
270.0,185.0,281.0,86.0,132.0,261.0,46.0,165.0,431.0,154.0,204.0,207.0,83.0,111.0,107.0
111.0,109.0,208.0,23.0,128.0,222.0,42.0,82.0,184.0,132.0,108.0,127.0,76.0,57.0,101.0
158.0,474.0,294.0,36.0,189.0,489.0,65.0,181.0,173.0,167.0,218.0,280.0,139.0,130.0,157.0
163.0,215.0,313.0,46.0,227.0,293.0,99.0,198.0,181.0,187.0,238.0,186.0,200.0,134.0,173.0
271.0,406.0,372.0,70.0,104.0,468.0,23.0,285.0,170.0,238.0,320.0,304.0,309.0,202.0,91.0
95.0,55.0,320.0,16.0,85.0,143.0,29.0,204.0,109.0,188.0,240.0,221.0,43.0,149.0,66.0
146.0,173.0,351.0,31.0,176.0,256.0,61.0,240.0,191.0,156.0,351.0,178.0,122.0,180.0,153.0
212.0,301.0,353.0,56.0,277.0,389.0,172.0,250.0,293.0,200.0,286.0,186.0,288.0,184.0,250.0
103.0,109.0,187.0,12.0,65.0,358.0,19.0,49.0,98.0,80.0,78.0,68.0,36.0,25.0,43.0
264.0,367.0,449.0,86.0,217.0,439.0,80.0,322.0,428.0,269.0,326.0,325.0,284.0,246.0,182.0
152.0,173.0,278.0,30.0,278.0,256.0,75.0,175.0,181.0,151.0,201.0,162.0,149.0,130.0,216.0
71.0,27.0,126.0,6.0,200.0,277.0,58.0,29.0,34.0,71.0,29.0,175.0,12.0,16.0,181.0
317.0,185.0,530.0,109.0,141.0,261.0,48.0,403.0,503.0,356.0,419.0,236.0,529.0,305.0,99.0
154.0,188.0,300.0,34.0,230.0,272.0,79.0,189.0,117.0,182.0,225.0,207.0,145.0,134.0,202.0
163.0,332.0,385.0,77.0,322.0,429.0,217.0,292.0,425.0,247.0,249.0,301.0,331.0,208.0,213.0
306.0,474.0,487.0,109.0,200.0,491.0,39.0,306.0,501.0,296.0,394.0,374.0,70.0,159.0,116.0
152.0,130.0,281.0,33.0,174.0,206.0,58.0,165.0,187.0,154.0,201.0,175.0,103.0,111.0,139.0
92.0,48.0,396.0,15.0,112.0,143.0,15.0,297.0,107.0,256.0,366.0,312.0,42.0,205.0,87.0
330.0,694.0,351.0,114.0,88.0,663.0,339.0,572.0,545.0,214.0,274.0,61.0,583.0,455.0,71.0
163.0,474.0,299.0,38.0,224.0,490.0,82.0,189.0,222.0,174.0,222.0,221.0,174.0,458.0,181.0
146.0,130.0,281.0,32.0,175.0,225.0,61.0,165.0,184.0,154.0,203.0,163.0,122.0,503.0,142.0
233.0,53.0,481.0,95.0,311.0,143.0,254.0,403.0,76.0,296.0,387.0,348.0,444.0,305.0,334.0
105.0,90.0,296.0,36.0,253.0,212.0,121.0,186.0,177.0,167.0,218.0,187.0,95.0,132.0,218.0
121.0,72.0,246.0,23.0,128.0,663.0,166.0,103.0,158.0,132.0,191.0,127.0,273.0,72.0,94.0
180.0,233.0,350.0,61.0,415.0,320.0,243.0,39.0,111.0,213.0,274.0,263.0,408.0,17.0,469.0
104.0,78.0,223.0,19.0,132.0,809.0,33.0,92.0,127.0,115.0,108.0,282.0,54.0,458.0,114.0
410.0,756.0,553.0,177.0,0.0,741.0,570.0,438.0,616.0,374.0,470.0,582.0,751.0,312.0,0.0
233.0,316.0,355.0,65.0,292.0,390.0,166.0,251.0,314.0,223.0,286.0,282.0,284.0,256.0,307.0
123.0,376.0,355.0,22.0,117.0,205.0,38.0,198.0,141.0,223.0,287.0,298.0,70.0,219.0,91.0
104.0,78.0,215.0,18.0,47.0,249.0,9.0,84.0,122.0,112.0,128.0,101.0,25.0,64.0,32.0
206.0,281.0,312.0,56.0,277.0,372.0,143.0,198.0,292.0,184.0,238.0,208.0,269.0,145.0,250.0
71.0,27.0,336.0,6.0,28.0,143.0,4.0,969.0,34.0,368.0,245.0,580.0,12.0,617.0,52.0
205.0,274.0,336.0,29.0,161.0,362.0,53.0,206.0,173.0,150.0,215.0,162.0,101.0,156.0,119.0
156.0,188.0,111.0,35.0,161.0,241.0,53.0,26.0,194.0,156.0,483.0,178.0,101.0,16.0,125.0
165.0,219.0,201.0,38.0,227.0,297.0,83.0,61.0,213.0,174.0,91.0,196.0,174.0,328.0,82.0
73.0,41.0,747.0,248.0,227.0,133.0,83.0,718.0,227.0,660.0,833.0,186.0,923.0,503.0,275.0
160.0,205.0,300.0,45.0,238.0,288.0,99.0,189.0,181.0,187.0,154.0,208.0,200.0,148.0,214.0
73.0,27.0,184.0,6.0,47.0,56.0,40.0,115.0,38.0,57.0,126.0,21.0,19.0,79.0,32.0
264.0,373.0,485.0,109.0,117.0,324.0,35.0,420.0,501.0,296.0,173.0,355.0,59.0,305.0,97.0
202.0,284.0,283.0,45.0,238.0,348.0,98.0,180.0,237.0,154.0,207.0,185.0,200.0,130.0,131.0
126.0,133.0,252.0,27.0,145.0,241.0,50.0,140.0,164.0,137.0,176.0,126.0,92.0,91.0,116.0
126.0,129.0,247.0,27.0,150.0,225.0,50.0,204.0,171.0,138.0,170.0,139.0,92.0,149.0,119.0
95.0,55.0,214.0,16.0,73.0,143.0,19.0,39.0,46.0,107.0,128.0,95.0,43.0,24.0,55.0
71.0,27.0,207.0,6.0,28.0,56.0,2.0,78.0,34.0,63.0,117.0,47.0,10.0,27.0,12.0
210.0,284.0,260.0,30.0,176.0,390.0,61.0,148.0,182.0,151.0,189.0,162.0,123.0,90.0,148.0
233.0,317.0,201.0,65.0,310.0,393.0,180.0,156.0,314.0,223.0,100.0,280.0,284.0,180.0,331.0
178.0,241.0,303.0,38.0,228.0,348.0,85.0,132.0,223.0,176.0,240.0,197.0,177.0,87.0,94.0
156.0,193.0,300.0,34.0,227.0,277.0,85.0,189.0,195.0,144.0,220.0,165.0,127.0,30.0,182.0
168.0,225.0,346.0,41.0,112.0,308.0,35.0,223.0,223.0,184.0,222.0,207.0,70.0,170.0,87.0
252.0,332.0,487.0,70.0,175.0,429.0,58.0,346.0,333.0,296.0,394.0,374.0,288.0,259.0,148.0
271.0,406.0,414.0,86.0,258.0,468.0,121.0,312.0,171.0,265.0,325.0,317.0,239.0,240.0,242.0
146.0,173.0,310.0,45.0,128.0,256.0,42.0,195.0,357.0,154.0,245.0,165.0,256.0,412.0,91.0
100.0,64.0,220.0,17.0,0.0,156.0,0.0,92.0,120.0,112.0,129.0,117.0,40.0,66.0,0.0
163.0,214.0,346.0,60.0,365.0,216.0,237.0,228.0,302.0,203.0,262.0,268.0,273.0,146.0,574.0
217.0,301.0,395.0,61.0,311.0,404.0,170.0,342.0,311.0,243.0,382.0,298.0,276.0,258.0,334.0
270.0,373.0,449.0,86.0,277.0,445.0,139.0,322.0,430.0,273.0,130.0,323.0,264.0,246.0,247.0
52.0,37.0,72.0,5.0,176.0,86.0,61.0,10.0,171.0,58.0,20.0,58.0,264.0,16.0,148.0
152.0,182.0,283.0,33.0,128.0,261.0,42.0,168.0,188.0,154.0,207.0,172.0,140.0,119.0,82.0
96.0,55.0,207.0,16.0,104.0,155.0,34.0,80.0,139.0,108.0,123.0,98.0,55.0,55.0,84.0
288.0,461.0,449.0,95.0,476.0,486.0,262.0,16.0,466.0,275.0,366.0,355.0,444.0,318.0,678.0
257.0,56.0,374.0,71.0,47.0,155.0,13.0,240.0,145.0,243.0,298.0,330.0,35.0,184.0,32.0
176.0,227.0,312.0,49.0,176.0,312.0,61.0,197.0,314.0,193.0,238.0,236.0,209.0,122.0,155.0
123.0,194.0,252.0,24.0,137.0,315.0,46.0,140.0,164.0,137.0,170.0,137.0,89.0,64.0,119.0
256.0,323.0,382.0,73.0,429.0,407.0,230.0,292.0,363.0,246.0,310.0,302.0,330.0,208.0,566.0
375.0,694.0,532.0,137.0,200.0,656.0,75.0,392.0,571.0,347.0,408.0,460.0,639.0,184.0,215.0
119.0,105.0,255.0,23.0,157.0,268.0,52.0,155.0,147.0,138.0,187.0,139.0,76.0,106.0,119.0
138.0,128.0,252.0,24.0,117.0,222.0,35.0,10.0,164.0,137.0,173.0,137.0,90.0,16.0,89.0
295.0,488.0,396.0,77.0,288.0,491.0,165.0,297.0,139.0,247.0,322.0,303.0,272.0,491.0,297.0
83.0,103.0,382.0,13.0,54.0,211.0,18.0,292.0,98.0,246.0,309.0,302.0,36.0,208.0,81.0
83.0,45.0,657.0,12.0,117.0,124.0,37.0,508.0,46.0,300.0,345.0,355.0,25.0,303.0,87.0
181.0,207.0,340.0,41.0,208.0,293.0,77.0,214.0,158.0,182.0,249.0,204.0,156.0,184.0,175.0
212.0,249.0,348.0,58.0,312.0,348.0,198.0,232.0,296.0,201.0,272.0,92.0,291.0,179.0,322.0
75.0,27.0,271.0,27.0,89.0,155.0,23.0,572.0,184.0,151.0,204.0,162.0,42.0,455.0,74.0
182.0,235.0,336.0,49.0,161.0,341.0,61.0,206.0,103.0,188.0,248.0,126.0,122.0,158.0,127.0
412.0,769.0,549.0,177.0,434.0,42.0,253.0,322.0,638.0,374.0,468.0,582.0,438.0,193.0,566.0
246.0,210.0,536.0,148.0,331.0,294.0,367.0,415.0,601.0,347.0,458.0,470.0,656.0,308.0,334.0
152.0,180.0,322.0,49.0,257.0,260.0,99.0,204.0,293.0,188.0,241.0,220.0,200.0,158.0,95.0
102.0,72.0,215.0,17.0,132.0,160.0,45.0,156.0,119.0,112.0,128.0,100.0,51.0,72.0,107.0
163.0,185.0,279.0,35.0,200.0,210.0,75.0,285.0,194.0,153.0,203.0,164.0,154.0,202.0,172.0
271.0,391.0,350.0,80.0,341.0,462.0,220.0,240.0,369.0,223.0,274.0,282.0,331.0,28.0,416.0
429.0,474.0,747.0,185.0,45.0,489.0,570.0,718.0,999.0,660.0,658.0,911.0,905.0,318.0,55.0
165.0,219.0,299.0,38.0,228.0,297.0,96.0,187.0,213.0,176.0,220.0,193.0,174.0,133.0,188.0
232.0,306.0,239.0,71.0,260.0,389.0,121.0,0.0,347.0,156.0,176.0,175.0,291.0,64.0,238.0
111.0,90.0,204.0,17.0,75.0,203.0,19.0,62.0,122.0,99.0,108.0,76.0,40.0,35.0,54.0
96.0,55.0,201.0,11.0,50.0,133.0,16.0,61.0,107.0,83.0,100.0,76.0,33.0,34.0,25.0
156.0,95.0,300.0,33.0,203.0,211.0,75.0,201.0,188.0,176.0,84.0,196.0,150.0,192.0,142.0
129.0,27.0,240.0,27.0,50.0,86.0,217.0,111.0,170.0,139.0,164.0,91.0,331.0,76.0,142.0
246.0,331.0,316.0,51.0,255.0,425.0,106.0,201.0,271.0,192.0,240.0,236.0,211.0,145.0,234.0
377.0,523.0,536.0,148.0,157.0,489.0,367.0,509.0,452.0,347.0,458.0,470.0,726.0,408.0,126.0
256.0,332.0,385.0,77.0,278.0,390.0,217.0,212.0,198.0,247.0,310.0,303.0,330.0,137.0,404.0
374.0,693.0,542.0,133.0,735.0,241.0,485.0,420.0,571.0,347.0,465.0,460.0,864.0,331.0,881.0
171.0,234.0,294.0,43.0,211.0,310.0,94.0,181.0,223.0,185.0,262.0,207.0,191.0,81.0,175.0
270.0,325.0,396.0,85.0,341.0,422.0,220.0,299.0,425.0,256.0,322.0,249.0,380.0,213.0,473.0
330.0,276.0,488.0,114.0,230.0,365.0,94.0,353.0,518.0,300.0,410.0,355.0,583.0,303.0,201.0
84.0,43.0,201.0,12.0,234.0,127.0,19.0,155.0,98.0,85.0,154.0,76.0,36.0,106.0,172.0
104.0,89.0,271.0,17.0,122.0,203.0,38.0,149.0,122.0,151.0,119.0,162.0,51.0,101.0,97.0
124.0,137.0,247.0,25.0,80.0,333.0,18.0,98.0,168.0,138.0,325.0,138.0,92.0,72.0,55.0
146.0,219.0,267.0,31.0,176.0,297.0,61.0,154.0,158.0,150.0,200.0,138.0,122.0,503.0,153.0
114.0,95.0,256.0,22.0,126.0,82.0,50.0,130.0,95.0,136.0,189.0,280.0,92.0,81.0,99.0
202.0,261.0,223.0,51.0,160.0,362.0,53.0,205.0,173.0,120.0,157.0,114.0,101.0,131.0,124.0
114.0,105.0,240.0,22.0,89.0,213.0,30.0,144.0,141.0,129.0,157.0,118.0,70.0,95.0,110.0
273.0,109.0,481.0,97.0,365.0,216.0,276.0,342.0,483.0,278.0,387.0,338.0,450.0,258.0,43.0
271.0,769.0,457.0,97.0,524.0,127.0,274.0,323.0,483.0,275.0,366.0,387.0,524.0,247.0,678.0
229.0,301.0,294.0,36.0,157.0,206.0,50.0,181.0,171.0,167.0,218.0,186.0,161.0,129.0,107.0
268.0,41.0,481.0,85.0,243.0,102.0,217.0,342.0,425.0,256.0,387.0,312.0,344.0,258.0,153.0
273.0,164.0,449.0,91.0,224.0,254.0,83.0,490.0,454.0,273.0,351.0,325.0,174.0,409.0,183.0
257.0,338.0,326.0,77.0,217.0,296.0,95.0,205.0,193.0,192.0,243.0,231.0,202.0,148.0,202.0
196.0,257.0,330.0,77.0,261.0,348.0,121.0,205.0,272.0,192.0,244.0,244.0,252.0,156.0,11.0
71.0,27.0,130.0,6.0,106.0,276.0,35.0,222.0,34.0,61.0,29.0,100.0,101.0,170.0,87.0
181.0,234.0,316.0,45.0,126.0,315.0,40.0,202.0,341.0,188.0,240.0,207.0,196.0,148.0,181.0
270.0,40.0,386.0,80.0,341.0,86.0,226.0,296.0,425.0,252.0,320.0,305.0,330.0,213.0,404.0
147.0,174.0,294.0,32.0,186.0,260.0,61.0,181.0,184.0,154.0,204.0,186.0,116.0,296.0,155.0
180.0,233.0,316.0,45.0,150.0,319.0,50.0,32.0,232.0,188.0,240.0,162.0,140.0,21.0,118.0
316.0,515.0,320.0,106.0,106.0,315.0,184.0,204.0,500.0,188.0,240.0,221.0,515.0,150.0,81.0
206.0,90.0,340.0,56.0,262.0,200.0,127.0,216.0,292.0,200.0,252.0,463.0,259.0,27.0,247.0
206.0,278.0,999.0,56.0,229.0,369.0,92.0,999.0,302.0,200.0,681.0,249.0,259.0,613.0,192.0
288.0,434.0,457.0,95.0,448.0,521.0,254.0,323.0,452.0,275.0,366.0,263.0,444.0,247.0,404.0
214.0,301.0,580.0,183.0,329.0,407.0,274.0,470.0,347.0,404.0,408.0,140.0,524.0,319.0,422.0
103.0,72.0,222.0,12.0,47.0,155.0,18.0,92.0,98.0,113.0,130.0,98.0,35.0,66.0,30.0
133.0,141.0,294.0,29.0,174.0,249.0,58.0,176.0,173.0,151.0,214.0,162.0,102.0,129.0,122.0
375.0,717.0,550.0,148.0,15.0,706.0,1.0,431.0,676.0,347.0,470.0,470.0,751.0,111.0,4.0
288.0,434.0,747.0,95.0,415.0,460.0,261.0,718.0,272.0,660.0,833.0,173.0,494.0,503.0,32.0
113.0,90.0,855.0,21.0,191.0,216.0,61.0,940.0,139.0,176.0,999.0,203.0,68.0,613.0,157.0
83.0,43.0,204.0,13.0,55.0,144.0,18.0,65.0,98.0,115.0,110.0,214.0,36.0,57.0,25.0
224.0,301.0,363.0,70.0,313.0,382.0,199.0,264.0,144.0,230.0,297.0,288.0,288.0,186.0,351.0
181.0,235.0,316.0,45.0,176.0,328.0,50.0,201.0,233.0,188.0,244.0,207.0,92.0,312.0,181.0
138.0,41.0,855.0,77.0,365.0,102.0,226.0,940.0,425.0,871.0,999.0,999.0,337.0,583.0,52.0
81.0,43.0,207.0,11.0,73.0,124.0,19.0,65.0,210.0,103.0,117.0,81.0,33.0,35.0,52.0
163.0,434.0,296.0,36.0,191.0,397.0,67.0,32.0,210.0,167.0,220.0,185.0,167.0,21.0,9.0
91.0,56.0,111.0,15.0,83.0,155.0,23.0,26.0,103.0,101.0,8.0,81.0,42.0,16.0,54.0
73.0,45.0,481.0,78.0,227.0,127.0,217.0,342.0,400.0,296.0,387.0,387.0,334.0,258.0,183.0
374.0,693.0,476.0,153.0,966.0,281.0,598.0,341.0,571.0,356.0,382.0,149.0,726.0,256.0,881.0
163.0,212.0,240.0,20.0,112.0,315.0,35.0,144.0,117.0,129.0,157.0,76.0,55.0,510.0,87.0
244.0,300.0,208.0,15.0,80.0,382.0,23.0,83.0,103.0,106.0,122.0,91.0,42.0,64.0,55.0
130.0,137.0,330.0,51.0,217.0,270.0,98.0,205.0,568.0,192.0,241.0,231.0,200.0,152.0,182.0
71.0,45.0,130.0,6.0,37.0,127.0,5.0,31.0,34.0,63.0,170.0,47.0,19.0,17.0,56.0
146.0,174.0,260.0,29.0,175.0,259.0,58.0,148.0,178.0,144.0,220.0,156.0,101.0,96.0,139.0
158.0,145.0,457.0,97.0,445.0,250.0,261.0,392.0,480.0,275.0,366.0,323.0,464.0,292.0,574.0
167.0,221.0,224.0,35.0,161.0,310.0,53.0,141.0,199.0,185.0,157.0,208.0,101.0,92.0,126.0
103.0,72.0,222.0,18.0,100.0,154.0,33.0,94.0,122.0,113.0,130.0,68.0,52.0,41.0,81.0
152.0,200.0,542.0,33.0,200.0,280.0,70.0,438.0,177.0,154.0,465.0,173.0,128.0,312.0,172.0
125.0,130.0,488.0,25.0,151.0,238.0,50.0,222.0,253.0,300.0,414.0,231.0,92.0,88.0,158.0
129.0,133.0,279.0,30.0,176.0,241.0,61.0,160.0,184.0,153.0,203.0,163.0,122.0,72.0,148.0
181.0,235.0,317.0,49.0,233.0,212.0,98.0,202.0,253.0,188.0,240.0,218.0,200.0,149.0,202.0
123.0,108.0,564.0,24.0,150.0,215.0,45.0,440.0,164.0,368.0,419.0,582.0,84.0,312.0,122.0
233.0,317.0,379.0,70.0,128.0,393.0,226.0,98.0,333.0,228.0,307.0,287.0,288.0,169.0,91.0
322.0,585.0,487.0,109.0,476.0,373.0,262.0,10.0,500.0,296.0,394.0,374.0,529.0,184.0,604.0
92.0,130.0,201.0,15.0,75.0,182.0,23.0,97.0,111.0,92.0,100.0,76.0,42.0,72.0,55.0
156.0,137.0,363.0,35.0,203.0,249.0,76.0,292.0,109.0,228.0,298.0,287.0,154.0,208.0,172.0
94.0,55.0,224.0,20.0,117.0,124.0,35.0,98.0,129.0,120.0,123.0,113.0,54.0,72.0,101.0
84.0,41.0,179.0,13.0,15.0,193.0,1.0,39.0,86.0,112.0,8.0,101.0,36.0,28.0,91.0
126.0,133.0,252.0,27.0,191.0,241.0,61.0,140.0,170.0,138.0,176.0,138.0,122.0,111.0,156.0
100.0,63.0,206.0,17.0,229.0,156.0,33.0,83.0,120.0,115.0,117.0,58.0,54.0,57.0,190.0
80.0,42.0,207.0,15.0,86.0,127.0,23.0,90.0,248.0,106.0,126.0,91.0,42.0,21.0,69.0
156.0,221.0,294.0,36.0,200.0,348.0,75.0,197.0,119.0,166.0,211.0,186.0,150.0,134.0,187.0
270.0,278.0,457.0,86.0,331.0,389.0,253.0,327.0,431.0,265.0,366.0,317.0,438.0,305.0,404.0
97.0,55.0,204.0,16.0,85.0,155.0,29.0,62.0,117.0,107.0,110.0,207.0,46.0,35.0,64.0
73.0,141.0,313.0,6.0,28.0,249.0,4.0,264.0,38.0,176.0,250.0,221.0,19.0,201.0,12.0
181.0,234.0,337.0,45.0,217.0,319.0,77.0,212.0,127.0,187.0,249.0,178.0,149.0,186.0,179.0
104.0,78.0,142.0,19.0,117.0,159.0,37.0,31.0,164.0,115.0,149.0,127.0,54.0,186.0,94.0
115.0,95.0,298.0,23.0,128.0,249.0,40.0,186.0,168.0,130.0,264.0,127.0,73.0,132.0,82.0
123.0,106.0,252.0,24.0,176.0,214.0,61.0,718.0,163.0,137.0,214.0,134.0,334.0,496.0,155.0
319.0,231.0,339.0,22.0,47.0,362.0,9.0,214.0,144.0,129.0,286.0,126.0,84.0,162.0,275.0
233.0,316.0,549.0,65.0,253.0,155.0,166.0,431.0,314.0,358.0,468.0,582.0,273.0,503.0,220.0
163.0,214.0,348.0,36.0,569.0,276.0,95.0,476.0,210.0,171.0,272.0,197.0,167.0,442.0,808.0
428.0,56.0,201.0,201.0,117.0,155.0,35.0,61.0,38.0,92.0,299.0,76.0,42.0,34.0,87.0
264.0,238.0,348.0,65.0,341.0,344.0,220.0,232.0,313.0,252.0,257.0,263.0,284.0,170.0,416.0
206.0,205.0,661.0,153.0,188.0,288.0,530.0,509.0,638.0,368.0,654.0,580.0,726.0,408.0,155.0
414.0,769.0,657.0,182.0,138.0,407.0,59.0,490.0,430.0,411.0,389.0,803.0,270.0,312.0,114.0
80.0,41.0,260.0,9.0,117.0,221.0,35.0,148.0,50.0,174.0,188.0,325.0,33.0,96.0,95.0
113.0,90.0,240.0,21.0,104.0,203.0,33.0,132.0,139.0,129.0,157.0,117.0,68.0,82.0,93.0
165.0,212.0,294.0,38.0,228.0,293.0,83.0,165.0,213.0,174.0,222.0,186.0,174.0,111.0,218.0
178.0,231.0,346.0,45.0,229.0,280.0,98.0,223.0,69.0,187.0,239.0,282.0,200.0,173.0,190.0
152.0,179.0,111.0,6.0,45.0,260.0,7.0,15.0,38.0,61.0,8.0,23.0,27.0,16.0,30.0
182.0,249.0,661.0,243.0,117.0,348.0,37.0,509.0,98.0,521.0,338.0,856.0,923.0,409.0,107.0
160.0,215.0,246.0,23.0,234.0,296.0,46.0,406.0,105.0,132.0,165.0,127.0,90.0,305.0,216.0
122.0,104.0,252.0,248.0,43.0,212.0,598.0,140.0,281.0,411.0,264.0,304.0,864.0,496.0,131.0
96.0,55.0,215.0,16.0,191.0,154.0,367.0,83.0,117.0,108.0,128.0,98.0,656.0,64.0,214.0
134.0,164.0,339.0,51.0,226.0,255.0,107.0,202.0,276.0,191.0,249.0,228.0,212.0,79.0,297.0
165.0,219.0,530.0,41.0,226.0,297.0,95.0,222.0,223.0,182.0,419.0,185.0,195.0,179.0,182.0
163.0,214.0,251.0,35.0,47.0,297.0,13.0,140.0,199.0,139.0,175.0,196.0,156.0,91.0,43.0
115.0,103.0,500.0,117.0,723.0,211.0,396.0,392.0,570.0,304.0,408.0,428.0,583.0,303.0,406.0
206.0,219.0,293.0,56.0,155.0,297.0,54.0,176.0,293.0,200.0,211.0,249.0,264.0,129.0,102.0
169.0,233.0,303.0,40.0,237.0,320.0,92.0,194.0,223.0,176.0,232.0,203.0,181.0,173.0,213.0
91.0,45.0,207.0,15.0,86.0,127.0,23.0,80.0,103.0,105.0,120.0,117.0,42.0,57.0,69.0
147.0,185.0,332.0,51.0,117.0,268.0,35.0,202.0,288.0,193.0,286.0,236.0,59.0,148.0,89.0
257.0,300.0,507.0,71.0,123.0,374.0,217.0,384.0,54.0,296.0,408.0,355.0,331.0,305.0,95.0
100.0,62.0,330.0,61.0,294.0,155.0,166.0,205.0,297.0,192.0,244.0,355.0,273.0,152.0,308.0
114.0,95.0,240.0,22.0,126.0,205.0,40.0,110.0,144.0,129.0,290.0,126.0,70.0,77.0,96.0
229.0,232.0,223.0,185.0,248.0,319.0,105.0,94.0,518.0,381.0,152.0,681.0,204.0,17.0,216.0
83.0,43.0,311.0,11.0,191.0,154.0,69.0,440.0,86.0,84.0,234.0,72.0,145.0,312.0,187.0
999.0,999.0,999.0,999.0,999.0,999.0,999.0,999.0,999.0,999.0,640.0,999.0,999.0,999.0,999.0
412.0,764.0,657.0,182.0,723.0,425.0,396.0,16.0,288.0,416.0,597.0,196.0,303.0,16.0,81.0
81.0,42.0,661.0,248.0,168.0,155.0,54.0,438.0,134.0,524.0,654.0,705.0,905.0,312.0,155.0
104.0,45.0,258.0,19.0,105.0,127.0,19.0,146.0,117.0,144.0,188.0,151.0,40.0,96.0,97.0
180.0,233.0,351.0,41.0,208.0,320.0,79.0,204.0,223.0,176.0,249.0,207.0,161.0,149.0,175.0
178.0,232.0,323.0,16.0,86.0,319.0,28.0,204.0,86.0,201.0,244.0,244.0,46.0,145.0,69.0
83.0,41.0,111.0,11.0,132.0,102.0,45.0,26.0,105.0,99.0,50.0,76.0,44.0,16.0,231.0
86.0,41.0,440.0,95.0,415.0,101.0,247.0,315.0,425.0,273.0,325.0,325.0,429.0,255.0,566.0
168.0,225.0,278.0,30.0,202.0,310.0,53.0,158.0,180.0,151.0,201.0,162.0,101.0,111.0,172.0
160.0,200.0,336.0,56.0,288.0,143.0,165.0,206.0,293.0,200.0,241.0,246.0,272.0,134.0,307.0
210.0,284.0,353.0,55.0,85.0,372.0,29.0,250.0,122.0,199.0,245.0,244.0,45.0,184.0,64.0
123.0,133.0,208.0,25.0,155.0,215.0,50.0,82.0,168.0,106.0,122.0,91.0,92.0,65.0,119.0
123.0,109.0,256.0,26.0,157.0,213.0,50.0,141.0,173.0,138.0,187.0,139.0,92.0,131.0,101.0
83.0,42.0,126.0,6.0,100.0,112.0,2.0,29.0,24.0,61.0,0.0,21.0,5.0,16.0,82.0
146.0,193.0,488.0,15.0,83.0,277.0,24.0,353.0,107.0,300.0,400.0,214.0,42.0,296.0,69.0
182.0,238.0,351.0,45.0,248.0,344.0,99.0,216.0,237.0,214.0,287.0,228.0,200.0,72.0,216.0
268.0,367.0,346.0,85.0,253.0,462.0,121.0,223.0,425.0,201.0,257.0,221.0,239.0,173.0,220.0
24.0,28.0,157.0,3.0,88.0,60.0,30.0,32.0,120.0,76.0,50.0,61.0,4.0,17.0,71.0
92.0,55.0,299.0,15.0,15.0,144.0,23.0,176.0,107.0,101.0,222.0,387.0,42.0,129.0,4.0
232.0,316.0,355.0,65.0,45.0,390.0,213.0,251.0,314.0,223.0,286.0,282.0,288.0,184.0,25.0
103.0,63.0,260.0,18.0,122.0,155.0,43.0,124.0,248.0,138.0,94.0,264.0,46.0,81.0,88.0
126.0,131.0,299.0,27.0,141.0,203.0,247.0,192.0,170.0,147.0,222.0,167.0,102.0,491.0,102.0
330.0,90.0,491.0,117.0,303.0,203.0,213.0,358.0,120.0,304.0,465.0,428.0,316.0,291.0,316.0
376.0,717.0,532.0,146.0,157.0,312.0,50.0,572.0,205.0,347.0,508.0,463.0,95.0,503.0,140.0
288.0,461.0,449.0,91.0,999.0,404.0,999.0,322.0,454.0,273.0,366.0,323.0,419.0,246.0,999.0
165.0,276.0,300.0,36.0,45.0,393.0,19.0,189.0,215.0,156.0,189.0,178.0,168.0,185.0,31.0
236.0,325.0,142.0,66.0,311.0,429.0,184.0,31.0,330.0,223.0,8.0,240.0,284.0,21.0,333.0
176.0,229.0,590.0,43.0,224.0,315.0,92.0,470.0,223.0,580.0,419.0,894.0,190.0,319.0,182.0
210.0,284.0,438.0,58.0,217.0,373.0,147.0,316.0,297.0,271.0,240.0,323.0,269.0,241.0,178.0
257.0,323.0,350.0,71.0,191.0,430.0,70.0,313.0,363.0,213.0,274.0,263.0,145.0,240.0,157.0
314.0,515.0,363.0,97.0,448.0,439.0,247.0,273.0,98.0,154.0,299.0,172.0,419.0,107.0,170.0
235.0,284.0,487.0,109.0,117.0,373.0,38.0,200.0,500.0,296.0,394.0,374.0,70.0,146.0,94.0
187.0,259.0,326.0,51.0,257.0,348.0,108.0,481.0,330.0,191.0,249.0,228.0,212.0,132.0,73.0
96.0,37.0,212.0,16.0,175.0,87.0,58.0,83.0,296.0,108.0,128.0,178.0,101.0,55.0,144.0
316.0,515.0,485.0,106.0,233.0,393.0,274.0,459.0,501.0,296.0,389.0,305.0,515.0,314.0,201.0
122.0,108.0,111.0,26.0,151.0,215.0,50.0,26.0,165.0,129.0,173.0,114.0,92.0,16.0,116.0
414.0,221.0,303.0,183.0,312.0,277.0,629.0,192.0,660.0,403.0,226.0,156.0,864.0,148.0,351.0
147.0,281.0,296.0,30.0,227.0,372.0,67.0,228.0,182.0,167.0,222.0,172.0,102.0,184.0,183.0
129.0,135.0,323.0,29.0,161.0,241.0,53.0,202.0,181.0,144.0,500.0,155.0,101.0,148.0,125.0
217.0,301.0,438.0,60.0,280.0,382.0,150.0,315.0,302.0,271.0,338.0,323.0,270.0,241.0,154.0
235.0,323.0,350.0,46.0,242.0,156.0,99.0,212.0,173.0,214.0,214.0,264.0,200.0,158.0,216.0
86.0,48.0,385.0,15.0,83.0,155.0,23.0,293.0,103.0,247.0,394.0,303.0,42.0,208.0,158.0
123.0,137.0,240.0,23.0,134.0,247.0,45.0,251.0,163.0,129.0,160.0,125.0,76.0,184.0,111.0
121.0,103.0,126.0,23.0,112.0,211.0,35.0,29.0,162.0,57.0,211.0,23.0,55.0,21.0,87.0
147.0,180.0,201.0,40.0,229.0,260.0,92.0,323.0,223.0,85.0,100.0,76.0,181.0,247.0,63.0
95.0,55.0,316.0,16.0,89.0,112.0,30.0,201.0,122.0,188.0,240.0,236.0,48.0,148.0,74.0
182.0,43.0,201.0,50.0,255.0,124.0,107.0,45.0,180.0,190.0,123.0,204.0,209.0,25.0,229.0
163.0,194.0,296.0,36.0,216.0,294.0,80.0,183.0,205.0,167.0,94.0,214.0,168.0,123.0,178.0
91.0,48.0,999.0,3.0,17.0,143.0,2.0,999.0,12.0,42.0,298.0,0.0,5.0,999.0,155.0
414.0,769.0,570.0,183.0,344.0,127.0,222.0,601.0,676.0,404.0,500.0,681.0,336.0,458.0,422.0
183.0,253.0,170.0,45.0,216.0,348.0,99.0,176.0,227.0,184.0,57.0,156.0,202.0,107.0,158.0
94.0,55.0,252.0,24.0,137.0,144.0,46.0,140.0,163.0,137.0,200.0,138.0,89.0,91.0,111.0
104.0,72.0,126.0,18.0,100.0,247.0,33.0,39.0,122.0,92.0,0.0,76.0,54.0,25.0,80.0
114.0,89.0,310.0,22.0,117.0,439.0,38.0,195.0,141.0,129.0,238.0,125.0,70.0,146.0,89.0
330.0,590.0,511.0,133.0,277.0,255.0,2.0,391.0,570.0,316.0,411.0,449.0,10.0,305.0,250.0
125.0,130.0,222.0,25.0,138.0,288.0,50.0,92.0,168.0,113.0,78.0,105.0,92.0,65.0,99.0
123.0,115.0,372.0,23.0,157.0,191.0,52.0,285.0,178.0,356.0,302.0,561.0,101.0,185.0,118.0
80.0,41.0,355.0,15.0,89.0,102.0,19.0,251.0,103.0,223.0,286.0,165.0,40.0,184.0,55.0
121.0,129.0,242.0,23.0,131.0,227.0,45.0,292.0,163.0,132.0,165.0,124.0,85.0,208.0,102.0
168.0,225.0,300.0,38.0,229.0,310.0,86.0,189.0,204.0,174.0,222.0,196.0,176.0,133.0,190.0
266.0,376.0,392.0,80.0,365.0,388.0,226.0,297.0,195.0,252.0,320.0,307.0,337.0,213.0,117.0
182.0,278.0,300.0,41.0,216.0,369.0,80.0,189.0,222.0,182.0,225.0,203.0,191.0,133.0,238.0
375.0,693.0,514.0,140.0,735.0,358.0,444.0,315.0,571.0,322.0,214.0,457.0,656.0,241.0,201.0
256.0,332.0,310.0,73.0,410.0,429.0,226.0,195.0,125.0,201.0,234.0,248.0,344.0,137.0,473.0
123.0,109.0,252.0,24.0,184.0,213.0,61.0,132.0,163.0,137.0,176.0,137.0,90.0,87.0,155.0
377.0,316.0,532.0,148.0,132.0,365.0,46.0,415.0,188.0,347.0,211.0,423.0,726.0,309.0,107.0
103.0,304.0,222.0,18.0,105.0,388.0,33.0,251.0,122.0,113.0,199.0,115.0,52.0,184.0,85.0
73.0,42.0,111.0,6.0,83.0,112.0,24.0,384.0,33.0,71.0,5.0,133.0,54.0,131.0,56.0
306.0,53.0,317.0,5.0,54.0,143.0,1.0,201.0,24.0,188.0,240.0,186.0,25.0,137.0,122.0
152.0,137.0,283.0,33.0,243.0,227.0,61.0,168.0,187.0,154.0,207.0,167.0,128.0,79.0,214.0
126.0,131.0,532.0,23.0,137.0,235.0,46.0,406.0,139.0,347.0,465.0,460.0,83.0,305.0,111.0
317.0,515.0,688.0,217.0,104.0,490.0,34.0,532.0,676.0,411.0,640.0,856.0,726.0,409.0,84.0
232.0,301.0,639.0,183.0,177.0,462.0,598.0,509.0,676.0,403.0,389.0,355.0,888.0,408.0,154.0
152.0,185.0,283.0,33.0,189.0,268.0,67.0,146.0,187.0,154.0,207.0,151.0,139.0,96.0,157.0
134.0,145.0,72.0,29.0,188.0,253.0,53.0,32.0,172.0,153.0,0.0,163.0,101.0,24.0,156.0
0.0,0.0,0.0,0.0,112.0,0.0,40.0,0.0,0.0,0.0,0.0,21.0,92.0,0.0,87.0
241.0,323.0,252.0,32.0,229.0,430.0,92.0,140.0,177.0,137.0,177.0,137.0,123.0,122.0,192.0
288.0,461.0,449.0,95.0,98.0,489.0,77.0,322.0,466.0,275.0,240.0,322.0,154.0,245.0,77.0
123.0,225.0,255.0,25.0,145.0,315.0,50.0,141.0,171.0,138.0,286.0,137.0,92.0,92.0,117.0
123.0,109.0,256.0,24.0,137.0,238.0,46.0,141.0,163.0,137.0,187.0,138.0,89.0,88.0,110.0
126.0,130.0,701.0,27.0,122.0,225.0,58.0,572.0,171.0,139.0,257.0,140.0,76.0,455.0,155.0
210.0,284.0,582.0,57.0,275.0,249.0,139.0,470.0,296.0,408.0,509.0,323.0,264.0,319.0,247.0
273.0,585.0,337.0,71.0,331.0,518.0,213.0,205.0,313.0,246.0,249.0,301.0,330.0,169.0,404.0
137.0,238.0,361.0,77.0,344.0,344.0,222.0,266.0,466.0,228.0,257.0,277.0,336.0,192.0,422.0
73.0,27.0,187.0,15.0,75.0,173.0,22.0,45.0,145.0,83.0,87.0,70.0,40.0,25.0,55.0
176.0,231.0,353.0,80.0,403.0,293.0,230.0,250.0,425.0,252.0,286.0,302.0,334.0,184.0,469.0
163.0,219.0,300.0,38.0,191.0,297.0,69.0,148.0,223.0,176.0,240.0,174.0,140.0,173.0,156.0
236.0,376.0,240.0,23.0,128.0,437.0,42.0,115.0,158.0,130.0,164.0,138.0,76.0,79.0,95.0
414.0,769.0,355.0,182.0,410.0,277.0,237.0,251.0,660.0,403.0,286.0,582.0,450.0,184.0,469.0
412.0,764.0,564.0,177.0,161.0,127.0,53.0,459.0,428.0,381.0,373.0,457.0,101.0,314.0,110.0
154.0,185.0,254.0,34.0,128.0,268.0,99.0,181.0,193.0,156.0,188.0,175.0,202.0,132.0,178.0
375.0,717.0,476.0,106.0,280.0,156.0,274.0,51.0,500.0,296.0,299.0,355.0,515.0,30.0,307.0
259.0,325.0,392.0,80.0,311.0,437.0,226.0,322.0,425.0,252.0,321.0,312.0,344.0,174.0,334.0
77.0,63.0,201.0,8.0,43.0,294.0,5.0,10.0,117.0,81.0,94.0,68.0,27.0,21.0,25.0
181.0,234.0,336.0,57.0,277.0,319.0,139.0,206.0,297.0,197.0,248.0,236.0,264.0,158.0,247.0
112.0,164.0,382.0,17.0,89.0,255.0,30.0,292.0,119.0,243.0,309.0,298.0,47.0,208.0,181.0
196.0,612.0,363.0,70.0,37.0,534.0,9.0,292.0,343.0,230.0,483.0,288.0,693.0,57.0,74.0
154.0,188.0,661.0,34.0,151.0,270.0,70.0,509.0,193.0,156.0,130.0,173.0,145.0,134.0,119.0
80.0,43.0,570.0,11.0,50.0,124.0,15.0,440.0,120.0,85.0,211.0,76.0,33.0,314.0,82.0
273.0,391.0,449.0,91.0,218.0,498.0,82.0,322.0,454.0,273.0,290.0,323.0,419.0,218.0,179.0
154.0,188.0,290.0,34.0,174.0,276.0,58.0,176.0,199.0,156.0,222.0,187.0,145.0,125.0,139.0
113.0,90.0,263.0,29.0,175.0,261.0,58.0,149.0,173.0,147.0,210.0,160.0,102.0,76.0,148.0
257.0,203.0,392.0,71.0,150.0,280.0,50.0,297.0,363.0,252.0,320.0,305.0,406.0,217.0,118.0
76.0,40.0,187.0,7.0,43.0,87.0,5.0,47.0,213.0,82.0,78.0,70.0,25.0,24.0,32.0
100.0,62.0,212.0,17.0,89.0,155.0,30.0,144.0,120.0,108.0,117.0,98.0,46.0,132.0,72.0
205.0,276.0,312.0,53.0,100.0,362.0,32.0,176.0,184.0,185.0,240.0,207.0,73.0,125.0,80.0
92.0,42.0,254.0,26.0,211.0,215.0,79.0,148.0,170.0,138.0,307.0,139.0,92.0,72.0,175.0
287.0,423.0,438.0,95.0,448.0,462.0,261.0,316.0,454.0,271.0,338.0,323.0,464.0,71.0,566.0
235.0,261.0,355.0,66.0,218.0,362.0,82.0,251.0,302.0,228.0,236.0,287.0,284.0,184.0,190.0
428.0,844.0,386.0,185.0,118.0,521.0,37.0,296.0,501.0,252.0,320.0,305.0,888.0,292.0,94.0
156.0,36.0,212.0,34.0,157.0,144.0,75.0,83.0,194.0,103.0,386.0,81.0,149.0,62.0,118.0
97.0,55.0,550.0,16.0,89.0,155.0,29.0,438.0,117.0,112.0,470.0,101.0,46.0,312.0,74.0
97.0,56.0,215.0,16.0,32.0,155.0,5.0,78.0,117.0,107.0,126.0,101.0,46.0,134.0,12.0
233.0,316.0,312.0,63.0,230.0,390.0,237.0,198.0,205.0,227.0,238.0,282.0,284.0,184.0,201.0
147.0,174.0,279.0,32.0,229.0,235.0,92.0,154.0,184.0,154.0,203.0,165.0,123.0,312.0,214.0
92.0,92.0,111.0,15.0,410.0,203.0,23.0,26.0,103.0,105.0,248.0,81.0,42.0,158.0,473.0
196.0,257.0,330.0,51.0,89.0,348.0,30.0,572.0,272.0,192.0,244.0,236.0,46.0,308.0,74.0
163.0,222.0,255.0,36.0,229.0,308.0,82.0,469.0,210.0,136.0,248.0,134.0,171.0,503.0,190.0
271.0,47.0,414.0,86.0,161.0,156.0,53.0,299.0,430.0,265.0,326.0,316.0,380.0,134.0,218.0
182.0,232.0,312.0,45.0,175.0,319.0,58.0,198.0,237.0,188.0,238.0,126.0,195.0,179.0,140.0
212.0,274.0,340.0,58.0,106.0,362.0,35.0,222.0,296.0,201.0,240.0,241.0,270.0,180.0,87.0
163.0,210.0,311.0,45.0,253.0,293.0,107.0,197.0,237.0,188.0,236.0,207.0,212.0,145.0,127.0
183.0,227.0,240.0,50.0,229.0,315.0,92.0,109.0,253.0,129.0,157.0,118.0,209.0,81.0,202.0
132.0,137.0,257.0,30.0,176.0,256.0,61.0,141.0,181.0,151.0,187.0,162.0,123.0,92.0,215.0
154.0,188.0,283.0,34.0,191.0,270.0,70.0,168.0,168.0,156.0,208.0,175.0,145.0,107.0,154.0
314.0,488.0,356.0,97.0,360.0,490.0,226.0,259.0,570.0,225.0,287.0,282.0,494.0,202.0,390.0
163.0,212.0,553.0,133.0,569.0,280.0,382.0,481.0,34.0,311.0,274.0,446.0,588.0,328.0,808.0
146.0,173.0,293.0,31.0,176.0,241.0,61.0,176.0,184.0,160.0,211.0,181.0,122.0,192.0,153.0
202.0,284.0,332.0,51.0,310.0,373.0,121.0,322.0,288.0,193.0,243.0,236.0,238.0,246.0,322.0
100.0,62.0,214.0,17.0,255.0,155.0,29.0,124.0,120.0,108.0,128.0,100.0,47.0,82.0,85.0
124.0,130.0,224.0,24.0,132.0,225.0,45.0,98.0,163.0,114.0,173.0,162.0,84.0,72.0,84.0
333.0,194.0,507.0,133.0,83.0,241.0,23.0,384.0,551.0,311.0,410.0,325.0,579.0,246.0,42.0
152.0,182.0,267.0,33.0,174.0,261.0,61.0,155.0,187.0,151.0,200.0,162.0,122.0,106.0,142.0
152.0,185.0,310.0,33.0,75.0,310.0,5.0,195.0,181.0,182.0,234.0,208.0,23.0,16.0,55.0
330.0,612.0,336.0,112.0,253.0,534.0,382.0,241.0,302.0,316.0,245.0,449.0,590.0,180.0,218.0
71.0,27.0,488.0,117.0,200.0,56.0,391.0,353.0,547.0,300.0,382.0,395.0,639.0,269.0,172.0
152.0,180.0,260.0,29.0,128.0,260.0,42.0,144.0,177.0,147.0,189.0,156.0,76.0,17.0,99.0
95.0,48.0,693.0,243.0,261.0,103.0,46.0,601.0,858.0,580.0,999.0,894.0,101.0,491.0,242.0
167.0,222.0,303.0,38.0,229.0,310.0,92.0,738.0,223.0,176.0,232.0,197.0,211.0,271.0,190.0
122.0,109.0,204.0,24.0,126.0,210.0,35.0,62.0,164.0,99.0,108.0,76.0,89.0,35.0,99.0
111.0,131.0,582.0,182.0,242.0,235.0,170.0,391.0,223.0,403.0,509.0,187.0,923.0,555.0,172.0
152.0,306.0,346.0,36.0,257.0,390.0,119.0,241.0,213.0,167.0,130.0,187.0,200.0,149.0,229.0
412.0,764.0,355.0,61.0,292.0,261.0,166.0,251.0,483.0,214.0,287.0,240.0,273.0,296.0,307.0
152.0,174.0,224.0,33.0,131.0,256.0,43.0,313.0,158.0,120.0,152.0,117.0,76.0,218.0,678.0
156.0,292.0,290.0,34.0,229.0,373.0,75.0,156.0,194.0,156.0,210.0,162.0,149.0,107.0,201.0
154.0,187.0,256.0,33.0,208.0,277.0,78.0,144.0,127.0,156.0,208.0,174.0,145.0,91.0,175.0
0.0,0.0,239.0,0.0,50.0,0.0,2.0,104.0,125.0,92.0,154.0,76.0,0.0,333.0,38.0
86.0,21.0,283.0,20.0,128.0,315.0,33.0,176.0,129.0,144.0,207.0,158.0,54.0,123.0,101.0
120.0,104.0,256.0,23.0,132.0,212.0,45.0,214.0,223.0,132.0,187.0,127.0,77.0,162.0,107.0
214.0,301.0,347.0,57.0,310.0,393.0,174.0,232.0,293.0,201.0,262.0,249.0,284.0,132.0,329.0
167.0,141.0,661.0,30.0,117.0,249.0,35.0,59.0,182.0,198.0,640.0,241.0,59.0,102.0,89.0
237.0,325.0,507.0,70.0,310.0,56.0,171.0,364.0,332.0,230.0,410.0,288.0,284.0,208.0,102.0
375.0,709.0,500.0,143.0,313.0,534.0,199.0,391.0,95.0,304.0,408.0,428.0,678.0,240.0,111.0
257.0,403.0,414.0,86.0,28.0,448.0,4.0,312.0,430.0,265.0,326.0,317.0,219.0,235.0,12.0
102.0,56.0,747.0,18.0,89.0,155.0,32.0,718.0,122.0,660.0,509.0,323.0,49.0,496.0,91.0
202.0,261.0,507.0,133.0,206.0,388.0,77.0,363.0,570.0,306.0,408.0,428.0,156.0,271.0,175.0
73.0,43.0,126.0,6.0,117.0,156.0,35.0,130.0,38.0,61.0,84.0,98.0,59.0,68.0,89.0
114.0,92.0,356.0,22.0,89.0,203.0,30.0,280.0,141.0,223.0,287.0,280.0,49.0,186.0,74.0
237.0,322.0,336.0,51.0,174.0,382.0,58.0,201.0,288.0,197.0,248.0,287.0,259.0,149.0,154.0
124.0,129.0,310.0,25.0,128.0,222.0,39.0,115.0,170.0,182.0,234.0,207.0,92.0,79.0,99.0
156.0,36.0,290.0,34.0,216.0,42.0,75.0,103.0,194.0,156.0,210.0,178.0,149.0,583.0,175.0
414.0,769.0,580.0,183.0,104.0,369.0,598.0,470.0,177.0,404.0,419.0,456.0,888.0,328.0,74.0
91.0,48.0,207.0,15.0,104.0,143.0,33.0,80.0,99.0,106.0,128.0,92.0,54.0,65.0,89.0
229.0,306.0,395.0,80.0,252.0,197.0,226.0,297.0,197.0,252.0,320.0,303.0,337.0,217.0,214.0
257.0,346.0,447.0,95.0,75.0,439.0,22.0,322.0,454.0,273.0,351.0,322.0,44.0,255.0,44.0
288.0,461.0,457.0,97.0,117.0,484.0,35.0,508.0,498.0,275.0,366.0,338.0,59.0,503.0,89.0
81.0,43.0,126.0,11.0,145.0,127.0,50.0,29.0,127.0,85.0,29.0,76.0,33.0,17.0,116.0
244.0,71.0,260.0,70.0,313.0,159.0,199.0,148.0,341.0,238.0,189.0,803.0,291.0,64.0,351.0
330.0,259.0,363.0,58.0,188.0,348.0,67.0,322.0,302.0,201.0,201.0,249.0,269.0,245.0,170.0
71.0,27.0,142.0,6.0,83.0,56.0,23.0,31.0,38.0,67.0,50.0,84.0,59.0,21.0,55.0
95.0,62.0,347.0,56.0,102.0,156.0,33.0,322.0,293.0,203.0,264.0,263.0,260.0,255.0,74.0
103.0,376.0,239.0,19.0,104.0,439.0,34.0,103.0,125.0,120.0,154.0,95.0,54.0,328.0,84.0
235.0,323.0,215.0,65.0,310.0,296.0,172.0,83.0,314.0,112.0,128.0,113.0,284.0,64.0,307.0
244.0,323.0,363.0,70.0,275.0,407.0,105.0,738.0,341.0,230.0,297.0,288.0,864.0,339.0,242.0
100.0,62.0,125.0,20.0,106.0,155.0,35.0,27.0,122.0,57.0,8.0,21.0,55.0,26.0,87.0
268.0,372.0,414.0,86.0,175.0,445.0,58.0,306.0,428.0,265.0,326.0,317.0,113.0,218.0,142.0
124.0,130.0,283.0,17.0,85.0,230.0,28.0,168.0,120.0,71.0,207.0,25.0,47.0,111.0,95.0
206.0,278.0,356.0,60.0,277.0,373.0,139.0,251.0,296.0,225.0,351.0,387.0,270.0,169.0,250.0
316.0,515.0,511.0,106.0,445.0,56.0,274.0,391.0,500.0,319.0,411.0,456.0,524.0,300.0,574.0
224.0,325.0,487.0,109.0,524.0,294.0,274.0,363.0,503.0,296.0,394.0,312.0,524.0,271.0,699.0
241.0,322.0,353.0,66.0,288.0,404.0,165.0,250.0,333.0,223.0,126.0,282.0,288.0,184.0,308.0
80.0,41.0,382.0,248.0,230.0,315.0,92.0,296.0,332.0,246.0,309.0,302.0,181.0,213.0,201.0
134.0,145.0,215.0,23.0,47.0,250.0,13.0,84.0,165.0,112.0,128.0,98.0,49.0,27.0,32.0
124.0,137.0,256.0,25.0,123.0,156.0,46.0,140.0,168.0,138.0,187.0,108.0,89.0,91.0,116.0
214.0,276.0,340.0,58.0,279.0,369.0,147.0,216.0,297.0,201.0,210.0,197.0,269.0,111.0,275.0
119.0,90.0,240.0,23.0,197.0,212.0,45.0,111.0,210.0,129.0,200.0,118.0,77.0,76.0,198.0
111.0,89.0,223.0,14.0,55.0,203.0,18.0,94.0,109.0,106.0,126.0,98.0,36.0,71.0,52.0
156.0,188.0,657.0,34.0,86.0,225.0,29.0,565.0,195.0,408.0,582.0,799.0,149.0,442.0,69.0
154.0,185.0,283.0,33.0,191.0,261.0,69.0,363.0,191.0,156.0,208.0,174.0,140.0,271.0,42.0
414.0,769.0,549.0,183.0,238.0,241.0,92.0,420.0,676.0,404.0,468.0,68.0,181.0,311.0,218.0
77.0,47.0,184.0,8.0,45.0,133.0,16.0,45.0,69.0,81.0,509.0,68.0,35.0,25.0,31.0
114.0,95.0,240.0,22.0,117.0,159.0,5.0,509.0,144.0,129.0,182.0,126.0,70.0,409.0,87.0
114.0,95.0,246.0,24.0,75.0,211.0,22.0,176.0,164.0,132.0,165.0,174.0,54.0,125.0,55.0
322.0,338.0,549.0,110.0,261.0,389.0,126.0,420.0,369.0,306.0,465.0,430.0,264.0,309.0,242.0
202.0,367.0,332.0,51.0,216.0,320.0,94.0,205.0,347.0,193.0,245.0,236.0,27.0,152.0,175.0
412.0,764.0,550.0,177.0,229.0,767.0,92.0,431.0,660.0,374.0,470.0,582.0,303.0,311.0,216.0
126.0,129.0,254.0,23.0,189.0,221.0,67.0,197.0,163.0,137.0,176.0,138.0,76.0,130.0,157.0
114.0,47.0,240.0,20.0,105.0,127.0,35.0,111.0,129.0,129.0,152.0,117.0,55.0,77.0,85.0
212.0,304.0,263.0,91.0,261.0,388.0,217.0,149.0,454.0,273.0,126.0,323.0,419.0,57.0,216.0
102.0,55.0,215.0,18.0,117.0,159.0,35.0,214.0,122.0,112.0,128.0,101.0,59.0,162.0,94.0
134.0,163.0,240.0,29.0,161.0,254.0,53.0,110.0,181.0,129.0,211.0,126.0,101.0,76.0,119.0
330.0,131.0,500.0,117.0,168.0,235.0,54.0,364.0,547.0,304.0,408.0,428.0,101.0,275.0,131.0
246.0,317.0,187.0,71.0,275.0,393.0,138.0,47.0,293.0,82.0,91.0,76.0,270.0,26.0,198.0
183.0,278.0,320.0,49.0,131.0,315.0,43.0,204.0,184.0,188.0,249.0,221.0,200.0,158.0,101.0
412.0,764.0,570.0,182.0,261.0,255.0,121.0,469.0,660.0,408.0,465.0,803.0,252.0,318.0,234.0
157.0,205.0,570.0,110.0,723.0,294.0,444.0,440.0,518.0,381.0,500.0,58.0,579.0,312.0,74.0
257.0,391.0,855.0,73.0,128.0,460.0,217.0,885.0,363.0,356.0,999.0,282.0,331.0,493.0,99.0
235.0,474.0,395.0,128.0,105.0,489.0,33.0,293.0,660.0,252.0,321.0,288.0,588.0,134.0,87.0
111.0,89.0,215.0,21.0,117.0,193.0,35.0,84.0,127.0,112.0,128.0,101.0,59.0,64.0,214.0
163.0,214.0,247.0,36.0,228.0,294.0,79.0,130.0,145.0,167.0,199.0,186.0,168.0,107.0,218.0
80.0,42.0,187.0,9.0,331.0,102.0,9.0,47.0,76.0,82.0,87.0,162.0,33.0,25.0,404.0
75.0,37.0,183.0,8.0,47.0,87.0,6.0,62.0,129.0,80.0,239.0,68.0,26.0,35.0,234.0
999.0,999.0,999.0,999.0,999.0,999.0,999.0,999.0,999.0,999.0,226.0,999.0,999.0,999.0,999.0
158.0,207.0,283.0,33.0,188.0,328.0,67.0,168.0,182.0,156.0,208.0,582.0,136.0,122.0,156.0
156.0,193.0,395.0,34.0,218.0,277.0,82.0,296.0,197.0,252.0,321.0,118.0,92.0,409.0,154.0
97.0,141.0,491.0,114.0,229.0,249.0,96.0,358.0,547.0,304.0,402.0,126.0,579.0,269.0,198.0
157.0,187.0,240.0,20.0,112.0,270.0,35.0,103.0,117.0,120.0,117.0,117.0,55.0,72.0,93.0
163.0,210.0,312.0,36.0,262.0,293.0,95.0,225.0,191.0,167.0,238.0,186.0,195.0,617.0,240.0
70.0,82.0,239.0,16.0,151.0,188.0,50.0,104.0,109.0,120.0,154.0,175.0,35.0,122.0,144.0
211.0,320.0,346.0,56.0,206.0,374.0,78.0,223.0,296.0,201.0,286.0,246.0,264.0,170.0,234.0
178.0,233.0,661.0,80.0,365.0,320.0,222.0,509.0,425.0,300.0,410.0,257.0,336.0,390.0,604.0
87.0,48.0,201.0,18.0,47.0,143.0,18.0,32.0,122.0,82.0,57.0,69.0,36.0,613.0,32.0
257.0,346.0,224.0,20.0,106.0,277.0,35.0,98.0,132.0,120.0,152.0,118.0,55.0,72.0,87.0
163.0,210.0,294.0,36.0,203.0,348.0,77.0,222.0,210.0,165.0,203.0,186.0,168.0,131.0,174.0
165.0,194.0,299.0,38.0,216.0,404.0,76.0,187.0,213.0,174.0,222.0,126.0,155.0,133.0,119.0
156.0,194.0,224.0,34.0,189.0,277.0,67.0,98.0,193.0,120.0,129.0,101.0,145.0,71.0,157.0
123.0,115.0,283.0,33.0,174.0,220.0,58.0,155.0,191.0,156.0,210.0,264.0,140.0,106.0,114.0
156.0,182.0,294.0,36.0,206.0,261.0,79.0,32.0,164.0,166.0,191.0,186.0,167.0,28.0,179.0
77.0,41.0,183.0,8.0,83.0,112.0,5.0,45.0,69.0,80.0,63.0,95.0,27.0,25.0,55.0
259.0,346.0,530.0,77.0,261.0,437.0,121.0,403.0,483.0,408.0,419.0,803.0,239.0,305.0,250.0
104.0,78.0,240.0,20.0,105.0,215.0,35.0,109.0,129.0,129.0,157.0,118.0,55.0,72.0,119.0
126.0,130.0,296.0,26.0,184.0,249.0,50.0,111.0,170.0,165.0,249.0,220.0,95.0,77.0,155.0
123.0,163.0,206.0,29.0,161.0,297.0,53.0,65.0,171.0,156.0,108.0,174.0,101.0,41.0,118.0
101.0,62.0,281.0,16.0,83.0,156.0,23.0,165.0,171.0,106.0,182.0,178.0,42.0,79.0,55.0
156.0,238.0,292.0,35.0,228.0,373.0,83.0,176.0,184.0,156.0,210.0,173.0,155.0,125.0,180.0
183.0,249.0,322.0,50.0,229.0,348.0,94.0,204.0,253.0,188.0,241.0,221.0,154.0,149.0,80.0
183.0,227.0,323.0,50.0,253.0,276.0,106.0,204.0,180.0,190.0,241.0,221.0,211.0,192.0,216.0
156.0,219.0,180.0,36.0,0.0,297.0,382.0,16.0,204.0,82.0,63.0,68.0,590.0,16.0,0.0
154.0,185.0,360.0,36.0,85.0,268.0,19.0,225.0,281.0,167.0,286.0,186.0,33.0,170.0,45.0
169.0,300.0,299.0,38.0,229.0,247.0,92.0,205.0,213.0,174.0,222.0,193.0,176.0,246.0,201.0
73.0,36.0,126.0,7.0,32.0,42.0,18.0,29.0,46.0,75.0,91.0,100.0,36.0,17.0,12.0
94.0,53.0,204.0,15.0,54.0,143.0,18.0,59.0,182.0,99.0,108.0,76.0,35.0,16.0,179.0
154.0,188.0,852.0,34.0,85.0,276.0,70.0,885.0,193.0,160.0,527.0,181.0,145.0,613.0,80.0
113.0,90.0,240.0,21.0,117.0,206.0,35.0,140.0,139.0,129.0,158.0,117.0,68.0,79.0,89.0
202.0,274.0,332.0,51.0,261.0,362.0,121.0,205.0,171.0,192.0,245.0,221.0,239.0,133.0,242.0
229.0,131.0,263.0,29.0,122.0,154.0,39.0,363.0,177.0,147.0,175.0,158.0,101.0,271.0,85.0
178.0,231.0,549.0,45.0,248.0,315.0,101.0,420.0,223.0,358.0,470.0,114.0,195.0,311.0,216.0
132.0,137.0,263.0,29.0,174.0,253.0,58.0,149.0,173.0,144.0,226.0,155.0,103.0,96.0,139.0
126.0,131.0,326.0,16.0,75.0,247.0,23.0,176.0,109.0,76.0,241.0,580.0,42.0,145.0,54.0
104.0,21.0,294.0,18.0,117.0,382.0,33.0,180.0,122.0,113.0,210.0,101.0,51.0,123.0,131.0
182.0,185.0,528.0,153.0,155.0,268.0,50.0,420.0,177.0,306.0,411.0,430.0,751.0,309.0,119.0
256.0,332.0,382.0,73.0,331.0,429.0,217.0,202.0,357.0,246.0,310.0,302.0,330.0,218.0,406.0
314.0,164.0,449.0,97.0,445.0,259.0,258.0,322.0,109.0,275.0,91.0,338.0,408.0,246.0,416.0
266.0,281.0,111.0,133.0,723.0,369.0,396.0,130.0,547.0,316.0,208.0,460.0,624.0,72.0,678.0
330.0,141.0,411.0,97.0,524.0,249.0,274.0,98.0,498.0,264.0,325.0,317.0,529.0,72.0,56.0
123.0,163.0,337.0,60.0,331.0,253.0,166.0,155.0,302.0,203.0,191.0,325.0,273.0,106.0,404.0
163.0,214.0,320.0,36.0,216.0,294.0,82.0,202.0,210.0,167.0,240.0,190.0,171.0,145.0,116.0
103.0,78.0,240.0,19.0,134.0,143.0,45.0,110.0,163.0,129.0,320.0,124.0,84.0,62.0,111.0
133.0,317.0,283.0,29.0,168.0,393.0,54.0,168.0,158.0,154.0,207.0,172.0,101.0,131.0,84.0
485.0,64.0,747.0,243.0,174.0,155.0,4.0,601.0,483.0,660.0,222.0,0.0,905.0,583.0,83.0
113.0,90.0,457.0,21.0,65.0,205.0,19.0,322.0,139.0,275.0,366.0,355.0,59.0,305.0,45.0
152.0,185.0,281.0,33.0,191.0,261.0,67.0,165.0,187.0,154.0,188.0,173.0,139.0,57.0,158.0
181.0,235.0,316.0,46.0,237.0,254.0,99.0,156.0,239.0,188.0,239.0,197.0,200.0,162.0,212.0
165.0,185.0,348.0,38.0,104.0,268.0,83.0,222.0,210.0,174.0,245.0,185.0,174.0,173.0,144.0
202.0,261.0,348.0,51.0,262.0,706.0,107.0,228.0,271.0,207.0,310.0,263.0,212.0,17.0,246.0
147.0,164.0,281.0,36.0,89.0,256.0,79.0,176.0,198.0,154.0,189.0,186.0,161.0,125.0,31.0
210.0,281.0,346.0,57.0,86.0,319.0,29.0,223.0,293.0,201.0,243.0,248.0,270.0,170.0,69.0
168.0,225.0,207.0,38.0,252.0,310.0,105.0,78.0,223.0,176.0,126.0,203.0,212.0,57.0,218.0
101.0,48.0,201.0,18.0,75.0,310.0,32.0,83.0,122.0,92.0,100.0,76.0,54.0,305.0,56.0
146.0,169.0,294.0,5.0,32.0,448.0,5.0,176.0,223.0,184.0,152.0,207.0,23.0,125.0,12.0
152.0,182.0,564.0,51.0,261.0,261.0,121.0,440.0,296.0,196.0,208.0,126.0,238.0,308.0,242.0
115.0,103.0,254.0,22.0,123.0,211.0,40.0,103.0,147.0,136.0,157.0,312.0,70.0,82.0,55.0
322.0,42.0,507.0,133.0,445.0,127.0,274.0,384.0,547.0,311.0,410.0,446.0,444.0,305.0,574.0
134.0,232.0,300.0,29.0,137.0,319.0,46.0,189.0,177.0,147.0,226.0,160.0,101.0,312.0,111.0
169.0,225.0,457.0,40.0,229.0,310.0,92.0,323.0,223.0,275.0,366.0,249.0,181.0,218.0,190.0
257.0,284.0,582.0,71.0,184.0,373.0,99.0,297.0,227.0,408.0,509.0,803.0,209.0,208.0,201.0
158.0,205.0,293.0,35.0,202.0,289.0,75.0,176.0,290.0,160.0,211.0,105.0,155.0,125.0,153.0
233.0,306.0,355.0,65.0,415.0,389.0,243.0,259.0,314.0,223.0,272.0,374.0,284.0,184.0,331.0
232.0,205.0,351.0,64.0,261.0,333.0,58.0,250.0,313.0,214.0,262.0,127.0,276.0,180.0,94.0
123.0,130.0,72.0,15.0,89.0,155.0,23.0,440.0,103.0,107.0,5.0,127.0,42.0,314.0,80.0
124.0,185.0,252.0,25.0,157.0,191.0,50.0,140.0,168.0,137.0,175.0,118.0,92.0,91.0,119.0
113.0,90.0,111.0,21.0,150.0,253.0,50.0,26.0,139.0,57.0,0.0,25.0,92.0,16.0,71.0
154.0,188.0,298.0,33.0,128.0,310.0,67.0,176.0,199.0,156.0,238.0,173.0,140.0,25.0,99.0
101.0,63.0,336.0,58.0,278.0,154.0,147.0,212.0,139.0,197.0,222.0,241.0,269.0,159.0,172.0
101.0,64.0,206.0,17.0,86.0,156.0,30.0,80.0,120.0,103.0,165.0,134.0,47.0,57.0,69.0
168.0,225.0,293.0,38.0,229.0,310.0,92.0,176.0,223.0,160.0,211.0,187.0,181.0,106.0,190.0
288.0,461.0,417.0,95.0,310.0,486.0,188.0,312.0,466.0,275.0,338.0,50.0,145.0,235.0,316.0
176.0,229.0,312.0,43.0,203.0,315.0,75.0,197.0,224.0,185.0,238.0,208.0,494.0,292.0,175.0
152.0,179.0,187.0,6.0,157.0,260.0,52.0,47.0,46.0,82.0,94.0,69.0,76.0,26.0,116.0
288.0,434.0,350.0,95.0,105.0,484.0,45.0,241.0,162.0,213.0,274.0,263.0,438.0,184.0,83.0
206.0,274.0,339.0,56.0,331.0,382.0,180.0,201.0,292.0,199.0,250.0,244.0,260.0,185.0,54.0
338.0,515.0,536.0,133.0,83.0,490.0,23.0,415.0,571.0,347.0,458.0,58.0,42.0,308.0,55.0
374.0,693.0,507.0,137.0,415.0,534.0,243.0,364.0,571.0,319.0,410.0,470.0,408.0,275.0,404.0
103.0,64.0,187.0,11.0,128.0,160.0,42.0,47.0,165.0,83.0,87.0,91.0,33.0,27.0,97.0
103.0,72.0,361.0,19.0,117.0,160.0,37.0,292.0,125.0,115.0,351.0,113.0,54.0,208.0,94.0
160.0,205.0,255.0,23.0,132.0,281.0,45.0,39.0,144.0,139.0,64.0,140.0,84.0,25.0,107.0
271.0,406.0,126.0,18.0,104.0,462.0,34.0,29.0,122.0,112.0,20.0,101.0,51.0,72.0,84.0
123.0,115.0,220.0,24.0,89.0,220.0,48.0,90.0,164.0,112.0,129.0,173.0,90.0,55.0,38.0
77.0,41.0,142.0,8.0,105.0,310.0,33.0,31.0,69.0,81.0,164.0,69.0,27.0,21.0,85.0
114.0,92.0,238.0,22.0,28.0,203.0,2.0,103.0,141.0,120.0,152.0,446.0,70.0,72.0,12.0
0.0,0.0,0.0,0.0,73.0,0.0,19.0,144.0,46.0,0.0,0.0,140.0,40.0,95.0,54.0
214.0,214.0,340.0,60.0,279.0,297.0,148.0,222.0,302.0,203.0,252.0,254.0,270.0,170.0,274.0
377.0,348.0,190.0,148.0,331.0,439.0,217.0,51.0,270.0,347.0,509.0,470.0,331.0,65.0,201.0
235.0,317.0,340.0,65.0,329.0,393.0,217.0,280.0,314.0,214.0,250.0,158.0,284.0,201.0,422.0
124.0,130.0,279.0,27.0,191.0,230.0,62.0,160.0,195.0,153.0,203.0,164.0,127.0,106.0,157.0
123.0,87.0,279.0,25.0,155.0,235.0,50.0,163.0,173.0,154.0,204.0,156.0,92.0,167.0,119.0
330.0,590.0,449.0,112.0,80.0,489.0,276.0,273.0,571.0,304.0,366.0,428.0,464.0,193.0,55.0
80.0,41.0,212.0,16.0,85.0,127.0,29.0,156.0,117.0,108.0,126.0,98.0,46.0,107.0,64.0
375.0,694.0,372.0,96.0,226.0,656.0,262.0,285.0,454.0,243.0,302.0,298.0,450.0,202.0,182.0
134.0,145.0,263.0,29.0,168.0,250.0,54.0,149.0,147.0,147.0,200.0,162.0,161.0,101.0,124.0
428.0,274.0,661.0,185.0,128.0,362.0,42.0,509.0,288.0,416.0,345.0,803.0,76.0,408.0,99.0
205.0,276.0,363.0,70.0,331.0,479.0,217.0,322.0,343.0,238.0,307.0,287.0,288.0,208.0,404.0
154.0,231.0,279.0,33.0,191.0,320.0,69.0,49.0,197.0,156.0,203.0,178.0,140.0,27.0,154.0
96.0,55.0,293.0,15.0,65.0,154.0,19.0,197.0,103.0,176.0,211.0,193.0,40.0,145.0,30.0
485.0,47.0,553.0,97.0,237.0,101.0,96.0,440.0,341.0,381.0,483.0,92.0,444.0,314.0,190.0
73.0,40.0,170.0,6.0,83.0,86.0,5.0,32.0,38.0,58.0,149.0,138.0,19.0,21.0,77.0
270.0,403.0,481.0,109.0,73.0,164.0,32.0,342.0,503.0,296.0,387.0,305.0,51.0,269.0,80.0
412.0,764.0,852.0,177.0,735.0,663.0,444.0,885.0,369.0,374.0,508.0,582.0,726.0,583.0,11.0
113.0,90.0,263.0,20.0,112.0,213.0,35.0,148.0,132.0,120.0,214.0,98.0,55.0,555.0,87.0
123.0,109.0,542.0,23.0,86.0,164.0,26.0,391.0,158.0,132.0,509.0,127.0,43.0,300.0,69.0
235.0,323.0,476.0,66.0,310.0,221.0,174.0,341.0,330.0,296.0,389.0,353.0,284.0,256.0,329.0
105.0,95.0,224.0,20.0,106.0,193.0,35.0,98.0,111.0,120.0,154.0,114.0,55.0,72.0,87.0
83.0,43.0,142.0,11.0,277.0,124.0,143.0,31.0,122.0,84.0,27.0,76.0,288.0,16.0,154.0
257.0,367.0,372.0,71.0,258.0,439.0,121.0,205.0,107.0,243.0,238.0,301.0,252.0,152.0,238.0
95.0,55.0,242.0,15.0,310.0,310.0,18.0,111.0,122.0,132.0,165.0,127.0,42.0,77.0,473.0
306.0,461.0,542.0,97.0,476.0,486.0,262.0,420.0,503.0,296.0,236.0,117.0,500.0,305.0,55.0
182.0,241.0,372.0,61.0,278.0,348.0,147.0,280.0,551.0,243.0,654.0,298.0,273.0,201.0,262.0
126.0,131.0,256.0,27.0,131.0,289.0,43.0,141.0,173.0,144.0,187.0,156.0,101.0,92.0,101.0
123.0,241.0,279.0,23.0,131.0,372.0,45.0,160.0,162.0,151.0,203.0,162.0,83.0,107.0,95.0
100.0,21.0,125.0,16.0,123.0,373.0,40.0,27.0,111.0,107.0,234.0,72.0,43.0,412.0,96.0
268.0,373.0,438.0,89.0,341.0,445.0,220.0,316.0,454.0,271.0,338.0,322.0,419.0,241.0,89.0
259.0,323.0,385.0,77.0,104.0,372.0,180.0,293.0,571.0,247.0,387.0,305.0,270.0,185.0,43.0
121.0,105.0,263.0,29.0,161.0,468.0,53.0,149.0,168.0,147.0,206.0,158.0,101.0,107.0,102.0
163.0,210.0,296.0,36.0,216.0,294.0,80.0,176.0,227.0,167.0,218.0,185.0,168.0,122.0,178.0
163.0,185.0,293.0,35.0,191.0,221.0,75.0,176.0,197.0,160.0,211.0,172.0,154.0,125.0,156.0
412.0,764.0,396.0,182.0,258.0,489.0,108.0,297.0,272.0,408.0,322.0,799.0,214.0,213.0,234.0
311.0,40.0,747.0,97.0,448.0,86.0,261.0,718.0,480.0,660.0,320.0,236.0,494.0,999.0,229.0
163.0,215.0,296.0,36.0,218.0,280.0,82.0,183.0,210.0,167.0,325.0,197.0,171.0,193.0,201.0
376.0,764.0,542.0,146.0,410.0,767.0,243.0,440.0,601.0,347.0,465.0,460.0,693.0,312.0,473.0
217.0,193.0,201.0,15.0,73.0,280.0,19.0,61.0,103.0,92.0,100.0,76.0,40.0,71.0,84.0
288.0,461.0,457.0,95.0,445.0,486.0,254.0,323.0,466.0,275.0,366.0,228.0,429.0,185.0,574.0
126.0,130.0,258.0,27.0,197.0,230.0,5.0,130.0,171.0,144.0,201.0,155.0,19.0,28.0,170.0
182.0,231.0,316.0,49.0,237.0,344.0,99.0,200.0,168.0,188.0,239.0,220.0,204.0,111.0,212.0
112.0,95.0,240.0,21.0,102.0,200.0,35.0,110.0,125.0,128.0,157.0,117.0,59.0,72.0,82.0
154.0,188.0,507.0,104.0,255.0,270.0,107.0,384.0,457.0,296.0,408.0,355.0,211.0,628.0,212.0
178.0,249.0,300.0,46.0,248.0,348.0,101.0,189.0,270.0,188.0,252.0,220.0,209.0,133.0,214.0
206.0,281.0,300.0,56.0,261.0,372.0,126.0,189.0,272.0,199.0,225.0,249.0,259.0,133.0,213.0
163.0,219.0,299.0,36.0,227.0,297.0,85.0,187.0,122.0,174.0,241.0,186.0,175.0,162.0,183.0
75.0,95.0,570.0,73.0,117.0,191.0,37.0,572.0,363.0,404.0,465.0,101.0,330.0,455.0,93.0
428.0,590.0,303.0,183.0,341.0,460.0,217.0,195.0,431.0,176.0,232.0,197.0,331.0,158.0,406.0
236.0,320.0,363.0,70.0,229.0,349.0,98.0,277.0,333.0,228.0,298.0,287.0,288.0,218.0,175.0
202.0,215.0,511.0,56.0,277.0,296.0,139.0,363.0,293.0,316.0,366.0,460.0,264.0,275.0,174.0
210.0,284.0,339.0,57.0,260.0,369.0,121.0,216.0,290.0,201.0,252.0,248.0,264.0,555.0,238.0
73.0,27.0,528.0,6.0,32.0,56.0,5.0,403.0,38.0,304.0,419.0,428.0,19.0,305.0,12.0
178.0,231.0,311.0,38.0,202.0,344.0,75.0,197.0,215.0,174.0,264.0,196.0,174.0,145.0,175.0
171.0,36.0,542.0,133.0,311.0,82.0,184.0,216.0,419.0,311.0,509.0,446.0,588.0,167.0,334.0
115.0,95.0,266.0,23.0,128.0,213.0,42.0,175.0,147.0,151.0,203.0,165.0,76.0,185.0,84.0
125.0,130.0,240.0,24.0,131.0,227.0,46.0,110.0,164.0,129.0,157.0,118.0,89.0,77.0,102.0
178.0,231.0,550.0,45.0,224.0,319.0,107.0,431.0,237.0,176.0,468.0,203.0,195.0,312.0,234.0
314.0,474.0,348.0,95.0,258.0,491.0,108.0,232.0,290.0,214.0,264.0,264.0,303.0,180.0,238.0
123.0,128.0,252.0,25.0,100.0,200.0,32.0,140.0,215.0,137.0,176.0,138.0,92.0,90.0,80.0
235.0,316.0,323.0,51.0,229.0,390.0,99.0,290.0,341.0,188.0,248.0,212.0,209.0,205.0,198.0
76.0,37.0,180.0,7.0,186.0,143.0,1.0,148.0,46.0,76.0,64.0,23.0,4.0,101.0,156.0
123.0,41.0,852.0,36.0,415.0,102.0,107.0,940.0,199.0,167.0,203.0,186.0,161.0,503.0,818.0
163.0,207.0,312.0,36.0,230.0,272.0,78.0,198.0,210.0,120.0,240.0,114.0,168.0,145.0,201.0
375.0,332.0,542.0,143.0,524.0,429.0,274.0,140.0,579.0,356.0,465.0,264.0,500.0,12.0,32.0
95.0,55.0,215.0,16.0,123.0,155.0,40.0,84.0,81.0,112.0,128.0,101.0,44.0,184.0,95.0
196.0,259.0,294.0,36.0,243.0,362.0,99.0,181.0,122.0,167.0,148.0,186.0,156.0,303.0,154.0
140.0,154.0,258.0,30.0,175.0,206.0,65.0,601.0,215.0,144.0,189.0,156.0,128.0,458.0,157.0
83.0,48.0,339.0,12.0,32.0,164.0,5.0,32.0,103.0,193.0,250.0,236.0,25.0,21.0,31.0
165.0,219.0,281.0,5.0,100.0,297.0,2.0,165.0,12.0,154.0,200.0,138.0,5.0,111.0,80.0
241.0,322.0,395.0,70.0,331.0,390.0,203.0,205.0,333.0,223.0,321.0,282.0,309.0,156.0,404.0
73.0,95.0,187.0,11.0,73.0,206.0,19.0,10.0,54.0,84.0,88.0,0.0,35.0,12.0,45.0
206.0,284.0,330.0,51.0,191.0,372.0,69.0,205.0,288.0,192.0,238.0,231.0,140.0,152.0,144.0
182.0,261.0,396.0,45.0,181.0,348.0,61.0,297.0,232.0,304.0,299.0,456.0,195.0,81.0,157.0
70.0,21.0,126.0,6.0,112.0,188.0,78.0,29.0,33.0,61.0,170.0,25.0,12.0,30.0,87.0
163.0,257.0,550.0,30.0,176.0,425.0,61.0,431.0,227.0,374.0,470.0,582.0,122.0,312.0,154.0
316.0,515.0,461.0,106.0,524.0,491.0,274.0,323.0,500.0,296.0,241.0,355.0,515.0,493.0,216.0
181.0,235.0,372.0,46.0,117.0,310.0,35.0,290.0,129.0,213.0,307.0,264.0,196.0,218.0,131.0
375.0,278.0,514.0,148.0,434.0,430.0,243.0,358.0,500.0,319.0,414.0,280.0,583.0,269.0,566.0
137.0,82.0,267.0,29.0,165.0,182.0,54.0,158.0,177.0,151.0,200.0,162.0,109.0,111.0,127.0
196.0,257.0,417.0,51.0,37.0,348.0,6.0,312.0,281.0,196.0,326.0,240.0,26.0,269.0,114.0
146.0,163.0,281.0,31.0,176.0,216.0,61.0,165.0,194.0,154.0,187.0,163.0,116.0,617.0,148.0
178.0,234.0,382.0,86.0,331.0,479.0,217.0,290.0,430.0,246.0,322.0,301.0,330.0,107.0,126.0
103.0,72.0,224.0,20.0,100.0,160.0,33.0,115.0,134.0,115.0,149.0,190.0,54.0,81.0,80.0
92.0,48.0,111.0,3.0,253.0,143.0,2.0,26.0,170.0,25.0,5.0,0.0,5.0,16.0,89.0
113.0,90.0,294.0,21.0,117.0,200.0,35.0,83.0,139.0,128.0,175.0,117.0,59.0,64.0,99.0
270.0,225.0,392.0,80.0,322.0,261.0,213.0,290.0,425.0,252.0,320.0,298.0,316.0,202.0,390.0
24.0,37.0,330.0,51.0,242.0,82.0,121.0,205.0,182.0,188.0,244.0,221.0,238.0,158.0,213.0
237.0,323.0,738.0,80.0,344.0,418.0,222.0,322.0,428.0,252.0,366.0,305.0,336.0,107.0,422.0
126.0,28.0,260.0,27.0,88.0,56.0,23.0,481.0,170.0,139.0,173.0,196.0,33.0,328.0,71.0
169.0,203.0,303.0,40.0,229.0,214.0,92.0,194.0,223.0,176.0,236.0,220.0,181.0,145.0,192.0
160.0,214.0,294.0,36.0,228.0,294.0,85.0,181.0,204.0,166.0,238.0,186.0,161.0,96.0,72.0
412.0,764.0,648.0,177.0,735.0,272.0,485.0,493.0,193.0,416.0,508.0,822.0,726.0,333.0,42.0
252.0,331.0,417.0,97.0,280.0,422.0,148.0,323.0,466.0,278.0,245.0,312.0,656.0,185.0,247.0
80.0,42.0,224.0,20.0,73.0,216.0,19.0,97.0,125.0,120.0,149.0,70.0,36.0,72.0,250.0
156.0,205.0,283.0,34.0,102.0,205.0,213.0,168.0,194.0,156.0,208.0,178.0,330.0,111.0,80.0
165.0,219.0,281.0,36.0,279.0,297.0,166.0,194.0,191.0,154.0,218.0,113.0,273.0,134.0,274.0
187.0,253.0,283.0,23.0,89.0,373.0,30.0,168.0,177.0,132.0,207.0,115.0,46.0,119.0,74.0
212.0,306.0,355.0,58.0,279.0,389.0,147.0,327.0,168.0,223.0,286.0,280.0,269.0,241.0,274.0
999.0,999.0,999.0,999.0,999.0,999.0,999.0,999.0,999.0,999.0,366.0,999.0,999.0,999.0,999.0
163.0,214.0,206.0,36.0,200.0,294.0,78.0,80.0,210.0,106.0,165.0,76.0,168.0,64.0,175.0
134.0,145.0,271.0,29.0,123.0,315.0,39.0,146.0,177.0,151.0,250.0,162.0,90.0,96.0,96.0
147.0,187.0,530.0,35.0,191.0,270.0,69.0,420.0,199.0,871.0,419.0,999.0,140.0,311.0,158.0
123.0,128.0,361.0,25.0,85.0,222.0,50.0,204.0,164.0,138.0,302.0,133.0,92.0,149.0,64.0
114.0,95.0,240.0,22.0,117.0,211.0,39.0,103.0,144.0,129.0,84.0,117.0,70.0,72.0,102.0
123.0,45.0,251.0,24.0,131.0,127.0,46.0,137.0,164.0,137.0,402.0,137.0,89.0,90.0,114.0
271.0,43.0,701.0,87.0,410.0,261.0,237.0,572.0,457.0,580.0,297.0,894.0,406.0,442.0,160.0
115.0,95.0,240.0,23.0,128.0,241.0,40.0,103.0,145.0,129.0,160.0,125.0,73.0,72.0,110.0
176.0,229.0,298.0,45.0,288.0,315.0,166.0,186.0,237.0,171.0,211.0,207.0,200.0,156.0,297.0
257.0,304.0,382.0,73.0,200.0,388.0,61.0,292.0,369.0,246.0,309.0,302.0,330.0,201.0,172.0
77.0,41.0,254.0,8.0,123.0,87.0,40.0,137.0,132.0,80.0,177.0,68.0,27.0,95.0,95.0
376.0,694.0,657.0,182.0,157.0,260.0,339.0,738.0,660.0,403.0,322.0,911.0,583.0,503.0,119.0
412.0,764.0,530.0,177.0,310.0,320.0,180.0,476.0,547.0,358.0,419.0,193.0,270.0,328.0,334.0
330.0,618.0,491.0,117.0,329.0,550.0,367.0,358.0,545.0,304.0,338.0,374.0,583.0,269.0,148.0
244.0,182.0,417.0,51.0,206.0,261.0,99.0,312.0,272.0,191.0,338.0,220.0,211.0,219.0,178.0
210.0,284.0,346.0,57.0,228.0,374.0,139.0,223.0,293.0,201.0,232.0,248.0,264.0,296.0,212.0
157.0,130.0,294.0,36.0,122.0,230.0,39.0,175.0,195.0,167.0,239.0,163.0,161.0,510.0,95.0
244.0,325.0,311.0,35.0,122.0,389.0,50.0,197.0,165.0,184.0,230.0,207.0,92.0,145.0,95.0
102.0,145.0,223.0,15.0,28.0,250.0,23.0,94.0,120.0,114.0,149.0,108.0,42.0,68.0,11.0
130.0,137.0,303.0,29.0,160.0,249.0,53.0,155.0,173.0,176.0,175.0,203.0,101.0,102.0,124.0
102.0,72.0,701.0,307.0,999.0,154.0,999.0,391.0,571.0,595.0,758.0,101.0,999.0,300.0,999.0
235.0,317.0,130.0,70.0,310.0,393.0,180.0,31.0,333.0,202.0,27.0,257.0,288.0,477.0,175.0
306.0,474.0,475.0,97.0,434.0,490.0,253.0,331.0,144.0,278.0,400.0,346.0,419.0,455.0,566.0
330.0,323.0,385.0,86.0,117.0,261.0,35.0,296.0,452.0,247.0,320.0,302.0,59.0,90.0,93.0
163.0,185.0,313.0,45.0,243.0,261.0,99.0,205.0,232.0,187.0,239.0,228.0,202.0,179.0,248.0
163.0,214.0,532.0,36.0,216.0,103.0,80.0,406.0,210.0,347.0,295.0,457.0,171.0,308.0,175.0
169.0,225.0,323.0,40.0,202.0,310.0,76.0,204.0,223.0,185.0,261.0,207.0,155.0,149.0,181.0
264.0,367.0,396.0,85.0,106.0,319.0,222.0,509.0,224.0,256.0,158.0,317.0,336.0,339.0,87.0
330.0,590.0,487.0,117.0,503.0,518.0,367.0,358.0,547.0,296.0,394.0,374.0,588.0,269.0,322.0
73.0,27.0,204.0,6.0,45.0,175.0,2.0,62.0,38.0,67.0,110.0,50.0,19.0,41.0,30.0
126.0,53.0,353.0,27.0,28.0,143.0,2.0,509.0,172.0,197.0,286.0,241.0,92.0,339.0,12.0
103.0,78.0,201.0,18.0,104.0,200.0,33.0,49.0,117.0,92.0,100.0,76.0,52.0,28.0,84.0
211.0,376.0,507.0,58.0,311.0,349.0,127.0,364.0,296.0,201.0,408.0,248.0,269.0,275.0,329.0
101.0,53.0,111.0,17.0,89.0,143.0,32.0,26.0,119.0,408.0,5.0,799.0,48.0,16.0,74.0
115.0,95.0,240.0,23.0,73.0,205.0,19.0,111.0,144.0,129.0,244.0,126.0,40.0,77.0,124.0
126.0,130.0,661.0,24.0,123.0,227.0,45.0,509.0,215.0,200.0,179.0,248.0,84.0,321.0,96.0
84.0,215.0,187.0,12.0,54.0,296.0,16.0,49.0,144.0,83.0,84.0,72.0,35.0,27.0,42.0
233.0,278.0,514.0,65.0,279.0,388.0,148.0,398.0,314.0,214.0,414.0,282.0,309.0,303.0,274.0
133.0,141.0,263.0,29.0,161.0,249.0,53.0,149.0,173.0,147.0,238.0,160.0,101.0,96.0,157.0
330.0,618.0,855.0,133.0,188.0,297.0,339.0,940.0,184.0,311.0,999.0,470.0,444.0,628.0,156.0
270.0,373.0,142.0,86.0,104.0,365.0,34.0,315.0,38.0,75.0,8.0,207.0,54.0,240.0,87.0
211.0,194.0,485.0,57.0,280.0,261.0,139.0,353.0,293.0,296.0,389.0,355.0,264.0,256.0,212.0
224.0,304.0,852.0,56.0,261.0,348.0,127.0,228.0,293.0,200.0,160.0,268.0,259.0,174.0,242.0
70.0,21.0,111.0,6.0,45.0,42.0,2.0,26.0,34.0,63.0,658.0,70.0,12.0,25.0,31.0
152.0,225.0,263.0,29.0,128.0,373.0,42.0,149.0,173.0,147.0,187.0,138.0,102.0,27.0,97.0
126.0,130.0,278.0,30.0,191.0,277.0,76.0,158.0,184.0,151.0,201.0,162.0,156.0,409.0,157.0
104.0,78.0,224.0,19.0,117.0,173.0,35.0,97.0,127.0,112.0,149.0,101.0,54.0,72.0,88.0
158.0,205.0,294.0,36.0,211.0,281.0,78.0,180.0,199.0,167.0,214.0,178.0,161.0,130.0,175.0
86.0,48.0,187.0,15.0,73.0,124.0,19.0,47.0,103.0,82.0,87.0,68.0,40.0,26.0,157.0
122.0,104.0,254.0,24.0,50.0,212.0,45.0,144.0,163.0,138.0,179.0,137.0,84.0,90.0,181.0
157.0,844.0,251.0,16.0,186.0,101.0,62.0,137.0,117.0,138.0,173.0,139.0,43.0,87.0,175.0
95.0,48.0,224.0,16.0,89.0,143.0,32.0,97.0,117.0,108.0,117.0,98.0,45.0,71.0,74.0
123.0,108.0,252.0,24.0,191.0,215.0,46.0,140.0,163.0,137.0,176.0,137.0,89.0,90.0,157.0
115.0,95.0,184.0,8.0,200.0,206.0,75.0,45.0,54.0,80.0,386.0,70.0,150.0,25.0,172.0
104.0,78.0,126.0,19.0,112.0,173.0,35.0,29.0,125.0,115.0,5.0,95.0,55.0,16.0,87.0
96.0,55.0,310.0,5.0,118.0,124.0,38.0,183.0,103.0,188.0,243.0,108.0,44.0,130.0,94.0
24.0,42.0,183.0,3.0,200.0,315.0,75.0,45.0,172.0,57.0,88.0,23.0,150.0,25.0,157.0
73.0,234.0,283.0,97.0,131.0,315.0,96.0,168.0,480.0,154.0,208.0,165.0,177.0,119.0,101.0
317.0,488.0,500.0,112.0,524.0,490.0,274.0,363.0,547.0,304.0,408.0,428.0,524.0,79.0,999.0
214.0,301.0,294.0,51.0,234.0,389.0,96.0,180.0,272.0,192.0,210.0,196.0,204.0,130.0,202.0
176.0,241.0,414.0,86.0,186.0,348.0,170.0,327.0,431.0,265.0,326.0,317.0,284.0,25.0,154.0
87.0,41.0,240.0,15.0,73.0,102.0,19.0,110.0,127.0,130.0,160.0,228.0,40.0,77.0,11.0
205.0,276.0,363.0,77.0,331.0,422.0,217.0,459.0,270.0,247.0,299.0,303.0,331.0,305.0,404.0
91.0,48.0,339.0,15.0,176.0,143.0,217.0,240.0,253.0,198.0,295.0,241.0,42.0,131.0,148.0
167.0,221.0,300.0,38.0,228.0,294.0,99.0,186.0,213.0,174.0,222.0,196.0,175.0,132.0,148.0
113.0,90.0,207.0,21.0,32.0,200.0,46.0,80.0,139.0,129.0,120.0,118.0,83.0,57.0,12.0
129.0,135.0,279.0,27.0,65.0,235.0,18.0,158.0,170.0,154.0,208.0,203.0,36.0,107.0,45.0
191.0,249.0,542.0,40.0,227.0,348.0,83.0,420.0,223.0,306.0,508.0,428.0,174.0,412.0,234.0
111.0,89.0,240.0,21.0,89.0,56.0,30.0,104.0,547.0,129.0,157.0,118.0,59.0,496.0,72.0
123.0,95.0,310.0,23.0,141.0,241.0,46.0,225.0,147.0,137.0,234.0,133.0,76.0,130.0,116.0
160.0,205.0,530.0,36.0,211.0,272.0,78.0,440.0,184.0,304.0,419.0,307.0,161.0,312.0,175.0
124.0,130.0,254.0,25.0,242.0,227.0,50.0,141.0,145.0,138.0,182.0,138.0,92.0,55.0,213.0
330.0,332.0,507.0,128.0,203.0,429.0,75.0,509.0,571.0,306.0,408.0,423.0,588.0,333.0,174.0
76.0,104.0,648.0,8.0,279.0,212.0,148.0,391.0,34.0,416.0,449.0,799.0,49.0,275.0,274.0
77.0,37.0,142.0,8.0,43.0,103.0,6.0,31.0,86.0,75.0,50.0,58.0,27.0,17.0,77.0
288.0,434.0,461.0,95.0,312.0,484.0,258.0,15.0,457.0,273.0,295.0,304.0,450.0,24.0,154.0
83.0,41.0,184.0,13.0,85.0,103.0,29.0,45.0,99.0,92.0,78.0,117.0,45.0,79.0,66.0
429.0,844.0,475.0,97.0,150.0,344.0,50.0,331.0,498.0,278.0,410.0,316.0,92.0,255.0,119.0
330.0,163.0,283.0,97.0,446.0,259.0,258.0,168.0,483.0,296.0,208.0,353.0,450.0,122.0,574.0
295.0,461.0,417.0,97.0,446.0,491.0,253.0,306.0,163.0,278.0,320.0,346.0,438.0,628.0,416.0
83.0,43.0,142.0,11.0,73.0,164.0,19.0,31.0,95.0,84.0,87.0,76.0,40.0,21.0,55.0
156.0,194.0,296.0,36.0,242.0,280.0,83.0,183.0,271.0,167.0,230.0,186.0,174.0,292.0,214.0
137.0,135.0,256.0,29.0,279.0,241.0,54.0,141.0,177.0,138.0,50.0,138.0,101.0,107.0,238.0
202.0,276.0,326.0,51.0,131.0,348.0,43.0,201.0,293.0,196.0,244.0,241.0,83.0,159.0,101.0
429.0,756.0,528.0,104.0,429.0,127.0,230.0,363.0,498.0,306.0,414.0,105.0,369.0,271.0,566.0
270.0,376.0,457.0,96.0,476.0,445.0,530.0,323.0,466.0,275.0,366.0,999.0,450.0,245.0,678.0
154.0,187.0,292.0,33.0,174.0,270.0,61.0,146.0,188.0,156.0,210.0,178.0,122.0,90.0,131.0
129.0,154.0,553.0,27.0,165.0,250.0,54.0,431.0,170.0,144.0,470.0,156.0,101.0,184.0,126.0
236.0,325.0,428.0,66.0,331.0,422.0,274.0,290.0,480.0,269.0,325.0,91.0,284.0,201.0,404.0
338.0,391.0,661.0,133.0,165.0,484.0,54.0,509.0,545.0,182.0,654.0,203.0,191.0,343.0,119.0
182.0,238.0,267.0,30.0,131.0,373.0,43.0,154.0,180.0,151.0,200.0,162.0,76.0,102.0,101.0
76.0,304.0,294.0,35.0,206.0,389.0,76.0,187.0,198.0,165.0,215.0,181.0,155.0,133.0,175.0
202.0,261.0,294.0,36.0,131.0,249.0,43.0,181.0,122.0,167.0,218.0,186.0,196.0,130.0,101.0
211.0,221.0,580.0,38.0,227.0,306.0,85.0,470.0,223.0,223.0,508.0,277.0,175.0,458.0,127.0
